scenario_id,scenario_type,grid_id,initiating_node,initiating_type,initiating_city,initiating_state,stress_multiplier,load_multiplier,weather_factor,n_line_outages,subgraph_nodes,n_steps,cascade_size,cascade_risk_pct,unserved_energy_frac,population_affected,powerflow_failures,n_failed_in_subgraph,cascade_path,cascade_path_steps,split
IND-S00000,heatwave,india_national_20k,IN-C07868-GEN12,generator,Murwāra,Madhya Pradesh,3.2172,1.3592,1.0932,1,43,1,0,8.52,0.0,0,0,0,,,train
IND-S00001,heatwave,india_national_20k,IN-TAM-HUB-GEN,generator,Tamil Nadu Hub Generation,Tamil Nadu,1.7562,1.2851,1.1319,2,260,2,2,8.47,0.0,1000,0,0,IN-C18129-SS|IN-C18527-SS,0|0,train
IND-S00002,cascade_emergency,india_national_20k,IN-C09284-SS,substation,Nagpur,Maharashtra,5.1362,1.4664,1.0583,4,159,5,52,9.97,0.01115,14406554,0,5,IN-WR-HUB|IN-SR-HUB|IN-MAH-HUB|IN-C09284-SS|IN-C09377-SS|IN-NER-HUB|IN-C11034-SS|IN-C11047-SS|IN-C01444-SS|IN-C10290-SS|IN-C10346-SS|IN-C10353-SS,0|0|0|0|0|1|1|1|2|2|2|2,train
IND-S00003,cascade_emergency,india_national_20k,IN-C15576-FD011,feeder,Sambhal,Uttar Pradesh,7.8919,1.3584,1.1107,2,6,6,21,9.18,0.0068,11899325,0,4,IN-C15576-SS|IN-C15576-TR01|IN-C15576-FD011|IN-UTT-HUB|IN-TAM-HUB|IN-C12372-SS|IN-C12378-SS|IN-C12392-SS|IN-C19433-SS|IN-C19438-SS|IN-C19462-SS|IN-C19475-SS,0|0|0|0|1|1|1|1|1|1|1|1,train
IND-S00004,high_demand,india_national_20k,IN-C12365-FD011,feeder,Kāraikkudi,Tamil Nadu,2.9513,1.3477,1.0496,0,6,2,4,8.49,0.00137,181851,0,4,IN-TAM-HUB|IN-C12365-SS|IN-C12365-TR01|IN-C12365-FD011,0|0|0|0,train
IND-S00005,line_outage,india_national_20k,IN-C03285-FD021,feeder,Jamnagar,Gujarat,1.3689,1.1427,1.0136,3,8,1,0,0.01,0.0,0,0,0,,,train
IND-S00006,heatwave,india_national_20k,IN-C05532-FD011,feeder,Mysuru,Karnataka,3.1645,1.3914,1.1342,2,8,2,3,8.85,0.00397,920550,0,3,IN-C05532-SS|IN-C05532-TR01|IN-C05532-FD011,0|0|0,test
IND-S00007,transformer_overload,india_national_20k,IN-C03324-FD011,feeder,Kundla,Gujarat,2.0294,1.2361,1.0532,0,5,2,5,0.14,0.0005,172244,0,5,IN-C03323-SS|IN-C03324-SS|IN-C03472-SS|IN-C03324-TR01|IN-C03324-FD011,0|0|0|0|0,train
IND-S00008,heatwave,india_national_20k,IN-C09502-SS,substation,Chāndor,Maharashtra,2.6375,1.1919,1.096,2,7,2,1,0.04,0.00016,25341,0,1,IN-C09502-SS,0,train
IND-S00009,high_demand,india_national_20k,IN-C12344-GEN05,generator,Tirunelveli,Tamil Nadu,2.4521,1.4161,1.0647,0,79,5,27,9.1,0.00205,1837710,0,3,IN-SR-HUB|IN-TAM-HUB|IN-C12344-SS|IN-NER-HUB|IN-C11034-SS|IN-C11047-SS|IN-C01444-SS|IN-C10290-SS|IN-C10346-SS|IN-C10353-SS|IN-C10360-SS|IN-C10362-SS,0|0|0|1|1|1|2|2|2|2|2|2,train
IND-S00010,transformer_overload,india_national_20k,IN-C00044-FD011,feeder,Gudivāda,Andhra Pradesh,3.7469,1.0644,1.0327,1,5,1,0,0.0,0.0,0,0,0,,,test
IND-S00011,transformer_overload,india_national_20k,IN-C01123-FD011,feeder,Nagaon,Assam,3.1255,1.0881,1.053,1,7,1,0,0.0,0.0,0,0,0,,,val
IND-S00012,high_demand,india_national_20k,IN-C12351-GEN12,generator,Thoothukudi,Tamil Nadu,2.4965,1.3719,1.0851,0,73,5,30,9.1,0.00086,530796,0,3,IN-SR-HUB|IN-NER-HUB|IN-C11034-SS|IN-C11047-SS|IN-TAM-HUB|IN-C12390-SS|IN-C12474-SS|IN-C14168-SS|IN-C14310-SS|IN-C01444-SS|IN-C10290-SS|IN-C10346-SS,0|1|1|1|1|1|1|1|1|2|2|2,train
IND-S00013,normal_operation,india_national_20k,IN-C01376-GEN03,generator,Bhāgalpur,Bihar,1.1445,0.9424,0.9865,0,38,1,0,0.0,0.0,0,0,0,,,val
IND-S00014,line_outage,india_national_20k,IN-C03175-FD011,feeder,Madgaon,Goa,2.1052,1.1338,1.0229,1,6,1,0,0.0,0.0,0,0,0,,,train
IND-S00015,transformer_overload,india_national_20k,IN-PUN-HUB-GEN,generator,Punjab Hub Generation,Punjab,3.4473,1.0263,1.0094,0,78,1,0,0.0,0.0,0,0,0,,,train
IND-S00016,cascade_emergency,india_national_20k,IN-C12777-SS,substation,Bargūr,Tamil Nadu,5.3293,1.5908,1.1512,5,3,7,1267,38.23,0.19735,77698907,0,0,IN-SR-HUB|IN-NER-HUB|IN-C11047-SS|IN-C07848-SS|IN-ER-HUB|IN-C07045-FD021|IN-C07045-TR02|IN-C07045-TR01|IN-C07045-FD011|IN-C07046-FD021|IN-C07046-TR02|IN-C07046-TR01,0|1|1|1|1|1|1|1|1|1|1|1,train
IND-S00017,line_outage,india_national_20k,IN-C03280-GEN01,generator,Ahmedabad,Gujarat,1.5977,1.1738,1.0106,4,28,2,2,0.15,0.00305,6357693,0,2,IN-GUJ-HUB|IN-C03280-SS,0|0,train
IND-S00018,high_demand,india_national_20k,IN-C10425-FD021,feeder,Bhubaneswar,Odisha,2.4748,1.2753,1.0533,0,8,2,3,0.18,0.00311,885363,0,3,IN-C10425-SS|IN-C10425-TR02|IN-C10425-FD021,0|0|0,train
IND-S00019,normal_operation,india_national_20k,IN-C09289-FD021,feeder,Kalyān,Maharashtra,1.066,0.8789,0.9841,0,10,1,0,0.0,0.0,0,0,0,,,train
IND-S00020,high_demand,india_national_20k,IN-C03280-FD021,feeder,Ahmedabad,Gujarat,2.8877,1.4243,1.0477,1,10,1,0,8.52,0.0,0,0,0,,,train
IND-S00021,normal_operation,india_national_20k,IN-C19729-FD032,feeder,Kolkata,West Bengal,1.0965,1.0065,0.9833,0,10,1,0,0.0,0.0,0,0,0,,,val
IND-S00022,line_outage,india_national_20k,IN-C09287-FD032,feeder,Nashik,Maharashtra,2.4192,1.1715,1.0284,3,10,2,3,0.14,0.00229,1486053,0,3,IN-C09287-SS|IN-C09287-TR03|IN-C09287-FD032,0|0|0,train
IND-S00023,line_outage,india_national_20k,IN-C00021-FD021,feeder,Nellore,Andhra Pradesh,2.2742,1.2688,1.0084,3,8,2,3,0.12,0.00179,547621,0,3,IN-C00021-SS|IN-C00021-TR02|IN-C00021-FD021,0|0|0,test
IND-S00024,transformer_overload,india_national_20k,IN-C11581-FD011,feeder,Gangāpur,Rajasthan,4.908,1.2306,1.0086,1,5,1,0,0.0,0.0,0,0,0,,,train
IND-S00025,cascade_emergency,india_national_20k,IN-C03790-FD012,feeder,Faridabad,Haryana,4.1871,1.4665,1.0982,2,10,7,112,11.3,0.01464,20031820,0,4,IN-HAR-HUB|IN-C03790-SS|IN-C03790-TR01|IN-C03790-FD012|IN-WR-HUB|IN-NER-HUB|IN-C01444-SS|IN-DEL-HUB|IN-C03059-SS|IN-JAM-HUB|IN-C04486-SS|IN-C04487-SS,0|0|0|0|1|1|2|2|2|2|2|2,train
IND-S00026,transformer_overload,india_national_20k,IN-C19729-FD011,feeder,Kolkata,West Bengal,3.1637,1.1545,1.0205,1,10,1,0,0.0,0.0,0,0,0,,,val
IND-S00027,transformer_overload,india_national_20k,IN-C00025-GEN09,generator,Kadapa,Andhra Pradesh,3.7404,1.2977,1.0713,1,40,1,0,0.05,0.0,0,0,0,,,test
IND-S00028,heatwave,india_national_20k,IN-C15570-FD011,feeder,Mau,Uttar Pradesh,3.2869,1.3057,1.1242,0,6,6,19,9.0,0.00493,11667263,0,4,IN-C15570-SS|IN-C15570-TR01|IN-C15570-FD011|IN-UTT-HUB|IN-TAM-HUB|IN-C12372-SS|IN-C12392-SS|IN-C19438-SS|IN-C19462-SS|IN-C19475-SS|IN-WR-HUB|IN-MAH-HUB,0|0|0|0|1|1|1|1|1|1|2|2,train
IND-S00029,high_demand,india_national_20k,IN-C07047-GEN03,generator,Kochi,Kerala,1.6417,1.474,1.041,1,29,2,3,8.68,0.00056,875623,0,3,IN-C07045-SS|IN-C07291-SS|IN-C07643-SS,0|0|0,train
IND-S00030,cascade_emergency,india_national_20k,IN-C03790-GEN01,generator,Faridabad,Haryana,4.6138,1.5493,1.0699,4,24,5,116,11.46,0.01391,20689829,0,2,IN-WR-HUB|IN-NER-HUB|IN-HAR-HUB|IN-C03790-SS|IN-C01444-SS|IN-CHH-HUB|IN-C02530-SS|IN-C02531-SS|IN-C02533-SS|IN-DEL-HUB|IN-C03059-SS|IN-JAM-HUB,0|0|0|0|1|1|1|1|1|1|1|1,train
IND-S00031,transformer_overload,india_national_20k,IN-C12348-GEN09,generator,Erode,Tamil Nadu,5.8873,1.1502,1.0115,1,73,1,0,0.01,0.0,0,0,0,,,train
IND-S00032,transformer_overload,india_national_20k,IN-C03059-FD011,feeder,Najafgarh,Delhi,4.7106,1.0365,1.0405,0,10,2,3,0.18,0.00333,1365000,0,3,IN-C03059-SS|IN-C03059-TR01|IN-C03059-FD011,0|0|0,train
IND-S00033,high_demand,india_national_20k,IN-C10424-FD011,feeder,Nowrangapur,Odisha,1.7997,1.4912,1.0772,0,10,2,4,8.9,0.00159,1220946,0,4,IN-ODI-HUB|IN-C10424-SS|IN-C10424-TR01|IN-C10424-FD011,0|0|0|0,train
IND-S00034,transformer_overload,india_national_20k,IN-C03110-SS,substation,Raja Pur Khurd,Delhi,5.7103,1.1193,1.0241,1,10,1,0,0.0,0.0,0,0,0,,,train
IND-S00035,high_demand,india_national_20k,IN-C19729-FD021,feeder,Kolkata,West Bengal,1.9297,1.5274,1.022,0,10,3,8,9.02,0.00634,5807089,0,5,IN-WES-HUB|IN-C19729-SS|IN-C19730-SS|IN-C19729-TR02|IN-C19729-FD021|IN-C19766-SS|IN-C19864-SS|IN-C19963-SS,0|0|0|0|0|1|1|1,val
IND-S00036,high_demand,india_national_20k,IN-C11595-SS,substation,Karauli,Rajasthan,1.6588,1.2921,1.0535,0,11,1,0,0.0,0.0,0,0,0,,,train
IND-S00037,high_demand,india_national_20k,IN-C15557-GEN12,generator,Loni,Uttar Pradesh,2.7065,1.3902,1.0828,1,117,4,34,9.26,0.00342,11963895,0,4,IN-NR-HUB|IN-WR-HUB|IN-NER-HUB|IN-UTT-HUB|IN-DEL-HUB|IN-C03058-SS|IN-C10290-SS|IN-C10346-SS|IN-C10353-SS|IN-C10360-SS|IN-C10362-SS|IN-C10384-SS,0|0|0|0|1|1|1|1|1|1|1|1,train
IND-S00038,normal_operation,india_national_20k,IN-C02526-FD011,feeder,Bhilai,Chhattisgarh,1.1659,1.0094,0.9893,0,8,1,0,0.0,0.0,0,0,0,,,train
IND-S00039,high_demand,india_national_20k,IN-C11169-SS,substation,Makhu,Punjab,2.8016,1.4309,1.053,0,6,2,6,8.66,0.00013,29458,0,5,IN-C11169-SS|IN-C11182-SS|IN-C11379-SS|IN-C11429-SS|IN-C11458-SS|IN-C11477-SS,0|0|0|0|0|0,train
IND-S00040,line_outage,india_national_20k,IN-C11563-FD021,feeder,Bikaner,Rajasthan,2.3277,1.1362,1.0149,2,8,2,3,0.13,0.00215,644406,0,3,IN-C11563-SS|IN-C11563-TR02|IN-C11563-FD021,0|0|0,train
IND-S00041,heatwave,india_national_20k,IN-C02613-SS,substation,Pāndātarai,Chhattisgarh,1.6331,1.3283,1.1005,2,3,1,0,8.46,0.0,0,0,0,,,train
IND-S00042,transformer_overload,india_national_20k,IN-C03058-GEN01,generator,Delhi,Delhi,5.6839,1.0497,1.0228,1,21,3,22,0.77,0.00735,11378111,0,3,IN-NR-HUB|IN-DEL-HUB|IN-C03058-SS|IN-C15600-SS|IN-C15605-SS|IN-C15628-SS|IN-C15672-SS|IN-C16266-SS|IN-C16924-SS|IN-C17022-SS|IN-C17187-SS|IN-C17213-SS,0|0|0|1|1|1|1|1|1|1|1|1,train
IND-S00043,normal_operation,india_national_20k,IN-C00021-FD011,feeder,Nellore,Andhra Pradesh,1.0111,0.8849,0.9821,0,8,1,0,0.0,0.0,0,0,0,,,test
IND-S00044,high_demand,india_national_20k,IN-C12341-SS,substation,Coimbatore,Tamil Nadu,2.0904,1.3454,1.0604,0,260,2,3,8.46,0.00019,219591,0,3,IN-TAM-HUB|IN-C12372-SS|IN-C12378-SS,0|0|0,train
IND-S00045,cascade_emergency,india_national_20k,IN-C16809-SS,substation,Aichana,Uttar Pradesh,4.2174,1.3544,1.0808,2,6,1,0,8.47,0.0,0,0,0,,,train
IND-S00046,line_outage,india_national_20k,IN-AND-HUB-GEN,generator,Andhra Pradesh Hub Generation,Andhra Pradesh,1.6857,1.1571,1.0061,3,148,1,0,0.0,0.0,0,0,0,,,test
IND-S00047,normal_operation,india_national_20k,IN-C15754-SS,substation,Kithor,Uttar Pradesh,1.1805,1.0459,1.0121,0,11,1,0,0.0,0.0,0,0,0,,,train
IND-S00048,heatwave,india_national_20k,IN-C12316-SS,substation,Atātia,Rajasthan,3.058,1.1904,1.155,2,6,1,0,0.0,0.0,0,0,0,,,train
IND-S00049,line_outage,india_national_20k,IN-C07857-SS,substation,Indore,Madhya Pradesh,2.0314,1.0799,1.0084,4,187,1,0,0.0,0.0,0,0,0,,,train
IND-S00050,line_outage,india_national_20k,IN-C05530-GEN01,generator,Bengaluru,Karnataka,1.6933,1.2057,1.0178,2,56,1,0,0.0,0.0,0,0,0,,,test
IND-S00051,line_outage,india_national_20k,IN-C05531-GEN02,generator,Hubballi,Karnataka,1.8961,1.2546,1.0392,4,49,1,0,0.01,0.0,0,0,0,,,test
IND-S00052,heatwave,india_national_20k,IN-C03280-GEN01,generator,Ahmedabad,Gujarat,2.8896,1.4082,1.0985,0,28,5,51,9.84,0.00789,18304534,0,3,IN-WR-HUB|IN-SR-HUB|IN-GUJ-HUB|IN-C03280-SS|IN-NER-HUB|IN-C11034-SS|IN-C11047-SS|IN-C01444-SS|IN-C10290-SS|IN-C10346-SS|IN-C10353-SS|IN-C10360-SS,0|0|0|0|1|1|1|2|2|2|2|2,train
IND-S00053,high_demand,india_national_20k,IN-C01382-GEN09,generator,Begusarai,Bihar,2.5886,1.2753,1.0949,1,38,1,0,0.12,0.0,0,0,0,,,val
IND-S00054,cascade_emergency,india_national_20k,IN-C14844-FD021,feeder,Hyderabad,Telangana,6.9684,1.5348,1.1534,1,10,6,1029,34.15,0.19995,76111148,0,6,IN-WR-HUB|IN-SR-HUB|IN-NER-HUB|IN-C11047-SS|IN-ER-HUB|IN-C07848-SS|IN-C10362-SS|IN-C08104-SS|IN-C07908-SS|IN-C09292-SS|IN-MAH-HUB|IN-C07892-SS,0|0|1|1|1|1|1|1|1|1|1|1,train
IND-S00055,cascade_emergency,india_national_20k,IN-C04533-SS,substation,Tsrār Sharīf,Jammu and Kashmir,6.9504,1.3285,1.1301,1,6,1,0,8.54,0.0,0,0,0,,,train
IND-S00056,high_demand,india_national_20k,IN-C10341-GEN01,generator,Aizawl,Mizoram,2.199,1.4068,1.0811,1,15,5,41,9.44,0.00377,12039357,0,6,IN-NER-HUB|IN-MIZ-HUB|IN-C10342-SS|IN-C10343-SS|IN-C10346-SS|IN-C10350-SS|IN-C10353-SS|IN-C10354-SS|IN-C10359-SS|IN-C10360-SS|IN-C10362-SS|IN-C10384-SS,0|0|0|0|0|0|0|0|0|0|0|0,train
IND-S00057,line_outage,india_national_20k,IN-C11030-FD011,feeder,Kāraikāl,Puducherry,2.4106,1.0359,1.007,4,6,2,3,0.08,0.00055,86838,0,3,IN-C11030-SS|IN-C11030-TR01|IN-C11030-FD011,0|0|0,train
IND-S00058,high_demand,india_national_20k,IN-C05535-GEN06,generator,Belagavi,Karnataka,2.8475,1.4788,1.0416,1,52,1,0,8.62,0.0,0,0,0,,,test
IND-S00059,line_outage,india_national_20k,IN-C05534-FD011,feeder,Mangaluru,Karnataka,1.4049,1.0443,1.0562,3,8,1,0,0.0,0.0,0,0,0,,,test
IND-S00060,high_demand,india_national_20k,IN-UTT-HUB-GEN,generator,Uttarakhand Hub Generation,Uttarakhand,2.6705,1.3938,1.0501,1,1,1,0,8.46,0.0,0,0,0,,,train
IND-S00061,heatwave,india_national_20k,IN-C19853-SS,substation,Āmlāgora,West Bengal,1.737,1.4052,1.1692,0,7,8,126,11.49,0.01034,15521504,0,4,IN-C19795-SS|IN-C19853-SS|IN-C19874-SS|IN-C19898-SS|IN-C19922-SS|IN-ER-HUB|IN-WES-HUB|IN-C19731-SS|IN-C19963-SS|IN-WR-HUB|IN-C01444-SS|IN-JHA-HUB,0|0|0|0|0|1|1|1|1|2|2|2,val
IND-S00062,high_demand,india_national_20k,IN-C12387-SS,substation,Pollachi,Tamil Nadu,1.5185,1.3863,1.086,0,260,1,0,8.54,0.0,0,0,0,,,train
IND-S00063,transformer_overload,india_national_20k,IN-C09491-SS,substation,Indāpur,Maharashtra,3.7693,1.0906,1.0735,1,3,1,0,0.0,0.0,0,0,0,,,train
IND-S00064,normal_operation,india_national_20k,IN-C19733-GEN05,generator,Āsansol,West Bengal,1.1758,0.9068,1.0135,0,22,2,1,0.02,0.0,500,0,0,IN-C19963-SS,0,val
IND-S00065,normal_operation,india_national_20k,IN-WES-HUB-GEN,generator,West Bengal Hub Generation,West Bengal,1.1331,0.98,0.9836,0,44,1,0,0.0,0.0,0,0,0,,,val
IND-S00066,cascade_emergency,india_national_20k,IN-C00036-FD011,feeder,Proddatūr,Andhra Pradesh,5.2041,1.3429,1.151,5,6,3,8,8.85,0.00239,344234,0,4,IN-AND-HUB|IN-C00036-SS|IN-C00036-TR01|IN-C00036-FD011|IN-C00037-SS|IN-C00715-SS|IN-C00747-SS|IN-C00866-SS,0|0|0|0|1|1|1|1,test
IND-S00067,normal_operation,india_national_20k,IN-C11164-SS,substation,Husainpur,Punjab,1.1603,0.8977,1.014,0,10,1,0,0.0,0.0,0,0,0,,,train
IND-S00068,normal_operation,india_national_20k,IN-C14844-FD022,feeder,Hyderabad,Telangana,1.1856,1.0044,1.0079,0,10,1,0,0.0,0.0,0,0,0,,,train
IND-S00069,cascade_emergency,india_national_20k,IN-C00021-GEN05,generator,Nellore,Andhra Pradesh,5.0089,1.3375,1.1156,3,40,3,7,8.67,0.00096,723305,0,3,IN-AND-HUB|IN-C00021-SS|IN-C14988-SS|IN-C00037-SS|IN-C00715-SS|IN-C00747-SS|IN-C00866-SS,0|0|0|1|1|1|1,test
IND-S00070,transformer_overload,india_national_20k,IN-C12347-FD011,feeder,Salem,Tamil Nadu,2.7722,1.0812,1.0568,1,8,1,0,0.0,0.0,0,0,0,,,train
IND-S00071,high_demand,india_national_20k,IN-C01220-SS,substation,Donkamokam,Assam,2.4245,1.2627,1.0907,1,8,1,0,0.0,0.0,0,0,0,,,val
IND-S00072,transformer_overload,india_national_20k,IN-C01378-GEN05,generator,Bihār Sharīf,Bihar,2.7341,1.294,1.0367,1,38,1,0,0.0,0.0,0,0,0,,,val
IND-S00073,heatwave,india_national_20k,IN-C11647-SS,substation,Rāwatsār,Rajasthan,2.6448,1.1935,1.2124,1,4,1,0,8.44,0.0,0,0,0,,,train
IND-S00074,high_demand,india_national_20k,IN-C12780-SS,substation,Arumanai,Tamil Nadu,2.4738,1.5322,1.0319,0,5,1,0,8.69,0.0,0,0,0,,,train
IND-S00075,line_outage,india_national_20k,IN-C07857-FD032,feeder,Indore,Madhya Pradesh,1.8164,1.0358,1.008,4,10,2,2,0.09,0.00142,0,0,2,IN-C07857-TR03|IN-C07857-FD032,0|0,train
IND-S00076,high_demand,india_national_20k,IN-C07861-FD021,feeder,Ujjain,Madhya Pradesh,2.1132,1.3153,1.0671,1,8,2,5,0.26,0.0002,161808,0,0,IN-C07885-SS|IN-C07944-SS|IN-C08085-SS|IN-C08275-SS|IN-C09141-SS,0|0|0|0|0,train
IND-S00077,normal_operation,india_national_20k,IN-C07877-FD011,feeder,Vidisha,Madhya Pradesh,1.0948,0.8951,1.0029,0,6,1,0,0.0,0.0,0,0,0,,,train
IND-S00078,high_demand,india_national_20k,IN-C12891-SS,substation,Suchindram,Tamil Nadu,2.4719,1.4457,1.0453,0,9,2,2,8.6,0.00016,230955,0,2,IN-C12362-SS|IN-C13273-SS,0|0,train
IND-S00079,heatwave,india_national_20k,IN-C09289-GEN08,generator,Kalyān,Maharashtra,2.3628,1.3378,1.1305,2,41,5,41,9.5,0.00593,15240176,0,6,IN-WR-HUB|IN-SR-HUB|IN-MAH-HUB|IN-C09289-SS|IN-C09290-SS|IN-C09301-SS|IN-C09312-SS|IN-NER-HUB|IN-C11034-SS|IN-C11047-SS|IN-C01444-SS|IN-C10290-SS,0|0|0|0|0|0|0|1|1|1|2|2,train
IND-S00080,cascade_emergency,india_national_20k,IN-C15552-GEN07,generator,Prayagraj,Uttar Pradesh,6.5182,1.4561,1.154,2,119,6,70,10.55,0.01043,21029265,0,5,IN-NR-HUB|IN-WR-HUB|IN-SR-HUB|IN-ER-HUB|IN-NER-HUB|IN-C10346-SS|IN-C10362-SS|IN-C15552-SS|IN-UTT-HUB|IN-WES-HUB|IN-C01444-SS|IN-CHH-HUB,0|0|0|0|0|0|0|0|0|0|1|1,train
IND-S00081,line_outage,india_national_20k,IN-C02530-GEN06,generator,Rāj-Nāndgaon,Chhattisgarh,1.2937,1.2526,1.0033,1,23,1,0,0.0,0.0,0,0,0,,,train
IND-S00082,transformer_overload,india_national_20k,IN-C03280-FD031,feeder,Ahmedabad,Gujarat,3.2556,1.2228,1.0012,0,10,2,4,0.35,0.00777,6357693,0,4,IN-GUJ-HUB|IN-C03280-SS|IN-C03280-TR03|IN-C03280-FD031,0|0|0|0,train
IND-S00083,cascade_emergency,india_national_20k,IN-C18858-SS,substation,Asanda,Uttar Pradesh,5.8613,1.3461,1.1281,4,5,3,5,8.65,0.00025,158075,0,0,IN-C07247-SS|IN-C07261-SS|IN-C07354-SS|IN-C07063-SS|IN-C07401-SS,0|0|0|1|1,train
IND-S00084,heatwave,india_national_20k,IN-C05531-FD011,feeder,Hubballi,Karnataka,2.8753,1.3616,1.1343,2,8,2,3,8.82,0.00375,943788,0,3,IN-C05531-SS|IN-C05531-TR01|IN-C05531-FD011,0|0|0,test
IND-S00085,transformer_overload,india_national_20k,IN-C09344-FD011,feeder,Shirpur,Maharashtra,2.655,1.0498,1.0669,1,5,1,0,0.0,0.0,0,0,0,,,train
IND-S00086,high_demand,india_national_20k,IN-C15654-SS,substation,Kosi,Uttar Pradesh,2.9855,1.2925,1.0559,1,6,1,0,0.0,0.0,0,0,0,,,train
IND-S00087,normal_operation,india_national_20k,IN-C12340-GEN01,generator,Chennai,Tamil Nadu,1.0868,0.9439,0.986,0,78,1,0,0.0,0.0,0,0,0,,,train
IND-S00088,transformer_overload,india_national_20k,IN-C15547-GEN02,generator,Lucknow,Uttar Pradesh,2.1786,1.0699,1.0234,0,120,3,3,0.14,0.00218,2485069,0,2,IN-C15547-SS|IN-UTT-HUB|IN-C19462-SS,0|0|1,train
IND-S00089,line_outage,india_national_20k,IN-C10428-FD021,feeder,Rourkela,Odisha,1.8413,1.0252,1.0146,4,8,2,3,0.09,0.00076,273317,0,3,IN-C10428-SS|IN-C10428-TR02|IN-C10428-FD021,0|0|0,train
IND-S00090,heatwave,india_national_20k,IN-C01122-FD011,feeder,Jorhat,Assam,2.2332,1.3119,1.1274,2,7,2,3,8.58,0.00074,126736,0,3,IN-C01122-SS|IN-C01122-TR01|IN-C01122-FD011,0|0|0,val
IND-S00091,heatwave,india_national_20k,IN-C17143-SS,substation,Akbarpurkot,Uttar Pradesh,2.5096,1.4229,1.1622,0,8,5,64,10.44,0.01202,34997677,0,5,IN-C15607-SS|IN-C15744-SS|IN-C16024-SS|IN-C16738-SS|IN-C17120-SS|IN-C17143-SS|IN-C17333-SS|IN-C17507-SS|IN-C17935-SS|IN-C18276-SS|IN-C18295-SS|IN-C18296-SS,0|0|0|0|0|0|0|0|0|0|0|0,train
IND-S00092,line_outage,india_national_20k,IN-C09291-FD031,feeder,Virār,Maharashtra,1.8908,1.0315,1.0239,4,10,2,3,0.09,0.00091,500,0,2,IN-C09291-TR03|IN-C09291-FD031|IN-C13943-SS,0|0|0,train
IND-S00093,transformer_overload,india_national_20k,IN-C00026-FD011,feeder,Tirupati,Andhra Pradesh,5.7098,1.1345,1.0246,0,8,2,3,0.13,0.00216,295323,0,3,IN-C00026-SS|IN-C00026-TR01|IN-C00026-FD011,0|0|0,test
IND-S00094,high_demand,india_national_20k,IN-C00113-SS,substation,Jaggayyapeta,Andhra Pradesh,1.917,1.4609,1.0707,1,6,1,0,8.66,0.0,0,0,0,,,test
IND-S00095,high_demand,india_national_20k,IN-C09283-FD032,feeder,Pune,Maharashtra,2.6421,1.521,1.0777,0,10,7,115,11.44,0.01549,19930733,0,4,IN-WR-HUB|IN-MAH-HUB|IN-C09283-SS|IN-C09283-TR03|IN-C09283-FD032|IN-ER-HUB|IN-NER-HUB|IN-CHH-HUB|IN-C02530-SS|IN-C02531-SS|IN-C02533-SS|IN-C01444-SS,0|0|0|0|0|1|1|1|1|1|1|2,train
IND-S00096,heatwave,india_national_20k,IN-C15547-FD032,feeder,Lucknow,Uttar Pradesh,1.7282,1.3697,1.1416,2,10,2,3,8.82,0.00314,2472011,0,3,IN-C15547-SS|IN-C15547-TR03|IN-C15547-FD032,0|0|0,train
IND-S00097,cascade_emergency,india_national_20k,IN-C19729-GEN01,generator,Kolkata,West Bengal,5.4411,1.5201,1.1475,4,26,6,121,12.19,0.02993,59397942,0,3,IN-SR-HUB|IN-KER-HUB|IN-C07054-SS|IN-C10346-SS|IN-C10353-SS|IN-C10360-SS|IN-C10362-SS|IN-C10384-SS|IN-TAM-HUB|IN-C12390-SS|IN-C15523-SS|IN-C15600-SS,0|0|0|0|0|0|0|0|0|0|0|0,val
IND-S00098,line_outage,india_national_20k,IN-C19730-GEN02,generator,Howrah,West Bengal,1.8045,1.2934,1.0247,4,27,3,6,0.24,0.00338,5807089,0,3,IN-WES-HUB|IN-C19729-SS|IN-C19730-SS|IN-C19766-SS|IN-C19864-SS|IN-C19963-SS,0|0|0|1|1|1,val
IND-S00099,cascade_emergency,india_national_20k,IN-C14851-GEN08,generator,Lal Bahadur Nagar,Telangana,4.1849,1.4118,1.0563,5,28,4,11,8.74,0.00064,452103,0,2,IN-C07344-SS|IN-C07352-SS|IN-TEL-HUB|IN-C14851-SS|IN-C14935-SS|IN-C14985-SS|IN-C15208-SS|IN-C15271-SS|IN-C15478-SS|IN-C14865-SS|IN-C14916-SS,0|0|0|0|1|1|1|1|1|2|2,train
IND-S00100,heatwave,india_national_20k,IN-C14844-FD021,feeder,Hyderabad,Telangana,1.5979,1.2204,1.1671,2,10,6,38,9.36,0.00826,18567826,0,4,IN-C14844-SS|IN-C14844-TR02|IN-C14844-FD021|IN-WR-HUB|IN-SR-HUB|IN-TEL-HUB|IN-NER-HUB|IN-C11034-SS|IN-C11047-SS|IN-C15208-SS|IN-C15271-SS|IN-C15478-SS,0|0|0|1|1|1|2|2|2|2|2|2,train
IND-S00101,line_outage,india_national_20k,IN-RAJ-HUB-GEN,generator,Rajasthan Hub Generation,Rajasthan,1.2385,1.1204,1.0537,1,114,1,0,0.0,0.0,0,0,0,,,train
IND-S00102,high_demand,india_national_20k,IN-C03801-FD011,feeder,Sirsa,Haryana,2.7792,1.3544,1.0883,1,5,1,0,8.49,0.0,0,0,0,,,train
IND-S00103,high_demand,india_national_20k,IN-C08186-SS,substation,Kothri Kalān,Madhya Pradesh,1.9122,1.516,1.035,0,5,1,0,8.67,0.0,0,0,0,,,train
IND-S00104,normal_operation,india_national_20k,IN-C05541-GEN12,generator,Rāichūr,Karnataka,1.1435,1.0115,1.0199,0,45,1,0,0.0,0.0,0,0,0,,,test
IND-S00105,transformer_overload,india_national_20k,IN-C07859-FD012,feeder,Jabalpur,Madhya Pradesh,2.5473,1.1725,1.0798,1,10,1,0,0.0,0.0,0,0,0,,,train
IND-S00106,high_demand,india_national_20k,IN-C07982-SS,substation,Manāsa,Madhya Pradesh,2.8729,1.3991,1.0307,1,5,1,0,8.42,0.0,0,0,0,,,train
IND-S00107,normal_operation,india_national_20k,IN-C03280-GEN01,generator,Ahmedabad,Gujarat,1.0035,0.9407,1.0054,0,28,1,0,0.0,0.0,0,0,0,,,train
IND-S00108,line_outage,india_national_20k,IN-C07886-FD011,feeder,Betūl,Madhya Pradesh,2.447,1.2256,1.0325,2,6,2,4,0.12,0.00066,103330,0,4,IN-MAD-HUB|IN-C07886-SS|IN-C07886-TR01|IN-C07886-FD011,0|0|0|0,train
IND-S00109,transformer_overload,india_national_20k,IN-C05568-FD011,feeder,Rabkavi,Karnataka,5.6363,1.1589,1.0594,1,5,1,0,0.0,0.0,0,0,0,,,test
IND-S00110,high_demand,india_national_20k,IN-C11565-FD011,feeder,Udaipur,Rajasthan,1.9491,1.3224,1.0458,0,8,2,3,0.11,0.0013,451100,0,3,IN-C11565-SS|IN-C11565-TR01|IN-C11565-FD011,0|0|0,train
IND-S00111,cascade_emergency,india_national_20k,IN-C04827-GEN06,generator,Deoghar,Jharkhand,6.8074,1.5376,1.1519,1,27,8,945,32.56,0.19703,50869887,0,6,IN-JHA-HUB|IN-C04827-SS|IN-SR-HUB|IN-NER-HUB|IN-C04825-SS|IN-C04828-SS|IN-C04830-SS|IN-C04833-SS|IN-C04858-SS|IN-C04939-SS|IN-C04957-SS|IN-C04962-SS,0|0|1|1|1|1|1|1|1|1|1|1,train
IND-S00112,line_outage,india_national_20k,IN-C09283-FD031,feeder,Pune,Maharashtra,2.4931,1.2024,1.0489,3,10,2,4,0.26,0.0049,3124458,0,4,IN-MAH-HUB|IN-C09283-SS|IN-C09283-TR03|IN-C09283-FD031,0|0|0|0,train
IND-S00113,high_demand,india_national_20k,IN-CHA-HUB-GEN,generator,Chandigarh Hub Generation,Chandigarh,2.4794,1.5366,1.061,1,23,1,0,8.81,0.0,0,0,0,,,train
IND-S00114,normal_operation,india_national_20k,IN-C19730-FD012,feeder,Howrah,West Bengal,1.0206,0.8582,0.9898,0,10,1,0,0.0,0.0,0,0,0,,,val
IND-S00115,normal_operation,india_national_20k,IN-C09410-SS,substation,Vaijāpur,Maharashtra,1.1032,0.9125,0.982,0,6,1,0,0.0,0.0,0,0,0,,,train
IND-S00116,normal_operation,india_national_20k,IN-C07849-SS,substation,Minicoy,Lakshadweep,1.0121,0.9896,0.9883,0,19,1,0,0.0,0.0,0,0,0,,,test
IND-S00117,transformer_overload,india_national_20k,IN-C08042-SS,substation,Khilchipur,Madhya Pradesh,3.6664,1.0005,1.009,0,7,1,0,0.0,0.0,0,0,0,,,train
IND-S00118,cascade_emergency,india_national_20k,IN-C00017-SS,substation,Rasapūdipalem,Andhra Pradesh,6.5408,1.4469,1.0933,3,156,3,10,9.16,0.00752,3220593,0,10,IN-AND-HUB|IN-C00017-SS|IN-C00019-SS|IN-C00028-SS|IN-C00260-SS|IN-C00527-SS|IN-C00037-SS|IN-C00715-SS|IN-C00747-SS|IN-C00866-SS,0|0|0|0|0|0|1|1|1|1,test
IND-S00119,transformer_overload,india_national_20k,IN-C05551-FD011,feeder,Kolār,Karnataka,2.9699,1.144,1.0547,0,6,2,4,0.12,0.00105,138462,0,4,IN-KAR-HUB|IN-C05551-SS|IN-C05551-TR01|IN-C05551-FD011,0|0|0|0,test
IND-S00120,transformer_overload,india_national_20k,IN-C15556-GEN11,generator,Gorakhpur,Uttar Pradesh,2.1943,1.1382,1.0569,0,116,1,0,0.01,0.0,0,0,0,,,train
IND-S00121,transformer_overload,india_national_20k,IN-C00027-GEN11,generator,Anantapur,Andhra Pradesh,2.5528,1.2756,1.0007,1,41,1,0,0.0,0.0,0,0,0,,,test
IND-S00122,normal_operation,india_national_20k,IN-C02527-FD021,feeder,Korba,Chhattisgarh,1.124,0.8983,1.0028,0,8,1,0,0.0,0.0,0,0,0,,,train
IND-S00123,high_demand,india_national_20k,IN-C16167-SS,substation,Abhūpura,Uttar Pradesh,1.5071,1.506,1.0695,0,11,1,0,8.78,0.0,0,0,0,,,train
IND-S00124,transformer_overload,india_national_20k,IN-C12347-GEN08,generator,Salem,Tamil Nadu,5.422,1.0763,1.0735,1,73,1,0,0.0,0.0,0,0,0,,,train
IND-S00125,high_demand,india_national_20k,IN-C19729-GEN01,generator,Kolkata,West Bengal,2.0423,1.4939,1.0455,0,26,3,6,8.9,0.00421,5807089,0,3,IN-WES-HUB|IN-C19729-SS|IN-C19730-SS|IN-C19766-SS|IN-C19864-SS|IN-C19963-SS,0|0|0|1|1|1,val
IND-S00126,heatwave,india_national_20k,IN-PUD-HUB-GEN,generator,Puducherry Hub Generation,Puducherry,1.9327,1.2742,1.1245,2,24,1,0,8.4,0.0,0,0,0,,,train
IND-S00127,line_outage,india_national_20k,IN-C00019-FD021,feeder,Visakhapatnam,Andhra Pradesh,1.4151,1.2176,1.0425,2,10,2,2,0.07,0.00059,0,0,2,IN-C00019-TR02|IN-C00019-FD021,0|0,test
IND-S00128,cascade_emergency,india_national_20k,IN-C10430-GEN07,generator,Puri,Odisha,4.6301,1.3431,1.1401,1,24,2,2,8.63,0.00029,200564,0,2,IN-ODI-HUB|IN-C10430-SS,0|0,train
IND-S00129,line_outage,india_national_20k,IN-C19732-GEN04,generator,Siliguri,West Bengal,1.2052,1.005,1.0596,1,17,1,0,0.0,0.0,0,0,0,,,val
IND-S00130,high_demand,india_national_20k,IN-C03058-FD012,feeder,Delhi,Delhi,2.846,1.5141,1.0629,0,10,6,114,11.46,0.0183,29192459,0,4,IN-WR-HUB|IN-NER-HUB|IN-DEL-HUB|IN-C03058-SS|IN-C03058-TR01|IN-C03058-FD012|IN-C01444-SS|IN-HAR-HUB|IN-C03793-SS|IN-C03794-SS|IN-C03795-SS|IN-JAM-HUB,0|0|0|0|0|0|1|1|1|1|1|1,train
IND-S00131,transformer_overload,india_national_20k,IN-AND-HUB-GEN,generator,Andhra Pradesh Hub Generation,Andhra Pradesh,4.3783,1.0884,1.0531,1,148,1,0,0.0,0.0,0,0,0,,,test
IND-S00132,normal_operation,india_national_20k,IN-C10433-GEN10,generator,Bhadrak,Odisha,1.0463,1.0248,0.9901,0,24,1,0,0.0,0.0,0,0,0,,,train
IND-S00133,high_demand,india_national_20k,IN-C09290-GEN09,generator,Dombivali,Maharashtra,2.0942,1.4533,1.0781,1,40,5,74,10.35,0.00984,22116404,0,6,IN-WR-HUB|IN-SR-HUB|IN-MAH-HUB|IN-C09289-SS|IN-C09290-SS|IN-C09301-SS|IN-C09312-SS|IN-C09473-SS|IN-NER-HUB|IN-C11034-SS|IN-C11047-SS|IN-C01444-SS,0|0|0|0|0|0|0|0|1|1|1|2,train
IND-S00134,high_demand,india_national_20k,IN-C12341-GEN02,generator,Coimbatore,Tamil Nadu,2.9751,1.3758,1.0612,1,78,5,29,9.09,0.00309,2758373,0,5,IN-SR-HUB|IN-TAM-HUB|IN-C12341-SS|IN-C12372-SS|IN-C12378-SS|IN-NER-HUB|IN-C11034-SS|IN-C11047-SS|IN-C01444-SS|IN-C10290-SS|IN-C10346-SS|IN-C10353-SS,0|0|0|0|0|1|1|1|2|2|2|2,train
IND-S00135,heatwave,india_national_20k,IN-C09316-FD011,feeder,Badlapur,Maharashtra,2.3159,1.1782,1.2046,0,4,1,0,8.38,0.0,0,0,0,,,train
IND-S00136,line_outage,india_national_20k,IN-C12344-SS,substation,Tirunelveli,Tamil Nadu,1.3942,1.2885,1.0107,3,260,1,0,0.01,0.0,0,0,0,,,train
IND-S00137,transformer_overload,india_national_20k,IN-C09282-FD022,feeder,Mumbai,Maharashtra,4.934,1.2635,1.0303,0,10,5,28,1.32,0.01508,20665731,0,6,IN-WR-HUB|IN-MAH-HUB|IN-C09282-SS|IN-C09285-SS|IN-C09328-SS|IN-C09548-SS|IN-C10093-SS|IN-C09282-TR02|IN-C09282-FD022|IN-ER-HUB|IN-NER-HUB|IN-C10346-SS,0|0|0|0|0|0|0|0|0|1|1|2,train
IND-S00138,heatwave,india_national_20k,IN-C12345-FD012,feeder,Tiruchirappalli,Tamil Nadu,3.0659,1.321,1.0946,1,10,1,0,8.43,0.0,0,0,0,,,train
IND-S00139,cascade_emergency,india_national_20k,IN-C15547-FD022,feeder,Lucknow,Uttar Pradesh,7.9905,1.33,1.0766,3,10,4,29,9.38,0.01294,15155183,0,4,IN-NR-HUB|IN-SR-HUB|IN-C07882-SS|IN-C07888-SS|IN-C15547-SS|IN-C15547-TR02|IN-C15547-FD022|IN-UTT-HUB|IN-C01444-SS|IN-DEL-HUB|IN-C03058-SS|IN-C11034-SS,0|0|0|0|0|0|0|0|1|1|1|1,train
IND-S00140,line_outage,india_national_20k,IN-C12341-FD011,feeder,Coimbatore,Tamil Nadu,2.3538,1.1184,1.0191,2,10,2,6,0.24,0.00337,2356507,0,6,IN-TAM-HUB|IN-C12341-SS|IN-C12372-SS|IN-C12378-SS|IN-C12341-TR01|IN-C12341-FD011,0|0|0|0|0|0,train
IND-S00141,line_outage,india_national_20k,IN-C11052-SS,substation,Jalandhar,Punjab,2.416,1.1403,1.0118,2,83,2,1,0.03,0.00018,47845,0,1,IN-C11091-SS,0,train
IND-S00142,transformer_overload,india_national_20k,IN-C03404-SS,substation,Vadnagar,Gujarat,4.7382,1.1018,1.0764,1,8,1,0,0.0,0.0,0,0,0,,,train
IND-S00143,normal_operation,india_national_20k,IN-C12419-TR01,transformer,Ānaiyūr,Tamil Nadu,1.1762,0.9056,0.9881,0,8,1,0,0.0,0.0,0,0,0,,,train
IND-S00144,transformer_overload,india_national_20k,IN-C09325-FD011,feeder,Nandurbar,Maharashtra,3.8737,1.0778,1.0036,0,5,1,0,0.0,0.0,0,0,0,,,train
IND-S00145,cascade_emergency,india_national_20k,IN-C11564-FD011,feeder,Ajmer,Rajasthan,6.4775,1.3332,1.0828,3,8,2,5,8.67,0.00445,542821,0,4,IN-C03015-SS|IN-RAJ-HUB|IN-C11564-SS|IN-C11564-TR01|IN-C11564-FD011,0|0|0|0|0,train
IND-S00146,cascade_emergency,india_national_20k,IN-C19729-GEN01,generator,Kolkata,West Bengal,8.9118,1.5859,1.0593,5,26,8,124,12.1,0.02738,40759034,0,3,IN-SR-HUB|IN-C00037-SS|IN-C00715-SS|IN-C00747-SS|IN-C00866-SS|IN-KER-HUB|IN-C07054-SS|IN-MAH-HUB|IN-C09292-SS|IN-C10346-SS|IN-C10353-SS|IN-C10360-SS,0|0|0|0|0|0|0|0|0|0|0|0,val
IND-S00147,high_demand,india_national_20k,IN-C09286-GEN05,generator,Pimpri-Chinchwad,Maharashtra,1.748,1.326,1.0328,1,44,5,37,1.37,0.00839,20490568,0,5,IN-WR-HUB|IN-MAH-HUB|IN-C09286-SS|IN-C09288-SS|IN-C09950-SS|IN-ER-HUB|IN-NER-HUB|IN-C10290-SS|IN-C10346-SS|IN-C10353-SS|IN-C10360-SS|IN-C10362-SS,0|0|0|0|0|1|1|2|2|2|2|2,train
IND-S00148,cascade_emergency,india_national_20k,IN-C10425-FD021,feeder,Bhubaneswar,Odisha,7.6756,1.3888,1.0983,5,8,4,19,9.33,0.01199,6957900,0,4,IN-SR-HUB|IN-ER-HUB|IN-ODI-HUB|IN-C10425-SS|IN-C10425-TR02|IN-C10425-FD021|IN-C10346-SS|IN-C10362-SS|IN-C11034-SS|IN-C11047-SS|IN-WES-HUB|IN-C19729-SS,0|0|0|0|0|0|1|1|1|1|1|1,train
IND-S00149,transformer_overload,india_national_20k,IN-C15586-FD011,feeder,Fyzābād,Uttar Pradesh,2.4016,1.0794,1.0677,1,6,1,0,0.0,0.0,0,0,0,,,train
IND-S00150,line_outage,india_national_20k,IN-C09305-SS,substation,Latur,Maharashtra,1.5188,1.2131,1.0511,1,149,1,0,0.0,0.0,0,0,0,,,train
IND-S00151,transformer_overload,india_national_20k,IN-C09283-GEN02,generator,Pune,Maharashtra,2.9936,1.0734,1.0129,1,42,5,11,0.37,0.00343,3174785,0,3,IN-WR-HUB|IN-MAH-HUB|IN-C09283-SS|IN-ER-HUB|IN-NER-HUB|IN-C10346-SS|IN-C10360-SS|IN-C10362-SS|IN-C15523-SS|IN-C15525-SS|IN-C15543-SS,0|0|0|1|1|2|2|2|2|3|3,train
IND-S00152,cascade_emergency,india_national_20k,IN-C15564-FD021,feeder,Fīrozābād,Uttar Pradesh,7.8868,1.4553,1.1138,3,7,7,62,10.31,0.01125,20202936,0,4,IN-NR-HUB|IN-C10643-SS|IN-C10645-SS|IN-C15564-SS|IN-C15564-TR02|IN-C15564-FD021|IN-UTT-HUB|IN-SR-HUB|IN-C01444-SS|IN-DEL-HUB|IN-C03058-SS|IN-ODI-HUB,0|0|0|0|0|0|0|1|1|1|1|1,train
IND-S00153,transformer_overload,india_national_20k,IN-C03058-FD011,feeder,Delhi,Delhi,5.809,1.1446,1.0763,0,10,2,4,0.5,0.01189,11034555,0,4,IN-DEL-HUB|IN-C03058-SS|IN-C03058-TR01|IN-C03058-FD011,0|0|0|0,train
IND-S00154,high_demand,india_national_20k,IN-C03282-GEN03,generator,Vadodara,Gujarat,1.8798,1.259,1.0295,0,29,2,2,0.09,0.00145,1822221,0,2,IN-GUJ-HUB|IN-C03282-SS,0|0,train
IND-S00155,cascade_emergency,india_national_20k,IN-C05547-FD011,feeder,Bhadrāvati,Karnataka,7.0406,1.4395,1.1021,3,6,8,102,11.01,0.01338,17379730,0,4,IN-KAR-HUB|IN-C05547-SS|IN-C05547-TR01|IN-C05547-FD011|IN-WR-HUB|IN-ER-HUB|IN-NER-HUB|IN-MAH-HUB|IN-C09291-SS|IN-C09292-SS|IN-DEL-HUB|IN-C03059-SS,0|0|0|0|1|2|2|2|2|2|3|3,test
IND-S00156,heatwave,india_national_20k,IN-C12357-FD011,feeder,Sivakasi,Tamil Nadu,2.4375,1.1959,1.2089,2,6,2,4,8.56,0.00149,234704,0,4,IN-TAM-HUB|IN-C12357-SS|IN-C12357-TR01|IN-C12357-FD011,0|0|0|0,train
IND-S00157,line_outage,india_national_20k,IN-C14925-SS,substation,Jilādiguda,Telangana,2.0095,1.2253,1.0476,4,31,1,0,0.0,0.0,0,0,0,,,train
IND-S00158,normal_operation,india_national_20k,IN-C19732-GEN04,generator,Siliguri,West Bengal,1.0562,0.8624,0.9983,0,17,1,0,0.0,0.0,0,0,0,,,val
IND-S00159,transformer_overload,india_national_20k,IN-C03175-FD011,feeder,Madgaon,Goa,4.5291,1.1179,1.0737,1,6,1,0,0.0,0.0,0,0,0,,,train
IND-S00160,transformer_overload,india_national_20k,IN-C12343-FD012,feeder,Madurai,Tamil Nadu,3.8444,1.198,1.048,0,10,2,3,0.17,0.00308,1465625,0,3,IN-C12343-SS|IN-C12343-TR01|IN-C12343-FD012,0|0|0,train
IND-S00161,cascade_emergency,india_national_20k,IN-KAR-HUB-GEN,generator,Karnataka Hub Generation,Karnataka,4.8862,1.5034,1.16,3,180,6,149,12.11,0.01329,19740171,0,12,IN-SR-HUB|IN-ER-HUB|IN-C10346-SS|IN-C10362-SS|IN-RAJ-HUB|IN-C11566-SS|IN-WES-HUB|IN-ASS-HUB|IN-C01120-SS|IN-C01122-SS|IN-BIH-HUB|IN-C01374-SS,0|0|0|0|0|0|0|1|1|1|1|1,test
IND-S00162,heatwave,india_national_20k,IN-C19732-GEN04,generator,Siliguri,West Bengal,2.5628,1.348,1.1223,2,17,1,0,8.51,0.0,0,0,0,,,val
IND-S00163,heatwave,india_national_20k,IN-C07857-FD022,feeder,Indore,Madhya Pradesh,2.6236,1.3659,1.1513,1,10,1,0,8.68,0.0,0,0,0,,,train
IND-S00164,cascade_emergency,india_national_20k,IN-C07881-FD011,feeder,Pithampur,Madhya Pradesh,7.2354,1.4027,1.1031,3,6,3,14,8.97,0.0025,392031,0,5,IN-MAD-HUB|IN-C07881-SS|IN-C07890-SS|IN-C08245-SS|IN-C08379-SS|IN-C08599-SS|IN-C09037-SS|IN-C07881-TR01|IN-C07881-FD011|IN-C07885-SS|IN-C07944-SS|IN-C08085-SS,0|0|0|0|0|0|0|0|0|1|1|1,train
IND-S00165,high_demand,india_national_20k,IN-C11568-FD011,feeder,Bharatpur,Rajasthan,2.4944,1.2559,1.0461,1,8,1,0,0.0,0.0,0,0,0,,,train
IND-S00166,heatwave,india_national_20k,IN-C15546-FD022,feeder,Kanpur,Uttar Pradesh,1.9934,1.3504,1.0981,0,10,6,23,9.17,0.00698,14611091,0,6,IN-C15546-SS|IN-C15583-SS|IN-C15601-SS|IN-C19257-SS|IN-C15546-TR02|IN-C15546-FD022|IN-UTT-HUB|IN-TAM-HUB|IN-C12372-SS|IN-C12378-SS|IN-C12392-SS|IN-C19438-SS,0|0|0|0|0|0|0|1|1|1|1|1,train
IND-S00167,transformer_overload,india_national_20k,IN-C03069-FD011,feeder,Burāri,Delhi,3.1341,1.2024,1.0728,1,5,1,0,0.0,0.0,0,0,0,,,train
IND-S00168,high_demand,india_national_20k,IN-C12858-SS,substation,Adigaratti,Tamil Nadu,2.9294,1.433,1.0404,0,8,1,0,8.52,0.0,0,0,0,,,train
IND-S00169,high_demand,india_national_20k,IN-C05544-FD011,feeder,Gadag-Betageri,Karnataka,2.9642,1.3699,1.0748,1,6,1,0,8.48,0.0,0,0,0,,,test
IND-S00170,line_outage,india_national_20k,IN-C15551-FD022,feeder,Varanasi,Uttar Pradesh,1.9933,1.1332,1.0562,1,10,1,0,0.03,0.0,0,0,0,,,train
IND-S00171,cascade_emergency,india_national_20k,IN-C05550-FD011,feeder,Chitradurga,Karnataka,6.7227,1.4469,1.1322,5,6,5,82,10.75,0.01264,23646129,0,4,IN-SR-HUB|IN-KAR-HUB|IN-C05550-SS|IN-C05550-TR01|IN-C05550-FD011|IN-ER-HUB|IN-NER-HUB|IN-C11034-SS|IN-C11047-SS|IN-C01444-SS|IN-JHA-HUB|IN-C04828-SS,0|0|0|0|0|1|1|1|1|2|2|2,test
IND-S00172,cascade_emergency,india_national_20k,IN-C12366-FD011,feeder,Neyveli,Tamil Nadu,7.8233,1.5288,1.1125,4,6,6,142,12.37,0.025,44085480,0,4,IN-SR-HUB|IN-ER-HUB|IN-TAM-HUB|IN-C12366-SS|IN-C12366-TR01|IN-C12366-FD011|IN-ASS-HUB|IN-C01122-SS|IN-C01444-SS|IN-C01445-SS|IN-CHH-HUB|IN-C02530-SS,0|0|0|0|0|0|1|1|1|1|1|1,train
IND-S00173,transformer_overload,india_national_20k,IN-C10427-FD021,feeder,Brahmapur,Odisha,3.6399,1.0657,1.0653,0,8,2,3,0.12,0.00174,356598,0,3,IN-C10427-SS|IN-C10427-TR02|IN-C10427-FD021,0|0|0,train
IND-S00174,transformer_overload,india_national_20k,IN-C00117-SS,substation,Betamcherla,Andhra Pradesh,3.3445,1.2393,1.0671,1,8,2,7,0.17,0.00058,291050,0,6,IN-AND-HUB|IN-C00031-SS|IN-C00117-SS|IN-C00156-SS|IN-C00199-SS|IN-C00879-SS|IN-C00902-SS,0|0|0|0|0|0|0,test
IND-S00175,heatwave,india_national_20k,IN-C02529-GEN05,generator,Durg,Chhattisgarh,2.2801,1.4496,1.107,0,24,1,0,8.77,0.0,0,0,0,,,train
IND-S00176,transformer_overload,india_national_20k,IN-C07902-FD011,feeder,Shājāpur,Madhya Pradesh,4.4787,1.2799,1.0785,1,5,1,0,0.0,0.0,0,0,0,,,train
IND-S00177,transformer_overload,india_national_20k,IN-C14846-SS,substation,Rāmgundam,Telangana,3.0825,1.2655,1.0531,0,97,2,5,0.12,0.0004,316596,0,5,IN-C14852-SS|IN-C14916-SS|IN-C14935-SS|IN-C14966-SS|IN-C14985-SS,0|0|0|0|0,train
IND-S00178,normal_operation,india_national_20k,IN-C15551-SS,substation,Varanasi,Uttar Pradesh,1.0353,0.9347,1.0021,0,260,1,0,0.0,0.0,0,0,0,,,train
IND-S00179,line_outage,india_national_20k,IN-C12389-SS,substation,Aruppukkottai,Tamil Nadu,2.0485,1.2976,1.06,1,260,1,0,0.0,0.0,0,0,0,,,train
IND-S00180,normal_operation,india_national_20k,IN-C12343-FD032,feeder,Madurai,Tamil Nadu,1.1953,0.9137,0.9984,0,10,1,0,0.0,0.0,0,0,0,,,train
IND-S00181,line_outage,india_national_20k,IN-C01070-GEN01,generator,Itanagar,Arunachal Pradesh,2.0739,1.106,1.0472,3,10,1,0,0.0,0.0,0,0,0,,,train
IND-S00182,transformer_overload,india_national_20k,IN-C12384-FD011,feeder,Gudiyatham,Tamil Nadu,5.2056,1.1474,1.0714,0,6,2,4,0.13,0.00121,93973,0,4,IN-TAM-HUB|IN-C12384-SS|IN-C12384-TR01|IN-C12384-FD011,0|0|0|0,train
IND-S00183,cascade_emergency,india_national_20k,IN-C01384-GEN11,generator,Munger,Bihar,4.7676,1.4602,1.0588,1,38,3,15,8.93,0.00093,736889,0,3,IN-BIH-HUB|IN-C01397-SS|IN-C01377-SS|IN-C01444-SS|IN-C01445-SS|IN-C01481-SS|IN-C01485-SS|IN-C01486-SS|IN-C01495-SS|IN-C01499-SS|IN-C01521-SS|IN-C01530-SS,0|0|1|1|1|1|1|1|1|1|1|1,val
IND-S00184,normal_operation,india_national_20k,IN-C00001-GEN01,generator,Port Blair,Andaman and Nicobar,1.0873,1.0049,0.9814,0,39,1,0,0.0,0.0,0,0,0,,,train
IND-S00185,high_demand,india_national_20k,IN-C14852-GEN09,generator,Ramagundam,Telangana,1.752,1.2941,1.0889,0,25,2,3,8.38,0.00015,130835,0,1,IN-C14865-SS|IN-C14916-SS|IN-C14985-SS,0|0|0,train
IND-S00186,high_demand,india_national_20k,IN-C14848-GEN05,generator,Nizāmābād,Telangana,1.6391,1.3683,1.079,1,28,1,0,8.5,0.0,0,0,0,,,train
IND-S00187,transformer_overload,india_national_20k,IN-C12409-FD011,feeder,Nallūr,Tamil Nadu,4.0167,1.2251,1.0372,0,5,2,4,0.11,0.00075,87376,0,4,IN-C12409-SS|IN-C12750-SS|IN-C12409-TR01|IN-C12409-FD011,0|0|0|0,train
IND-S00188,transformer_overload,india_national_20k,IN-C03283-GEN04,generator,Rājkot,Gujarat,5.006,1.0357,1.0069,0,28,2,2,0.11,0.00213,1390640,0,2,IN-GUJ-HUB|IN-C03283-SS,0|0,train
IND-S00189,transformer_overload,india_national_20k,IN-C03281-FD011,feeder,Surat,Gujarat,5.2924,1.1196,1.0792,1,10,1,0,0.0,0.0,0,0,0,,,train
IND-S00190,high_demand,india_national_20k,IN-C09298-SS,substation,Sāngli,Maharashtra,2.0894,1.5125,1.098,0,150,2,2,8.99,0.00091,649724,0,2,IN-C09298-SS|IN-C09389-SS,0|0,train
IND-S00191,cascade_emergency,india_national_20k,IN-C03290-FD011,feeder,Nadiād,Gujarat,5.104,1.4968,1.0876,2,6,5,101,10.99,0.01018,11213949,0,4,IN-SR-HUB|IN-GUJ-HUB|IN-C03290-SS|IN-C03290-TR01|IN-C03290-FD011|IN-ER-HUB|IN-NER-HUB|IN-KAR-HUB|IN-C05537-SS|IN-C05539-SS|IN-C05540-SS|IN-C10346-SS,0|0|0|0|0|1|1|1|1|1|1|1,train
IND-S00192,high_demand,india_national_20k,IN-C15501-FD021,feeder,Agartala,Tripura,2.5658,1.258,1.024,1,8,2,3,0.09,0.0001,43853,0,0,IN-C15506-SS|IN-C15523-SS|IN-C15530-SS,0|0|0,train
IND-S00193,line_outage,india_national_20k,IN-C04487-GEN04,generator,Soyībug,Jammu and Kashmir,1.7443,1.2274,1.0496,3,17,1,0,0.0,0.0,0,0,0,,,train
IND-S00194,high_demand,india_national_20k,IN-C05534-FD011,feeder,Mangaluru,Karnataka,2.3461,1.453,1.0253,0,8,2,3,8.63,0.00168,499487,0,3,IN-C05534-SS|IN-C05534-TR01|IN-C05534-FD011,0|0|0,test
IND-S00195,normal_operation,india_national_20k,IN-C03284-GEN05,generator,Bhavnagar,Gujarat,1.1789,0.9793,0.9869,0,24,1,0,0.0,0.0,0,0,0,,,train
IND-S00196,cascade_emergency,india_national_20k,IN-C09282-FD022,feeder,Mumbai,Maharashtra,6.3805,1.5807,1.0577,2,10,6,81,11.15,0.02231,34500406,0,6,IN-WR-HUB|IN-SR-HUB|IN-ER-HUB|IN-NER-HUB|IN-KER-HUB|IN-C07054-SS|IN-MAH-HUB|IN-C09282-SS|IN-C09285-SS|IN-C09328-SS|IN-C09548-SS|IN-C10093-SS,0|0|0|0|0|0|0|0|0|0|0|0,train
IND-S00197,transformer_overload,india_national_20k,IN-C12340-SS,substation,Chennai,Tamil Nadu,2.8564,1.0297,1.0166,0,260,2,2,0.05,5e-05,86195,0,2,IN-TAM-HUB|IN-C12392-SS,0|0,train
IND-S00198,transformer_overload,india_national_20k,IN-C03060-FD011,feeder,Narela,Delhi,5.4411,1.0961,1.0289,0,7,2,4,0.28,0.00559,800000,0,4,IN-DEL-HUB|IN-C03060-SS|IN-C03060-TR01|IN-C03060-FD011,0|0|0|0,train
IND-S00199,normal_operation,india_national_20k,IN-C07357-SS,substation,Kattur,Kerala,1.053,0.9721,0.9882,0,5,1,0,0.0,0.0,0,0,0,,,train
IND-S00200,cascade_emergency,india_national_20k,IN-C15556-GEN11,generator,Gorakhpur,Uttar Pradesh,4.4992,1.3322,1.065,3,116,5,15,8.74,0.00282,11235488,0,3,IN-NR-HUB|IN-UTT-HUB|IN-SR-HUB|IN-DEL-HUB|IN-C03058-SS|IN-C19438-SS|IN-C19462-SS|IN-C19475-SS|IN-C01444-SS|IN-C11034-SS|IN-C11047-SS|IN-C15525-SS,0|0|1|1|1|1|1|1|2|2|2|2,train
IND-S00201,heatwave,india_national_20k,IN-C14848-GEN05,generator,Nizāmābād,Telangana,2.5521,1.449,1.0862,0,28,1,0,8.68,0.0,0,0,0,,,train
IND-S00202,transformer_overload,india_national_20k,IN-C19797-SS,substation,Jhārgrām,West Bengal,4.3074,1.2419,1.0136,0,6,1,0,0.0,0.0,0,0,0,,,val
IND-S00203,cascade_emergency,india_national_20k,IN-C09291-FD022,feeder,Virār,Maharashtra,6.4684,1.5913,1.0995,5,10,6,98,11.37,0.01967,36034636,0,4,IN-WR-HUB|IN-SR-HUB|IN-CHH-HUB|IN-C02532-SS|IN-MAD-HUB|IN-C07885-SS|IN-MAH-HUB|IN-C09291-SS|IN-C09291-TR02|IN-C09291-FD022|IN-C17345-SS|IN-C17545-SS,0|0|0|0|0|0|0|0|0|0|0|0,train
IND-S00204,normal_operation,india_national_20k,IN-C15547-FD031,feeder,Lucknow,Uttar Pradesh,1.1179,0.9217,0.9963,0,10,1,0,0.0,0.0,0,0,0,,,train
IND-S00205,line_outage,india_national_20k,IN-C11573-SS,substation,Tonk,Rajasthan,2.4048,1.2798,1.0235,4,121,1,0,0.0,0.0,0,0,0,,,train
IND-S00206,high_demand,india_national_20k,IN-C09291-GEN10,generator,Virār,Maharashtra,1.9811,1.3537,1.0503,0,40,5,36,9.24,0.00634,17491358,0,2,IN-WR-HUB|IN-MAH-HUB|IN-ER-HUB|IN-NER-HUB|IN-C10290-SS|IN-C10346-SS|IN-C10353-SS|IN-C10360-SS|IN-C10362-SS|IN-C10384-SS|IN-NAG-HUB|IN-C10388-SS,0|0|1|1|2|2|2|2|2|2|2|2,train
IND-S00207,normal_operation,india_national_20k,IN-C03538-SS,substation,Dayapar,Gujarat,1.1446,0.9278,0.9886,0,5,1,0,0.0,0.0,0,0,0,,,train
IND-S00208,high_demand,india_national_20k,IN-C12340-GEN01,generator,Chennai,Tamil Nadu,1.8861,1.498,1.0942,0,78,5,87,10.88,0.01361,27183277,0,7,IN-SR-HUB|IN-ER-HUB|IN-TAM-HUB|IN-C12340-SS|IN-C12350-SS|IN-C12392-SS|IN-C12427-SS|IN-C12651-SS|IN-C12699-SS|IN-C14244-SS|IN-C01444-SS|IN-JHA-HUB,0|0|0|0|0|0|0|0|0|0|1|1,train
IND-S00209,high_demand,india_national_20k,IN-C01136-SS,substation,Bilāsipāra,Assam,2.9183,1.3677,1.0939,1,5,1,0,8.53,0.0,0,0,0,,,val
IND-S00210,normal_operation,india_national_20k,IN-C00019-GEN03,generator,Visakhapatnam,Andhra Pradesh,1.1361,0.9625,0.9811,0,47,1,0,0.0,0.0,0,0,0,,,test
IND-S00211,heatwave,india_national_20k,IN-C17192-SS,substation,Akhtaumangadpur,Uttar Pradesh,2.4928,1.2897,1.0808,1,6,1,0,0.0,0.0,0,0,0,,,train
IND-S00212,heatwave,india_national_20k,IN-C05533-GEN04,generator,Kalaburagi,Karnataka,3.2575,1.2619,1.1591,0,47,1,0,8.46,0.0,0,0,0,,,test
IND-S00213,transformer_overload,india_national_20k,IN-C12347-GEN08,generator,Salem,Tamil Nadu,3.9864,1.1609,1.0772,0,73,1,0,0.0,0.0,0,0,0,,,train
IND-S00214,cascade_emergency,india_national_20k,IN-C18515-SS,substation,Araila,Uttar Pradesh,4.938,1.4783,1.1642,3,6,1,0,9.02,0.0,0,0,0,,,train
IND-S00215,line_outage,india_national_20k,IN-MAH-HUB-GEN,generator,Maharashtra Hub Generation,Maharashtra,2.4768,1.1822,1.0255,4,144,6,19,0.54,0.00282,4983735,0,2,IN-WR-HUB|IN-MAH-HUB|IN-ER-HUB|IN-NER-HUB|IN-C10346-SS|IN-C10353-SS|IN-C10360-SS|IN-C10362-SS|IN-NAG-HUB|IN-C10388-SS|IN-C15523-SS|IN-C19963-SS,0|0|1|1|2|2|2|2|2|2|2|2,train
IND-S00216,cascade_emergency,india_national_20k,IN-C04829-GEN08,generator,Bhetia,Jharkhand,5.519,1.5623,1.0531,5,25,3,4,8.92,0.0001,146106,0,1,IN-JHA-HUB|IN-C10398-SS|IN-NAG-HUB|IN-C10388-SS,0|0|1|1,train
IND-S00217,line_outage,india_national_20k,IN-C11067-FD011,feeder,Kapurthala Town,Punjab,1.2521,1.1385,1.0313,4,5,1,0,0.0,0.0,0,0,0,,,train
IND-S00218,normal_operation,india_national_20k,IN-C19758-SS,substation,Bālurghāt,West Bengal,1.081,1.0118,1.019,0,9,1,0,0.0,0.0,0,0,0,,,val
IND-S00219,normal_operation,india_national_20k,IN-C11563-FD011,feeder,Bikaner,Rajasthan,1.1743,0.9768,0.9972,0,8,1,0,0.0,0.0,0,0,0,,,train
IND-S00220,line_outage,india_national_20k,IN-C00017-GEN01,generator,Rasapūdipalem,Andhra Pradesh,1.895,1.2981,1.0575,3,47,2,4,0.14,0.00155,1990978,0,4,IN-C00017-SS|IN-C00028-SS|IN-C00260-SS|IN-C00527-SS,0|0|0|0,test
IND-S00221,cascade_emergency,india_national_20k,IN-C00025-GEN09,generator,Kadapa,Andhra Pradesh,8.6794,1.5512,1.0653,2,40,3,6,9.05,0.00093,511330,0,3,IN-AND-HUB|IN-C00025-SS|IN-C00037-SS|IN-C00715-SS|IN-C00747-SS|IN-C00866-SS,0|0|1|1|1|1,test
IND-S00222,transformer_overload,india_national_20k,IN-C09284-GEN03,generator,Nagpur,Maharashtra,5.663,1.1702,1.0318,1,43,6,20,0.7,0.00687,7389400,0,3,IN-WR-HUB|IN-MAH-HUB|IN-C09284-SS|IN-ER-HUB|IN-NER-HUB|IN-C10346-SS|IN-C10353-SS|IN-C10360-SS|IN-C10362-SS|IN-NAG-HUB|IN-C10388-SS|IN-C15523-SS,0|0|0|1|1|2|2|2|2|2|2|2,train
IND-S00223,normal_operation,india_national_20k,IN-C19741-FD011,feeder,Barddhamān,West Bengal,1.0621,0.8879,0.9914,0,6,1,0,0.0,0.0,0,0,0,,,val
IND-S00224,cascade_emergency,india_national_20k,IN-C01381-GEN08,generator,Arrah,Bihar,8.3365,1.5124,1.1579,3,39,3,15,9.33,0.00147,892885,0,3,IN-BIH-HUB|IN-C01381-SS|IN-C01377-SS|IN-C01444-SS|IN-C01445-SS|IN-C01481-SS|IN-C01485-SS|IN-C01486-SS|IN-C01495-SS|IN-C01499-SS|IN-C01521-SS|IN-C01530-SS,0|0|1|1|1|1|1|1|1|1|1|1,val
IND-S00225,transformer_overload,india_national_20k,IN-C14991-SS,substation,Kadipikonda,Telangana,4.1827,1.163,1.0719,1,12,1,0,0.0,0.0,0,0,0,,,train
IND-S00226,heatwave,india_national_20k,IN-C09285-FD012,feeder,Thāne,Maharashtra,2.4128,1.2659,1.1306,2,10,3,5,8.65,0.00529,14533324,0,4,IN-C09285-SS|IN-C09285-TR01|IN-C09285-FD012|IN-MAH-HUB|IN-C09282-SS,0|0|0|1|1,train
IND-S00227,normal_operation,india_national_20k,IN-C12349-GEN10,generator,Vellore,Tamil Nadu,1.0892,1.0361,1.0045,0,73,1,0,0.0,0.0,0,0,0,,,train
IND-S00228,normal_operation,india_national_20k,IN-C03286-SS,substation,Bilimora,Gujarat,1.0412,1.0451,0.9887,0,85,1,0,0.0,0.0,0,0,0,,,train
IND-S00229,line_outage,india_national_20k,IN-UTT-HUB-GEN,generator,Uttarakhand Hub Generation,Uttarakhand,2.4704,1.0709,1.0029,1,1,1,0,0.0,0.0,0,0,0,,,train
IND-S00230,normal_operation,india_national_20k,IN-C03299-FD011,feeder,Porbandar,Gujarat,1.1137,1.0325,1.0015,0,5,1,0,0.0,0.0,0,0,0,,,train
IND-S00231,high_demand,india_national_20k,IN-C03280-GEN01,generator,Ahmedabad,Gujarat,2.7009,1.4353,1.0891,0,28,6,69,10.35,0.01226,26315539,0,3,IN-WR-HUB|IN-SR-HUB|IN-GUJ-HUB|IN-C03280-SS|IN-NER-HUB|IN-MAH-HUB|IN-C09292-SS|IN-C11034-SS|IN-C11047-SS|IN-C01444-SS|IN-HAR-HUB|IN-C03795-SS,0|0|0|0|1|1|1|1|1|2|2|2,train
IND-S00232,cascade_emergency,india_national_20k,IN-C07105-SS,substation,Kōttakkal,Kerala,4.4529,1.3678,1.1069,4,5,1,0,8.56,0.0,0,0,0,,,train
IND-S00233,transformer_overload,india_national_20k,IN-C05545-FD011,feeder,Gadag,Karnataka,4.6128,1.2019,1.0348,1,6,1,0,0.0,0.0,0,0,0,,,test
IND-S00234,heatwave,india_national_20k,IN-C03280-FD011,feeder,Ahmedabad,Gujarat,3.3733,1.2064,1.095,0,10,2,4,0.36,0.00796,6357693,0,4,IN-GUJ-HUB|IN-C03280-SS|IN-C03280-TR01|IN-C03280-FD011,0|0|0|0,train
IND-S00235,line_outage,india_national_20k,IN-C09314-FD011,feeder,Bhusawal,Maharashtra,1.8607,1.131,1.0597,1,5,1,0,0.0,0.0,0,0,0,,,train
IND-S00236,line_outage,india_national_20k,IN-C07894-FD011,feeder,Bālāghāt,Madhya Pradesh,1.2869,1.1779,1.0137,2,5,1,0,0.0,0.0,0,0,0,,,train
IND-S00237,cascade_emergency,india_national_20k,IN-C09282-FD022,feeder,Mumbai,Maharashtra,8.4838,1.4427,1.0578,1,10,1,0,8.58,0.0,0,0,0,,,train
IND-S00238,cascade_emergency,india_national_20k,IN-C11561-FD012,feeder,Jodhpur,Rajasthan,7.9088,1.4285,1.1329,1,10,1,0,8.79,0.0,0,0,0,,,train
IND-S00239,high_demand,india_national_20k,IN-C07101-SS,substation,Shertallai,Kerala,2.4938,1.4516,1.0968,1,5,1,0,8.75,0.0,0,0,0,,,train
IND-S00240,line_outage,india_national_20k,IN-C14861-FD011,feeder,Uppal Kalan,Telangana,1.8575,1.221,1.0276,2,5,1,0,0.0,0.0,0,0,0,,,train
IND-S00241,transformer_overload,india_national_20k,IN-C03315-FD011,feeder,Sānand,Gujarat,4.5073,1.2242,1.0716,1,5,1,0,0.0,0.0,0,0,0,,,train
IND-S00242,transformer_overload,india_national_20k,IN-C02527-FD021,feeder,Korba,Chhattisgarh,5.8242,1.0463,1.0158,0,8,2,3,0.17,0.00312,419146,0,3,IN-C02527-SS|IN-C02527-TR02|IN-C02527-FD021,0|0|0,train
IND-S00243,high_demand,india_national_20k,IN-C15557-FD011,feeder,Loni,Uttar Pradesh,2.6408,1.4624,1.034,0,8,2,3,8.67,0.00191,516082,0,3,IN-C15557-SS|IN-C15557-TR01|IN-C15557-FD011,0|0|0,train
IND-S00244,line_outage,india_national_20k,IN-C09284-FD011,feeder,Nagpur,Maharashtra,1.3917,1.082,1.0185,2,10,1,0,0.0,0.0,0,0,0,,,train
IND-S00245,heatwave,india_national_20k,IN-C01514-SS,substation,Nirmāli,Bihar,2.4622,1.3847,1.1847,0,6,1,0,8.83,0.0,0,0,0,,,val
IND-S00246,line_outage,india_national_20k,IN-C14849-GEN06,generator,Mulugu,Telangana,1.513,1.1082,1.0106,4,28,1,0,0.0,0.0,0,0,0,,,train
IND-S00247,transformer_overload,india_national_20k,IN-C04823-FD031,feeder,Dhanbad,Jharkhand,2.5236,1.1316,1.0242,1,10,1,0,0.0,0.0,0,0,0,,,train
IND-S00248,line_outage,india_national_20k,IN-C03796-FD021,feeder,Sonīpat,Haryana,2.1921,1.279,1.0299,3,7,2,4,0.12,0.00096,306185,0,3,IN-C03796-SS|IN-C03796-TR02|IN-C03796-FD021|IN-C12760-SS,0|0|0|0,train
IND-S00249,high_demand,india_national_20k,IN-C15568-FD011,feeder,Kushinagar,Uttar Pradesh,2.8629,1.4874,1.0569,1,7,1,0,8.67,0.0,0,0,0,,,train
IND-S00250,normal_operation,india_national_20k,IN-C09283-FD032,feeder,Pune,Maharashtra,1.0989,0.9315,1.0027,0,10,1,0,0.0,0.0,0,0,0,,,train
IND-S00251,high_demand,india_national_20k,IN-C15592-SS,substation,Deoria,Uttar Pradesh,1.663,1.3176,1.0834,0,260,1,0,8.4,0.0,0,0,0,,,train
IND-S00252,cascade_emergency,india_national_20k,IN-C19732-GEN04,generator,Siliguri,West Bengal,8.3646,1.567,1.0909,1,17,6,98,11.56,0.02391,56995870,0,3,IN-SR-HUB|IN-KER-HUB|IN-C07054-SS|IN-C10346-SS|IN-C10353-SS|IN-C10362-SS|IN-C10384-SS|IN-C15523-SS|IN-C15600-SS|IN-UTT-HUB|IN-C01444-SS|IN-C01445-SS,0|0|0|0|0|0|0|0|0|0|1|1,val
IND-S00253,transformer_overload,india_national_20k,IN-C11184-SS,substation,Hadiāya,Punjab,5.7552,1.1034,1.0446,0,10,1,0,0.0,0.0,0,0,0,,,train
IND-S00254,transformer_overload,india_national_20k,IN-C03280-FD012,feeder,Ahmedabad,Gujarat,2.7807,1.0174,1.0759,1,10,1,0,0.0,0.0,0,0,0,,,train
IND-S00255,cascade_emergency,india_national_20k,IN-C12341-SS,substation,Coimbatore,Tamil Nadu,4.9596,1.3526,1.1556,3,260,6,40,9.73,0.01008,7918165,0,5,IN-SR-HUB|IN-TAM-HUB|IN-C12341-SS|IN-C12372-SS|IN-C12378-SS|IN-NER-HUB|IN-C11034-SS|IN-C11047-SS|IN-C01444-SS|IN-C10290-SS|IN-C10346-SS|IN-C10353-SS,0|0|0|0|0|1|1|1|2|2|2|2,train
IND-S00256,high_demand,india_national_20k,IN-C14877-FD011,feeder,Koratla,Telangana,1.8529,1.3329,1.0972,0,5,1,0,8.46,0.0,0,0,0,,,train
IND-S00257,transformer_overload,india_national_20k,IN-C07862-GEN06,generator,Punāsa,Madhya Pradesh,3.7301,1.0759,1.0621,1,46,1,0,0.0,0.0,0,0,0,,,train
IND-S00258,line_outage,india_national_20k,IN-C15567-SS,substation,Noida,Uttar Pradesh,1.477,1.0013,1.0343,4,260,1,0,0.0,0.0,0,0,0,,,train
IND-S00259,heatwave,india_national_20k,IN-C01375-GEN02,generator,Gaya,Bihar,2.2905,1.3741,1.132,1,38,1,0,8.64,0.0,0,0,0,,,val
IND-S00260,transformer_overload,india_national_20k,IN-C03301-FD011,feeder,Godhra,Gujarat,3.6402,1.1438,1.0689,1,5,1,0,0.0,0.0,0,0,0,,,train
IND-S00261,high_demand,india_national_20k,IN-C19729-GEN01,generator,Kolkata,West Bengal,2.1178,1.371,1.0939,1,26,3,6,8.78,0.00428,5807089,0,3,IN-WES-HUB|IN-C19729-SS|IN-C19730-SS|IN-C19766-SS|IN-C19864-SS|IN-C19963-SS,0|0|0|1|1|1,val
IND-S00262,transformer_overload,india_national_20k,IN-C12344-FD031,feeder,Tirunelveli,Tamil Nadu,5.0183,1.0293,1.0375,0,10,2,3,0.19,0.00368,1435844,0,3,IN-C12344-SS|IN-C12344-TR03|IN-C12344-FD031,0|0|0,train
IND-S00263,transformer_overload,india_national_20k,IN-C09765-SS,substation,Sansari,Maharashtra,3.1577,1.2388,1.0726,0,14,2,2,0.05,0.00028,59807,0,2,IN-C09378-SS|IN-C09765-SS,0|0,train
IND-S00264,heatwave,india_national_20k,IN-C04894-SS,substation,Kānke,Jharkhand,2.0483,1.2264,1.0989,0,14,2,1,0.03,8e-05,22379,0,1,IN-C04881-SS,0,train
IND-S00265,line_outage,india_national_20k,IN-C03794-SS,substation,Karnāl,Haryana,2.3007,1.1198,1.0021,4,63,1,0,0.0,0.0,0,0,0,,,train
IND-S00266,cascade_emergency,india_national_20k,IN-C16758-SS,substation,Ahsanpur,Uttar Pradesh,8.2419,1.3683,1.0566,2,115,3,8,8.63,0.00132,779381,0,3,IN-C15558-SS|IN-UTT-HUB|IN-TAM-HUB|IN-C12372-SS|IN-C12392-SS|IN-C19438-SS|IN-C19462-SS|IN-C19475-SS,0|0|1|1|1|1|1|1,train
IND-S00267,transformer_overload,india_national_20k,IN-C11069-FD011,feeder,Rajpura,Punjab,5.0399,1.0385,1.0625,0,5,1,0,0.0,0.0,0,0,0,,,train
IND-S00268,heatwave,india_national_20k,IN-C09282-SS,substation,Mumbai,Maharashtra,3.2534,1.3082,1.1843,2,152,2,5,9.04,0.00919,14653324,0,5,IN-MAH-HUB|IN-C09282-SS|IN-C09285-SS|IN-C09328-SS|IN-C09548-SS,0|0|0|0|0,train
IND-S00269,transformer_overload,india_national_20k,IN-C02533-GEN09,generator,Ambikāpur,Chhattisgarh,2.9534,1.1509,1.0404,1,23,1,0,0.0,0.0,0,0,0,,,train
IND-S00270,high_demand,india_national_20k,IN-C08084-SS,substation,Khaniādhāna,Madhya Pradesh,2.6803,1.5239,1.0397,1,8,1,0,8.71,0.0,0,0,0,,,train
IND-S00271,high_demand,india_national_20k,IN-C09331-FD011,feeder,Amalner,Maharashtra,1.7828,1.4886,1.0969,0,5,1,0,8.82,0.0,0,0,0,,,train
IND-S00272,cascade_emergency,india_national_20k,IN-C19729-GEN01,generator,Kolkata,West Bengal,5.7603,1.4915,1.1116,4,26,5,49,10.2,0.01217,18774990,0,3,IN-SR-HUB|IN-KER-HUB|IN-C07054-SS|IN-C10346-SS|IN-C10353-SS|IN-C10362-SS|IN-C15600-SS|IN-UTT-HUB|IN-WES-HUB|IN-C19729-SS|IN-C19730-SS|IN-C01444-SS,0|0|0|0|0|0|0|0|0|0|0|1,val
IND-S00273,transformer_overload,india_national_20k,IN-TAM-HUB-GEN,generator,Tamil Nadu Hub Generation,Tamil Nadu,3.5311,1.294,1.0707,1,260,1,0,0.42,0.0,0,0,0,,,train
IND-S00274,transformer_overload,india_national_20k,IN-C12346-GEN07,generator,Tiruppur,Tamil Nadu,3.3474,1.1819,1.0527,1,75,2,4,0.09,5e-05,88427,0,3,IN-TAM-HUB|IN-C12390-SS|IN-C14168-SS|IN-C14310-SS,0|0|0|0,train
IND-S00275,normal_operation,india_national_20k,IN-C03288-GEN09,generator,Gandhinagar,Gujarat,1.1424,0.9627,0.9998,0,24,1,0,0.0,0.0,0,0,0,,,train
IND-S00276,normal_operation,india_national_20k,IN-C07112-SS,substation,Kakkodi,Kerala,1.173,0.8562,0.9959,0,6,1,0,0.0,0.0,0,0,0,,,train
IND-S00277,cascade_emergency,india_national_20k,IN-C01075-SS,substation,Seppa,Arunachal Pradesh,7.7485,1.3773,1.1627,5,9,2,4,8.85,0.00057,115313,0,4,IN-C01070-SS|IN-C01071-SS|IN-C01075-SS|IN-C01098-SS,0|0|0|0,train
IND-S00278,transformer_overload,india_national_20k,IN-C03790-FD022,feeder,Faridabad,Haryana,2.1087,1.2876,1.0568,1,10,1,0,0.0,0.0,0,0,0,,,train
IND-S00279,high_demand,india_national_20k,IN-C12363-FD011,feeder,Kanchipuram,Tamil Nadu,2.2974,1.3928,1.056,0,6,2,4,8.61,0.00133,221715,0,4,IN-TAM-HUB|IN-C12363-SS|IN-C12363-TR01|IN-C12363-FD011,0|0|0|0,train
IND-S00280,transformer_overload,india_national_20k,IN-C15564-FD021,feeder,Fīrozābād,Uttar Pradesh,5.247,1.1049,1.0463,1,7,1,0,0.0,0.0,0,0,0,,,train
IND-S00281,transformer_overload,india_national_20k,IN-C19749-FD011,feeder,Baharampur,West Bengal,5.6116,1.2766,1.0266,1,5,1,0,0.0,0.0,0,0,0,,,val
IND-S00282,transformer_overload,india_national_20k,IN-C01376-GEN03,generator,Bhāgalpur,Bihar,2.4804,1.0214,1.0792,0,38,1,0,0.0,0.0,0,0,0,,,val
IND-S00283,normal_operation,india_national_20k,IN-C03059-FD021,feeder,Najafgarh,Delhi,1.1655,0.966,1.011,0,10,1,0,0.0,0.0,0,0,0,,,train
IND-S00284,high_demand,india_national_20k,IN-C15556-FD021,feeder,Gorakhpur,Uttar Pradesh,2.4577,1.4066,1.077,0,8,2,3,8.7,0.00235,674246,0,3,IN-C15556-SS|IN-C15556-TR02|IN-C15556-FD021,0|0|0,train
IND-S00285,line_outage,india_national_20k,IN-C09282-FD012,feeder,Mumbai,Maharashtra,1.4206,1.239,1.0156,2,10,2,2,0.12,0.00233,0,0,2,IN-C09282-TR01|IN-C09282-FD012,0|0,train
IND-S00286,cascade_emergency,india_national_20k,IN-C05532-GEN03,generator,Mysuru,Karnataka,7.4302,1.5569,1.0601,2,48,5,92,10.83,0.00837,10516355,0,3,IN-SR-HUB|IN-KAR-HUB|IN-C05532-SS|IN-ER-HUB|IN-NER-HUB|IN-C07848-SS|IN-C10346-SS|IN-C10362-SS|IN-C11034-SS|IN-C11047-SS|IN-WES-HUB|IN-C01444-SS,0|0|0|1|1|1|1|1|1|1|1|2,test
IND-S00287,transformer_overload,india_national_20k,IN-C12454-SS,substation,Milavittan,Tamil Nadu,5.6392,1.0885,1.0455,0,8,2,5,0.13,0.0009,123647,0,5,IN-C12454-SS|IN-C12514-SS|IN-C12645-SS|IN-C12683-SS|IN-C13353-SS,0|0|0|0|0,train
IND-S00288,transformer_overload,india_national_20k,IN-C09290-GEN09,generator,Dombivali,Maharashtra,4.4874,1.1831,1.0499,1,40,5,25,0.81,0.00585,8293338,0,6,IN-WR-HUB|IN-MAH-HUB|IN-C09289-SS|IN-C09290-SS|IN-C09301-SS|IN-C09312-SS|IN-C09473-SS|IN-ER-HUB|IN-NER-HUB|IN-C10346-SS|IN-C10353-SS|IN-C10360-SS,0|0|0|0|0|0|0|1|1|2|2|2,train
IND-S00289,high_demand,india_national_20k,IN-C11569-GEN10,generator,Sīkar,Rajasthan,2.5239,1.2722,1.0557,0,27,1,0,0.0,0.0,0,0,0,,,train
IND-S00290,line_outage,india_national_20k,IN-C01409-FD011,feeder,Barauni,Bihar,1.4891,1.1323,1.0446,4,5,1,0,0.0,0.0,0,0,0,,,val
IND-S00291,line_outage,india_national_20k,IN-C09291-FD032,feeder,Virār,Maharashtra,2.0056,1.2784,1.0295,4,10,2,4,0.14,0.00169,1222890,0,3,IN-C09291-SS|IN-C09291-TR03|IN-C09291-FD032|IN-C10750-SS,0|0|0|0,train
IND-S00292,line_outage,india_national_20k,IN-C09284-FD032,feeder,Nagpur,Maharashtra,2.3982,1.1481,1.0281,4,10,3,7,0.28,0.00379,2525503,0,3,IN-C08085-SS|IN-C09182-SS|IN-C09284-SS|IN-C09284-TR03|IN-C09284-FD032|IN-MAD-HUB|IN-C07885-SS,0|0|0|0|0|1|1,train
IND-S00293,normal_operation,india_national_20k,IN-C00001-GEN01,generator,Port Blair,Andaman and Nicobar,1.0864,1.0038,1.0093,0,39,1,0,0.0,0.0,0,0,0,,,train
IND-S00294,normal_operation,india_national_20k,IN-C10327-SS,substation,Laitumkhrah,Meghalaya,1.0309,1.0382,0.9867,0,11,1,0,0.0,0.0,0,0,0,,,val
IND-S00295,high_demand,india_national_20k,IN-C05575-FD011,feeder,Chik Ballāpur,Karnataka,2.4623,1.3737,1.0808,0,5,1,0,8.51,0.0,0,0,0,,,test
IND-S00296,cascade_emergency,india_national_20k,IN-C09292-FD021,feeder,Aurangabad,Maharashtra,7.7805,1.5549,1.1798,2,10,7,1029,33.51,0.18253,53168933,0,4,IN-WR-HUB|IN-SR-HUB|IN-ER-HUB|IN-MAH-HUB|IN-C09292-SS|IN-C09292-TR02|IN-C09292-FD021|IN-C19963-SS|IN-C19729-SS|IN-WES-HUB|IN-C19730-SS|IN-C10362-SS,0|0|0|0|0|0|0|1|1|1|1|1,train
IND-S00297,transformer_overload,india_national_20k,IN-C04824-SS,substation,Ranchi,Jharkhand,4.3298,1.2981,1.0792,0,97,2,2,0.81,0.00286,1120374,0,2,IN-JHA-HUB|IN-C04824-SS,0|0,train
IND-S00298,high_demand,india_national_20k,IN-C11724-SS,substation,Sarwar,Rajasthan,2.79,1.5299,1.0363,0,8,2,8,8.9,0.00038,213286,0,6,IN-RAJ-HUB|IN-C11575-SS|IN-C11645-SS|IN-C11724-SS|IN-C12023-SS|IN-C12057-SS|IN-C12104-SS|IN-C12214-SS,0|0|0|0|0|0|0|0,train
IND-S00299,cascade_emergency,india_national_20k,IN-C05530-FD011,feeder,Bengaluru,Karnataka,6.199,1.5957,1.1781,3,10,7,889,29.38,0.13356,65900470,0,4,IN-SR-HUB|IN-ER-HUB|IN-KAR-HUB|IN-C05530-SS|IN-C05530-TR01|IN-C05530-FD011|IN-KER-HUB|IN-C07054-SS|IN-C10346-SS|IN-C10353-SS|IN-C10362-SS|IN-C10384-SS,0|0|0|0|0|0|0|0|0|0|0|0,test
IND-S00300,transformer_overload,india_national_20k,IN-C09288-GEN07,generator,Pimpri,Maharashtra,4.2431,1.1517,1.0509,0,44,6,21,0.68,0.00558,7996033,0,4,IN-WR-HUB|IN-MAH-HUB|IN-C09286-SS|IN-C09288-SS|IN-ER-HUB|IN-NER-HUB|IN-C10346-SS|IN-C10353-SS|IN-C10360-SS|IN-C10362-SS|IN-NAG-HUB|IN-C10388-SS,0|0|0|0|1|1|2|2|2|2|2|2,train
IND-S00301,line_outage,india_national_20k,IN-C12386-FD011,feeder,Valparai,Tamil Nadu,1.6336,1.0992,1.0076,2,6,2,3,0.07,0.0004,90353,0,3,IN-C12386-SS|IN-C12386-TR01|IN-C12386-FD011,0|0|0,train
IND-S00302,line_outage,india_national_20k,IN-C03872-SS,substation,Nīlokheri,Haryana,2.1871,1.1662,1.0013,4,3,1,0,0.0,0.0,0,0,0,,,train
IND-S00303,normal_operation,india_national_20k,IN-C01256-SS,substation,Jamunāmukh,Assam,1.1163,0.8543,1.014,0,3,1,0,0.0,0.0,0,0,0,,,val
IND-S00304,transformer_overload,india_national_20k,IN-C11201-SS,substation,Khamānon Kalān,Punjab,3.7788,1.1329,1.0057,0,4,1,0,0.0,0.0,0,0,0,,,train
IND-S00305,cascade_emergency,india_national_20k,IN-C00261-SS,substation,Lebur Bit ? I,Andhra Pradesh,4.893,1.5712,1.1214,5,9,7,1067,34.61,0.19417,79956376,0,4,IN-WR-HUB|IN-SR-HUB|IN-C00548-SS|IN-NER-HUB|IN-C11047-SS|IN-C02530-SS|IN-CHH-HUB|IN-C02533-SS|IN-C02531-SS|IN-ER-HUB|IN-C07848-SS|IN-C10362-SS,0|0|0|1|1|1|1|1|1|1|1|1,test
IND-S00306,cascade_emergency,india_national_20k,IN-C09289-FD021,feeder,Kalyān,Maharashtra,5.5014,1.4432,1.0968,3,10,5,100,11.03,0.01541,20859872,0,5,IN-WR-HUB|IN-SR-HUB|IN-C09289-SS|IN-C09290-SS|IN-C09301-SS|IN-C09289-TR02|IN-C09289-FD021|IN-ER-HUB|IN-NER-HUB|IN-KAR-HUB|IN-C05537-SS|IN-MAH-HUB,0|0|0|0|0|0|0|1|1|1|1|1,train
IND-S00307,heatwave,india_national_20k,IN-C00019-FD011,feeder,Visakhapatnam,Andhra Pradesh,2.3784,1.3432,1.1655,1,10,1,0,8.66,0.0,0,0,0,,,test
IND-S00308,heatwave,india_national_20k,IN-C14855-FD011,feeder,Khammam,Telangana,2.9234,1.1808,1.1465,1,6,1,0,0.0,0.0,0,0,0,,,train
IND-S00309,transformer_overload,india_national_20k,IN-C00023-GEN07,generator,Kākināda,Andhra Pradesh,2.8944,1.1365,1.0331,1,40,1,0,0.0,0.0,0,0,0,,,test
IND-S00310,transformer_overload,india_national_20k,IN-C14853-GEN10,generator,Quthbullapur,Telangana,5.7027,1.0604,1.0744,1,28,2,6,0.14,0.00069,613587,0,4,IN-C14847-SS|IN-C14853-SS|IN-C14897-SS|IN-C15271-SS|IN-C15287-SS|IN-C15478-SS,0|0|0|0|0|0,train
IND-S00311,cascade_emergency,india_national_20k,IN-C19895-SS,substation,Haripur,West Bengal,4.0603,1.5289,1.1761,1,11,1,0,9.02,0.0,0,0,0,,,val
IND-S00312,cascade_emergency,india_national_20k,IN-C09289-GEN08,generator,Kalyān,Maharashtra,4.3908,1.5549,1.1298,5,41,5,877,30.28,0.16657,73422222,0,7,IN-WR-HUB|IN-SR-HUB|IN-ER-HUB|IN-NER-HUB|IN-KER-HUB|IN-C07054-SS|IN-MAH-HUB|IN-C09289-SS|IN-C09290-SS|IN-C09301-SS|IN-C09312-SS|IN-C09473-SS,0|0|0|0|0|0|0|0|0|0|0|0,train
IND-S00313,normal_operation,india_national_20k,IN-C12344-FD022,feeder,Tirunelveli,Tamil Nadu,1.1698,0.9445,1.0004,0,10,1,0,0.0,0.0,0,0,0,,,train
IND-S00314,transformer_overload,india_national_20k,IN-C19742-FD011,feeder,Bārāsat,West Bengal,4.9325,1.1107,1.014,1,6,1,0,0.0,0.0,0,0,0,,,val
IND-S00315,transformer_overload,india_national_20k,IN-C09776-SS,substation,Tamgaon,Maharashtra,5.7703,1.2202,1.0172,1,7,2,3,0.08,0.00031,51804,0,3,IN-C09448-SS|IN-C09693-SS|IN-C09703-SS,0|0|0,train
IND-S00316,line_outage,india_national_20k,IN-C17032-SS,substation,Ajtūpur,Uttar Pradesh,1.5142,1.1856,1.0556,1,3,1,0,0.0,0.0,0,0,0,,,train
IND-S00317,high_demand,india_national_20k,IN-C19730-GEN02,generator,Howrah,West Bengal,1.7259,1.2765,1.0739,1,27,3,6,0.3,0.00336,5807089,0,3,IN-WES-HUB|IN-C19729-SS|IN-C19730-SS|IN-C19766-SS|IN-C19864-SS|IN-C19963-SS,0|0|0|1|1|1,val
IND-S00318,normal_operation,india_national_20k,IN-C09283-FD022,feeder,Pune,Maharashtra,1.1508,0.907,0.9934,0,10,1,0,0.0,0.0,0,0,0,,,train
IND-S00319,cascade_emergency,india_national_20k,IN-C09316-FD011,feeder,Badlapur,Maharashtra,8.2137,1.4339,1.1739,2,4,1,0,8.95,0.0,0,0,0,,,train
IND-S00320,cascade_emergency,india_national_20k,IN-C09287-FD021,feeder,Nashik,Maharashtra,4.7082,1.3458,1.1394,1,10,1,0,8.59,0.0,0,0,0,,,train
IND-S00321,normal_operation,india_national_20k,IN-C04833-GEN12,generator,Sāhibganj,Jharkhand,1.028,0.9382,0.9966,0,26,1,0,0.0,0.0,0,0,0,,,train
IND-S00322,high_demand,india_national_20k,IN-C04840-FD011,feeder,Chāībāsa,Jharkhand,1.5481,1.4343,1.0499,0,5,1,0,8.54,0.0,0,0,0,,,train
IND-S00323,normal_operation,india_national_20k,IN-C00017-FD012,feeder,Rasapūdipalem,Andhra Pradesh,1.0497,0.9413,0.9958,0,10,1,0,0.0,0.0,0,0,0,,,test
IND-S00324,heatwave,india_national_20k,IN-C07052-GEN08,generator,Palakkad,Kerala,2.5609,1.3281,1.0831,1,29,1,0,8.4,0.0,0,0,0,,,train
IND-S00325,line_outage,india_national_20k,IN-C07048-SS,substation,Kozhikode,Kerala,1.7477,1.0301,1.047,4,105,1,0,0.0,0.0,0,0,0,,,train
IND-S00326,transformer_overload,india_national_20k,IN-TAM-HUB-GEN,generator,Tamil Nadu Hub Generation,Tamil Nadu,4.5294,1.2787,1.0785,1,260,1,0,0.3,0.0,0,0,0,,,train
IND-S00327,line_outage,india_national_20k,IN-C09288-GEN07,generator,Pimpri,Maharashtra,1.3908,1.1009,1.0593,1,44,5,16,0.44,0.00216,3221522,0,4,IN-WR-HUB|IN-MAH-HUB|IN-C09286-SS|IN-C09288-SS|IN-ER-HUB|IN-NER-HUB|IN-C10346-SS|IN-C10360-SS|IN-C10362-SS|IN-C15523-SS|IN-C19963-SS|IN-C15525-SS,0|0|0|0|1|1|2|2|2|2|2|3,train
IND-S00328,normal_operation,india_national_20k,IN-C09368-SS,substation,Sillod,Maharashtra,1.1685,0.9148,0.9992,0,7,1,0,0.0,0.0,0,0,0,,,train
IND-S00329,cascade_emergency,india_national_20k,IN-C09283-FD021,feeder,Pune,Maharashtra,4.6546,1.3155,1.1729,5,10,5,63,10.25,0.01449,21510151,0,4,IN-WR-HUB|IN-MAH-HUB|IN-C09283-SS|IN-C09283-TR02|IN-C09283-FD021|IN-ER-HUB|IN-NER-HUB|IN-C10290-SS|IN-C10346-SS|IN-C10353-SS|IN-C10360-SS|IN-C10362-SS,0|0|0|0|0|1|1|2|2|2|2|2,train
IND-S00330,line_outage,india_national_20k,IN-C19745-FD011,feeder,Uluberiya,West Bengal,1.5365,1.1514,1.0516,1,5,1,0,0.0,0.0,0,0,0,,,val
IND-S00331,transformer_overload,india_national_20k,IN-C18452-SS,substation,Anwarkhera,Uttar Pradesh,3.5596,1.1592,1.0781,0,1,1,0,0.0,0.0,0,0,0,,,train
IND-S00332,transformer_overload,india_national_20k,IN-C06402-SS,substation,Amboditharbail,Karnataka,2.1243,1.1176,1.016,1,5,1,0,0.0,0.0,0,0,0,,,test
IND-S00333,transformer_overload,india_national_20k,IN-C11569-GEN10,generator,Sīkar,Rajasthan,3.0539,1.1066,1.0279,0,27,1,0,0.0,0.0,0,0,0,,,train
IND-S00334,line_outage,india_national_20k,IN-C07045-FD011,feeder,Kanayannur,Kerala,2.3084,1.1716,1.0128,3,8,2,5,0.2,0.00288,875623,0,5,IN-C07045-SS|IN-C07291-SS|IN-C07643-SS|IN-C07045-TR01|IN-C07045-FD011,0|0|0|0|0,train
IND-S00335,line_outage,india_national_20k,IN-C03118-SS,substation,Samālka,Delhi,1.51,1.2241,1.0078,1,6,1,0,0.0,0.0,0,0,0,,,train
IND-S00336,cascade_emergency,india_national_20k,IN-C11199-SS,substation,Begowāl,Punjab,7.5518,1.5141,1.1791,5,6,1,0,9.02,0.0,0,0,0,,,train
IND-S00337,high_demand,india_national_20k,IN-C00017-FD012,feeder,Rasapūdipalem,Andhra Pradesh,2.8915,1.3294,1.0232,0,10,2,6,0.23,0.00315,1990978,0,4,IN-C00017-SS|IN-C00028-SS|IN-C00260-SS|IN-C00527-SS|IN-C00017-TR01|IN-C00017-FD012,0|0|0|0|0|0,test
IND-S00338,normal_operation,india_national_20k,IN-C03812-FD011,feeder,Fatehābād,Haryana,1.0548,0.8566,0.9912,0,5,1,0,0.0,0.0,0,0,0,,,train
IND-S00339,transformer_overload,india_national_20k,IN-C07052-GEN08,generator,Palakkad,Kerala,3.5407,1.1017,1.0262,0,29,1,0,0.0,0.0,0,0,0,,,train
IND-S00340,normal_operation,india_national_20k,IN-C03280-GEN01,generator,Ahmedabad,Gujarat,1.1513,1.0482,1.0171,0,28,1,0,0.0,0.0,0,0,0,,,train
IND-S00341,line_outage,india_national_20k,IN-C09283-GEN02,generator,Pune,Maharashtra,1.609,1.2322,1.0459,1,42,5,23,0.88,0.00573,9141192,0,3,IN-WR-HUB|IN-MAH-HUB|IN-C09283-SS|IN-ER-HUB|IN-NER-HUB|IN-C10346-SS|IN-C10353-SS|IN-C10360-SS|IN-C10362-SS|IN-C10384-SS|IN-NAG-HUB|IN-C10388-SS,0|0|0|1|1|2|2|2|2|2|2|2,train
IND-S00342,cascade_emergency,india_national_20k,IN-C15584-FD011,feeder,Budaun,Uttar Pradesh,6.1717,1.5301,1.1548,4,6,5,826,29.35,0.16444,101914579,0,4,IN-NR-HUB|IN-WR-HUB|IN-NER-HUB|IN-C15584-SS|IN-C15584-TR01|IN-C15584-FD011|IN-UTT-HUB|IN-C10362-SS|IN-C10346-SS|IN-C19462-SS|IN-C19475-SS|IN-C19438-SS,0|0|0|0|0|0|0|1|1|1|1|1,train
IND-S00343,heatwave,india_national_20k,IN-C01380-GEN07,generator,Purnia,Bihar,2.8125,1.1603,1.1878,2,40,1,0,0.0,0.0,0,0,0,,,val
IND-S00344,cascade_emergency,india_national_20k,IN-BIH-HUB-GEN,generator,Bihar Hub Generation,Bihar,5.3796,1.4243,1.0555,4,138,1,0,8.54,0.0,0,0,0,,,val
IND-S00345,cascade_emergency,india_national_20k,IN-C04822-FD022,feeder,Jamshedpur,Jharkhand,8.4687,1.4278,1.0926,4,10,5,42,9.84,0.0124,20078488,0,6,IN-ER-HUB|IN-JHA-HUB|IN-C04822-SS|IN-C04826-SS|IN-C04854-SS|IN-C04822-TR02|IN-C04822-FD022|IN-WR-HUB|IN-WES-HUB|IN-C19729-SS|IN-C19730-SS|IN-C19963-SS,0|0|0|0|0|0|0|1|1|1|1|1,train
IND-S00346,transformer_overload,india_national_20k,IN-C07190-SS,substation,Kalliyasshēri,Kerala,4.2632,1.124,1.0659,1,9,2,2,0.06,0.00032,31622,0,2,IN-C07190-SS|IN-C07784-SS,0|0,train
IND-S00347,cascade_emergency,india_national_20k,IN-C12351-GEN12,generator,Thoothukudi,Tamil Nadu,8.838,1.5514,1.0685,5,73,5,109,11.27,0.01252,26423101,0,2,IN-SR-HUB|IN-ER-HUB|IN-ODI-HUB|IN-C10433-SS|IN-TAM-HUB|IN-ASS-HUB|IN-C01122-SS|IN-C01444-SS|IN-CHH-HUB|IN-C02530-SS|IN-JHA-HUB|IN-C04828-SS,0|0|0|0|0|1|1|1|1|1|1|1,train
IND-S00348,cascade_emergency,india_national_20k,IN-C02528-GEN04,generator,Bilāspur,Chhattisgarh,6.8193,1.5163,1.0577,2,25,2,2,8.83,0.00072,365579,0,2,IN-CHH-HUB|IN-C02528-SS,0|0,train
IND-S00349,normal_operation,india_national_20k,IN-C09302-FD011,feeder,Malegaon,Maharashtra,1.0517,0.9826,0.9847,0,7,1,0,0.0,0.0,0,0,0,,,train
IND-S00350,cascade_emergency,india_national_20k,IN-C15581-FD011,feeder,Fatehpur,Uttar Pradesh,4.9299,1.397,1.1264,2,6,7,37,9.61,0.00841,17467511,0,4,IN-C15581-SS|IN-C15581-TR01|IN-C15581-FD011|IN-UTT-HUB|IN-C01444-SS|IN-C10278-SS|IN-TAM-HUB|IN-C12372-SS|IN-C12378-SS|IN-C12392-SS|IN-C15525-SS|IN-C19433-SS,0|0|0|0|1|1|1|1|1|1|1|1,train
IND-S00351,transformer_overload,india_national_20k,IN-C02562-SS,substation,Akaltara,Chhattisgarh,5.9991,1.1366,1.0698,0,5,1,0,0.0,0.0,0,0,0,,,train
IND-S00352,cascade_emergency,india_national_20k,IN-C01418-FD011,feeder,Bangaon,Bihar,4.5701,1.5789,1.1732,3,5,6,964,32.24,0.17643,77480469,0,4,IN-WR-HUB|IN-BIH-HUB|IN-C01387-SS|IN-C01418-SS|IN-C01733-SS|IN-C01418-TR01|IN-C01418-FD011|IN-NR-HUB|IN-ER-HUB|IN-NER-HUB|IN-C01377-SS|IN-C01378-SS,0|0|0|0|0|0|0|1|1|1|1|1,val
IND-S00353,line_outage,india_national_20k,IN-C03286-FD011,feeder,Bilimora,Gujarat,2.3679,1.076,1.0423,2,8,2,3,0.12,0.00173,510879,0,3,IN-C03286-SS|IN-C03286-TR01|IN-C03286-FD011,0|0|0,train
IND-S00354,high_demand,india_national_20k,IN-C05539-GEN10,generator,Shivamogga,Karnataka,2.4832,1.2782,1.096,0,48,1,0,0.63,0.0,0,0,0,,,test
IND-S00355,heatwave,india_national_20k,IN-C15552-FD012,feeder,Prayagraj,Uttar Pradesh,1.7729,1.246,1.1316,2,10,2,3,8.45,0.00138,1073438,0,3,IN-C15552-SS|IN-C15552-TR01|IN-C15552-FD012,0|0|0,train
IND-S00356,normal_operation,india_national_20k,IN-C07058-FD011,feeder,Neyyāttinkara,Kerala,1.0509,0.9272,0.9879,0,6,1,0,0.0,0.0,0,0,0,,,train
IND-S00357,transformer_overload,india_national_20k,IN-C11056-GEN07,generator,Hoshiārpur,Punjab,3.5526,1.1036,1.0427,1,21,1,0,0.0,0.0,0,0,0,,,train
IND-S00358,line_outage,india_national_20k,IN-C10431-FD011,feeder,Sambalpur,Odisha,2.4561,1.1566,1.0546,4,7,2,3,0.1,0.00121,189366,0,3,IN-C10431-SS|IN-C10431-TR01|IN-C10431-FD011,0|0|0,train
IND-S00359,cascade_emergency,india_national_20k,IN-C09486-SS,substation,Kalamb,Maharashtra,4.4639,1.4686,1.0665,4,7,1,0,8.65,0.0,0,0,0,,,train
IND-S00360,high_demand,india_national_20k,IN-C11051-FD031,feeder,Amritsar,Punjab,2.6319,1.5027,1.0895,1,10,1,0,8.83,0.0,0,0,0,,,train
IND-S00361,normal_operation,india_national_20k,IN-C09291-GEN10,generator,Virār,Maharashtra,1.0433,1.0221,1.0059,0,40,1,0,0.0,0.0,0,0,0,,,train
IND-S00362,line_outage,india_national_20k,IN-C03284-FD021,feeder,Bhavnagar,Gujarat,1.6407,1.2111,1.0123,3,8,2,3,0.11,0.00153,605882,0,3,IN-C03284-SS|IN-C03284-TR02|IN-C03284-FD021,0|0|0,train
IND-S00363,transformer_overload,india_national_20k,IN-C05583-SS,substation,Hoskote,Karnataka,5.8883,1.2125,1.0488,0,5,1,0,0.0,0.0,0,0,0,,,test
IND-S00364,transformer_overload,india_national_20k,IN-C00020-GEN04,generator,Guntur,Andhra Pradesh,4.9139,1.013,1.0004,0,40,2,5,0.1,0.0001,166437,0,5,IN-AND-HUB|IN-C00037-SS|IN-C00715-SS|IN-C00747-SS|IN-C00866-SS,0|0|0|0|0,test
IND-S00365,heatwave,india_national_20k,IN-C19800-SS,substation,Islāmpur,West Bengal,3.013,1.2915,1.148,2,8,1,0,8.51,0.0,0,0,0,,,val
IND-S00366,high_demand,india_national_20k,IN-C07862-GEN06,generator,Punāsa,Madhya Pradesh,2.3973,1.5194,1.0996,0,46,6,62,10.22,0.00548,14784969,0,0,IN-SR-HUB|IN-ER-HUB|IN-NER-HUB|IN-KAR-HUB|IN-C05537-SS|IN-C05539-SS|IN-C05540-SS|IN-C07848-SS|IN-C10346-SS|IN-C10353-SS|IN-C10362-SS|IN-C10384-SS,0|1|1|1|1|1|1|1|1|1|1|1,train
IND-S00367,normal_operation,india_national_20k,IN-C07857-SS,substation,Indore,Madhya Pradesh,1.0361,0.9204,0.9915,0,187,1,0,0.0,0.0,0,0,0,,,train
IND-S00368,transformer_overload,india_national_20k,IN-C12343-GEN04,generator,Madurai,Tamil Nadu,3.9852,1.2758,1.0026,1,80,2,2,0.12,0.0019,1465625,0,2,IN-TAM-HUB|IN-C12343-SS,0|0,train
IND-S00369,line_outage,india_national_20k,IN-C01381-FD021,feeder,Arrah,Bihar,1.5415,1.2958,1.0125,1,8,1,0,0.0,0.0,0,0,0,,,val
IND-S00370,transformer_overload,india_national_20k,IN-C10389-FD011,feeder,Kohima,Nagaland,3.992,1.1741,1.0301,0,6,2,7,0.18,0.00116,169735,0,5,IN-NAG-HUB|IN-C10389-SS|IN-C10390-SS|IN-C10397-SS|IN-C10405-SS|IN-C10389-TR01|IN-C10389-FD011,0|0|0|0|0|0|0,val
IND-S00371,transformer_overload,india_national_20k,IN-C07860-GEN04,generator,Gwalior,Madhya Pradesh,4.759,1.2605,1.0296,1,51,2,2,0.11,0.00156,1054420,0,2,IN-MAD-HUB|IN-C07860-SS,0|0,train
IND-S00372,high_demand,india_national_20k,IN-C01489-SS,substation,Bhawanipur,Bihar,1.7555,1.2707,1.0782,1,6,1,0,0.0,0.0,0,0,0,,,val
IND-S00373,heatwave,india_national_20k,IN-C01431-SS,substation,Bhabhua,Bihar,3.2251,1.4007,1.0925,0,7,1,0,8.59,0.0,0,0,0,,,val
IND-S00374,normal_operation,india_national_20k,IN-C17754-SS,substation,Amdāri,Uttar Pradesh,1.0469,0.9597,0.997,0,4,1,0,0.0,0.0,0,0,0,,,train
IND-S00375,heatwave,india_national_20k,IN-C09287-FD012,feeder,Nashik,Maharashtra,2.5013,1.4467,1.101,0,10,2,3,8.89,0.00234,1486053,0,3,IN-C09287-SS|IN-C09287-TR01|IN-C09287-FD012,0|0|0,train
IND-S00376,cascade_emergency,india_national_20k,IN-C01119-SS,substation,Guwahati,Assam,6.3882,1.5659,1.1365,5,46,7,931,32.35,0.19844,50439820,0,9,IN-SR-HUB|IN-NER-HUB|IN-C10362-SS|IN-C10346-SS|IN-C10360-SS|IN-C15523-SS|IN-C10353-SS|IN-C01444-SS|IN-C10384-SS|IN-C10388-SS|IN-NAG-HUB|IN-C11047-SS,0|0|1|1|1|1|1|1|1|1|1|1,val
IND-S00377,line_outage,india_national_20k,IN-C05530-GEN01,generator,Bengaluru,Karnataka,1.5971,1.0753,1.0219,1,56,1,0,0.0,0.0,0,0,0,,,test
IND-S00378,cascade_emergency,india_national_20k,IN-C11054-SS,substation,Bathinda,Punjab,4.6689,1.5082,1.1602,1,87,2,2,9.07,0.00088,300996,0,2,IN-C11054-SS|IN-C11166-SS,0|0,train
IND-S00379,transformer_overload,india_national_20k,IN-C00142-SS,substation,Pālkonda,Andhra Pradesh,2.189,1.2287,1.079,0,6,1,0,0.0,0.0,0,0,0,,,test
IND-S00380,normal_operation,india_national_20k,IN-C12380-FD011,feeder,Tiruchengode,Tamil Nadu,1.0144,0.9684,1.0102,0,6,1,0,0.0,0.0,0,0,0,,,train
IND-S00381,line_outage,india_national_20k,IN-C00250-SS,substation,Dwāraka Tirumala,Andhra Pradesh,1.9737,1.2974,1.0155,2,7,1,0,0.0,0.0,0,0,0,,,test
IND-S00382,high_demand,india_national_20k,IN-C10434-GEN11,generator,Baripāda,Odisha,2.6884,1.4759,1.0914,0,26,1,0,8.78,0.0,0,0,0,,,train
IND-S00383,heatwave,india_national_20k,IN-C03795-GEN06,generator,Panipat,Haryana,2.6118,1.2392,1.1262,1,21,1,0,0.29,0.0,0,0,0,,,train
IND-S00384,high_demand,india_national_20k,IN-C19756-FD011,feeder,Jaigaon,West Bengal,2.1254,1.4112,1.059,1,5,1,0,8.53,0.0,0,0,0,,,val
IND-S00385,normal_operation,india_national_20k,IN-C03798-FD011,feeder,Panchkula,Haryana,1.1055,0.8635,1.0173,0,5,1,0,0.0,0.0,0,0,0,,,train
IND-S00386,transformer_overload,india_national_20k,IN-C03312-FD011,feeder,Deesa,Gujarat,5.0613,1.0291,1.072,1,5,1,0,0.0,0.0,0,0,0,,,train
IND-S00387,normal_operation,india_national_20k,IN-C12514-SS,substation,Muttayyāpuram,Tamil Nadu,1.1263,1.0015,1.0131,0,75,1,0,0.0,0.0,0,0,0,,,train
IND-S00388,heatwave,india_national_20k,IN-C10428-FD011,feeder,Rourkela,Odisha,2.1449,1.3592,1.214,2,8,2,4,8.98,0.00089,289106,0,4,IN-C10428-SS|IN-C10511-SS|IN-C10428-TR01|IN-C10428-FD011,0|0|0|0,train
IND-S00389,line_outage,india_national_20k,IN-C12340-GEN01,generator,Chennai,Tamil Nadu,2.497,1.0481,1.0121,3,78,2,6,0.27,0.00417,4846780,0,5,IN-TAM-HUB|IN-C12340-SS|IN-C12392-SS|IN-C12427-SS|IN-C12699-SS|IN-C14244-SS,0|0|0|0|0|0,train
IND-S00390,normal_operation,india_national_20k,IN-C07857-FD032,feeder,Indore,Madhya Pradesh,1.1166,0.967,1.0063,0,10,1,0,0.0,0.0,0,0,0,,,train
IND-S00391,heatwave,india_national_20k,IN-C11962-SS,substation,Ainchhāka,Rajasthan,3.0805,1.3374,1.1553,1,1,1,0,8.63,0.0,0,0,0,,,train
IND-S00392,normal_operation,india_national_20k,IN-C04823-FD032,feeder,Dhanbad,Jharkhand,1.1055,1.0246,1.0072,0,10,1,0,0.0,0.0,0,0,0,,,train
IND-S00393,normal_operation,india_national_20k,IN-C10427-GEN04,generator,Brahmapur,Odisha,1.0443,0.9968,1.0131,0,26,1,0,0.0,0.0,0,0,0,,,train
IND-S00394,high_demand,india_national_20k,IN-C10426-GEN03,generator,Cuttack,Odisha,2.0079,1.3839,1.0891,1,25,2,1,8.57,0.0,0,0,1,IN-ODI-HUB,0,train
IND-S00395,heatwave,india_national_20k,IN-C09315-FD011,feeder,Shahuwadi,Maharashtra,2.2365,1.1651,1.1,1,5,1,0,0.0,0.0,0,0,0,,,train
IND-S00396,line_outage,india_national_20k,IN-C19729-SS,substation,Kolkata,West Bengal,1.8567,1.0705,1.0063,1,61,1,0,0.0,0.0,0,0,0,,,val
IND-S00397,heatwave,india_national_20k,IN-KER-HUB-GEN,generator,Kerala Hub Generation,Kerala,3.045,1.3908,1.0955,1,103,1,0,8.57,0.0,0,0,0,,,train
IND-S00398,high_demand,india_national_20k,IN-C19729-FD032,feeder,Kolkata,West Bengal,2.1032,1.2653,1.0939,1,10,1,0,0.01,0.0,0,0,0,,,val
IND-S00399,high_demand,india_national_20k,IN-C09290-GEN09,generator,Dombivali,Maharashtra,1.8176,1.4958,1.0599,1,40,5,97,10.87,0.01108,17557337,0,6,IN-WR-HUB|IN-SR-HUB|IN-MAH-HUB|IN-C09289-SS|IN-C09290-SS|IN-C09301-SS|IN-C09312-SS|IN-C09473-SS|IN-ER-HUB|IN-NER-HUB|IN-KAR-HUB|IN-C05537-SS,0|0|0|0|0|0|0|0|1|1|1|1,train
IND-S00400,normal_operation,india_national_20k,IN-C12345-SS,substation,Tiruchirappalli,Tamil Nadu,1.1901,1.0158,0.9911,0,260,1,0,0.0,0.0,0,0,0,,,train
IND-S00401,normal_operation,india_national_20k,IN-C19434-FD011,feeder,Rudrapur,Uttarakhand,1.1874,0.9565,1.0057,0,7,1,0,0.0,0.0,0,0,0,,,train
IND-S00402,line_outage,india_national_20k,IN-C07883-FD011,feeder,Khargone,Madhya Pradesh,1.3553,1.029,1.014,2,6,1,0,0.0,0.0,0,0,0,,,train
IND-S00403,transformer_overload,india_national_20k,IN-C09289-GEN08,generator,Kalyān,Maharashtra,2.8605,1.049,1.0451,1,41,5,13,0.34,0.00131,2067713,0,5,IN-WR-HUB|IN-MAH-HUB|IN-C09290-SS|IN-C09301-SS|IN-C09312-SS|IN-ER-HUB|IN-NER-HUB|IN-C10346-SS|IN-C10360-SS|IN-C10362-SS|IN-C15523-SS|IN-C15525-SS,0|0|0|0|0|1|1|2|2|2|2|3,train
IND-S00404,high_demand,india_national_20k,IN-C15549-GEN04,generator,Meerut,Uttar Pradesh,1.7265,1.524,1.0922,0,119,5,57,10.28,0.00986,23128537,0,4,IN-NR-HUB|IN-WR-HUB|IN-NER-HUB|IN-UTT-HUB|IN-C01444-SS|IN-CHH-HUB|IN-C02530-SS|IN-C02531-SS|IN-C02533-SS|IN-DEL-HUB|IN-C03058-SS|IN-JHA-HUB,0|0|0|0|1|1|1|1|1|1|1|1,train
IND-S00405,cascade_emergency,india_national_20k,IN-C11560-SS,substation,Jaipur,Rajasthan,7.1007,1.4918,1.1398,3,127,6,100,11.56,0.02347,26406673,0,9,IN-NR-HUB|IN-WR-HUB|IN-SR-HUB|IN-ER-HUB|IN-NER-HUB|IN-KER-HUB|IN-C07054-SS|IN-C10346-SS|IN-C10353-SS|IN-C10360-SS|IN-C10362-SS|IN-C10384-SS,0|0|0|0|0|0|0|0|0|0|0|0,train
IND-S00406,heatwave,india_national_20k,IN-C07051-GEN07,generator,Alappuzha,Kerala,1.5248,1.3029,1.151,0,29,1,0,8.53,0.0,0,0,0,,,train
IND-S00407,transformer_overload,india_national_20k,IN-C04236-SS,substation,Agron,Himachal Pradesh,4.1102,1.1126,1.0776,0,6,1,0,0.0,0.0,0,0,0,,,train
IND-S00408,transformer_overload,india_national_20k,IN-C05542-FD011,feeder,Bidar,Karnataka,3.1758,1.163,1.0399,0,6,2,4,0.14,0.00175,216020,0,4,IN-KAR-HUB|IN-C05542-SS|IN-C05542-TR01|IN-C05542-FD011,0|0|0|0,test
IND-S00409,cascade_emergency,india_national_20k,IN-C04831-GEN10,generator,Chas,Jharkhand,7.4639,1.3075,1.0841,4,27,1,0,8.37,0.0,0,0,0,,,train
IND-S00410,heatwave,india_national_20k,IN-C09308-FD011,feeder,Chānda,Maharashtra,2.7079,1.2688,1.0858,2,6,2,1,0.02,0.0,500,0,0,IN-C02516-SS,0,train
IND-S00411,cascade_emergency,india_national_20k,IN-C00017-FD032,feeder,Rasapūdipalem,Andhra Pradesh,6.7879,1.5253,1.1575,4,10,8,1025,34.1,0.20109,84635255,0,5,IN-ER-HUB|IN-AND-HUB|IN-C00017-SS|IN-C00019-SS|IN-C00028-SS|IN-C00260-SS|IN-C00527-SS|IN-C00017-TR03|IN-C00017-FD032|IN-C10346-SS|IN-WES-HUB|IN-WR-HUB,0|0|0|0|0|0|0|0|0|0|0|1,test
IND-S00412,transformer_overload,india_national_20k,IN-C15554-GEN09,generator,Bareilly,Uttar Pradesh,2.1041,1.2509,1.0061,1,116,1,0,0.01,0.0,0,0,0,,,train
IND-S00413,transformer_overload,india_national_20k,IN-C00044-SS,substation,Gudivāda,Andhra Pradesh,3.781,1.1003,1.0133,0,8,1,0,0.0,0.0,0,0,0,,,test
IND-S00414,line_outage,india_national_20k,IN-C12345-GEN06,generator,Tiruchirappalli,Tamil Nadu,2.3611,1.1958,1.0075,2,80,2,5,0.14,0.00119,1461878,0,2,IN-KAR-HUB|IN-C05538-SS|IN-C05556-SS|IN-TAM-HUB|IN-C12345-SS,0|0|0|0|0,train
IND-S00415,normal_operation,india_national_20k,IN-C07858-FD031,feeder,Bhopal,Madhya Pradesh,1.1885,1.0401,0.9964,0,10,1,0,0.0,0.0,0,0,0,,,train
IND-S00416,high_demand,india_national_20k,IN-C09445-SS,substation,Sāngola,Maharashtra,2.6302,1.2595,1.0315,1,11,1,0,0.0,0.0,0,0,0,,,train
IND-S00417,transformer_overload,india_national_20k,IN-C11562-GEN03,generator,Kota,Rajasthan,3.4049,1.266,1.0655,1,37,2,2,0.08,0.00116,1001694,0,2,IN-RAJ-HUB|IN-C11562-SS,0|0,train
IND-S00418,line_outage,india_national_20k,IN-C12347-GEN08,generator,Salem,Tamil Nadu,1.5525,1.1483,1.0118,2,73,1,0,0.0,0.0,0,0,0,,,train
IND-S00419,cascade_emergency,india_national_20k,IN-C15552-FD032,feeder,Prayagraj,Uttar Pradesh,8.798,1.3685,1.1711,5,10,5,55,10.13,0.01162,19887637,0,4,IN-NR-HUB|IN-NER-HUB|IN-CHH-HUB|IN-C02531-SS|IN-PUN-HUB|IN-C11057-SS|IN-C15552-SS|IN-C15552-TR03|IN-C15552-FD032|IN-UTT-HUB|IN-SR-HUB|IN-DEL-HUB,0|0|0|0|0|0|0|0|0|0|1|1,train
IND-S00420,transformer_overload,india_national_20k,IN-C01387-FD011,feeder,Saharsa,Bihar,3.9863,1.2663,1.0504,1,6,1,0,0.0,0.0,0,0,0,,,val
IND-S00421,line_outage,india_national_20k,IN-C09894-SS,substation,Ahupe,Maharashtra,1.4721,1.2469,1.0119,3,6,1,0,0.0,0.0,0,0,0,,,train
IND-S00422,cascade_emergency,india_national_20k,IN-C05548-SS,substation,Robertsonpet,Karnataka,8.4081,1.5188,1.1538,3,186,5,170,12.97,0.0267,47337410,0,10,IN-KAR-HUB|IN-C05548-SS|IN-WR-HUB|IN-NER-HUB|IN-C05538-SS|IN-C05556-SS|IN-C05639-SS|IN-C05722-SS|IN-C06290-SS|IN-C06328-SS|IN-C06374-SS|IN-C06375-SS,0|0|1|1|1|1|1|1|1|1|1|1,test
IND-S00423,line_outage,india_national_20k,IN-C14873-FD011,feeder,Sangāreddi,Telangana,2.168,1.1359,1.0556,4,5,1,0,0.0,0.0,0,0,0,,,train
IND-S00424,cascade_emergency,india_national_20k,IN-C08161-SS,substation,Pankhedi,Madhya Pradesh,5.9704,1.3738,1.1139,2,9,2,1,8.61,0.0,500,0,0,IN-C16258-SS,0,train
IND-S00425,normal_operation,india_national_20k,IN-C10425-SS,substation,Bhubaneswar,Odisha,1.0935,0.9729,0.9979,0,86,1,0,0.0,0.0,0,0,0,,,train
IND-S00426,line_outage,india_national_20k,IN-C09282-FD032,feeder,Mumbai,Maharashtra,1.9566,1.1503,1.0283,4,10,2,2,0.16,0.0032,0,0,2,IN-C09282-TR03|IN-C09282-FD032,0|0,train
IND-S00427,cascade_emergency,india_national_20k,IN-GOA-HUB-GEN,generator,Goa Hub Generation,Goa,6.9134,1.3856,1.1461,5,21,7,32,9.51,0.00813,20680529,0,0,IN-KER-HUB|IN-C07054-SS|IN-ER-HUB|IN-JHA-HUB|IN-C04828-SS|IN-C10346-SS|IN-C10362-SS|IN-C15600-SS|IN-UTT-HUB|IN-WES-HUB|IN-C19729-SS|IN-C19730-SS,0|0|1|2|2|2|2|2|2|2|2|2,train
IND-S00428,line_outage,india_national_20k,IN-C15551-FD032,feeder,Varanasi,Uttar Pradesh,2.483,1.2625,1.01,4,10,2,3,0.12,0.00182,1164404,0,3,IN-C15551-SS|IN-C15551-TR03|IN-C15551-FD032,0|0|0,train
IND-S00429,high_demand,india_national_20k,IN-C09283-GEN02,generator,Pune,Maharashtra,2.0818,1.4937,1.0768,1,42,5,99,10.94,0.01132,16613986,0,3,IN-WR-HUB|IN-SR-HUB|IN-ER-HUB|IN-MAH-HUB|IN-C09283-SS|IN-ASS-HUB|IN-C01120-SS|IN-C01122-SS|IN-DEL-HUB|IN-C03059-SS|IN-HAR-HUB|IN-C03795-SS,0|0|0|0|0|1|1|1|1|1|1|1,train
IND-S00430,line_outage,india_national_20k,IN-C15574-FD011,feeder,Gyānpur,Uttar Pradesh,1.4989,1.0511,1.0386,4,6,2,1,0.03,2e-05,10496,0,0,IN-C05777-SS,0,train
IND-S00431,cascade_emergency,india_national_20k,IN-C03828-SS,substation,Chīka,Haryana,6.5159,1.5973,1.0516,3,5,8,130,11.72,0.01372,21843789,0,0,IN-C11057-SS|IN-C11162-SS|IN-NER-HUB|IN-WR-HUB|IN-SR-HUB|IN-C10290-SS|IN-C10346-SS|IN-C10353-SS|IN-C10360-SS|IN-C10362-SS|IN-C10384-SS|IN-NAG-HUB,0|0|1|2|2|2|2|2|2|2|2|2,train
IND-S00432,line_outage,india_national_20k,IN-C07860-FD021,feeder,Gwalior,Madhya Pradesh,1.4183,1.2222,1.0471,2,10,2,2,0.06,0.00059,0,0,2,IN-C07860-TR02|IN-C07860-FD021,0|0,train
IND-S00433,cascade_emergency,india_national_20k,IN-C00025-SS,substation,Kadapa,Andhra Pradesh,5.4938,1.4665,1.0934,3,152,1,0,8.75,0.0,0,0,0,,,test
IND-S00434,high_demand,india_national_20k,IN-C13218-SS,substation,Kandanvilai,Tamil Nadu,2.3629,1.2779,1.0876,1,8,1,0,0.0,0.0,0,0,0,,,train
IND-S00435,heatwave,india_national_20k,IN-C07591-SS,substation,Airānikulam,Kerala,3.0655,1.2119,1.1061,2,6,1,0,0.0,0.0,0,0,0,,,train
IND-S00436,transformer_overload,india_national_20k,IN-C12342-FD021,feeder,Kallakurichi,Tamil Nadu,5.3495,1.0242,1.0706,0,10,2,3,0.22,0.00452,1682687,0,3,IN-C12342-SS|IN-C12342-TR02|IN-C12342-FD021,0|0|0,train
IND-S00437,heatwave,india_national_20k,IN-C15549-FD011,feeder,Meerut,Uttar Pradesh,2.8969,1.3522,1.1535,1,10,1,0,8.65,0.0,0,0,0,,,train
IND-S00438,cascade_emergency,india_national_20k,IN-C02518-FD021,feeder,Chandigarh,Chandigarh,5.5788,1.3217,1.1728,4,8,4,88,10.75,0.01556,21400401,0,4,IN-NR-HUB|IN-WR-HUB|IN-NER-HUB|IN-CHA-HUB|IN-C02518-SS|IN-C02518-TR02|IN-C02518-FD021|IN-MAH-HUB|IN-C09291-SS|IN-C01444-SS|IN-DEL-HUB|IN-C03058-SS,0|0|0|0|0|0|0|0|0|1|1|1,train
IND-S00439,transformer_overload,india_national_20k,IN-C14844-FD012,feeder,Hyderabad,Telangana,5.5497,1.0147,1.0603,1,10,1,0,0.0,0.0,0,0,0,,,train
IND-S00440,line_outage,india_national_20k,IN-C11561-FD021,feeder,Jodhpur,Rajasthan,1.8683,1.0779,1.0081,2,10,2,2,0.07,0.00078,0,0,2,IN-C11561-TR02|IN-C11561-FD021,0|0,train
IND-S00441,high_demand,india_national_20k,IN-C07177-SS,substation,Vengola Kizhakkumbāgam,Kerala,1.825,1.4576,1.0749,1,8,1,0,8.62,0.0,0,0,0,,,train
IND-S00442,cascade_emergency,india_national_20k,IN-C07858-SS,substation,Bhopal,Madhya Pradesh,8.1793,1.3225,1.1462,2,185,5,51,9.93,0.01307,14341567,0,13,IN-WR-HUB|IN-SR-HUB|IN-MAD-HUB|IN-C07858-SS|IN-C07882-SS|IN-C07888-SS|IN-C07892-SS|IN-C07908-SS|IN-C08007-SS|IN-C08067-SS|IN-C08104-SS|IN-C08742-SS,0|0|0|0|0|0|0|0|0|0|0|0,train
IND-S00443,high_demand,india_national_20k,IN-C11056-GEN07,generator,Hoshiārpur,Punjab,2.0299,1.4538,1.0816,0,21,1,0,8.68,0.0,0,0,0,,,train
IND-S00444,line_outage,india_national_20k,IN-C01122-GEN04,generator,Jorhat,Assam,1.9746,1.0357,1.0147,4,16,1,0,0.0,0.0,0,0,0,,,val
IND-S00445,normal_operation,india_national_20k,IN-C15550-FD031,feeder,Ghāziābād,Uttar Pradesh,1.1387,0.858,0.9811,0,10,1,0,0.0,0.0,0,0,0,,,train
IND-S00446,high_demand,india_national_20k,IN-C04826-GEN05,generator,Mango,Jharkhand,2.3951,1.3804,1.0939,0,28,2,2,8.6,0.00021,223805,0,2,IN-JHA-HUB|IN-C04826-SS,0|0,train
IND-S00447,transformer_overload,india_national_20k,IN-C12324-FD011,feeder,Gangtok,Sikkim,2.2162,1.2868,1.0785,1,7,2,2,0.05,4e-05,16583,0,1,IN-C12326-SS|IN-C12328-SS,0|0,val
IND-S00448,line_outage,india_national_20k,IN-C03288-GEN09,generator,Gandhinagar,Gujarat,2.2563,1.2209,1.0133,3,24,1,0,0.0,0.0,0,0,0,,,train
IND-S00449,high_demand,india_national_20k,IN-C11560-FD011,feeder,Jaipur,Rajasthan,2.4747,1.3311,1.0497,1,10,1,0,0.02,0.0,0,0,0,,,train
IND-S00450,normal_operation,india_national_20k,IN-TAM-HUB-GEN,generator,Tamil Nadu Hub Generation,Tamil Nadu,1.0866,0.9376,0.9898,0,260,1,0,0.0,0.0,0,0,0,,,train
IND-S00451,transformer_overload,india_national_20k,IN-C10432-FD011,feeder,Balasore,Odisha,2.9302,1.0193,1.0614,1,7,1,0,0.0,0.0,0,0,0,,,train
IND-S00452,line_outage,india_national_20k,IN-C07863-GEN07,generator,Dewas,Madhya Pradesh,2.2596,1.0963,1.0455,2,46,1,0,0.0,0.0,0,0,0,,,train
IND-S00453,line_outage,india_national_20k,IN-C12378-FD011,feeder,Kuniyamuttūr,Tamil Nadu,1.7953,1.1243,1.0315,3,7,2,4,0.1,0.0005,113188,0,3,IN-C10503-SS|IN-C12378-SS|IN-C12378-TR01|IN-C12378-FD011,0|0|0|0,train
IND-S00454,transformer_overload,india_national_20k,IN-C07860-FD022,feeder,Gwalior,Madhya Pradesh,4.2277,1.2792,1.0029,0,10,2,3,0.14,0.00237,1054420,0,3,IN-C07860-SS|IN-C07860-TR02|IN-C07860-FD022,0|0|0,train
IND-S00455,high_demand,india_national_20k,IN-C09468-SS,substation,Kaij,Maharashtra,1.5304,1.3249,1.0295,1,8,1,0,0.0,0.0,0,0,0,,,train
IND-S00456,transformer_overload,india_national_20k,IN-C07857-FD011,feeder,Indore,Madhya Pradesh,4.1162,1.0003,1.0129,0,10,2,4,0.23,0.0044,1994397,0,4,IN-MAD-HUB|IN-C07857-SS|IN-C07857-TR01|IN-C07857-FD011,0|0|0|0,train
IND-S00457,high_demand,india_national_20k,IN-C05531-GEN02,generator,Hubballi,Karnataka,2.3226,1.3165,1.0219,0,49,2,2,0.07,0.00085,943788,0,2,IN-KAR-HUB|IN-C05531-SS,0|0,test
IND-S00458,cascade_emergency,india_national_20k,IN-C02525-FD022,feeder,Raipur,Chhattisgarh,4.6343,1.344,1.1776,3,10,2,4,8.86,0.00248,1027264,0,4,IN-CHH-HUB|IN-C02525-SS|IN-C02525-TR02|IN-C02525-FD022,0|0|0|0,train
IND-S00459,normal_operation,india_national_20k,IN-C19756-FD011,feeder,Jaigaon,West Bengal,1.0408,0.9746,0.9968,0,5,1,0,0.0,0.0,0,0,0,,,val
IND-S00460,line_outage,india_national_20k,IN-C15557-GEN12,generator,Loni,Uttar Pradesh,1.394,1.2991,1.0227,3,117,1,0,0.01,0.0,0,0,0,,,train
IND-S00461,cascade_emergency,india_national_20k,IN-C10275-SS,substation,Thoubāl,Manipur,7.522,1.3448,1.1193,1,28,2,14,8.83,0.00155,499483,0,9,IN-MAN-HUB|IN-C10273-SS|IN-C10274-SS|IN-C10275-SS|IN-C10276-SS|IN-C10278-SS|IN-C10281-SS|IN-C10289-SS|IN-C10290-SS|IN-C10293-SS|IN-C10295-SS|IN-C10302-SS,0|0|0|0|0|0|0|0|0|0|0|0,train
IND-S00462,line_outage,india_national_20k,IN-C03281-SS,substation,Surat,Gujarat,1.5174,1.2563,1.0021,2,89,1,0,0.0,0.0,0,0,0,,,train
IND-S00463,normal_operation,india_national_20k,IN-C03360-SS,substation,Vyāra,Gujarat,1.1348,0.862,1.0036,0,7,1,0,0.0,0.0,0,0,0,,,train
IND-S00464,high_demand,india_national_20k,IN-C10434-FD011,feeder,Baripāda,Odisha,2.0478,1.4592,1.0675,1,7,2,2,8.68,7e-05,116849,0,2,IN-ODI-HUB|IN-C10434-SS,0|0,train
IND-S00465,high_demand,india_national_20k,IN-C15556-FD011,feeder,Gorakhpur,Uttar Pradesh,2.5002,1.3915,1.0457,0,8,2,3,8.58,0.00239,674246,0,3,IN-C15556-SS|IN-C15556-TR01|IN-C15556-FD011,0|0|0,train
IND-S00466,normal_operation,india_national_20k,IN-C03793-GEN04,generator,Hisar,Haryana,1.0022,1.0473,0.9889,0,20,1,0,0.0,0.0,0,0,0,,,train
IND-S00467,heatwave,india_national_20k,IN-C03280-FD011,feeder,Ahmedabad,Gujarat,2.0672,1.2755,1.1254,1,10,1,0,8.4,0.0,0,0,0,,,train
IND-S00468,cascade_emergency,india_national_20k,IN-C15551-FD031,feeder,Varanasi,Uttar Pradesh,4.7679,1.533,1.0692,4,10,5,61,10.33,0.01237,23594022,0,4,IN-NER-HUB|IN-MEG-HUB|IN-C10319-SS|IN-C15551-SS|IN-C15551-TR03|IN-C15551-FD031|IN-NR-HUB|IN-WR-HUB|IN-SR-HUB|IN-C10290-SS|IN-C10346-SS|IN-C10353-SS,0|0|0|0|0|0|1|1|1|1|1|1,train
IND-S00469,normal_operation,india_national_20k,IN-HAR-HUB-GEN,generator,Haryana Hub Generation,Haryana,1.1828,1.0095,1.0188,0,60,1,0,0.0,0.0,0,0,0,,,train
IND-S00470,normal_operation,india_national_20k,IN-C10427-GEN04,generator,Brahmapur,Odisha,1.0514,0.9586,0.9928,0,26,1,0,0.0,0.0,0,0,0,,,train
IND-S00471,transformer_overload,india_national_20k,IN-C10388-GEN01,generator,Dimāpur,Nagaland,2.7333,1.1407,1.0521,0,12,2,1,0.02,0.0,0,0,1,IN-NAG-HUB,0,val
IND-S00472,transformer_overload,india_national_20k,IN-C15556-GEN11,generator,Gorakhpur,Uttar Pradesh,4.0229,1.2459,1.0523,1,116,1,0,0.01,0.0,0,0,0,,,train
IND-S00473,heatwave,india_national_20k,IN-C15551-FD022,feeder,Varanasi,Uttar Pradesh,2.7272,1.2335,1.0939,2,10,2,3,0.13,0.00194,1164404,0,3,IN-C15551-SS|IN-C15551-TR02|IN-C15551-FD022,0|0|0,train
IND-S00474,transformer_overload,india_national_20k,IN-C01121-GEN03,generator,Dibrugarh,Assam,4.1956,1.0481,1.0488,0,14,1,0,0.0,0.0,0,0,0,,,val
IND-S00475,heatwave,india_national_20k,IN-C14850-GEN07,generator,Karīmnagar,Telangana,2.1191,1.3147,1.1588,0,27,1,0,8.58,0.0,0,0,0,,,train
IND-S00476,high_demand,india_national_20k,IN-C03283-GEN04,generator,Rājkot,Gujarat,2.9689,1.2794,1.0863,0,28,2,2,0.46,0.00147,1390640,0,2,IN-GUJ-HUB|IN-C03283-SS,0|0,train
IND-S00477,high_demand,india_national_20k,IN-C03793-GEN04,generator,Hisar,Haryana,2.6185,1.2753,1.082,1,20,1,0,0.01,0.0,0,0,0,,,train
IND-S00478,normal_operation,india_national_20k,IN-C01380-FD011,feeder,Purnia,Bihar,1.1502,0.9086,1.0156,0,8,1,0,0.0,0.0,0,0,0,,,val
IND-S00479,heatwave,india_national_20k,IN-C12712-SS,substation,Palappallam,Tamil Nadu,2.0572,1.3627,1.2127,1,8,1,0,8.88,0.0,0,0,0,,,train
IND-S00480,transformer_overload,india_national_20k,IN-C03794-FD011,feeder,Karnāl,Haryana,3.573,1.2227,1.0379,0,8,2,3,0.11,0.00145,302140,0,3,IN-C03794-SS|IN-C03794-TR01|IN-C03794-FD011,0|0|0,train
IND-S00481,high_demand,india_national_20k,IN-C05533-FD021,feeder,Kalaburagi,Karnataka,1.7119,1.3301,1.0888,0,8,2,3,8.54,0.00142,543147,0,3,IN-C05533-SS|IN-C05533-TR02|IN-C05533-FD021,0|0|0,test
IND-S00482,line_outage,india_national_20k,IN-C14844-SS,substation,Hyderabad,Telangana,1.2838,1.0762,1.0138,3,100,2,1,0.02,0.0,500,0,1,IN-C15176-SS,0,train
IND-S00483,normal_operation,india_national_20k,IN-C03282-FD031,feeder,Vadodara,Gujarat,1.1271,0.9259,1.017,0,10,1,0,0.0,0.0,0,0,0,,,train
IND-S00484,heatwave,india_national_20k,IN-C09292-SS,substation,Aurangabad,Maharashtra,2.999,1.4426,1.1445,1,155,5,114,11.26,0.00932,14263847,0,10,IN-WR-HUB|IN-SR-HUB|IN-C09569-SS|IN-ER-HUB|IN-NER-HUB|IN-CHH-HUB|IN-C02530-SS|IN-C02531-SS|IN-C02533-SS|IN-KAR-HUB|IN-C05537-SS|IN-C05539-SS,0|0|0|1|1|1|1|1|1|1|1|1,train
IND-S00485,cascade_emergency,india_national_20k,IN-HAR-HUB-GEN,generator,Haryana Hub Generation,Haryana,8.4328,1.3293,1.1343,4,60,1,0,8.53,0.0,0,0,0,,,train
IND-S00486,transformer_overload,india_national_20k,IN-C03286-GEN07,generator,Bilimora,Gujarat,3.0796,1.1793,1.0354,1,24,1,0,0.0,0.0,0,0,0,,,train
IND-S00487,transformer_overload,india_national_20k,IN-C15557-FD011,feeder,Loni,Uttar Pradesh,3.4957,1.1338,1.0328,1,8,1,0,0.01,0.0,0,0,0,,,train
IND-S00488,heatwave,india_national_20k,IN-C09296-SS,substation,Amravati,Maharashtra,1.5325,1.4392,1.1942,0,150,2,1,9.07,0.00059,647057,0,1,IN-C09296-SS,0,train
IND-S00489,heatwave,india_national_20k,IN-C15548-FD031,feeder,Agra,Uttar Pradesh,3.3136,1.2512,1.1655,0,10,2,3,8.61,0.00271,1430055,0,3,IN-C15548-SS|IN-C15548-TR03|IN-C15548-FD031,0|0|0,train
IND-S00490,transformer_overload,india_national_20k,IN-GUJ-HUB-GEN,generator,Gujarat Hub Generation,Gujarat,2.4556,1.1978,1.0625,1,80,1,0,0.0,0.0,0,0,0,,,train
IND-S00491,heatwave,india_national_20k,IN-C05536-FD011,feeder,Davangere,Karnataka,1.9105,1.2861,1.1566,2,8,2,4,8.63,0.00124,435628,0,3,IN-C05536-SS|IN-C05536-TR01|IN-C05536-FD011|IN-C08387-SS,0|0|0|0,test
IND-S00492,cascade_emergency,india_national_20k,IN-C16480-SS,substation,Aghara,Uttar Pradesh,8.8229,1.4396,1.0562,2,3,1,0,8.57,0.0,0,0,0,,,train
IND-S00493,transformer_overload,india_national_20k,IN-C03280-FD012,feeder,Ahmedabad,Gujarat,5.8128,1.0586,1.0768,0,10,2,4,0.5,0.0119,6357693,0,4,IN-GUJ-HUB|IN-C03280-SS|IN-C03280-TR01|IN-C03280-FD012,0|0|0|0,train
IND-S00494,heatwave,india_national_20k,IN-C11830-SS,substation,Indargarh,Rajasthan,2.852,1.2494,1.1705,1,3,1,0,8.46,0.0,0,0,0,,,train
IND-S00495,cascade_emergency,india_national_20k,IN-C06550-SS,substation,Anehoshalli,Karnataka,5.2759,1.5133,1.1353,1,6,1,0,9.02,0.0,0,0,0,,,test
IND-S00496,high_demand,india_national_20k,IN-C03333-SS,substation,Okha,Gujarat,2.51,1.3312,1.0418,1,5,1,0,0.0,0.0,0,0,0,,,train
IND-S00497,transformer_overload,india_national_20k,IN-C05533-GEN04,generator,Kalaburagi,Karnataka,3.8167,1.0571,1.0154,0,47,1,0,0.0,0.0,0,0,0,,,test
IND-S00498,transformer_overload,india_national_20k,IN-C12454-SS,substation,Milavittan,Tamil Nadu,5.7758,1.128,1.0721,1,8,1,0,0.0,0.0,0,0,0,,,train
IND-S00499,normal_operation,india_national_20k,IN-C12341-FD022,feeder,Coimbatore,Tamil Nadu,1.1522,1.0186,0.9823,0,10,1,0,0.0,0.0,0,0,0,,,train
IND-S00500,heatwave,india_national_20k,IN-C07050-GEN06,generator,Thrissur,Kerala,2.1067,1.2019,1.2194,0,29,1,0,8.47,0.0,0,0,0,,,train
IND-S00501,normal_operation,india_national_20k,IN-TEL-HUB-GEN,generator,Telangana Hub Generation,Telangana,1.1279,0.997,1.0085,0,92,1,0,0.0,0.0,0,0,0,,,train
IND-S00502,cascade_emergency,india_national_20k,IN-C03282-FD022,feeder,Vadodara,Gujarat,4.0041,1.4796,1.096,5,10,2,3,8.99,0.00394,1822221,0,3,IN-C03282-SS|IN-C03282-TR02|IN-C03282-FD022,0|0|0,train
IND-S00503,cascade_emergency,india_national_20k,IN-C05532-FD011,feeder,Mysuru,Karnataka,8.9112,1.5893,1.0685,1,8,5,125,11.68,0.01418,22946028,0,0,IN-WR-HUB|IN-ER-HUB|IN-NER-HUB|IN-CHH-HUB|IN-C02530-SS|IN-C02531-SS|IN-C02533-SS|IN-C07892-SS|IN-C07908-SS|IN-C08007-SS|IN-C08104-SS|IN-MAH-HUB,0|1|1|1|1|1|1|1|1|1|1|1,test
IND-S00504,high_demand,india_national_20k,IN-C12487-SS,substation,Kollancode,Tamil Nadu,1.6443,1.3066,1.0261,1,6,1,0,0.0,0.0,0,0,0,,,train
IND-S00505,cascade_emergency,india_national_20k,IN-C11567-GEN08,generator,Alwar,Rajasthan,7.5538,1.5954,1.1381,4,30,5,867,30.86,0.18717,86661566,0,7,IN-WR-HUB|IN-ER-HUB|IN-NER-HUB|IN-C10362-SS|IN-C19963-SS|IN-C10346-SS|IN-WES-HUB|IN-C19729-SS|IN-C19730-SS|IN-C10360-SS|IN-C15523-SS|IN-C10353-SS,0|0|0|1|1|1|1|1|1|1|1|1,train
IND-S00506,line_outage,india_national_20k,IN-C19432-SS,substation,Dehradun,Uttarakhand,1.5345,1.1475,1.0104,1,260,1,0,0.0,0.0,0,0,0,,,train
IND-S00507,normal_operation,india_national_20k,IN-C12343-FD022,feeder,Madurai,Tamil Nadu,1.1728,0.8787,0.9915,0,10,1,0,0.0,0.0,0,0,0,,,train
IND-S00508,transformer_overload,india_national_20k,IN-C00030-FD011,feeder,Eluru,Andhra Pradesh,4.2137,1.21,1.0518,0,6,2,4,0.17,0.00229,218020,0,4,IN-AND-HUB|IN-C00030-SS|IN-C00030-TR01|IN-C00030-FD011,0|0|0|0,test
IND-S00509,line_outage,india_national_20k,IN-C09291-GEN10,generator,Virār,Maharashtra,1.3223,1.0463,1.0559,3,40,1,0,0.0,0.0,0,0,0,,,train
IND-S00510,high_demand,india_national_20k,IN-C15555-GEN10,generator,Morādābād,Uttar Pradesh,2.1251,1.2511,1.025,0,117,1,0,0.01,0.0,0,0,0,,,train
IND-S00511,normal_operation,india_national_20k,IN-C07184-SS,substation,Vilavoorkkal,Kerala,1.1403,1.0081,1.0036,0,7,1,0,0.0,0.0,0,0,0,,,train
IND-S00512,transformer_overload,india_national_20k,IN-C12379-FD011,feeder,Paramagudi,Tamil Nadu,3.4192,1.0039,1.0224,0,6,2,4,0.11,0.00083,95579,0,4,IN-TAM-HUB|IN-C12379-SS|IN-C12379-TR01|IN-C12379-FD011,0|0|0|0,train
IND-S00513,transformer_overload,india_national_20k,IN-C04824-FD021,feeder,Ranchi,Jharkhand,5.2475,1.228,1.0556,0,10,2,4,0.18,0.00297,1120374,0,4,IN-JHA-HUB|IN-C04824-SS|IN-C04824-TR02|IN-C04824-FD021,0|0|0|0,train
IND-S00514,heatwave,india_national_20k,IN-C11571-GEN12,generator,Pāli,Rajasthan,1.8897,1.3444,1.1477,0,30,1,0,8.63,0.0,0,0,0,,,train
IND-S00515,line_outage,india_national_20k,IN-C02530-FD011,feeder,Rāj-Nāndgaon,Chhattisgarh,1.8738,1.03,1.0099,1,7,1,0,0.0,0.0,0,0,0,,,train
IND-S00516,cascade_emergency,india_national_20k,IN-C04830-GEN09,generator,Hazāribāgh,Jharkhand,5.776,1.3966,1.1668,1,26,2,1,8.83,0.0,0,0,1,IN-JHA-HUB,0,train
IND-S00517,high_demand,india_national_20k,IN-C15552-GEN07,generator,Prayagraj,Uttar Pradesh,1.9499,1.2845,1.0645,0,119,1,0,0.03,0.0,0,0,0,,,train
IND-S00518,heatwave,india_national_20k,IN-C15554-FD011,feeder,Bareilly,Uttar Pradesh,2.4451,1.4414,1.1574,1,8,6,66,10.63,0.01521,40171416,0,2,IN-C15554-SS|IN-UTT-HUB|IN-WR-HUB|IN-C01444-SS|IN-C02780-SS|IN-DEL-HUB|IN-C03058-SS|IN-C07908-SS|IN-C08104-SS|IN-MAH-HUB|IN-C09282-SS|IN-C09283-SS,0|0|1|1|1|1|1|1|1|1|1|1,train
IND-S00519,transformer_overload,india_national_20k,IN-C09287-FD012,feeder,Nashik,Maharashtra,2.1492,1.2412,1.0081,1,10,1,0,0.0,0.0,0,0,0,,,train
IND-S00520,high_demand,india_national_20k,IN-C00023-GEN07,generator,Kākināda,Andhra Pradesh,1.619,1.4588,1.0257,0,40,1,0,8.53,0.0,0,0,0,,,test
IND-S00521,line_outage,india_national_20k,IN-C05539-GEN10,generator,Shivamogga,Karnataka,1.4965,1.0566,1.0458,2,48,1,0,0.0,0.0,0,0,0,,,test
IND-S00522,cascade_emergency,india_national_20k,IN-C10431-GEN08,generator,Sambalpur,Odisha,7.2083,1.513,1.1415,3,25,2,5,9.13,0.00051,242280,0,2,IN-C09461-SS|IN-C09635-SS|IN-C09693-SS|IN-ODI-HUB|IN-C10431-SS,0|0|0|0|0,train
IND-S00523,transformer_overload,india_national_20k,IN-C02612-SS,substation,Bilha,Chhattisgarh,4.6586,1.0101,1.0221,0,7,1,0,0.0,0.0,0,0,0,,,train
IND-S00524,transformer_overload,india_national_20k,IN-C11713-SS,substation,Pushkar,Rajasthan,4.5139,1.1263,1.0072,0,9,2,3,0.07,0.00028,30906,0,3,IN-C11713-SS|IN-C11818-SS|IN-C11976-SS,0|0|0,train
IND-S00525,line_outage,india_national_20k,IN-C07211-SS,substation,Kuttuparamba,Kerala,2.1366,1.1737,1.0295,1,3,1,0,0.0,0.0,0,0,0,,,train
IND-S00526,cascade_emergency,india_national_20k,IN-C12340-GEN01,generator,Chennai,Tamil Nadu,6.4849,1.4438,1.0534,1,78,5,39,9.63,0.00934,6117199,0,7,IN-SR-HUB|IN-TAM-HUB|IN-C12340-SS|IN-C12350-SS|IN-C12392-SS|IN-C12427-SS|IN-C12651-SS|IN-C12699-SS|IN-C14244-SS|IN-NER-HUB|IN-C11034-SS|IN-C11047-SS,0|0|0|0|0|0|0|0|0|1|1|1,train
IND-S00527,transformer_overload,india_national_20k,IN-C04484-FD022,feeder,Srinagar,Jammu and Kashmir,5.9976,1.2156,1.0038,1,10,1,0,0.0,0.0,0,0,0,,,train
IND-S00528,normal_operation,india_national_20k,IN-C00027-FD011,feeder,Anantapur,Andhra Pradesh,1.1199,0.8643,1.0173,0,8,1,0,0.0,0.0,0,0,0,,,test
IND-S00529,cascade_emergency,india_national_20k,IN-C09288-GEN07,generator,Pimpri,Maharashtra,7.0832,1.3876,1.0583,1,44,5,37,9.38,0.00693,14643515,0,5,IN-WR-HUB|IN-SR-HUB|IN-MAH-HUB|IN-C09286-SS|IN-C09288-SS|IN-C09950-SS|IN-NER-HUB|IN-C11034-SS|IN-C11047-SS|IN-C01444-SS|IN-C10290-SS|IN-C10346-SS,0|0|0|0|0|0|1|1|1|2|2|2,train
IND-S00530,normal_operation,india_national_20k,IN-C01401-FD011,feeder,Luckeesarai,Bihar,1.0622,0.8525,0.9974,0,6,1,0,0.0,0.0,0,0,0,,,val
IND-S00531,heatwave,india_national_20k,IN-C14844-FD022,feeder,Hyderabad,Telangana,2.7086,1.4041,1.1369,2,10,5,59,10.22,0.01238,15789417,0,4,IN-SR-HUB|IN-TEL-HUB|IN-C14844-SS|IN-C14844-TR02|IN-C14844-FD022|IN-ER-HUB|IN-NER-HUB|IN-KAR-HUB|IN-C05537-SS|IN-C05540-SS|IN-C11034-SS|IN-C11047-SS,0|0|0|0|0|1|1|1|1|1|1|1,train
IND-S00532,transformer_overload,india_national_20k,IN-C19729-SS,substation,Kolkata,West Bengal,3.0999,1.0079,1.0194,1,61,1,0,0.0,0.0,0,0,0,,,val
IND-S00533,line_outage,india_national_20k,IN-C09341-FD011,feeder,Manmād,Maharashtra,2.3481,1.0877,1.0312,2,5,2,7,0.15,0.0005,82058,0,5,IN-C09341-SS|IN-C09848-SS|IN-C10017-SS|IN-C10071-SS|IN-C10129-SS|IN-C09341-TR01|IN-C09341-FD011,0|0|0|0|0|0|0,train
IND-S00534,transformer_overload,india_national_20k,IN-C02545-SS,substation,Tilda Newra,Chhattisgarh,4.012,1.2016,1.0636,1,9,2,17,0.36,0.00061,120587,0,7,IN-C02545-SS|IN-C02588-SS|IN-C02605-SS|IN-C02606-SS|IN-C02614-SS|IN-C02633-SS|IN-C02636-SS|IN-C02694-SS|IN-C02695-SS|IN-C02783-SS|IN-C02795-SS|IN-C02880-SS,0|0|0|0|0|0|0|0|0|0|0|0,train
IND-S00535,heatwave,india_national_20k,IN-C07992-SS,substation,Sohāgpur,Madhya Pradesh,1.5657,1.1848,1.0854,1,7,1,0,0.0,0.0,0,0,0,,,train
IND-S00536,line_outage,india_national_20k,IN-C07317-SS,substation,Munderi,Kerala,1.9288,1.1442,1.0407,2,8,1,0,0.0,0.0,0,0,0,,,train
IND-S00537,transformer_overload,india_national_20k,IN-C07078-SS,substation,Kottayam,Kerala,4.3406,1.1789,1.0252,1,3,1,0,0.0,0.0,0,0,0,,,train
IND-S00538,high_demand,india_national_20k,IN-C11560-FD032,feeder,Jaipur,Rajasthan,1.7026,1.3823,1.0914,1,10,1,0,8.56,0.0,0,0,0,,,train
IND-S00539,cascade_emergency,india_national_20k,IN-C03413-SS,substation,Chhota Udepur,Gujarat,6.5362,1.4273,1.0513,1,3,1,0,8.54,0.0,0,0,0,,,train
IND-S00540,line_outage,india_national_20k,IN-C19729-FD012,feeder,Kolkata,West Bengal,1.5728,1.2599,1.0553,4,10,4,7,0.26,0.00269,148025,0,3,IN-C19729-TR01|IN-C19729-FD012|IN-ER-HUB|IN-WES-HUB|IN-C19766-SS|IN-C19864-SS|IN-C19963-SS,0|0|1|1|2|2|2,val
IND-S00541,cascade_emergency,india_national_20k,IN-MAD-HUB-GEN,generator,Madhya Pradesh Hub Generation,Madhya Pradesh,5.3426,1.3415,1.1408,3,175,1,0,8.61,0.0,0,0,0,,,train
IND-S00542,cascade_emergency,india_national_20k,IN-C01374-FD021,feeder,Patna,Bihar,4.5509,1.5076,1.1342,4,10,3,22,9.57,0.00498,2365369,0,4,IN-BIH-HUB|IN-C01374-SS|IN-C01374-TR02|IN-C01374-FD021|IN-C10501-SS|IN-C10522-SS|IN-C10564-SS|IN-C10580-SS|IN-C10613-SS|IN-C01377-SS|IN-C01444-SS|IN-C01445-SS,0|0|0|0|0|0|0|0|0|1|1|1,val
IND-S00543,cascade_emergency,india_national_20k,IN-C14863-FD011,feeder,Miryalaguda,Telangana,6.5795,1.3755,1.1158,5,5,1,0,8.59,0.0,0,0,0,,,train
IND-S00544,transformer_overload,india_national_20k,IN-C03791-FD011,feeder,Gurugram,Haryana,4.4801,1.236,1.0046,0,8,2,4,0.26,0.00519,886519,0,4,IN-HAR-HUB|IN-C03791-SS|IN-C03791-TR01|IN-C03791-FD011,0|0|0|0,train
IND-S00545,cascade_emergency,india_national_20k,IN-C15546-FD022,feeder,Kanpur,Uttar Pradesh,5.7113,1.4977,1.1023,2,10,6,66,10.69,0.01783,26035517,0,6,IN-NR-HUB|IN-WR-HUB|IN-ER-HUB|IN-NER-HUB|IN-C15546-SS|IN-C15583-SS|IN-C15601-SS|IN-C19257-SS|IN-C15546-TR02|IN-C15546-FD022|IN-UTT-HUB|IN-C01444-SS,0|0|0|0|0|0|0|0|0|0|0|1,train
IND-S00546,normal_operation,india_national_20k,IN-C15553-FD021,feeder,Alīgarh,Uttar Pradesh,1.1849,1.0143,1.0025,0,8,1,0,0.0,0.0,0,0,0,,,train
IND-S00547,high_demand,india_national_20k,IN-C19729-GEN01,generator,Kolkata,West Bengal,1.8719,1.2728,1.065,1,26,3,6,0.28,0.00404,5807089,0,3,IN-WES-HUB|IN-C19729-SS|IN-C19730-SS|IN-C19766-SS|IN-C19864-SS|IN-C19963-SS,0|0|0|1|1|1,val
IND-S00548,transformer_overload,india_national_20k,IN-C00109-SS,substation,Kanuru,Andhra Pradesh,4.385,1.0792,1.015,0,36,2,4,0.11,0.00089,267244,0,4,IN-AND-HUB|IN-C00033-SS|IN-C00109-SS|IN-C00139-SS,0|0|0|0,test
IND-S00549,normal_operation,india_national_20k,IN-C07047-FD011,feeder,Kochi,Kerala,1.1758,0.9173,1.0072,0,7,1,0,0.0,0.0,0,0,0,,,train
IND-S00550,heatwave,india_national_20k,IN-C05531-GEN02,generator,Hubballi,Karnataka,3.1433,1.3576,1.1583,1,49,5,40,9.58,0.00497,7169959,0,3,IN-SR-HUB|IN-KAR-HUB|IN-C05531-SS|IN-NER-HUB|IN-C11034-SS|IN-C11047-SS|IN-C01444-SS|IN-C10290-SS|IN-C10346-SS|IN-C10353-SS|IN-C10360-SS|IN-C10362-SS,0|0|0|1|1|1|2|2|2|2|2|2,test
IND-S00551,normal_operation,india_national_20k,IN-C19731-GEN03,generator,Durgapur,West Bengal,1.1565,1.0375,1.0161,0,20,3,4,0.09,0.00021,308267,0,3,IN-C19755-SS|IN-C19864-SS|IN-C19766-SS|IN-C19963-SS,0|0|1|1,val
IND-S00552,normal_operation,india_national_20k,IN-C14863-SS,substation,Miryalaguda,Telangana,1.0902,1.0079,0.9803,0,5,1,0,0.0,0.0,0,0,0,,,train
IND-S00553,transformer_overload,india_national_20k,IN-C12401-FD011,feeder,Kāsipālaiyam,Tamil Nadu,5.1721,1.1859,1.0241,0,5,3,6,0.17,0.00109,199660,0,5,IN-C12401-SS|IN-C12469-SS|IN-C12401-TR01|IN-C12401-FD011|IN-TAM-HUB|IN-C12393-SS,0|0|0|0|1|1,train
IND-S00554,transformer_overload,india_national_20k,IN-C19737-FD021,feeder,Rajpur Sonarpur,West Bengal,3.7568,1.1341,1.0442,0,6,1,0,0.0,0.0,0,0,0,,,val
IND-S00555,high_demand,india_national_20k,IN-C07863-GEN07,generator,Dewas,Madhya Pradesh,2.7401,1.5227,1.0946,0,46,5,51,9.99,0.00471,13710951,0,0,IN-SR-HUB|IN-ER-HUB|IN-NER-HUB|IN-KAR-HUB|IN-C05537-SS|IN-C05539-SS|IN-C05540-SS|IN-C07848-SS|IN-C10346-SS|IN-C10353-SS|IN-C10362-SS|IN-C10384-SS,0|1|1|1|1|1|1|1|1|1|1|1,train
IND-S00556,high_demand,india_national_20k,IN-C09282-SS,substation,Mumbai,Maharashtra,2.5579,1.5015,1.065,1,152,2,2,9.01,0.00627,12691836,0,2,IN-MAH-HUB|IN-C09282-SS,0|0,train
IND-S00557,heatwave,india_national_20k,IN-C11571-GEN12,generator,Pāli,Rajasthan,2.9923,1.2126,1.1498,0,30,1,0,0.17,0.0,0,0,0,,,train
IND-S00558,normal_operation,india_national_20k,IN-C18636-SS,substation,Arkhāpur,Uttar Pradesh,1.122,0.8758,1.0127,0,3,1,0,0.0,0.0,0,0,0,,,train
IND-S00559,heatwave,india_national_20k,IN-C12341-GEN02,generator,Coimbatore,Tamil Nadu,2.2841,1.4063,1.138,1,78,5,51,9.93,0.00726,10898226,0,5,IN-SR-HUB|IN-TAM-HUB|IN-C12341-SS|IN-C12372-SS|IN-C12378-SS|IN-ER-HUB|IN-NER-HUB|IN-KAR-HUB|IN-C05537-SS|IN-C05540-SS|IN-C11034-SS|IN-C11047-SS,0|0|0|0|0|1|1|1|1|1|1|1,train
IND-S00560,high_demand,india_national_20k,IN-C00001-GEN01,generator,Port Blair,Andaman and Nicobar,2.4673,1.4655,1.0654,1,39,1,0,8.65,0.0,0,0,0,,,train
IND-S00561,heatwave,india_national_20k,IN-C12342-SS,substation,Kallakurichi,Tamil Nadu,2.0561,1.4377,1.179,1,260,2,1,8.99,0.0,500,0,1,IN-C14572-SS,0,train
IND-S00562,cascade_emergency,india_national_20k,IN-C15551-GEN06,generator,Varanasi,Uttar Pradesh,7.7769,1.4828,1.0724,5,120,6,65,10.25,0.01123,22176480,0,9,IN-NR-HUB|IN-WR-HUB|IN-NER-HUB|IN-C15551-SS|IN-C15600-SS|IN-C15672-SS|IN-C16266-SS|IN-C16924-SS|IN-C17022-SS|IN-C17187-SS|IN-C17213-SS|IN-C17279-SS,0|0|0|0|0|0|0|0|0|0|0|0,train
IND-S00563,line_outage,india_national_20k,IN-C09295-FD021,feeder,Bhayandar,Maharashtra,1.762,1.0326,1.0092,1,7,1,0,0.0,0.0,0,0,0,,,train
IND-S00564,cascade_emergency,india_national_20k,IN-C09285-FD031,feeder,Thāne,Maharashtra,4.2436,1.3049,1.1116,1,10,1,0,8.44,0.0,0,0,0,,,train
IND-S00565,heatwave,india_national_20k,IN-C14961-SS,substation,Gorrakunta,Telangana,1.9566,1.3277,1.1016,0,10,2,1,8.49,4e-05,13183,0,1,IN-C14960-SS,0,train
IND-S00566,transformer_overload,india_national_20k,IN-C15566-FD011,feeder,Greater Noida,Uttar Pradesh,4.1764,1.2658,1.018,0,7,3,7,0.23,0.0017,378554,0,4,IN-C15566-SS|IN-C15566-TR01|IN-C15566-FD011|IN-UTT-HUB|IN-C19438-SS|IN-C19462-SS|IN-C19475-SS,0|0|0|0|1|1|1,train
IND-S00567,line_outage,india_national_20k,IN-C09284-FD022,feeder,Nagpur,Maharashtra,2.4969,1.0343,1.0511,2,10,2,3,0.19,0.00378,2405665,0,3,IN-C09284-SS|IN-C09284-TR02|IN-C09284-FD022,0|0|0,train
IND-S00568,line_outage,india_national_20k,IN-C09313-FD011,feeder,Panvel,Maharashtra,1.5802,1.2397,1.0299,3,5,1,0,0.0,0.0,0,0,0,,,train
IND-S00569,heatwave,india_national_20k,IN-C09294-FD021,feeder,Bhiwandi,Maharashtra,3.309,1.2053,1.2163,1,7,1,0,8.46,0.0,0,0,0,,,train
IND-S00570,heatwave,india_national_20k,IN-C15546-FD022,feeder,Kanpur,Uttar Pradesh,2.4658,1.4012,1.1229,0,10,6,41,9.79,0.01086,20363289,0,6,IN-C15546-SS|IN-C15583-SS|IN-C15601-SS|IN-C19257-SS|IN-C15546-TR02|IN-C15546-FD022|IN-UTT-HUB|IN-WR-HUB|IN-C01444-SS|IN-MAH-HUB|IN-C10278-SS|IN-TAM-HUB,0|0|0|0|0|0|0|1|1|1|1|1,train
IND-S00571,transformer_overload,india_national_20k,IN-C05530-FD022,feeder,Bengaluru,Karnataka,3.7829,1.0967,1.031,1,10,1,0,0.0,0.0,0,0,0,,,test
IND-S00572,cascade_emergency,india_national_20k,IN-C04484-FD032,feeder,Srinagar,Jammu and Kashmir,7.7264,1.3221,1.1495,4,10,2,4,8.77,0.00437,1206419,0,4,IN-JAM-HUB|IN-C04484-SS|IN-C04484-TR03|IN-C04484-FD032,0|0|0|0,train
IND-S00573,heatwave,india_national_20k,IN-C07935-SS,substation,Porsa,Madhya Pradesh,2.4684,1.3838,1.121,1,3,1,0,8.64,0.0,0,0,0,,,train
IND-S00574,transformer_overload,india_national_20k,IN-C14846-FD011,feeder,Rāmgundam,Telangana,2.3472,1.0133,1.0798,1,8,1,0,0.0,0.0,0,0,0,,,train
IND-S00575,cascade_emergency,india_national_20k,IN-C19857-SS,substation,Jhalidā,West Bengal,6.1916,1.3861,1.0669,5,5,2,2,8.54,0.0,1000,0,0,IN-C10163-SS|IN-C10167-SS,0|0,val
IND-S00576,transformer_overload,india_national_20k,IN-C03317-FD011,feeder,Anjār,Gujarat,2.9031,1.1968,1.0262,0,5,2,6,0.15,0.00071,112094,0,5,IN-C03317-SS|IN-C03518-SS|IN-C03551-SS|IN-C03678-SS|IN-C03317-TR01|IN-C03317-FD011,0|0|0|0|0|0,train
IND-S00577,high_demand,india_national_20k,IN-C15569-FD011,feeder,Etāwah,Uttar Pradesh,2.4038,1.4584,1.0492,0,7,2,3,8.67,0.00088,257448,0,3,IN-C15569-SS|IN-C15569-TR01|IN-C15569-FD011,0|0|0,train
IND-S00578,transformer_overload,india_national_20k,IN-C19734-FD021,feeder,Bhātpāra,West Bengal,4.4872,1.0833,1.0361,0,7,4,8,0.27,0.00296,631154,0,4,IN-C19734-SS|IN-C19734-TR02|IN-C19734-FD021|IN-ER-HUB|IN-WES-HUB|IN-C19766-SS|IN-C19864-SS|IN-C19963-SS,0|0|0|1|1|2|2|2,val
IND-S00579,cascade_emergency,india_national_20k,IN-C11564-GEN05,generator,Ajmer,Rajasthan,6.8033,1.5655,1.1374,5,31,5,880,30.29,0.16449,88818702,0,4,IN-WR-HUB|IN-ER-HUB|IN-NER-HUB|IN-RAJ-HUB|IN-C11564-SS|IN-C10362-SS|IN-C19963-SS|IN-C10346-SS|IN-WES-HUB|IN-C19729-SS|IN-C19730-SS|IN-C10360-SS,0|0|0|0|0|1|1|1|1|1|1|1,train
IND-S00580,line_outage,india_national_20k,IN-C10439-FD011,feeder,Jeypore,Odisha,1.2804,1.2466,1.013,2,5,1,0,0.02,0.0,0,0,0,,,train
IND-S00581,transformer_overload,india_national_20k,IN-C00041-FD011,feeder,Srikakulam,Andhra Pradesh,5.2633,1.0529,1.0041,1,6,1,0,0.0,0.0,0,0,0,,,test
IND-S00582,line_outage,india_national_20k,IN-C07916-SS,substation,Ashta,Madhya Pradesh,1.5212,1.2578,1.0178,4,5,2,4,0.09,0.0,2000,0,0,IN-C16329-SS|IN-C17545-SS|IN-C17919-SS|IN-C18655-SS,0|0|0|0,train
IND-S00583,normal_operation,india_national_20k,IN-C03302-SS,substation,Pālanpur,Gujarat,1.0834,1.0259,0.9823,0,6,1,0,0.0,0.0,0,0,0,,,train
IND-S00584,transformer_overload,india_national_20k,IN-C15547-GEN02,generator,Lucknow,Uttar Pradesh,5.5601,1.2038,1.0192,0,120,3,5,0.27,0.00419,2556657,0,3,IN-C15547-SS|IN-UTT-HUB|IN-C19438-SS|IN-C19462-SS|IN-C19475-SS,0|0|1|1|1,train
IND-S00585,line_outage,india_national_20k,IN-C03284-GEN05,generator,Bhavnagar,Gujarat,1.3672,1.114,1.0345,4,24,1,0,0.0,0.0,0,0,0,,,train
IND-S00586,heatwave,india_national_20k,IN-C15553-FD011,feeder,Alīgarh,Uttar Pradesh,2.1441,1.3215,1.1189,2,8,2,3,8.6,0.00235,753207,0,3,IN-C15553-SS|IN-C15553-TR01|IN-C15553-FD011,0|0|0,train
IND-S00587,transformer_overload,india_national_20k,IN-C07858-GEN02,generator,Bhopal,Madhya Pradesh,3.9482,1.0553,1.0076,1,52,2,10,0.29,0.00276,2219224,0,7,IN-MAD-HUB|IN-C07858-SS|IN-C07882-SS|IN-C07888-SS|IN-C07892-SS|IN-C07908-SS|IN-C08007-SS|IN-C08067-SS|IN-C08104-SS|IN-C08742-SS,0|0|0|0|0|0|0|0|0|0,train
IND-S00588,cascade_emergency,india_national_20k,IN-C11054-FD011,feeder,Bathinda,Punjab,5.9071,1.3117,1.128,2,8,2,6,8.69,0.0022,302371,0,4,IN-PUN-HUB|IN-C11054-SS|IN-C11054-TR01|IN-C11054-FD011|IN-C12326-SS|IN-C12328-SS,0|0|0|0|0|0,train
IND-S00589,heatwave,india_national_20k,IN-C07857-GEN01,generator,Indore,Madhya Pradesh,2.0988,1.1642,1.0835,1,55,2,2,0.11,0.00169,1994397,0,2,IN-MAD-HUB|IN-C07857-SS,0|0,train
IND-S00590,line_outage,india_national_20k,IN-C15557-FD021,feeder,Loni,Uttar Pradesh,1.5173,1.1722,1.0411,3,8,2,2,0.08,0.00092,0,0,2,IN-C15557-TR02|IN-C15557-FD021,0|0,train
IND-S00591,high_demand,india_national_20k,IN-C07868-GEN12,generator,Murwāra,Madhya Pradesh,2.6013,1.5103,1.0807,1,43,5,42,9.67,0.00204,2588462,0,0,IN-SR-HUB|IN-ER-HUB|IN-NER-HUB|IN-KAR-HUB|IN-C05537-SS|IN-C05539-SS|IN-C05540-SS|IN-C10346-SS|IN-C10362-SS|IN-C11034-SS|IN-C11047-SS|IN-C15600-SS,0|1|1|1|1|1|1|1|1|1|1|1,train
IND-S00592,heatwave,india_national_20k,IN-C17205-SS,substation,Akhār,Uttar Pradesh,3.1647,1.3691,1.1923,2,5,1,0,8.82,0.0,0,0,0,,,train
IND-S00593,line_outage,india_national_20k,IN-C11698-SS,substation,Mandāwa,Rajasthan,1.8694,1.2553,1.0259,3,9,3,17,0.35,0.00055,231171,0,0,IN-C15519-SS|IN-C15527-SS|IN-TRI-HUB|IN-C15502-SS|IN-C15503-SS|IN-C15504-SS|IN-C15506-SS|IN-C15516-SS|IN-C15523-SS|IN-C15525-SS|IN-C15529-SS|IN-C15530-SS,0|0|1|1|1|1|1|1|1|1|1|1,train
IND-S00594,transformer_overload,india_national_20k,IN-C13985-SS,substation,Ammankovilpudūr,Tamil Nadu,5.0277,1.2809,1.0726,0,4,1,0,0.0,0.0,0,0,0,,,train
IND-S00595,high_demand,india_national_20k,IN-C03641-SS,substation,Baliyasan,Gujarat,2.9624,1.3265,1.078,1,5,1,0,8.4,0.0,0,0,0,,,train
IND-S00596,line_outage,india_national_20k,IN-C03284-GEN05,generator,Bhavnagar,Gujarat,1.4456,1.2569,1.0306,4,24,1,0,0.0,0.0,0,0,0,,,train
IND-S00597,transformer_overload,india_national_20k,IN-C03327-FD011,feeder,Dhrāngadhra,Gujarat,2.3394,1.1535,1.0361,1,5,1,0,0.0,0.0,0,0,0,,,train
IND-S00598,heatwave,india_national_20k,IN-C09970-SS,substation,Allītola,Maharashtra,2.1876,1.2285,1.1189,0,6,1,0,0.0,0.0,0,0,0,,,train
IND-S00599,transformer_overload,india_national_20k,IN-C19730-GEN02,generator,Howrah,West Bengal,3.3077,1.0265,1.0199,1,27,3,6,0.25,0.00374,5807089,0,3,IN-WES-HUB|IN-C19729-SS|IN-C19730-SS|IN-C19766-SS|IN-C19864-SS|IN-C19963-SS,0|0|0|1|1|1,val
IND-S00600,normal_operation,india_national_20k,IN-C14844-SS,substation,Hyderabad,Telangana,1.1025,0.9174,1.0065,0,100,1,0,0.0,0.0,0,0,0,,,train
IND-S00601,high_demand,india_national_20k,IN-C19432-FD021,feeder,Dehradun,Uttarakhand,2.9419,1.4542,1.0854,0,8,6,38,9.66,0.00842,17791416,0,4,IN-UTT-HUB|IN-C19432-SS|IN-C19432-TR02|IN-C19432-FD021|IN-WR-HUB|IN-C01444-SS|IN-MAH-HUB|IN-C10278-SS|IN-TAM-HUB|IN-C12372-SS|IN-C12378-SS|IN-C12392-SS,0|0|0|0|1|1|1|1|1|1|1|1,train
IND-S00602,line_outage,india_national_20k,IN-C13042-SS,substation,Sankaramanallur,Tamil Nadu,1.3017,1.2274,1.0577,4,4,1,0,0.0,0.0,0,0,0,,,train
IND-S00603,high_demand,india_national_20k,IN-C15555-GEN10,generator,Morādābād,Uttar Pradesh,2.9403,1.2884,1.0479,0,117,1,0,0.02,0.0,0,0,0,,,train
IND-S00604,high_demand,india_national_20k,IN-GUJ-HUB-GEN,generator,Gujarat Hub Generation,Gujarat,1.9872,1.257,1.0323,0,80,1,0,0.0,0.0,0,0,0,,,train
IND-S00605,high_demand,india_national_20k,IN-C11561-FD022,feeder,Jodhpur,Rajasthan,2.6675,1.3746,1.0419,1,10,1,0,8.4,0.0,0,0,0,,,train
IND-S00606,normal_operation,india_national_20k,IN-C03282-GEN03,generator,Vadodara,Gujarat,1.0625,0.8856,0.9808,0,29,1,0,0.0,0.0,0,0,0,,,train
IND-S00607,transformer_overload,india_national_20k,IN-C11562-GEN03,generator,Kota,Rajasthan,4.5183,1.2807,1.0639,1,37,2,2,0.09,0.00142,1001694,0,2,IN-RAJ-HUB|IN-C11562-SS,0|0,train
IND-S00608,transformer_overload,india_national_20k,IN-MAH-HUB-GEN,generator,Maharashtra Hub Generation,Maharashtra,2.2464,1.1293,1.0312,1,144,5,14,0.33,0.00026,209224,0,2,IN-WR-HUB|IN-MAH-HUB|IN-ER-HUB|IN-NER-HUB|IN-C10346-SS|IN-C10360-SS|IN-C10362-SS|IN-C15523-SS|IN-C19963-SS|IN-C15525-SS|IN-C15530-SS|IN-C15543-SS,0|0|1|1|2|2|2|2|2|3|3|3,train
IND-S00609,line_outage,india_national_20k,IN-C04822-GEN01,generator,Jamshedpur,Jharkhand,2.0916,1.2523,1.0461,2,33,2,3,0.07,0.00023,267061,0,3,IN-JHA-HUB|IN-C04826-SS|IN-C04854-SS,0|0|0,train
IND-S00610,normal_operation,india_national_20k,IN-C12342-FD011,feeder,Kallakurichi,Tamil Nadu,1.109,0.9041,0.9931,0,10,1,0,0.0,0.0,0,0,0,,,train
IND-S00611,cascade_emergency,india_national_20k,IN-C11053-GEN04,generator,Patiāla,Punjab,6.3796,1.4863,1.1038,3,23,5,115,11.34,0.01285,19953939,0,2,IN-WR-HUB|IN-NER-HUB|IN-PUN-HUB|IN-C11053-SS|IN-C01444-SS|IN-CHH-HUB|IN-C02530-SS|IN-C02531-SS|IN-C02533-SS|IN-DEL-HUB|IN-C03059-SS|IN-HAR-HUB,0|0|0|0|1|1|1|1|1|1|1|1,train
IND-S00612,high_demand,india_national_20k,IN-C00021-GEN05,generator,Nellore,Andhra Pradesh,2.6925,1.3349,1.0746,1,40,1,0,8.4,0.0,0,0,0,,,test
IND-S00613,high_demand,india_national_20k,IN-C11050-FD011,feeder,Ludhiana,Punjab,2.9387,1.4025,1.0786,1,10,1,0,8.56,0.0,0,0,0,,,train
IND-S00614,heatwave,india_national_20k,IN-C03797-FD011,feeder,Yamuna Nagar,Haryana,2.0666,1.2772,1.1189,2,6,2,4,8.51,0.00119,217071,0,4,IN-HAR-HUB|IN-C03797-SS|IN-C03797-TR01|IN-C03797-FD011,0|0|0|0,train
IND-S00615,high_demand,india_national_20k,IN-C03288-GEN09,generator,Gandhinagar,Gujarat,2.7064,1.3813,1.0765,0,24,1,0,8.52,0.0,0,0,0,,,train
IND-S00616,line_outage,india_national_20k,IN-C00034-FD011,feeder,Adoni,Andhra Pradesh,2.0787,1.1031,1.057,1,6,1,0,0.0,0.0,0,0,0,,,test
IND-S00617,transformer_overload,india_national_20k,IN-MAH-HUB-GEN,generator,Maharashtra Hub Generation,Maharashtra,3.0296,1.186,1.0374,0,144,5,20,0.6,0.00282,4984235,0,2,IN-WR-HUB|IN-MAH-HUB|IN-ER-HUB|IN-NER-HUB|IN-C10346-SS|IN-C10353-SS|IN-C10360-SS|IN-C10362-SS|IN-C10384-SS|IN-NAG-HUB|IN-C10388-SS|IN-C15523-SS,0|0|1|1|2|2|2|2|2|2|2|2,train
IND-S00618,transformer_overload,india_national_20k,IN-C02529-FD011,feeder,Durg,Chhattisgarh,2.4795,1.2997,1.033,0,8,2,3,0.09,0.00095,268806,0,3,IN-C02529-SS|IN-C02529-TR01|IN-C02529-FD011,0|0|0,train
IND-S00619,normal_operation,india_national_20k,IN-C19729-FD011,feeder,Kolkata,West Bengal,1.004,0.9337,1.0087,0,10,1,0,0.0,0.0,0,0,0,,,val
IND-S00620,cascade_emergency,india_national_20k,IN-C12340-FD011,feeder,Chennai,Tamil Nadu,6.3181,1.5923,1.0551,3,10,6,88,11.42,0.02616,41091693,0,5,IN-SR-HUB|IN-ER-HUB|IN-KER-HUB|IN-C07054-SS|IN-C10346-SS|IN-C10353-SS|IN-C10362-SS|IN-TAM-HUB|IN-C12340-SS|IN-C12350-SS|IN-C12392-SS|IN-C12427-SS,0|0|0|0|0|0|0|0|0|0|0|0,train
IND-S00621,transformer_overload,india_national_20k,IN-C03058-GEN01,generator,Delhi,Delhi,4.6533,1.1548,1.0419,1,21,3,50,1.35,0.00951,16467009,0,3,IN-NR-HUB|IN-DEL-HUB|IN-C03058-SS|IN-C15550-SS|IN-C15552-SS|IN-C15554-SS|IN-C15555-SS|IN-C15556-SS|IN-C15557-SS|IN-C15600-SS|IN-C15605-SS|IN-C15628-SS,0|0|0|1|1|1|1|1|1|1|1|1,train
IND-S00622,high_demand,india_national_20k,IN-C05531-FD021,feeder,Hubballi,Karnataka,2.1001,1.29,1.0354,1,8,1,0,0.0,0.0,0,0,0,,,test
IND-S00623,transformer_overload,india_national_20k,IN-C14855-FD011,feeder,Khammam,Telangana,4.8195,1.1591,1.0299,1,6,1,0,0.0,0.0,0,0,0,,,train
IND-S00624,heatwave,india_national_20k,IN-C15555-FD021,feeder,Morādābād,Uttar Pradesh,2.594,1.396,1.1516,2,8,7,52,10.08,0.01113,21572788,0,4,IN-C15555-SS|IN-C15555-TR02|IN-C15555-FD021|IN-NR-HUB|IN-WR-HUB|IN-NER-HUB|IN-UTT-HUB|IN-C01444-SS|IN-DEL-HUB|IN-C03058-SS|IN-MAH-HUB|IN-C09291-SS,0|0|0|1|1|1|1|2|2|2|2|2,train
IND-S00625,line_outage,india_national_20k,IN-C08124-SS,substation,Mangawān,Madhya Pradesh,1.5964,1.1556,1.0327,4,9,1,0,0.0,0.0,0,0,0,,,train
IND-S00626,line_outage,india_national_20k,IN-C15553-GEN08,generator,Alīgarh,Uttar Pradesh,1.4696,1.168,1.0322,4,116,1,0,0.0,0.0,0,0,0,,,train
IND-S00627,high_demand,india_national_20k,IN-C09299-FD021,feeder,Nanded,Maharashtra,1.554,1.3991,1.0411,1,7,1,0,8.45,0.0,0,0,0,,,train
IND-S00628,line_outage,india_national_20k,IN-C11561-FD031,feeder,Jodhpur,Rajasthan,1.847,1.028,1.0044,4,10,2,3,0.09,0.00083,24771,0,2,IN-C11561-TR03|IN-C11561-FD031|IN-C15764-SS,0|0|0,train
IND-S00629,cascade_emergency,india_national_20k,IN-C03283-GEN04,generator,Rājkot,Gujarat,4.4557,1.5627,1.0884,1,28,6,95,11.2,0.01512,28745406,0,3,IN-WR-HUB|IN-SR-HUB|IN-ER-HUB|IN-NER-HUB|IN-GUJ-HUB|IN-C03283-SS|IN-KER-HUB|IN-C07054-SS|IN-C10346-SS|IN-C10362-SS|IN-C15600-SS|IN-UTT-HUB,0|0|0|0|0|0|0|0|0|0|0|0,train
IND-S00630,cascade_emergency,india_national_20k,IN-C19729-SS,substation,Kolkata,West Bengal,7.5746,1.3207,1.1271,3,61,3,5,9.23,0.01842,4779417,0,3,IN-WES-HUB|IN-C19729-SS|IN-C19766-SS|IN-C19864-SS|IN-C19963-SS,0|0|1|1|1,val
IND-S00631,line_outage,india_national_20k,IN-C05535-FD011,feeder,Belagavi,Karnataka,1.3686,1.2084,1.0164,1,8,1,0,0.0,0.0,0,0,0,,,test
IND-S00632,line_outage,india_national_20k,IN-C01377-GEN04,generator,Muzaffarpur,Bihar,1.8474,1.0475,1.0259,1,42,2,6,0.14,0.00062,497118,0,2,IN-BIH-HUB|IN-C01377-SS|IN-C01444-SS|IN-C01445-SS|IN-C01481-SS|IN-C01486-SS,0|0|0|0|0|0,val
IND-S00633,cascade_emergency,india_national_20k,IN-C03058-GEN01,generator,Delhi,Delhi,6.6094,1.3591,1.0599,1,21,4,84,10.48,0.01634,24811301,0,3,IN-NR-HUB|IN-WR-HUB|IN-ER-HUB|IN-NER-HUB|IN-DEL-HUB|IN-C03058-SS|IN-C10290-SS|IN-C10346-SS|IN-C10353-SS|IN-C10360-SS|IN-C10362-SS|IN-C10384-SS,0|0|0|0|0|0|1|1|1|1|1|1,train
IND-S00634,transformer_overload,india_national_20k,IN-C01242-SS,substation,Sarbhog,Assam,2.5576,1.148,1.0521,0,3,1,0,0.0,0.0,0,0,0,,,val
IND-S00635,line_outage,india_national_20k,IN-C10424-FD012,feeder,Nowrangapur,Odisha,1.5045,1.1116,1.0043,1,10,1,0,0.0,0.0,0,0,0,,,train
IND-S00636,transformer_overload,india_national_20k,IN-C09282-FD012,feeder,Mumbai,Maharashtra,5.9618,1.2989,1.0784,1,10,1,0,0.07,0.0,0,0,0,,,train
IND-S00637,normal_operation,india_national_20k,IN-C05556-FD011,feeder,Bagalkot,Karnataka,1.0475,0.8528,0.9838,0,6,1,0,0.0,0.0,0,0,0,,,test
IND-S00638,line_outage,india_national_20k,IN-C05540-GEN11,generator,Tumkūr,Karnataka,1.4345,1.2148,1.0214,2,49,1,0,0.0,0.0,0,0,0,,,test
IND-S00639,high_demand,india_national_20k,IN-C03282-FD031,feeder,Vadodara,Gujarat,2.243,1.2957,1.0329,0,10,2,3,0.15,0.00268,1822221,0,3,IN-C03282-SS|IN-C03282-TR03|IN-C03282-FD031,0|0|0,train
IND-S00640,high_demand,india_national_20k,IN-C04840-SS,substation,Chāībāsa,Jharkhand,1.7586,1.5289,1.0234,0,11,1,0,8.66,0.0,0,0,0,,,train
IND-S00641,high_demand,india_national_20k,IN-C04130-FD011,feeder,Shimla,Himachal Pradesh,2.1792,1.2763,1.0777,1,7,1,0,0.0,0.0,0,0,0,,,train
IND-S00642,transformer_overload,india_national_20k,IN-C03293-FD011,feeder,Mahesāna,Gujarat,3.2595,1.2707,1.0637,0,5,1,0,0.0,0.0,0,0,0,,,train
IND-S00643,high_demand,india_national_20k,IN-C11603-FD011,feeder,Chaumu,Rajasthan,2.22,1.5216,1.0609,1,5,1,0,8.78,0.0,0,0,0,,,train
IND-S00644,line_outage,india_national_20k,IN-C11788-SS,substation,Dariāwad,Rajasthan,1.91,1.0372,1.0236,3,5,1,0,0.0,0.0,0,0,0,,,train
IND-S00645,cascade_emergency,india_national_20k,IN-C09283-SS,substation,Pune,Maharashtra,7.7675,1.3406,1.1702,2,156,5,77,10.84,0.02242,23182001,0,5,IN-WR-HUB|IN-SR-HUB|IN-MAH-HUB|IN-C09283-SS|IN-C09346-SS|IN-NER-HUB|IN-C11034-SS|IN-C11047-SS|IN-C01444-SS|IN-HAR-HUB|IN-C03795-SS|IN-JAM-HUB,0|0|0|0|0|1|1|1|2|2|2|2,train
IND-S00646,transformer_overload,india_national_20k,IN-C04863-SS,substation,Jāridih,Jharkhand,3.4669,1.2153,1.076,0,3,1,0,0.0,0.0,0,0,0,,,train
IND-S00647,high_demand,india_national_20k,IN-C09288-GEN07,generator,Pimpri,Maharashtra,2.1729,1.4985,1.088,0,44,5,122,11.5,0.01349,20912488,0,5,IN-WR-HUB|IN-SR-HUB|IN-ER-HUB|IN-MAH-HUB|IN-C09286-SS|IN-C09288-SS|IN-C09950-SS|IN-ASS-HUB|IN-C01120-SS|IN-C01122-SS|IN-C01444-SS|IN-CHH-HUB,0|0|0|0|0|0|0|1|1|1|1|1,train
IND-S00648,cascade_emergency,india_national_20k,IN-C08084-SS,substation,Khaniādhāna,Madhya Pradesh,8.0004,1.59,1.1415,2,8,1,0,9.02,0.0,0,0,0,,,train
IND-S00649,normal_operation,india_national_20k,IN-C14844-SS,substation,Hyderabad,Telangana,1.0563,0.989,1.0164,0,100,1,0,0.0,0.0,0,0,0,,,train
IND-S00650,transformer_overload,india_national_20k,IN-C07997-SS,substation,Beohāri,Madhya Pradesh,4.5885,1.1259,1.014,1,8,1,0,0.0,0.0,0,0,0,,,train
IND-S00651,line_outage,india_national_20k,IN-C11561-FD031,feeder,Jodhpur,Rajasthan,1.9462,1.0469,1.027,1,10,1,0,0.0,0.0,0,0,0,,,train
IND-S00652,line_outage,india_national_20k,IN-C04824-FD021,feeder,Ranchi,Jharkhand,2.1481,1.0929,1.0324,4,10,2,3,0.11,0.00161,1120374,0,3,IN-C04824-SS|IN-C04824-TR02|IN-C04824-FD021,0|0|0,train
IND-S00653,transformer_overload,india_national_20k,IN-C02518-GEN01,generator,Chandigarh,Chandigarh,5.0593,1.2508,1.0149,0,14,3,56,1.37,0.00621,8484841,0,3,IN-NR-HUB|IN-CHA-HUB|IN-C02518-SS|IN-C15549-SS|IN-C15550-SS|IN-C15552-SS|IN-C15553-SS|IN-C15554-SS|IN-C15555-SS|IN-C15556-SS|IN-C15557-SS|IN-C15600-SS,0|0|0|1|1|1|1|1|1|1|1|1,train
IND-S00654,transformer_overload,india_national_20k,IN-C10425-GEN02,generator,Bhubaneswar,Odisha,4.4872,1.206,1.0724,0,26,1,0,0.0,0.0,0,0,0,,,train
IND-S00655,transformer_overload,india_national_20k,IN-C11578-FD011,feeder,Nimach,Rajasthan,4.2389,1.0918,1.0726,1,6,1,0,0.0,0.0,0,0,0,,,train
IND-S00656,heatwave,india_national_20k,IN-C12343-FD032,feeder,Madurai,Tamil Nadu,3.3307,1.3056,1.125,0,10,2,3,8.63,0.00278,1465625,0,3,IN-C12343-SS|IN-C12343-TR03|IN-C12343-FD032,0|0|0,train
IND-S00657,cascade_emergency,india_national_20k,IN-C12346-GEN07,generator,Tiruppur,Tamil Nadu,6.5016,1.5304,1.0848,5,75,6,120,11.61,0.01628,30238482,0,6,IN-SR-HUB|IN-ER-HUB|IN-C10346-SS|IN-TAM-HUB|IN-C12346-SS|IN-C12390-SS|IN-C12474-SS|IN-C14168-SS|IN-C14310-SS|IN-ASS-HUB|IN-C01122-SS|IN-C01444-SS,0|0|0|0|0|0|0|0|0|1|1|1,train
IND-S00658,heatwave,india_national_20k,IN-C15562-FD021,feeder,Mathura,Uttar Pradesh,2.2705,1.449,1.1014,0,7,6,43,9.78,0.00743,17662041,0,6,IN-C15562-SS|IN-C15637-SS|IN-C16117-SS|IN-C16601-SS|IN-C16908-SS|IN-C17262-SS|IN-C15562-TR02|IN-C15562-FD021|IN-UTT-HUB|IN-WR-HUB|IN-C01444-SS|IN-DEL-HUB,0|0|0|0|0|0|0|0|0|1|1|1,train
IND-S00659,line_outage,india_national_20k,IN-C14844-FD011,feeder,Hyderabad,Telangana,2.3812,1.2193,1.0376,3,10,5,8,0.4,0.00647,7042799,0,3,IN-C14844-SS|IN-C14844-TR01|IN-C14844-FD011|IN-SR-HUB|IN-C11034-SS|IN-C11047-SS|IN-C15271-SS|IN-C11032-SS,0|0|0|1|2|2|2|3,train
IND-S00660,normal_operation,india_national_20k,IN-C09293-FD021,feeder,Sholapur,Maharashtra,1.1712,0.9919,1.0118,0,8,1,0,0.0,0.0,0,0,0,,,train
IND-S00661,line_outage,india_national_20k,IN-C09282-GEN01,generator,Mumbai,Maharashtra,1.2435,1.1149,1.0285,3,41,1,0,0.01,0.0,0,0,0,,,train
IND-S00662,line_outage,india_national_20k,IN-C07869-FD011,feeder,Singrauli,Madhya Pradesh,1.525,1.1613,1.0263,3,6,2,2,0.07,0.00079,0,0,2,IN-C07869-TR01|IN-C07869-FD011,0|0,train
IND-S00663,cascade_emergency,india_national_20k,IN-C01640-SS,substation,Acharājdih,Bihar,6.2546,1.3622,1.1181,1,3,1,0,8.58,0.0,0,0,0,,,val
IND-S00664,cascade_emergency,india_national_20k,IN-C08149-SS,substation,Hatwāns,Madhya Pradesh,7.1938,1.3747,1.0525,2,7,1,0,8.44,0.0,0,0,0,,,train
IND-S00665,high_demand,india_national_20k,IN-C09522-SS,substation,Pīpri,Maharashtra,2.943,1.4621,1.0997,0,5,1,0,8.77,0.0,0,0,0,,,train
IND-S00666,heatwave,india_national_20k,IN-C09291-GEN10,generator,Virār,Maharashtra,2.7235,1.4458,1.1716,0,40,6,79,10.73,0.00985,21238522,0,3,IN-WR-HUB|IN-SR-HUB|IN-ER-HUB|IN-NER-HUB|IN-KER-HUB|IN-C07054-SS|IN-MAH-HUB|IN-C09291-SS|IN-C10346-SS|IN-C10353-SS|IN-C10362-SS|IN-C15600-SS,0|0|0|0|0|0|0|0|0|0|0|0,train
IND-S00667,cascade_emergency,india_national_20k,IN-C12343-FD011,feeder,Madurai,Tamil Nadu,4.6369,1.5098,1.113,3,10,6,80,10.91,0.01592,36480105,0,4,IN-SR-HUB|IN-C12343-SS|IN-C12343-TR01|IN-C12343-FD011|IN-ER-HUB|IN-NER-HUB|IN-KAR-HUB|IN-C05537-SS|IN-C05539-SS|IN-C05540-SS|IN-C07848-SS|IN-C10346-SS,0|0|0|0|1|1|1|1|1|1|1|1,train
IND-S00668,transformer_overload,india_national_20k,IN-C01503-SS,substation,Dalsingh Sarai,Bihar,3.973,1.0242,1.0579,1,6,1,0,0.0,0.0,0,0,0,,,val
IND-S00669,cascade_emergency,india_national_20k,IN-C04822-GEN01,generator,Jamshedpur,Jharkhand,6.5957,1.3352,1.165,4,33,2,4,8.81,0.00279,1606499,0,4,IN-JHA-HUB|IN-C04822-SS|IN-C04826-SS|IN-C04854-SS,0|0|0|0,train
IND-S00670,normal_operation,india_national_20k,IN-C11053-FD011,feeder,Patiāla,Punjab,1.1492,1.0002,0.9876,0,8,1,0,0.0,0.0,0,0,0,,,train
IND-S00671,normal_operation,india_national_20k,IN-C09298-SS,substation,Sāngli,Maharashtra,1.0405,0.9899,0.9943,0,150,1,0,0.0,0.0,0,0,0,,,train
IND-S00672,line_outage,india_national_20k,IN-C02525-GEN01,generator,Raipur,Chhattisgarh,1.9378,1.0557,1.0407,2,30,2,3,0.07,8e-05,136066,0,0,IN-C01392-SS|IN-C01886-SS|IN-C02465-SS,0|0|0,train
IND-S00673,high_demand,india_national_20k,IN-C03281-FD032,feeder,Surat,Gujarat,1.5211,1.3503,1.0322,1,10,1,0,0.02,0.0,0,0,0,,,train
IND-S00674,cascade_emergency,india_national_20k,IN-C11085-SS,substation,Ropar,Punjab,4.8823,1.467,1.0833,2,5,1,0,8.72,0.0,0,0,0,,,train
IND-S00675,normal_operation,india_national_20k,IN-C12345-FD032,feeder,Tiruchirappalli,Tamil Nadu,1.1546,0.8634,0.9869,0,10,1,0,0.0,0.0,0,0,0,,,train
IND-S00676,line_outage,india_national_20k,IN-C15548-FD021,feeder,Agra,Uttar Pradesh,1.8981,1.1966,1.047,4,10,2,3,0.13,0.00191,1430055,0,3,IN-C15548-SS|IN-C15548-TR02|IN-C15548-FD021,0|0|0,train
IND-S00677,transformer_overload,india_national_20k,IN-C18079-SS,substation,Amīlahwa,Uttar Pradesh,2.0831,1.0587,1.064,0,6,1,0,0.0,0.0,0,0,0,,,train
IND-S00678,transformer_overload,india_national_20k,IN-C03283-FD022,feeder,Rājkot,Gujarat,4.123,1.2539,1.0057,0,10,2,3,0.17,0.00307,1390640,0,3,IN-C03283-SS|IN-C03283-TR02|IN-C03283-FD022,0|0|0,train
IND-S00679,normal_operation,india_national_20k,IN-C10184-SS,substation,Arjuni,Maharashtra,1.1912,0.9058,1.0184,0,5,1,0,0.0,0.0,0,0,0,,,train
IND-S00680,cascade_emergency,india_national_20k,IN-C04827-GEN06,generator,Deoghar,Jharkhand,8.0847,1.5058,1.1165,2,27,8,132,11.83,0.01559,24482793,0,2,IN-JHA-HUB|IN-C04827-SS|IN-NER-HUB|IN-WR-HUB|IN-SR-HUB|IN-C10290-SS|IN-C10346-SS|IN-C10353-SS|IN-C10360-SS|IN-C10362-SS|IN-C10384-SS|IN-NAG-HUB,0|0|1|2|2|2|2|2|2|2|2|2,train
IND-S00681,heatwave,india_national_20k,IN-C12340-GEN01,generator,Chennai,Tamil Nadu,3.4965,1.2936,1.193,2,78,5,39,9.53,0.00643,6117199,0,7,IN-SR-HUB|IN-TAM-HUB|IN-C12340-SS|IN-C12350-SS|IN-C12392-SS|IN-C12427-SS|IN-C12651-SS|IN-C12699-SS|IN-C14244-SS|IN-NER-HUB|IN-C11034-SS|IN-C11047-SS,0|0|0|0|0|0|0|0|0|1|1|1,train
IND-S00682,normal_operation,india_national_20k,IN-C07858-FD011,feeder,Bhopal,Madhya Pradesh,1.1713,0.9078,1.008,0,10,1,0,0.0,0.0,0,0,0,,,train
IND-S00683,normal_operation,india_national_20k,IN-C07286-SS,substation,Pantheeramkavu,Kerala,1.1231,0.876,1.0159,0,29,1,0,0.0,0.0,0,0,0,,,train
IND-S00684,transformer_overload,india_national_20k,IN-C15548-GEN03,generator,Agra,Uttar Pradesh,2.8656,1.2983,1.0484,0,122,3,5,0.26,0.00156,1514701,0,3,IN-C15548-SS|IN-UTT-HUB|IN-C19438-SS|IN-C19462-SS|IN-C19475-SS,0|0|1|1|1,train
IND-S00685,normal_operation,india_national_20k,IN-C01374-FD022,feeder,Patna,Bihar,1.118,1.0119,0.9961,0,10,1,0,0.0,0.0,0,0,0,,,val
IND-S00686,line_outage,india_national_20k,IN-C10441-FD011,feeder,Brajarajnagar,Odisha,1.893,1.2064,1.0283,1,6,1,0,0.0,0.0,0,0,0,,,train
IND-S00687,heatwave,india_national_20k,IN-C19733-GEN05,generator,Āsansol,West Bengal,2.2006,1.1537,1.0976,1,22,2,6,0.15,0.00096,1331410,0,4,IN-C19731-SS|IN-C19733-SS|IN-C19755-SS|IN-C19766-SS|IN-C19864-SS|IN-C19963-SS,0|0|0|0|0|0,val
IND-S00688,line_outage,india_national_20k,IN-C19432-FD021,feeder,Dehradun,Uttarakhand,2.0157,1.1561,1.0479,3,8,2,3,0.11,0.00155,522081,0,3,IN-C19432-SS|IN-C19432-TR02|IN-C19432-FD021,0|0|0,train
IND-S00689,high_demand,india_national_20k,IN-UTT-HUB-GEN,generator,Uttarakhand Hub Generation,Uttarakhand,2.6818,1.5061,1.0518,0,1,1,0,8.71,0.0,0,0,0,,,train
IND-S00690,cascade_emergency,india_national_20k,IN-C09289-GEN08,generator,Kalyān,Maharashtra,7.0927,1.3177,1.0762,5,41,5,38,9.27,0.00709,14925062,0,7,IN-WR-HUB|IN-SR-HUB|IN-MAH-HUB|IN-C09289-SS|IN-C09290-SS|IN-C09301-SS|IN-C09312-SS|IN-C09473-SS|IN-NER-HUB|IN-C11034-SS|IN-C11047-SS|IN-C01444-SS,0|0|0|0|0|0|0|0|1|1|1|2,train
IND-S00691,normal_operation,india_national_20k,IN-C19432-FD021,feeder,Dehradun,Uttarakhand,1.0135,0.9448,1.0136,0,8,1,0,0.0,0.0,0,0,0,,,train
IND-S00692,normal_operation,india_national_20k,IN-C00019-FD011,feeder,Visakhapatnam,Andhra Pradesh,1.005,0.9523,1.0125,0,10,1,0,0.0,0.0,0,0,0,,,test
IND-S00693,transformer_overload,india_national_20k,IN-C03058-FD011,feeder,Delhi,Delhi,4.2742,1.0703,1.0584,0,10,2,4,0.41,0.00942,11034555,0,4,IN-DEL-HUB|IN-C03058-SS|IN-C03058-TR01|IN-C03058-FD011,0|0|0|0,train
IND-S00694,heatwave,india_national_20k,IN-C15552-FD031,feeder,Prayagraj,Uttar Pradesh,2.5392,1.3997,1.1056,2,10,3,9,8.96,0.00489,6880527,0,3,IN-C15552-SS|IN-C15552-TR03|IN-C15552-FD031|IN-WES-HUB|IN-C19729-SS|IN-C19730-SS|IN-C19766-SS|IN-C19864-SS|IN-C19963-SS,0|0|0|0|0|0|1|1|1,train
IND-S00695,normal_operation,india_national_20k,IN-C15574-FD011,feeder,Gyānpur,Uttar Pradesh,1.1383,1.0404,0.9926,0,6,1,0,0.0,0.0,0,0,0,,,train
IND-S00696,line_outage,india_national_20k,IN-C12357-FD011,feeder,Sivakasi,Tamil Nadu,1.5156,1.1626,1.0396,3,6,2,3,0.1,0.00084,500,0,2,IN-C12357-TR01|IN-C12357-FD011|IN-C19571-SS,0|0|0,train
IND-S00697,line_outage,india_national_20k,IN-C10437-FD011,feeder,Paralakhemundi,Odisha,1.3906,1.1296,1.017,1,6,1,0,0.0,0.0,0,0,0,,,train
IND-S00698,normal_operation,india_national_20k,IN-C09301-FD021,feeder,Ulhasnagar,Maharashtra,1.0331,0.9681,0.9868,0,8,1,0,0.0,0.0,0,0,0,,,train
IND-S00699,heatwave,india_national_20k,IN-C03300-FD011,feeder,Bhuj,Gujarat,3.2926,1.1579,1.1531,2,5,1,0,0.0,0.0,0,0,0,,,train
IND-S00700,line_outage,india_national_20k,IN-C15711-SS,substation,Bisauli,Uttar Pradesh,2.3899,1.091,1.0093,4,4,1,0,0.0,0.0,0,0,0,,,train
IND-S00701,line_outage,india_national_20k,IN-C11565-FD011,feeder,Udaipur,Rajasthan,1.6671,1.1317,1.0108,2,8,2,2,0.07,0.00089,0,0,2,IN-C11565-TR01|IN-C11565-FD011,0|0,train
IND-S00702,heatwave,india_national_20k,IN-C14844-FD011,feeder,Hyderabad,Telangana,2.9932,1.1558,1.1182,2,10,5,11,0.51,0.00746,7043799,0,4,IN-C14844-SS|IN-C14844-TR01|IN-C14844-FD011|IN-SR-HUB|IN-TEL-HUB|IN-C11034-SS|IN-C11047-SS|IN-C15208-SS|IN-C15271-SS|IN-C15478-SS|IN-C11032-SS,0|0|0|1|1|2|2|2|2|2|3,train
IND-S00703,cascade_emergency,india_national_20k,IN-C07049-GEN05,generator,Kollam,Kerala,8.3751,1.349,1.0983,4,31,2,2,8.57,0.00086,367107,0,2,IN-KER-HUB|IN-C07049-SS,0|0,train
IND-S00704,heatwave,india_national_20k,IN-C09284-GEN03,generator,Nagpur,Maharashtra,1.5279,1.1507,1.1515,0,43,2,2,0.12,0.00172,2405665,0,2,IN-MAH-HUB|IN-C09284-SS,0|0,train
IND-S00705,transformer_overload,india_national_20k,IN-C11052-FD021,feeder,Jalandhar,Punjab,2.9137,1.1777,1.0303,0,8,2,3,0.18,0.0035,868929,0,3,IN-C11052-SS|IN-C11052-TR02|IN-C11052-FD021,0|0|0,train
IND-S00706,transformer_overload,india_national_20k,IN-C03067-FD011,feeder,Deoli,Delhi,2.9474,1.0089,1.0247,1,5,1,0,0.0,0.0,0,0,0,,,train
IND-S00707,cascade_emergency,india_national_20k,IN-C07046-GEN02,generator,Thiruvananthapuram,Kerala,6.8792,1.4702,1.1577,5,30,7,87,11.1,0.0165,39572582,0,3,IN-C05733-SS|IN-C05950-SS|IN-C06012-SS|IN-C06509-SS|IN-KER-HUB|IN-C07045-SS|IN-C07046-SS|IN-C07291-SS|IN-C07643-SS|IN-ER-HUB|IN-C10346-SS|IN-C10353-SS,0|0|0|0|0|0|0|0|0|1|1|1,train
IND-S00708,cascade_emergency,india_national_20k,IN-C15549-GEN04,generator,Meerut,Uttar Pradesh,4.5482,1.4374,1.0996,2,119,4,37,9.59,0.00586,14362195,0,5,IN-NR-HUB|IN-WR-HUB|IN-NER-HUB|IN-C15549-SS|IN-UTT-HUB|IN-C01444-SS|IN-DEL-HUB|IN-C03058-SS|IN-MAH-HUB|IN-C09292-SS|IN-C10290-SS|IN-C10346-SS,0|0|0|0|0|1|1|1|1|1|1|1,train
IND-S00709,normal_operation,india_national_20k,IN-C15717-SS,substation,Rūdarpur,Uttar Pradesh,1.1947,0.9807,1.0064,0,6,1,0,0.0,0.0,0,0,0,,,train
IND-S00710,high_demand,india_national_20k,IN-C05535-GEN06,generator,Belagavi,Karnataka,1.7235,1.4252,1.0236,1,52,1,0,8.46,0.0,0,0,0,,,test
IND-S00711,cascade_emergency,india_national_20k,IN-C07889-FD011,feeder,Datia,Madhya Pradesh,6.0738,1.3982,1.176,4,6,3,14,9.17,0.00213,832148,0,4,IN-C03153-SS|IN-C03349-SS|IN-C03735-SS|IN-MAD-HUB|IN-C07889-SS|IN-C07889-TR01|IN-C07889-FD011|IN-C07861-SS|IN-C07885-SS|IN-C07944-SS|IN-C08085-SS|IN-C08275-SS,0|0|0|0|0|0|0|1|1|1|1|1,train
IND-S00712,cascade_emergency,india_national_20k,IN-C03795-FD021,feeder,Panipat,Haryana,8.5281,1.3836,1.1342,1,8,5,97,10.67,0.00726,11201102,0,2,IN-HAR-HUB|IN-C03795-SS|IN-WR-HUB|IN-NER-HUB|IN-C01444-SS|IN-DEL-HUB|IN-C03059-SS|IN-JAM-HUB|IN-C04486-SS|IN-C04487-SS|IN-C04488-SS|IN-MAH-HUB,0|0|1|1|2|2|2|2|2|2|2|2,train
IND-S00713,line_outage,india_national_20k,IN-C11566-FD021,feeder,Bhilwara,Rajasthan,1.8972,1.0714,1.0497,1,8,1,0,0.0,0.0,0,0,0,,,train
IND-S00714,cascade_emergency,india_national_20k,IN-C09510-SS,substation,Nāndgaon,Maharashtra,7.1796,1.5371,1.0814,2,7,2,12,9.16,0.00074,164425,0,5,IN-C09378-SS|IN-C09381-SS|IN-C09510-SS|IN-C09573-SS|IN-C09687-SS|IN-C09778-SS|IN-C09848-SS|IN-C09889-SS|IN-C10004-SS|IN-C10017-SS|IN-C10071-SS|IN-C10129-SS,0|0|0|0|0|0|0|0|0|0|0|0,train
IND-S00715,heatwave,india_national_20k,IN-C02530-FD011,feeder,Rāj-Nāndgaon,Chhattisgarh,2.0768,1.3101,1.1535,2,7,4,16,8.92,0.00204,2047302,0,3,IN-C02530-SS|IN-C02530-TR01|IN-C02530-FD011|IN-HAR-HUB|IN-C03791-SS|IN-C16428-SS|IN-C19203-SS|IN-C15557-SS|IN-UTT-HUB|IN-TAM-HUB|IN-C12372-SS|IN-C12392-SS,0|0|0|0|0|0|0|1|1|2|2|2,train
IND-S00716,normal_operation,india_national_20k,IN-C04822-FD032,feeder,Jamshedpur,Jharkhand,1.0715,0.9458,0.9998,0,10,1,0,0.0,0.0,0,0,0,,,train
IND-S00717,cascade_emergency,india_national_20k,IN-C12346-GEN07,generator,Tiruppur,Tamil Nadu,4.0943,1.4365,1.1303,4,75,5,64,10.31,0.00978,22311611,0,5,IN-SR-HUB|IN-MAH-HUB|IN-C09289-SS|IN-C09290-SS|IN-C09301-SS|IN-C09312-SS|IN-C09473-SS|IN-TAM-HUB|IN-C12390-SS|IN-C12474-SS|IN-C14168-SS|IN-C14310-SS,0|0|0|0|0|0|0|0|0|0|0|0,train
IND-S00718,transformer_overload,india_national_20k,IN-C12340-GEN01,generator,Chennai,Tamil Nadu,3.2856,1.1767,1.0413,1,78,2,8,0.34,0.00526,5334958,0,6,IN-TAM-HUB|IN-C12340-SS|IN-C12350-SS|IN-C12392-SS|IN-C12427-SS|IN-C12651-SS|IN-C12699-SS|IN-C14244-SS,0|0|0|0|0|0|0|0,train
IND-S00719,transformer_overload,india_national_20k,IN-C02527-GEN03,generator,Korba,Chhattisgarh,3.2013,1.1294,1.0239,1,23,1,0,0.0,0.0,0,0,0,,,train
IND-S00720,heatwave,india_national_20k,IN-C03793-GEN04,generator,Hisar,Haryana,1.6695,1.2741,1.1883,2,20,1,0,8.56,0.0,0,0,0,,,train
IND-S00721,high_demand,india_national_20k,IN-C12342-FD022,feeder,Kallakurichi,Tamil Nadu,2.5221,1.3203,1.0641,1,10,1,0,7.93,0.0,0,0,0,,,train
IND-S00722,transformer_overload,india_national_20k,IN-C11565-FD021,feeder,Udaipur,Rajasthan,3.9259,1.1509,1.0072,1,8,1,0,0.0,0.0,0,0,0,,,train
IND-S00723,high_demand,india_national_20k,IN-C15547-FD022,feeder,Lucknow,Uttar Pradesh,1.7121,1.3598,1.0239,0,10,2,3,0.19,0.00312,2472011,0,3,IN-C15547-SS|IN-C15547-TR02|IN-C15547-FD022,0|0|0,train
IND-S00724,cascade_emergency,india_national_20k,IN-C09289-FD012,feeder,Kalyān,Maharashtra,5.7776,1.3825,1.1774,1,10,4,6,8.98,0.002,3309103,0,4,IN-C09473-SS|IN-C09289-SS|IN-C09301-SS|IN-C09312-SS|IN-MAH-HUB|IN-C09290-SS,0|1|1|1|2|2,train
IND-S00725,transformer_overload,india_national_20k,IN-C12343-FD011,feeder,Madurai,Tamil Nadu,3.135,1.0211,1.0547,0,10,2,3,0.15,0.00267,1465625,0,3,IN-C12343-SS|IN-C12343-TR01|IN-C12343-FD011,0|0|0,train
IND-S00726,high_demand,india_national_20k,IN-C04444-SS,substation,Arodba,Himachal Pradesh,2.6192,1.4809,1.0779,0,3,1,0,8.76,0.0,0,0,0,,,train
IND-S00727,normal_operation,india_national_20k,IN-C12994-SS,substation,Tirupananthal,Tamil Nadu,1.198,0.8985,0.991,0,6,1,0,0.0,0.0,0,0,0,,,train
IND-S00728,heatwave,india_national_20k,IN-C03348-SS,substation,Chhaya,Gujarat,2.8212,1.3765,1.0852,1,5,1,0,8.52,0.0,0,0,0,,,train
IND-S00729,high_demand,india_national_20k,IN-C05530-FD011,feeder,Bengaluru,Karnataka,2.8145,1.2988,1.0491,0,10,2,4,0.33,0.00705,8495492,0,4,IN-KAR-HUB|IN-C05530-SS|IN-C05530-TR01|IN-C05530-FD011,0|0|0|0,test
IND-S00730,transformer_overload,india_national_20k,IN-C14850-GEN07,generator,Karīmnagar,Telangana,2.3163,1.1468,1.006,1,27,1,0,0.0,0.0,0,0,0,,,train
IND-S00731,high_demand,india_national_20k,IN-C14845-SS,substation,Warangal,Telangana,2.7748,1.5444,1.0738,1,100,2,2,8.95,0.00011,27024,0,2,IN-C14955-SS|IN-C14960-SS,0|0,train
IND-S00732,line_outage,india_national_20k,IN-C15549-GEN04,generator,Meerut,Uttar Pradesh,2.0369,1.2651,1.0141,4,119,3,5,0.17,0.0011,1307830,0,3,IN-C15549-SS|IN-UTT-HUB|IN-C19438-SS|IN-C19462-SS|IN-C19475-SS,0|0|1|1|1,train
IND-S00733,cascade_emergency,india_national_20k,IN-C07865-GEN09,generator,Saugor,Madhya Pradesh,4.9091,1.3994,1.1017,3,46,1,0,8.63,0.0,0,0,0,,,train
IND-S00734,high_demand,india_national_20k,IN-C12787-SS,substation,Neelagiri,Tamil Nadu,1.9827,1.5071,1.0374,1,74,1,0,8.65,0.0,0,0,0,,,train
IND-S00735,cascade_emergency,india_national_20k,IN-C15547-FD012,feeder,Lucknow,Uttar Pradesh,5.5182,1.5026,1.1107,5,10,5,69,10.77,0.01778,27537969,0,4,IN-NR-HUB|IN-WR-HUB|IN-ER-HUB|IN-NER-HUB|IN-ODI-HUB|IN-C10428-SS|IN-C10429-SS|IN-C10511-SS|IN-C15547-SS|IN-C15547-TR01|IN-C15547-FD012|IN-UTT-HUB,0|0|0|0|0|0|0|0|0|0|0|0,train
IND-S00736,line_outage,india_national_20k,IN-C03286-GEN07,generator,Bilimora,Gujarat,2.4202,1.1916,1.054,3,24,1,0,0.0,0.0,0,0,0,,,train
IND-S00737,transformer_overload,india_national_20k,IN-C03299-FD011,feeder,Porbandar,Gujarat,3.0601,1.0819,1.0358,1,5,1,0,0.0,0.0,0,0,0,,,train
IND-S00738,transformer_overload,india_national_20k,IN-C11561-FD021,feeder,Jodhpur,Rajasthan,2.2121,1.1021,1.0552,0,10,2,3,0.11,0.00154,1056191,0,3,IN-C11561-SS|IN-C11561-TR02|IN-C11561-FD021,0|0|0,train
IND-S00739,transformer_overload,india_national_20k,IN-C03288-GEN09,generator,Gandhinagar,Gujarat,2.8027,1.0003,1.0379,0,24,1,0,0.0,0.0,0,0,0,,,train
IND-S00740,transformer_overload,india_national_20k,IN-C19732-GEN04,generator,Siliguri,West Bengal,5.6736,1.0645,1.0248,0,17,1,0,0.0,0.0,0,0,0,,,val
IND-S00741,line_outage,india_national_20k,IN-C15780-SS,substation,Saidpur,Uttar Pradesh,2.2434,1.0379,1.0075,3,5,1,0,0.01,0.0,0,0,0,,,train
IND-S00742,normal_operation,india_national_20k,IN-C10424-SS,substation,Nowrangapur,Odisha,1.0311,0.9872,1.0167,0,100,1,0,0.0,0.0,0,0,0,,,train
IND-S00743,line_outage,india_national_20k,IN-C01389-FD011,feeder,Hājīpur,Bihar,1.953,1.1226,1.0487,4,6,3,17,0.4,0.00163,779143,0,4,IN-BIH-HUB|IN-C01389-SS|IN-C01389-TR01|IN-C01389-FD011|IN-C01377-SS|IN-C01444-SS|IN-C01445-SS|IN-C01481-SS|IN-C01485-SS|IN-C01486-SS|IN-C01495-SS|IN-C01499-SS,0|0|0|0|1|1|1|1|1|1|1|1,val
IND-S00744,transformer_overload,india_national_20k,IN-C00071-FD011,feeder,Nagari,Andhra Pradesh,3.125,1.198,1.0114,0,5,1,0,0.0,0.0,0,0,0,,,test
IND-S00745,transformer_overload,india_national_20k,IN-C01376-FD021,feeder,Bhāgalpur,Bihar,5.4985,1.2832,1.0037,0,8,2,3,0.16,0.00283,400146,0,3,IN-C01376-SS|IN-C01376-TR02|IN-C01376-FD021,0|0|0,val
IND-S00746,heatwave,india_national_20k,IN-C12349-FD021,feeder,Vellore,Tamil Nadu,3.4938,1.2544,1.12,0,8,2,3,8.4,0.00228,484690,0,3,IN-C12349-SS|IN-C12349-TR02|IN-C12349-FD021,0|0|0,train
IND-S00747,cascade_emergency,india_national_20k,IN-C12344-FD012,feeder,Tirunelveli,Tamil Nadu,6.3581,1.3734,1.1445,3,10,2,5,8.89,0.00443,1436844,0,3,IN-C12344-SS|IN-C12344-TR01|IN-C12344-FD012|IN-C17443-SS|IN-C18843-SS,0|0|0|0|0,train
IND-S00748,line_outage,india_national_20k,IN-C09284-FD011,feeder,Nagpur,Maharashtra,1.8824,1.2327,1.0587,3,10,2,3,0.17,0.0032,2405665,0,3,IN-C09284-SS|IN-C09284-TR01|IN-C09284-FD011,0|0|0,train
IND-S00749,transformer_overload,india_national_20k,IN-C05684-SS,substation,Malpe,Karnataka,2.3458,1.1284,1.0134,0,7,2,2,0.04,0.00013,23996,0,2,IN-C05684-SS|IN-C06398-SS,0|0,test
IND-S00750,line_outage,india_national_20k,IN-C14904-SS,substation,Peddapalli,Telangana,1.5197,1.1836,1.0541,2,5,1,0,0.0,0.0,0,0,0,,,train
IND-S00751,line_outage,india_national_20k,IN-C10424-GEN01,generator,Nowrangapur,Odisha,1.8586,1.0446,1.0268,1,34,1,0,0.0,0.0,0,0,0,,,train
IND-S00752,high_demand,india_national_20k,IN-C04986-SS,substation,Hesla,Jharkhand,2.4187,1.271,1.0469,1,7,1,0,0.0,0.0,0,0,0,,,train
IND-S00753,transformer_overload,india_national_20k,IN-C11134-SS,substation,Sanaur,Punjab,3.6401,1.0949,1.0733,0,4,2,5,0.11,0.00021,33210,0,4,IN-C11134-SS|IN-C11195-SS|IN-C11281-SS|IN-C11447-SS|IN-C11519-SS,0|0|0|0|0,train
IND-S00754,transformer_overload,india_national_20k,IN-C15547-GEN02,generator,Lucknow,Uttar Pradesh,4.9838,1.2045,1.004,0,120,3,5,0.25,0.00386,2556657,0,3,IN-C15547-SS|IN-UTT-HUB|IN-C19438-SS|IN-C19462-SS|IN-C19475-SS,0|0|1|1|1,train
IND-S00755,transformer_overload,india_national_20k,IN-C11700-SS,substation,Todabhim,Rajasthan,2.8377,1.0677,1.0623,0,5,1,0,0.0,0.0,0,0,0,,,train
IND-S00756,normal_operation,india_national_20k,IN-C00018-GEN02,generator,Vijayawada,Andhra Pradesh,1.0886,0.9734,1.0148,0,45,1,0,0.0,0.0,0,0,0,,,test
IND-S00757,normal_operation,india_national_20k,IN-C03305-FD011,feeder,Pātan,Gujarat,1.106,0.9228,0.9993,0,5,1,0,0.0,0.0,0,0,0,,,train
IND-S00758,cascade_emergency,india_national_20k,IN-C09287-GEN06,generator,Nashik,Maharashtra,6.0756,1.5968,1.0585,2,41,6,84,10.86,0.01147,21650753,0,3,IN-WR-HUB|IN-SR-HUB|IN-ER-HUB|IN-NER-HUB|IN-KER-HUB|IN-C07054-SS|IN-MAH-HUB|IN-C09287-SS|IN-C10346-SS|IN-C10353-SS|IN-C10362-SS|IN-C10384-SS,0|0|0|0|0|0|0|0|0|0|0|0,train
IND-S00759,line_outage,india_national_20k,IN-C15553-GEN08,generator,Alīgarh,Uttar Pradesh,1.8595,1.1315,1.0163,3,116,1,0,0.0,0.0,0,0,0,,,train
IND-S00760,heatwave,india_national_20k,IN-C11560-FD012,feeder,Jaipur,Rajasthan,2.2947,1.1513,1.1425,0,10,2,3,0.22,0.00454,3046163,0,3,IN-C11560-SS|IN-C11560-TR01|IN-C11560-FD012,0|0|0,train
IND-S00761,normal_operation,india_national_20k,IN-C01374-FD022,feeder,Patna,Bihar,1.0861,0.8664,0.991,0,10,1,0,0.0,0.0,0,0,0,,,val
IND-S00762,high_demand,india_national_20k,IN-C05530-FD031,feeder,Bengaluru,Karnataka,2.9965,1.5249,1.0668,0,10,5,72,10.73,0.01713,31255155,0,4,IN-SR-HUB|IN-KAR-HUB|IN-C05530-SS|IN-C05530-TR03|IN-C05530-FD031|IN-ER-HUB|IN-NER-HUB|IN-C10362-SS|IN-C11034-SS|IN-C11047-SS|IN-C01444-SS|IN-JHA-HUB,0|0|0|0|0|1|1|1|1|1|2|2,test
IND-S00763,cascade_emergency,india_national_20k,IN-C05540-FD011,feeder,Tumkūr,Karnataka,7.748,1.341,1.139,5,8,2,3,8.71,0.00299,307359,0,3,IN-C05540-SS|IN-C05540-TR01|IN-C05540-FD011,0|0|0,test
IND-S00764,transformer_overload,india_national_20k,IN-C03283-FD032,feeder,Rājkot,Gujarat,3.9169,1.2528,1.0606,0,10,2,3,0.16,0.00296,1390640,0,3,IN-C03283-SS|IN-C03283-TR03|IN-C03283-FD032,0|0|0,train
IND-S00765,line_outage,india_national_20k,IN-C03283-GEN04,generator,Rājkot,Gujarat,1.2599,1.1388,1.0489,4,28,1,0,0.0,0.0,0,0,0,,,train
IND-S00766,high_demand,india_national_20k,IN-C09309-FD021,feeder,Parbhani,Maharashtra,2.5214,1.4023,1.0952,1,6,1,0,8.59,0.0,0,0,0,,,train
IND-S00767,normal_operation,india_national_20k,IN-C03797-FD011,feeder,Yamuna Nagar,Haryana,1.1001,0.9581,1.0021,0,6,1,0,0.0,0.0,0,0,0,,,train
IND-S00768,heatwave,india_national_20k,IN-C04824-FD022,feeder,Ranchi,Jharkhand,2.8298,1.3612,1.1376,1,10,1,0,8.63,0.0,0,0,0,,,train
IND-S00769,line_outage,india_national_20k,IN-C03281-FD022,feeder,Surat,Gujarat,1.7382,1.236,1.0545,1,10,1,0,0.0,0.0,0,0,0,,,train
IND-S00770,transformer_overload,india_national_20k,IN-C12343-SS,substation,Madurai,Tamil Nadu,4.9606,1.0997,1.0661,1,260,2,4,0.25,0.0047,1535580,0,4,IN-TAM-HUB|IN-C12343-SS|IN-C12462-SS|IN-C12578-SS,0|0|0|0,train
IND-S00771,normal_operation,india_national_20k,IN-C03091-SS,substation,Tighri,Delhi,1.0312,1.0258,0.997,0,9,1,0,0.0,0.0,0,0,0,,,train
IND-S00772,transformer_overload,india_national_20k,IN-C07861-GEN05,generator,Ujjain,Madhya Pradesh,3.5794,1.0904,1.011,0,49,2,2,0.04,6e-05,103501,0,2,IN-MAD-HUB|IN-C07885-SS,0|0,train
IND-S00773,high_demand,india_national_20k,IN-C03063-FD011,feeder,Nāngloi Jāt,Delhi,2.6631,1.3105,1.0785,0,5,1,0,8.36,0.0,0,0,0,,,train
IND-S00774,transformer_overload,india_national_20k,IN-C01409-FD011,feeder,Barauni,Bihar,5.7983,1.1389,1.0504,1,5,1,0,0.0,0.0,0,0,0,,,val
IND-S00775,normal_operation,india_national_20k,IN-C04834-FD011,feeder,Rāmgarh,Jharkhand,1.1011,1.0272,0.9909,0,6,1,0,0.0,0.0,0,0,0,,,train
IND-S00776,heatwave,india_national_20k,IN-C11597-FD011,feeder,Ratangarh,Rajasthan,1.7305,1.238,1.1133,0,5,1,0,0.0,0.0,0,0,0,,,train
IND-S00777,high_demand,india_national_20k,IN-C07864-GEN08,generator,Satna,Madhya Pradesh,1.8668,1.4588,1.0668,0,47,1,0,8.64,0.0,0,0,0,,,train
IND-S00778,line_outage,india_national_20k,IN-C09291-GEN10,generator,Virār,Maharashtra,1.4885,1.2041,1.0233,4,40,1,0,0.0,0.0,0,0,0,,,train
IND-S00779,line_outage,india_national_20k,IN-C15546-FD021,feeder,Kanpur,Uttar Pradesh,2.2991,1.0327,1.0417,4,10,2,3,0.21,0.00422,2823249,0,3,IN-C15546-SS|IN-C15546-TR02|IN-C15546-FD021,0|0|0,train
IND-S00780,line_outage,india_national_20k,IN-C05383-SS,substation,Ara,Jharkhand,2.0996,1.1443,1.0133,4,7,2,1,0.02,1e-05,6133,0,0,IN-C12328-SS,0,train
IND-S00781,transformer_overload,india_national_20k,IN-C03281-FD031,feeder,Surat,Gujarat,5.5135,1.2131,1.0458,0,10,2,4,0.48,0.01142,4591246,0,4,IN-GUJ-HUB|IN-C03281-SS|IN-C03281-TR03|IN-C03281-FD031,0|0|0|0,train
IND-S00782,transformer_overload,india_national_20k,IN-C12344-SS,substation,Tirunelveli,Tamil Nadu,2.8668,1.0362,1.0372,1,260,1,0,0.0,0.0,0,0,0,,,train
IND-S00783,cascade_emergency,india_national_20k,IN-C05558-FD011,feeder,Closepet,Karnataka,8.0745,1.5246,1.1368,2,6,6,110,11.78,0.02309,51825499,0,4,IN-SR-HUB|IN-KAR-HUB|IN-C05558-SS|IN-C05558-TR01|IN-C05558-FD011|IN-ER-HUB|IN-NER-HUB|IN-C05538-SS|IN-C05556-SS|IN-C05639-SS|IN-C05722-SS|IN-C06290-SS,0|0|0|0|0|1|1|1|1|1|1|1,test
IND-S00784,line_outage,india_national_20k,IN-C03358-SS,substation,Khambhāliya,Gujarat,1.5585,1.2639,1.0285,2,3,1,0,0.0,0.0,0,0,0,,,train
IND-S00785,transformer_overload,india_national_20k,IN-C09285-FD032,feeder,Thāne,Maharashtra,4.8667,1.086,1.0606,1,10,1,0,0.0,0.0,0,0,0,,,train
IND-S00786,heatwave,india_national_20k,IN-C04131-GEN02,generator,Solan,Himachal Pradesh,2.7621,1.1961,1.1309,1,14,1,0,0.0,0.0,0,0,0,,,train
IND-S00787,heatwave,india_national_20k,IN-C11561-SS,substation,Jodhpur,Rajasthan,1.8757,1.4075,1.0875,0,120,2,2,8.63,0.0002,61282,0,2,IN-C11636-SS|IN-C11701-SS,0|0,train
IND-S00788,cascade_emergency,india_national_20k,IN-C09283-GEN02,generator,Pune,Maharashtra,8.0034,1.4786,1.1518,3,42,6,106,11.5,0.01865,27623410,0,3,IN-WR-HUB|IN-SR-HUB|IN-ER-HUB|IN-NER-HUB|IN-KER-HUB|IN-C07054-SS|IN-MAH-HUB|IN-C09283-SS|IN-C10346-SS|IN-C10353-SS|IN-C10360-SS|IN-C10362-SS,0|0|0|0|0|0|0|0|0|0|0|0,train
IND-S00789,heatwave,india_national_20k,IN-C03802-FD011,feeder,Bahadurgarh,Haryana,3.4613,1.2183,1.1131,0,5,1,0,0.0,0.0,0,0,0,,,train
IND-S00790,cascade_emergency,india_national_20k,IN-C03791-GEN02,generator,Gurugram,Haryana,5.8045,1.5144,1.0706,4,21,6,114,11.31,0.01327,19938493,0,2,IN-WR-HUB|IN-NER-HUB|IN-HAR-HUB|IN-C03791-SS|IN-C01444-SS|IN-CHH-HUB|IN-C02530-SS|IN-C02531-SS|IN-C02533-SS|IN-DEL-HUB|IN-C03059-SS|IN-JAM-HUB,0|0|0|0|1|1|1|1|1|1|1|1,train
IND-S00791,normal_operation,india_national_20k,IN-C07070-FD011,feeder,Cheruvannur,Kerala,1.0637,0.8562,1.0048,0,6,1,0,0.0,0.0,0,0,0,,,train
IND-S00792,high_demand,india_national_20k,IN-C01572-SS,substation,Mohanpur,Bihar,1.9756,1.5118,1.0666,0,6,2,6,8.9,0.0003,169658,0,3,IN-C01412-SS|IN-C01444-SS|IN-C01512-SS|IN-C01523-SS|IN-C01528-SS|IN-C01549-SS,0|0|0|0|0|0,val
IND-S00793,line_outage,india_national_20k,IN-C03283-GEN04,generator,Rājkot,Gujarat,2.2554,1.2742,1.0546,2,28,2,2,0.09,0.00123,1390640,0,2,IN-GUJ-HUB|IN-C03283-SS,0|0,train
IND-S00794,transformer_overload,india_national_20k,IN-C05530-FD022,feeder,Bengaluru,Karnataka,3.3312,1.1899,1.0152,0,10,2,3,0.34,0.00789,8495492,0,3,IN-C05530-SS|IN-C05530-TR02|IN-C05530-FD022,0|0|0,test
IND-S00795,cascade_emergency,india_national_20k,IN-C02537-SS,substation,Mahāsamund,Chhattisgarh,4.0344,1.5565,1.1415,3,4,1,0,9.02,0.0,0,0,0,,,train
IND-S00796,transformer_overload,india_national_20k,IN-C09282-FD031,feeder,Mumbai,Maharashtra,3.4128,1.1846,1.0175,1,10,1,0,0.0,0.0,0,0,0,,,train
IND-S00797,heatwave,india_national_20k,IN-C03576-SS,substation,Bhilad,Gujarat,1.5877,1.2819,1.1884,1,3,1,0,8.58,0.0,0,0,0,,,train
IND-S00798,heatwave,india_national_20k,IN-C07857-FD022,feeder,Indore,Madhya Pradesh,1.9699,1.3095,1.1086,1,10,1,0,8.44,0.0,0,0,0,,,train
IND-S00799,heatwave,india_national_20k,IN-C03307-FD011,feeder,Vejalpur,Gujarat,2.0825,1.302,1.1481,1,5,1,0,8.53,0.0,0,0,0,,,train
IND-S00800,line_outage,india_national_20k,IN-C15552-GEN07,generator,Prayagraj,Uttar Pradesh,2.2919,1.2637,1.0378,3,119,3,5,0.18,0.00104,1158084,0,3,IN-C15552-SS|IN-UTT-HUB|IN-C19438-SS|IN-C19462-SS|IN-C19475-SS,0|0|1|1|1,train
IND-S00801,transformer_overload,india_national_20k,IN-C10427-GEN04,generator,Brahmapur,Odisha,2.1021,1.0022,1.0681,0,26,1,0,0.0,0.0,0,0,0,,,train
IND-S00802,normal_operation,india_national_20k,IN-C09342-FD011,feeder,Kharakvasla,Maharashtra,1.123,0.8896,1.0158,0,5,1,0,0.0,0.0,0,0,0,,,train
IND-S00803,transformer_overload,india_national_20k,IN-C15559-FD011,feeder,Modīnagar,Uttar Pradesh,5.052,1.0722,1.0121,0,7,2,4,0.2,0.00311,475843,0,4,IN-C15559-SS|IN-C15559-TR01|IN-C15559-FD011|IN-UTT-HUB,0|0|0|0,train
IND-S00804,line_outage,india_national_20k,IN-C03794-GEN05,generator,Karnāl,Haryana,2.4986,1.0689,1.0498,2,19,1,0,0.0,0.0,0,0,0,,,train
IND-S00805,transformer_overload,india_national_20k,IN-C07894-FD011,feeder,Bālāghāt,Madhya Pradesh,4.2343,1.0361,1.0653,1,5,1,0,0.0,0.0,0,0,0,,,train
IND-S00806,transformer_overload,india_national_20k,IN-C09289-GEN08,generator,Kalyān,Maharashtra,4.1985,1.1808,1.0044,1,41,5,19,0.54,0.00317,3496124,0,6,IN-WR-HUB|IN-MAH-HUB|IN-C09289-SS|IN-C09290-SS|IN-C09301-SS|IN-C09312-SS|IN-ER-HUB|IN-NER-HUB|IN-C10346-SS|IN-C10353-SS|IN-C10360-SS|IN-C10362-SS,0|0|0|0|0|0|1|1|2|2|2|2,train
IND-S00807,transformer_overload,india_national_20k,IN-C06648-SS,substation,Annehalli,Karnataka,2.5797,1.2766,1.041,0,6,1,0,0.0,0.0,0,0,0,,,test
IND-S00808,high_demand,india_national_20k,IN-C07362-SS,substation,Koratti,Kerala,1.9144,1.401,1.0435,0,4,1,0,8.46,0.0,0,0,0,,,train
IND-S00809,line_outage,india_national_20k,IN-C09295-FD021,feeder,Bhayandar,Maharashtra,2.4796,1.067,1.0293,2,7,2,3,0.16,0.00284,809378,0,3,IN-C09295-SS|IN-C09295-TR02|IN-C09295-FD021,0|0|0,train
IND-S00810,heatwave,india_national_20k,IN-C03280-FD032,feeder,Ahmedabad,Gujarat,2.6627,1.275,1.0872,1,10,1,0,0.01,0.0,0,0,0,,,train
IND-S00811,cascade_emergency,india_national_20k,IN-C07864-FD021,feeder,Satna,Madhya Pradesh,7.9196,1.4249,1.1719,5,8,6,67,10.41,0.00824,14980014,0,3,IN-SR-HUB|IN-C07864-SS|IN-C07864-TR02|IN-C07864-FD021|IN-C15957-SS|IN-C18202-SS|IN-C19366-SS|IN-ER-HUB|IN-NER-HUB|IN-KAR-HUB|IN-C05537-SS|IN-C05539-SS,0|0|0|0|0|0|0|1|1|1|1|1,train
IND-S00812,cascade_emergency,india_national_20k,IN-C09291-GEN10,generator,Virār,Maharashtra,7.4469,1.493,1.1576,5,40,6,115,11.57,0.01574,27851916,0,3,IN-WR-HUB|IN-SR-HUB|IN-ER-HUB|IN-NER-HUB|IN-KER-HUB|IN-C07054-SS|IN-MAH-HUB|IN-C09291-SS|IN-C10346-SS|IN-C10353-SS|IN-C10362-SS|IN-C10384-SS,0|0|0|0|0|0|0|0|0|0|0|0,train
IND-S00813,cascade_emergency,india_national_20k,IN-C09312-SS,substation,Ambarnath,Maharashtra,4.8235,1.3864,1.1163,4,45,1,0,8.63,0.0,0,0,0,,,train
IND-S00814,cascade_emergency,india_national_20k,IN-C02531-GEN07,generator,Raigarh,Chhattisgarh,8.632,1.4804,1.1497,4,22,10,140,12.23,0.02206,44187243,0,2,IN-CHH-HUB|IN-C02531-SS|IN-MAH-HUB|IN-C09293-SS|IN-C01444-SS|IN-TAM-HUB|IN-C12372-SS|IN-C12378-SS|IN-C12392-SS|IN-NR-HUB|IN-C10278-SS|IN-C15525-SS,0|0|0|0|1|1|1|1|1|2|2|2,train
IND-S00815,line_outage,india_national_20k,IN-C09290-GEN09,generator,Dombivali,Maharashtra,1.9183,1.0126,1.0264,2,40,2,3,0.11,0.00112,1808301,0,2,IN-C09289-SS|IN-C09301-SS|IN-C09473-SS,0|0|0,train
IND-S00816,cascade_emergency,india_national_20k,IN-C05826-SS,substation,Alūr,Karnataka,4.8759,1.3659,1.1121,5,4,1,0,8.53,0.0,0,0,0,,,test
IND-S00817,cascade_emergency,india_national_20k,IN-C11050-GEN01,generator,Ludhiana,Punjab,6.8148,1.3957,1.1708,2,29,5,105,11.27,0.01657,30372051,0,3,IN-NR-HUB|IN-WR-HUB|IN-NER-HUB|IN-PUN-HUB|IN-C11050-SS|IN-C01444-SS|IN-CHH-HUB|IN-C02530-SS|IN-C02531-SS|IN-C02533-SS|IN-DEL-HUB|IN-C03058-SS,0|0|0|0|0|1|1|1|1|1|1|1,train
IND-S00818,cascade_emergency,india_national_20k,IN-C09285-FD021,feeder,Thāne,Maharashtra,8.4714,1.383,1.1356,5,10,5,82,10.74,0.01676,26015990,0,4,IN-WR-HUB|IN-SR-HUB|IN-MAH-HUB|IN-C09282-SS|IN-C09285-SS|IN-C09285-TR02|IN-C09285-FD021|IN-ER-HUB|IN-NER-HUB|IN-C11034-SS|IN-C11047-SS|IN-DEL-HUB,0|0|0|0|0|0|0|1|1|1|1|2,train
IND-S00819,transformer_overload,india_national_20k,IN-C10443-FD011,feeder,Bhawānipatna,Odisha,3.8209,1.0905,1.0793,0,5,1,0,0.0,0.0,0,0,0,,,train
IND-S00820,cascade_emergency,india_national_20k,IN-C03058-FD011,feeder,Delhi,Delhi,6.0755,1.4947,1.1454,3,10,6,111,11.75,0.02289,26734549,0,4,IN-NR-HUB|IN-WR-HUB|IN-SR-HUB|IN-ER-HUB|IN-NER-HUB|IN-DEL-HUB|IN-C03058-SS|IN-C03058-TR01|IN-C03058-FD011|IN-KER-HUB|IN-C07054-SS|IN-C10346-SS,0|0|0|0|0|0|0|0|0|0|0|0,train
IND-S00821,transformer_overload,india_national_20k,IN-C12340-FD022,feeder,Chennai,Tamil Nadu,4.5027,1.2512,1.0037,1,10,1,0,0.0,0.0,0,0,0,,,train
IND-S00822,normal_operation,india_national_20k,IN-C03290-FD011,feeder,Nadiād,Gujarat,1.0009,0.9508,1.0011,0,6,1,0,0.0,0.0,0,0,0,,,train
IND-S00823,high_demand,india_national_20k,IN-C07857-SS,substation,Indore,Madhya Pradesh,1.5048,1.4522,1.0243,0,187,3,4,8.65,0.00185,2105506,0,4,IN-MAD-HUB|IN-C07857-SS|IN-C07885-SS|IN-C08275-SS,0|0|1|1,train
IND-S00824,cascade_emergency,india_national_20k,IN-C00022-FD021,feeder,Kurnool,Andhra Pradesh,6.6524,1.5685,1.1244,4,8,6,818,28.79,0.15434,79372431,0,4,IN-SR-HUB|IN-ER-HUB|IN-AND-HUB|IN-C00022-SS|IN-C00022-TR02|IN-C00022-FD021|IN-KER-HUB|IN-C07054-SS|IN-C10346-SS|IN-C10353-SS|IN-C10362-SS|IN-C10384-SS,0|0|0|0|0|0|0|0|0|0|0|0,test
IND-S00825,cascade_emergency,india_national_20k,IN-C19755-FD011,feeder,Jāmuria,West Bengal,6.2153,1.4034,1.1479,2,5,2,8,9.02,0.00316,1331410,0,5,IN-C19731-SS|IN-C19733-SS|IN-C19755-SS|IN-C19766-SS|IN-C19864-SS|IN-C19963-SS|IN-C19755-TR01|IN-C19755-FD011,0|0|0|0|0|0|0|0,val
IND-S00826,transformer_overload,india_national_20k,IN-C03280-FD021,feeder,Ahmedabad,Gujarat,3.8367,1.051,1.0016,1,10,1,0,0.0,0.0,0,0,0,,,train
IND-S00827,cascade_emergency,india_national_20k,IN-C02349-SS,substation,Arrāhi,Bihar,4.3659,1.4354,1.0819,1,5,1,0,8.64,0.0,0,0,0,,,val
IND-S00828,cascade_emergency,india_national_20k,IN-C07858-FD011,feeder,Bhopal,Madhya Pradesh,6.2437,1.4125,1.0549,5,10,3,14,8.97,0.00599,2330333,0,6,IN-MAD-HUB|IN-C07858-SS|IN-C07882-SS|IN-C07888-SS|IN-C07892-SS|IN-C07908-SS|IN-C08007-SS|IN-C08067-SS|IN-C08104-SS|IN-C08742-SS|IN-C07858-TR01|IN-C07858-FD011,0|0|0|0|0|0|0|0|0|0|0|0,train
IND-S00829,normal_operation,india_national_20k,IN-C09284-FD022,feeder,Nagpur,Maharashtra,1.0885,0.8775,0.9802,0,10,1,0,0.0,0.0,0,0,0,,,train
IND-S00830,transformer_overload,india_national_20k,IN-C03796-FD021,feeder,Sonīpat,Haryana,5.201,1.2746,1.0325,0,7,2,4,0.15,0.00194,289333,0,4,IN-HAR-HUB|IN-C03796-SS|IN-C03796-TR02|IN-C03796-FD021,0|0|0|0,train
IND-S00831,line_outage,india_national_20k,IN-C12340-FD011,feeder,Chennai,Tamil Nadu,2.015,1.0552,1.0065,3,10,2,4,0.2,0.00335,86195,0,3,IN-TAM-HUB|IN-C12392-SS|IN-C12340-TR01|IN-C12340-FD011,0|0|0|0,train
IND-S00832,transformer_overload,india_national_20k,IN-C05530-FD021,feeder,Bengaluru,Karnataka,3.0452,1.1382,1.0522,0,10,2,3,0.32,0.00743,8495492,0,3,IN-C05530-SS|IN-C05530-TR02|IN-C05530-FD021,0|0|0,test
IND-S00833,transformer_overload,india_national_20k,IN-C02534-SS,substation,Dhamtari,Chhattisgarh,5.2875,1.1438,1.005,1,73,1,0,0.0,0.0,0,0,0,,,train
IND-S00834,heatwave,india_national_20k,IN-C12404-FD011,feeder,Tindivanam,Tamil Nadu,3.2516,1.3306,1.1392,0,5,1,0,8.57,0.0,0,0,0,,,train
IND-S00835,line_outage,india_national_20k,IN-C03295-FD011,feeder,Verāval,Gujarat,2.046,1.1755,1.0093,4,5,1,0,0.0,0.0,0,0,0,,,train
IND-S00836,cascade_emergency,india_national_20k,IN-C15551-GEN06,generator,Varanasi,Uttar Pradesh,6.452,1.5869,1.1638,3,120,7,1065,34.67,0.19632,69793633,0,19,IN-NR-HUB|IN-WR-HUB|IN-SR-HUB|IN-ER-HUB|IN-NER-HUB|IN-KER-HUB|IN-C07054-SS|IN-C10346-SS|IN-C10353-SS|IN-C10362-SS|IN-C15551-SS|IN-C15600-SS,0|0|0|0|0|0|0|0|0|0|0|0,train
IND-S00837,heatwave,india_national_20k,IN-C10476-SS,substation,Jaleshwar,Odisha,2.9394,1.2033,1.1824,2,4,1,0,8.38,0.0,0,0,0,,,train
IND-S00838,cascade_emergency,india_national_20k,IN-C07052-GEN08,generator,Palakkad,Kerala,4.9986,1.3337,1.152,2,29,1,0,8.61,0.0,0,0,0,,,train
IND-S00839,high_demand,india_national_20k,IN-C05534-GEN05,generator,Mangaluru,Karnataka,2.1725,1.5088,1.0735,0,48,5,74,10.46,0.00966,22275660,0,8,IN-SR-HUB|IN-ER-HUB|IN-NER-HUB|IN-KAR-HUB|IN-C05536-SS|IN-C05537-SS|IN-C05539-SS|IN-C05540-SS|IN-C05541-SS|IN-C05556-SS|IN-C05639-SS|IN-C05722-SS,0|1|1|1|1|1|1|1|1|1|1|1,test
IND-S00840,heatwave,india_national_20k,IN-C10425-FD011,feeder,Bhubaneswar,Odisha,3.4828,1.2224,1.1167,2,8,2,4,0.23,0.00415,885363,0,4,IN-ODI-HUB|IN-C10425-SS|IN-C10425-TR01|IN-C10425-FD011,0|0|0|0,train
IND-S00841,high_demand,india_national_20k,IN-C12343-FD011,feeder,Madurai,Tamil Nadu,2.0032,1.2537,1.0706,0,10,2,3,0.13,0.00202,1465625,0,3,IN-C12343-SS|IN-C12343-TR01|IN-C12343-FD011,0|0|0,train
IND-S00842,transformer_overload,india_national_20k,IN-C03282-FD022,feeder,Vadodara,Gujarat,3.1271,1.1276,1.0201,1,10,1,0,0.0,0.0,0,0,0,,,train
IND-S00843,line_outage,india_national_20k,IN-C11696-SS,substation,Māndal,Rajasthan,1.6485,1.1188,1.0024,1,32,1,0,0.0,0.0,0,0,0,,,train
IND-S00844,line_outage,india_national_20k,IN-C05531-GEN02,generator,Hubballi,Karnataka,1.3124,1.1903,1.0518,2,49,1,0,0.0,0.0,0,0,0,,,test
IND-S00845,transformer_overload,india_national_20k,IN-C11057-SS,substation,Mohali,Punjab,5.6849,1.1313,1.0275,1,84,1,0,0.0,0.0,0,0,0,,,train
IND-S00846,heatwave,india_national_20k,IN-C03795-GEN06,generator,Panipat,Haryana,1.8217,1.2573,1.1886,0,21,1,0,8.53,0.0,0,0,0,,,train
IND-S00847,high_demand,india_national_20k,IN-TRI-HUB-GEN,generator,Tripura Hub Generation,Tripura,1.9157,1.3519,1.0234,1,23,1,0,0.0,0.0,0,0,0,,,train
IND-S00848,cascade_emergency,india_national_20k,IN-C10424-FD031,feeder,Nowrangapur,Odisha,5.4906,1.3208,1.144,4,10,2,4,8.71,0.00335,1220946,0,4,IN-ODI-HUB|IN-C10424-SS|IN-C10424-TR03|IN-C10424-FD031,0|0|0|0,train
IND-S00849,heatwave,india_national_20k,IN-C11574-FD011,feeder,Hanumāngarh,Rajasthan,2.8019,1.4213,1.21,1,6,1,0,9.02,0.0,0,0,0,,,train
IND-S00850,line_outage,india_national_20k,IN-C07046-FD021,feeder,Thiruvananthapuram,Kerala,2.2648,1.1934,1.0046,3,8,2,3,0.17,0.00257,788271,0,3,IN-C07046-SS|IN-C07046-TR02|IN-C07046-FD021,0|0|0,train
IND-S00851,cascade_emergency,india_national_20k,IN-C07860-GEN04,generator,Gwalior,Madhya Pradesh,7.9203,1.5485,1.091,5,51,6,134,11.78,0.01299,17338686,0,5,IN-WR-HUB|IN-SR-HUB|IN-ER-HUB|IN-NER-HUB|IN-MAD-HUB|IN-C07860-SS|IN-WES-HUB|IN-C01444-SS|IN-CHH-HUB|IN-C02530-SS|IN-C02531-SS|IN-C02533-SS,0|0|0|0|0|0|0|1|1|1|1|1,train
IND-S00852,high_demand,india_national_20k,IN-C04484-FD021,feeder,Srinagar,Jammu and Kashmir,2.5824,1.3149,1.0863,1,10,1,0,8.4,0.0,0,0,0,,,train
IND-S00853,transformer_overload,india_national_20k,IN-C12656-SS,substation,Kadayal,Tamil Nadu,5.1337,1.0567,1.019,0,5,1,0,0.0,0.0,0,0,0,,,train
IND-S00854,normal_operation,india_national_20k,IN-C03287-FD011,feeder,Jūnāgadh,Gujarat,1.0911,1.036,1.0025,0,8,1,0,0.0,0.0,0,0,0,,,train
IND-S00855,line_outage,india_national_20k,IN-C19772-FD011,feeder,Puruliya,West Bengal,1.8028,1.1301,1.0247,4,5,1,0,0.0,0.0,0,0,0,,,val
IND-S00856,high_demand,india_national_20k,IN-C03334-FD011,feeder,Siddhapur,Gujarat,2.0763,1.294,1.0642,0,5,1,0,0.0,0.0,0,0,0,,,train
IND-S00857,heatwave,india_national_20k,IN-C07264-SS,substation,Muhamma,Kerala,1.8268,1.218,1.1945,2,1,1,0,8.45,0.0,0,0,0,,,train
IND-S00858,transformer_overload,india_national_20k,IN-C03285-FD011,feeder,Jamnagar,Gujarat,4.9092,1.1406,1.0025,0,8,2,3,0.19,0.00383,600943,0,3,IN-C03285-SS|IN-C03285-TR01|IN-C03285-FD011,0|0|0,train
IND-S00859,transformer_overload,india_national_20k,IN-C07229-SS,substation,Māvelikara,Kerala,3.5392,1.1468,1.0628,1,5,1,0,0.0,0.0,0,0,0,,,train
IND-S00860,cascade_emergency,india_national_20k,IN-C11560-TR03,transformer,Jaipur,Rajasthan,8.7532,1.5452,1.1706,1,38,5,854,29.62,0.1586,89391216,0,4,IN-WR-HUB|IN-ER-HUB|IN-NER-HUB|IN-RAJ-HUB|IN-C11560-SS|IN-C10362-SS|IN-C19963-SS|IN-C10346-SS|IN-C19729-SS|IN-WES-HUB|IN-C19730-SS|IN-C10360-SS,0|0|0|0|0|1|1|1|1|1|1|1,train
IND-S00861,line_outage,india_national_20k,IN-C09283-SS,substation,Pune,Maharashtra,2.0554,1.1281,1.0439,3,156,1,0,0.0,0.0,0,0,0,,,train
IND-S00862,cascade_emergency,india_national_20k,IN-C03281-SS,substation,Surat,Gujarat,4.6458,1.5436,1.1564,2,89,7,931,32.07,0.19038,70328877,0,12,IN-WR-HUB|IN-SR-HUB|IN-ER-HUB|IN-NER-HUB|IN-GUJ-HUB|IN-C03281-SS|IN-C03785-SS|IN-KER-HUB|IN-C07054-SS|IN-C10346-SS|IN-C10362-SS|IN-C15600-SS,0|0|0|0|0|0|0|0|0|0|0|0,train
IND-S00863,transformer_overload,india_national_20k,IN-TEL-HUB-GEN,generator,Telangana Hub Generation,Telangana,3.4082,1.1612,1.0356,1,92,1,0,0.0,0.0,0,0,0,,,train
IND-S00864,normal_operation,india_national_20k,IN-C10424-SS,substation,Nowrangapur,Odisha,1.1495,0.8849,1.0173,0,100,1,0,0.0,0.0,0,0,0,,,train
IND-S00865,high_demand,india_national_20k,IN-C03281-FD021,feeder,Surat,Gujarat,2.4689,1.3076,1.0251,1,10,1,0,0.0,0.0,0,0,0,,,train
IND-S00866,normal_operation,india_national_20k,IN-C02695-SS,substation,Hirmi,Chhattisgarh,1.148,0.861,1.0124,0,7,1,0,0.0,0.0,0,0,0,,,train
IND-S00867,heatwave,india_national_20k,IN-C03058-GEN01,generator,Delhi,Delhi,2.5368,1.179,1.1686,2,21,4,74,2.24,0.0091,18830382,0,3,IN-NR-HUB|IN-WR-HUB|IN-NER-HUB|IN-DEL-HUB|IN-C03058-SS|IN-C10290-SS|IN-C10346-SS|IN-C10353-SS|IN-C10360-SS|IN-C10362-SS|IN-C10384-SS|IN-NAG-HUB,0|0|0|0|0|1|1|1|1|1|1|1,train
IND-S00868,transformer_overload,india_national_20k,IN-C12345-SS,substation,Tiruchirappalli,Tamil Nadu,2.5132,1.0629,1.0361,1,260,1,0,0.0,0.0,0,0,0,,,train
IND-S00869,cascade_emergency,india_national_20k,IN-C00028-FD011,feeder,Gajuwaka,Andhra Pradesh,4.0016,1.4051,1.0976,3,8,2,3,8.72,0.00138,258944,0,3,IN-C00028-SS|IN-C00028-TR01|IN-C00028-FD011,0|0|0,test
IND-S00870,transformer_overload,india_national_20k,IN-C07861-FD021,feeder,Ujjain,Madhya Pradesh,4.9835,1.0938,1.0531,1,8,1,0,0.01,0.0,0,0,0,,,train
IND-S00871,transformer_overload,india_national_20k,IN-C05555-FD011,feeder,Gangavati,Karnataka,5.4417,1.0752,1.0771,0,6,2,4,0.13,0.00154,114642,0,4,IN-KAR-HUB|IN-C05555-SS|IN-C05555-TR01|IN-C05555-FD011,0|0|0|0,test
IND-S00872,normal_operation,india_national_20k,IN-C04484-FD011,feeder,Srinagar,Jammu and Kashmir,1.0342,0.9514,0.9845,0,10,1,0,0.0,0.0,0,0,0,,,train
IND-S00873,high_demand,india_national_20k,IN-C15551-FD022,feeder,Varanasi,Uttar Pradesh,2.0438,1.3005,1.052,0,10,2,3,0.12,0.00162,1164404,0,3,IN-C15551-SS|IN-C15551-TR02|IN-C15551-FD022,0|0|0,train
IND-S00874,heatwave,india_national_20k,IN-C10426-GEN03,generator,Cuttack,Odisha,1.7023,1.3112,1.1455,2,25,2,3,8.6,0.00021,89270,0,0,IN-C07094-SS|IN-C07118-SS|IN-C07717-SS,0|0|0,train
IND-S00875,cascade_emergency,india_national_20k,IN-C03281-FD011,feeder,Surat,Gujarat,4.9637,1.3437,1.1241,4,10,5,40,9.77,0.0141,16551781,0,4,IN-WR-HUB|IN-SR-HUB|IN-GUJ-HUB|IN-C03281-SS|IN-C03281-TR01|IN-C03281-FD011|IN-NER-HUB|IN-C11034-SS|IN-C11047-SS|IN-C01444-SS|IN-C10290-SS|IN-C10346-SS,0|0|0|0|0|0|1|1|1|2|2|2,train
IND-S00876,transformer_overload,india_national_20k,IN-C15550-GEN05,generator,Ghāziābād,Uttar Pradesh,3.2254,1.0595,1.0764,1,123,2,5,0.16,0.00165,1716773,0,5,IN-C15550-SS|IN-C15557-SS|IN-C16428-SS|IN-C19118-SS|IN-C19203-SS,0|0|0|0|0,train
IND-S00877,line_outage,india_national_20k,IN-C15698-SS,substation,Kakrāla,Uttar Pradesh,1.8745,1.104,1.0504,4,10,1,0,0.0,0.0,0,0,0,,,train
IND-S00878,normal_operation,india_national_20k,IN-C19731-FD021,feeder,Durgapur,West Bengal,1.1099,0.9697,1.004,0,8,1,0,0.0,0.0,0,0,0,,,val
IND-S00879,high_demand,india_national_20k,IN-C05535-SS,substation,Belagavi,Karnataka,2.9574,1.4365,1.0737,0,188,1,0,8.63,0.0,0,0,0,,,test
IND-S00880,line_outage,india_national_20k,IN-C05530-SS,substation,Bengaluru,Karnataka,1.2837,1.1051,1.0106,1,191,1,0,0.0,0.0,0,0,0,,,test
IND-S00881,cascade_emergency,india_national_20k,IN-C06914-SS,substation,Arrekandige,Karnataka,5.6644,1.5011,1.0694,2,1,1,0,8.77,0.0,0,0,0,,,test
IND-S00882,normal_operation,india_national_20k,IN-C03280-FD032,feeder,Ahmedabad,Gujarat,1.1865,0.8994,1.0065,0,10,1,0,0.0,0.0,0,0,0,,,train
IND-S00883,transformer_overload,india_national_20k,IN-C03296-FD011,feeder,Navsari,Gujarat,5.517,1.0444,1.0015,1,5,1,0,0.0,0.0,0,0,0,,,train
IND-S00884,cascade_emergency,india_national_20k,IN-C05573-FD011,feeder,Jamkhandi,Karnataka,4.6408,1.5947,1.138,3,4,7,1083,36.74,0.24596,65003521,0,4,IN-KAR-HUB|IN-C05563-SS|IN-C05568-SS|IN-C05573-SS|IN-C06958-SS|IN-C05573-TR01|IN-C05573-FD011|IN-WR-HUB|IN-NER-HUB|IN-C05538-SS|IN-C05540-SS|IN-C05556-SS,0|0|0|0|0|0|0|1|1|1|1|1,test
IND-S00885,line_outage,india_national_20k,IN-C05561-FD011,feeder,Gokak,Karnataka,2.132,1.215,1.057,3,6,2,4,0.09,0.00044,79121,0,4,IN-KAR-HUB|IN-C05561-SS|IN-C05561-TR01|IN-C05561-FD011,0|0|0|0,test
IND-S00886,high_demand,india_national_20k,IN-C07859-GEN03,generator,Jabalpur,Madhya Pradesh,2.6867,1.4254,1.0208,0,52,2,2,8.52,0.00107,1081677,0,2,IN-MAD-HUB|IN-C07859-SS,0|0,train
IND-S00887,high_demand,india_national_20k,IN-C11583-SS,substation,Bārān,Rajasthan,2.8729,1.3741,1.066,1,7,1,0,8.47,0.0,0,0,0,,,train
IND-S00888,high_demand,india_national_20k,IN-C01447-SS,substation,Bar Bigha,Bihar,2.8459,1.5231,1.0638,0,5,1,0,8.8,0.0,0,0,0,,,val
IND-S00889,normal_operation,india_national_20k,IN-C11028-FD011,feeder,Puducherry,Puducherry,1.0858,0.9918,0.9819,0,8,1,0,0.0,0.0,0,0,0,,,train
IND-S00890,heatwave,india_national_20k,IN-JHA-HUB-GEN,generator,Jharkhand Hub Generation,Jharkhand,2.8034,1.3381,1.1118,1,88,1,0,8.52,0.0,0,0,0,,,train
IND-S00891,line_outage,india_national_20k,IN-C15573-SS,substation,Mirzāpur,Uttar Pradesh,1.9873,1.0206,1.0266,2,260,1,0,0.0,0.0,0,0,0,,,train
IND-S00892,high_demand,india_national_20k,IN-C00207-SS,substation,Nāgireddipalli,Andhra Pradesh,2.4115,1.4705,1.0815,0,4,1,0,8.74,0.0,0,0,0,,,test
IND-S00893,transformer_overload,india_national_20k,IN-C07891-FD011,feeder,Shahdol,Madhya Pradesh,2.7191,1.1262,1.0057,0,6,2,4,0.1,0.00063,89289,0,4,IN-MAD-HUB|IN-C07891-SS|IN-C07891-TR01|IN-C07891-FD011,0|0|0|0,train
IND-S00894,normal_operation,india_national_20k,IN-C11564-GEN05,generator,Ajmer,Rajasthan,1.0525,0.9923,0.9819,0,31,1,0,0.0,0.0,0,0,0,,,train
IND-S00895,high_demand,india_national_20k,IN-C07958-SS,substation,Kotma,Madhya Pradesh,2.6955,1.4852,1.05,0,3,1,0,8.65,0.0,0,0,0,,,train
IND-S00896,transformer_overload,india_national_20k,IN-C10892-SS,substation,Ankadihi,Odisha,2.3251,1.1304,1.0146,1,10,1,0,0.0,0.0,0,0,0,,,train
IND-S00897,line_outage,india_national_20k,IN-C10425-GEN02,generator,Bhubaneswar,Odisha,1.6685,1.0866,1.0122,4,26,1,0,0.0,0.0,0,0,0,,,train
IND-S00898,line_outage,india_national_20k,IN-C00017-FD031,feeder,Rasapūdipalem,Andhra Pradesh,1.8869,1.039,1.0126,3,10,2,2,0.09,0.00128,0,0,2,IN-C00017-TR03|IN-C00017-FD031,0|0,test
IND-S00899,high_demand,india_national_20k,IN-C15550-SS,substation,Ghāziābād,Uttar Pradesh,2.4228,1.5107,1.0489,1,260,1,0,8.71,0.0,0,0,0,,,train
IND-S00900,line_outage,india_national_20k,IN-C15630-FD011,feeder,Bīsalpur,Uttar Pradesh,1.4144,1.1734,1.0453,3,6,2,2,0.05,6e-05,105512,0,0,IN-KER-HUB|IN-C07054-SS,0|0,train
IND-S00901,transformer_overload,india_national_20k,IN-C10425-FD021,feeder,Bhubaneswar,Odisha,3.6823,1.0046,1.0056,0,8,2,3,0.21,0.00436,885363,0,3,IN-C10425-SS|IN-C10425-TR02|IN-C10425-FD021,0|0|0,train
IND-S00902,transformer_overload,india_national_20k,IN-C12345-GEN06,generator,Tiruchirappalli,Tamil Nadu,5.5682,1.1637,1.0084,0,80,2,2,0.1,0.0017,1022518,0,2,IN-TAM-HUB|IN-C12345-SS,0|0,train
IND-S00903,cascade_emergency,india_national_20k,IN-C12388-FD011,feeder,Avaniyāpuram,Tamil Nadu,5.4555,1.3372,1.1671,3,6,2,4,8.77,0.00121,89635,0,4,IN-TAM-HUB|IN-C12388-SS|IN-C12388-TR01|IN-C12388-FD011,0|0|0|0,train
IND-S00904,normal_operation,india_national_20k,IN-C01374-SS,substation,Patna,Bihar,1.1517,0.9573,0.9966,0,146,1,0,0.0,0.0,0,0,0,,,val
IND-S00905,cascade_emergency,india_national_20k,IN-C15658-SS,substation,Dhāmpur,Uttar Pradesh,4.2881,1.4848,1.1504,5,116,7,115,11.75,0.02076,47007882,0,5,IN-C15642-SS|IN-C15658-SS|IN-UTT-HUB|IN-C19765-SS|IN-C19898-SS|IN-WR-HUB|IN-SR-HUB|IN-C01444-SS|IN-C01445-SS|IN-C01481-SS|IN-CHH-HUB|IN-C02535-SS,0|0|0|0|0|1|1|1|1|1|1|1,train
IND-S00906,cascade_emergency,india_national_20k,IN-C19733-GEN05,generator,Āsansol,West Bengal,4.4917,1.3301,1.1492,1,22,2,6,8.75,0.00123,1331410,0,4,IN-C19731-SS|IN-C19733-SS|IN-C19755-SS|IN-C19766-SS|IN-C19864-SS|IN-C19963-SS,0|0|0|0|0|0,val
IND-S00907,normal_operation,india_national_20k,IN-C01474-SS,substation,Jhanjhārpur,Bihar,1.1778,1.0101,1.0153,0,9,1,0,0.0,0.0,0,0,0,,,val
IND-S00908,high_demand,india_national_20k,IN-C05551-FD011,feeder,Kolār,Karnataka,2.8595,1.3396,1.042,1,6,1,0,0.0,0.0,0,0,0,,,test
IND-S00909,high_demand,india_national_20k,IN-C15584-FD011,feeder,Budaun,Uttar Pradesh,1.7339,1.5357,1.069,1,6,1,0,8.83,0.0,0,0,0,,,train
IND-S00910,high_demand,india_national_20k,IN-C15549-GEN04,generator,Meerut,Uttar Pradesh,2.0711,1.4659,1.0712,1,119,4,37,9.51,0.00515,14362195,0,5,IN-NR-HUB|IN-WR-HUB|IN-NER-HUB|IN-C15549-SS|IN-UTT-HUB|IN-C01444-SS|IN-DEL-HUB|IN-C03058-SS|IN-MAH-HUB|IN-C09292-SS|IN-C10290-SS|IN-C10346-SS,0|0|0|0|0|1|1|1|1|1|1|1,train
IND-S00911,cascade_emergency,india_national_20k,IN-C12340-SS,substation,Chennai,Tamil Nadu,4.3382,1.3549,1.174,4,260,6,42,10.11,0.01812,24209651,0,7,IN-SR-HUB|IN-ER-HUB|IN-C10362-SS|IN-TAM-HUB|IN-C12340-SS|IN-C12350-SS|IN-C12392-SS|IN-JHA-HUB|IN-C04828-SS|IN-KAR-HUB|IN-C05537-SS|IN-C05540-SS,0|0|0|0|0|0|0|1|1|1|1|1,train
IND-S00912,heatwave,india_national_20k,IN-C12413-FD011,feeder,Mannargudi,Tamil Nadu,1.6718,1.3328,1.1,1,5,1,0,8.47,0.0,0,0,0,,,train
IND-S00913,line_outage,india_national_20k,IN-C03809-FD011,feeder,Ambala Sadar,Haryana,1.2691,1.024,1.0547,2,5,1,0,0.01,0.0,0,0,0,,,train
IND-S00914,line_outage,india_national_20k,IN-C07863-FD021,feeder,Dewas,Madhya Pradesh,1.6659,1.1849,1.0211,4,8,2,3,0.08,0.00074,289550,0,3,IN-C07863-SS|IN-C07863-TR02|IN-C07863-FD021,0|0|0,train
IND-S00915,high_demand,india_national_20k,IN-GUJ-HUB-GEN,generator,Gujarat Hub Generation,Gujarat,1.5563,1.4623,1.0639,0,80,1,0,8.64,0.0,0,0,0,,,train
IND-S00916,normal_operation,india_national_20k,IN-C19733-GEN05,generator,Āsansol,West Bengal,1.1989,0.943,1.0146,0,22,2,2,0.04,4e-05,16764,0,1,IN-C19864-SS|IN-C19963-SS,0|0,val
IND-S00917,transformer_overload,india_national_20k,IN-C12350-FD011,feeder,Ambattur,Tamil Nadu,5.5169,1.2444,1.0649,1,8,1,0,0.01,0.0,0,0,0,,,train
IND-S00918,line_outage,india_national_20k,IN-C14848-GEN05,generator,Nizāmābād,Telangana,2.0979,1.0397,1.0069,4,28,1,0,0.0,0.0,0,0,0,,,train
IND-S00919,high_demand,india_national_20k,IN-C08137-SS,substation,Meghnagar,Madhya Pradesh,2.1209,1.4316,1.0808,1,9,1,0,8.64,0.0,0,0,0,,,train
IND-S00920,line_outage,india_national_20k,IN-C12343-FD022,feeder,Madurai,Tamil Nadu,2.1168,1.2491,1.0038,2,10,2,4,0.15,0.00209,1466125,0,3,IN-C12343-SS|IN-C12343-TR02|IN-C12343-FD022|IN-C19388-SS,0|0|0|0,train
IND-S00921,normal_operation,india_national_20k,IN-C12333-SS,substation,Naya Bāzār,Sikkim,1.1433,0.9547,1.0118,0,10,1,0,0.0,0.0,0,0,0,,,val
IND-S00922,transformer_overload,india_national_20k,IN-C03280-GEN01,generator,Ahmedabad,Gujarat,3.4029,1.123,1.0557,0,28,2,2,0.21,0.00481,6357693,0,2,IN-GUJ-HUB|IN-C03280-SS,0|0,train
IND-S00923,heatwave,india_national_20k,IN-C03280-FD032,feeder,Ahmedabad,Gujarat,2.2324,1.1975,1.1761,2,10,2,4,8.62,0.00611,6357693,0,4,IN-GUJ-HUB|IN-C03280-SS|IN-C03280-TR03|IN-C03280-FD032,0|0|0|0,train
IND-S00924,heatwave,india_national_20k,IN-C11566-GEN07,generator,Bhilwara,Rajasthan,2.0967,1.2499,1.1715,1,30,1,0,8.47,0.0,0,0,0,,,train
IND-S00925,high_demand,india_national_20k,IN-C01384-GEN11,generator,Munger,Bihar,2.811,1.4038,1.0579,0,38,3,15,8.81,0.00093,736889,0,3,IN-BIH-HUB|IN-C01397-SS|IN-C01377-SS|IN-C01444-SS|IN-C01445-SS|IN-C01481-SS|IN-C01485-SS|IN-C01486-SS|IN-C01495-SS|IN-C01499-SS|IN-C01521-SS|IN-C01530-SS,0|0|1|1|1|1|1|1|1|1|1|1,val
IND-S00926,line_outage,india_national_20k,IN-C05534-GEN05,generator,Mangaluru,Karnataka,1.552,1.1702,1.0277,1,48,1,0,0.0,0.0,0,0,0,,,test
IND-S00927,cascade_emergency,india_national_20k,IN-C19432-GEN01,generator,Dehradun,Uttarakhand,5.0974,1.33,1.1521,4,116,5,25,9.16,0.00411,12330645,0,4,IN-UTT-HUB|IN-C19432-SS|IN-WR-HUB|IN-MAH-HUB|IN-TAM-HUB|IN-C12372-SS|IN-C12378-SS|IN-C12392-SS|IN-C19433-SS|IN-C19438-SS|IN-C19462-SS|IN-C19475-SS,0|0|1|1|1|1|1|1|1|1|1|1,train
IND-S00928,normal_operation,india_national_20k,IN-C14849-GEN06,generator,Mulugu,Telangana,1.1163,0.9527,1.0022,0,28,1,0,0.0,0.0,0,0,0,,,train
IND-S00929,transformer_overload,india_national_20k,IN-C11051-SS,substation,Amritsar,Punjab,2.1227,1.1938,1.0588,1,86,1,0,0.0,0.0,0,0,0,,,train
IND-S00930,transformer_overload,india_national_20k,IN-TEL-HUB-GEN,generator,Telangana Hub Generation,Telangana,4.8622,1.0385,1.0156,1,92,1,0,0.0,0.0,0,0,0,,,train
IND-S00931,transformer_overload,india_national_20k,IN-C03039-GEN01,generator,Silvassa,Dadra and Nagar Haveli and Daman and Diu,2.6199,1.0497,1.0382,1,14,2,1,0.02,0.0,0,0,1,IN-DAD-HUB,0,test
IND-S00932,high_demand,india_national_20k,IN-C03281-FD012,feeder,Surat,Gujarat,2.5687,1.3343,1.0449,0,10,2,4,0.45,0.00666,4591246,0,4,IN-GUJ-HUB|IN-C03281-SS|IN-C03281-TR01|IN-C03281-FD012,0|0|0|0,train
IND-S00933,heatwave,india_national_20k,IN-C19730-FD012,feeder,Howrah,West Bengal,2.485,1.1626,1.1165,0,10,4,8,0.3,0.00419,5807089,0,5,IN-C19730-SS|IN-C19730-TR01|IN-C19730-FD012|IN-WES-HUB|IN-C19729-SS|IN-C19766-SS|IN-C19864-SS|IN-C19963-SS,0|0|0|1|1|2|2|2,val
IND-S00934,transformer_overload,india_national_20k,IN-C15730-SS,substation,Soron,Uttar Pradesh,2.3394,1.2899,1.0471,0,7,2,4,0.09,0.00016,30183,0,4,IN-C15730-SS|IN-C16514-SS|IN-C16827-SS|IN-C17505-SS,0|0|0|0,train
IND-S00935,cascade_emergency,india_national_20k,IN-C00032-FD011,feeder,Ongole,Andhra Pradesh,7.8858,1.335,1.1593,3,6,3,9,8.93,0.00412,387611,0,4,IN-AND-HUB|IN-C00032-SS|IN-C00032-TR01|IN-C00032-FD011|IN-C10525-SS|IN-C00037-SS|IN-C00715-SS|IN-C00747-SS|IN-C00866-SS,0|0|0|0|0|1|1|1|1,test
IND-S00936,normal_operation,india_national_20k,IN-C03068-FD011,feeder,Dalūpura,Delhi,1.1596,0.943,1.0153,0,5,1,0,0.0,0.0,0,0,0,,,train
IND-S00937,high_demand,india_national_20k,IN-C11052-GEN03,generator,Jalandhar,Punjab,1.9384,1.2901,1.0969,1,24,1,0,8.36,0.0,0,0,0,,,train
IND-S00938,normal_operation,india_national_20k,IN-C09282-GEN01,generator,Mumbai,Maharashtra,1.0545,0.9028,1.0038,0,41,1,0,0.0,0.0,0,0,0,,,train
IND-S00939,heatwave,india_national_20k,IN-C12348-GEN09,generator,Erode,Tamil Nadu,3.2376,1.2379,1.1452,2,73,2,3,8.41,0.00016,279524,0,3,IN-TAM-HUB|IN-C12364-SS|IN-C12393-SS,0|0|0,train
IND-S00940,transformer_overload,india_national_20k,IN-C09293-GEN12,generator,Sholapur,Maharashtra,2.6772,1.2458,1.0654,1,37,5,22,0.86,0.00352,6172149,0,2,IN-WR-HUB|IN-MAH-HUB|IN-ER-HUB|IN-NER-HUB|IN-C10346-SS|IN-C10353-SS|IN-C10360-SS|IN-C10362-SS|IN-C10384-SS|IN-NAG-HUB|IN-C10388-SS|IN-C15523-SS,0|0|1|1|2|2|2|2|2|2|2|2,train
IND-S00941,normal_operation,india_national_20k,IN-C19732-GEN04,generator,Siliguri,West Bengal,1.0496,0.9119,0.99,0,17,1,0,0.0,0.0,0,0,0,,,val
IND-S00942,transformer_overload,india_national_20k,IN-C09290-GEN09,generator,Dombivali,Maharashtra,2.9592,1.1181,1.0524,1,40,5,20,0.55,0.00286,3525586,0,6,IN-WR-HUB|IN-MAH-HUB|IN-C09289-SS|IN-C09290-SS|IN-C09301-SS|IN-C09312-SS|IN-C09473-SS|IN-ER-HUB|IN-NER-HUB|IN-C10346-SS|IN-C10353-SS|IN-C10360-SS,0|0|0|0|0|0|0|1|1|2|2|2,train
IND-S00943,cascade_emergency,india_national_20k,IN-C12536-SS,substation,Kallamchavadi,Tamil Nadu,6.9716,1.3443,1.1561,5,77,2,4,8.75,0.00132,439473,0,4,IN-TAM-HUB|IN-C12359-SS|IN-C12367-SS|IN-C12536-SS,0|0|0|0,train
IND-S00944,high_demand,india_national_20k,IN-C07090-SS,substation,Kunnamangalam,Kerala,2.1836,1.3874,1.0236,1,8,1,0,8.38,0.0,0,0,0,,,train
IND-S00945,high_demand,india_national_20k,IN-C09288-GEN07,generator,Pimpri,Maharashtra,1.6129,1.4504,1.0447,1,44,5,40,9.48,0.00555,14973333,0,5,IN-WR-HUB|IN-SR-HUB|IN-MAH-HUB|IN-C09286-SS|IN-C09288-SS|IN-C09950-SS|IN-NER-HUB|IN-C11034-SS|IN-C11047-SS|IN-C01444-SS|IN-C10290-SS|IN-C10346-SS,0|0|0|0|0|0|1|1|1|2|2|2,train
IND-S00946,transformer_overload,india_national_20k,IN-C09291-FD011,feeder,Virār,Maharashtra,3.2416,1.2083,1.0193,0,10,2,3,0.14,0.00228,1222390,0,3,IN-C09291-SS|IN-C09291-TR01|IN-C09291-FD011,0|0|0,train
IND-S00947,heatwave,india_national_20k,IN-C04833-GEN12,generator,Sāhibganj,Jharkhand,2.7417,1.3898,1.134,1,26,1,0,8.68,0.0,0,0,0,,,train
IND-S00948,high_demand,india_national_20k,IN-C19733-GEN05,generator,Āsansol,West Bengal,2.9535,1.3163,1.0805,0,22,2,6,8.49,0.00105,1331410,0,4,IN-C19731-SS|IN-C19733-SS|IN-C19755-SS|IN-C19766-SS|IN-C19864-SS|IN-C19963-SS,0|0|0|0|0|0,val
IND-S00949,line_outage,india_national_20k,IN-C03346-SS,substation,Jasdan,Gujarat,2.0657,1.1503,1.0324,2,5,1,0,0.0,0.0,0,0,0,,,train
IND-S00950,high_demand,india_national_20k,IN-C07049-FD011,feeder,Kollam,Kerala,1.5641,1.3634,1.096,0,8,2,3,8.61,0.00089,367107,0,3,IN-C07049-SS|IN-C07049-TR01|IN-C07049-FD011,0|0|0,train
IND-S00951,line_outage,india_national_20k,IN-C02525-FD022,feeder,Raipur,Chhattisgarh,2.0942,1.289,1.0545,4,10,3,8,0.24,0.00156,1150183,0,3,IN-C02525-SS|IN-C02525-TR02|IN-C02525-FD022|IN-C07471-SS|IN-C07531-SS|IN-C07609-SS|IN-KER-HUB|IN-C07054-SS,0|0|0|0|0|0|1|1,train
IND-S00952,cascade_emergency,india_national_20k,IN-C14847-GEN04,generator,Kukatpally,Telangana,6.2774,1.3357,1.124,3,28,2,8,8.71,0.00099,818269,0,5,IN-C14847-SS|IN-C14853-SS|IN-C14854-SS|IN-C14897-SS|IN-C15208-SS|IN-C15271-SS|IN-C15287-SS|IN-C15478-SS,0|0|0|0|0|0|0|0,train
IND-S00953,high_demand,india_national_20k,IN-C17950-SS,substation,Amrethu,Uttar Pradesh,2.6743,1.5072,1.0808,1,8,1,0,8.81,0.0,0,0,0,,,train
IND-S00954,normal_operation,india_national_20k,IN-C11055-GEN06,generator,Pathānkot,Punjab,1.0241,0.8617,0.9863,0,20,1,0,0.0,0.0,0,0,0,,,train
IND-S00955,cascade_emergency,india_national_20k,IN-C12363-FD011,feeder,Kanchipuram,Tamil Nadu,8.7439,1.5937,1.1661,4,6,8,1547,45.85,0.27285,90336795,0,4,IN-SR-HUB|IN-ER-HUB|IN-C10346-SS|IN-C10362-SS|IN-TAM-HUB|IN-C12363-SS|IN-C12363-TR01|IN-C12363-FD011|IN-WES-HUB|IN-C19963-SS|IN-C19864-SS|IN-C19766-SS,0|0|0|0|0|0|0|0|0|1|1|1,train
IND-S00956,transformer_overload,india_national_20k,IN-C02531-GEN07,generator,Raigarh,Chhattisgarh,5.6952,1.0521,1.0295,0,22,1,0,0.0,0.0,0,0,0,,,train
IND-S00957,transformer_overload,india_national_20k,IN-C00020-FD021,feeder,Guntur,Andhra Pradesh,5.9764,1.263,1.073,0,8,2,8,0.35,0.0052,836510,0,6,IN-AND-HUB|IN-C00020-SS|IN-C00037-SS|IN-C00715-SS|IN-C00747-SS|IN-C00866-SS|IN-C00020-TR02|IN-C00020-FD021,0|0|0|0|0|0|0|0,test
IND-S00958,transformer_overload,india_national_20k,IN-C03288-GEN09,generator,Gandhinagar,Gujarat,3.7035,1.136,1.0004,1,24,1,0,0.0,0.0,0,0,0,,,train
IND-S00959,cascade_emergency,india_national_20k,IN-C09282-GEN01,generator,Mumbai,Maharashtra,5.9413,1.4178,1.0625,4,41,5,42,9.71,0.01205,26614359,0,7,IN-WR-HUB|IN-SR-HUB|IN-MAH-HUB|IN-C09282-SS|IN-C09285-SS|IN-C09328-SS|IN-C09548-SS|IN-C10093-SS|IN-NER-HUB|IN-C11034-SS|IN-C11047-SS|IN-C01444-SS,0|0|0|0|0|0|0|0|1|1|1|2,train
IND-S00960,cascade_emergency,india_national_20k,IN-C03802-SS,substation,Bahadurgarh,Haryana,4.1383,1.3115,1.0674,3,7,1,0,0.0,0.0,0,0,0,,,train
IND-S00961,cascade_emergency,india_national_20k,IN-C11621-SS,substation,Merta,Rajasthan,6.0157,1.3464,1.1022,5,9,2,11,8.73,0.00084,295602,0,4,IN-C09342-SS|IN-C09716-SS|IN-C10271-SS|IN-RAJ-HUB|IN-C11576-SS|IN-C11621-SS|IN-C11808-SS|IN-C12032-SS|IN-C12173-SS|IN-C12204-SS|IN-C12319-SS,0|0|0|0|0|0|0|0|0|0|0,train
IND-S00962,transformer_overload,india_national_20k,IN-C15551-GEN06,generator,Varanasi,Uttar Pradesh,2.2014,1.0039,1.0146,0,120,2,3,0.09,0.00017,153927,0,2,IN-C15600-SS|IN-C15672-SS|IN-UTT-HUB,0|0|0,train
IND-S00963,high_demand,india_national_20k,IN-C11055-GEN06,generator,Pathānkot,Punjab,2.0366,1.2706,1.0885,1,20,1,0,0.01,0.0,0,0,0,,,train
IND-S00964,transformer_overload,india_national_20k,IN-C00056-FD011,feeder,Anakapalle,Andhra Pradesh,4.2908,1.025,1.0077,1,5,1,0,0.0,0.0,0,0,0,,,test
IND-S00965,line_outage,india_national_20k,IN-C03790-GEN01,generator,Faridabad,Haryana,1.6532,1.2188,1.004,4,24,1,0,0.0,0.0,0,0,0,,,train
IND-S00966,line_outage,india_national_20k,IN-C01400-SS,substation,Aurangābād,Bihar,1.8988,1.1915,1.0084,4,140,1,0,0.0,0.0,0,0,0,,,val
IND-S00967,cascade_emergency,india_national_20k,IN-C07861-GEN05,generator,Ujjain,Madhya Pradesh,8.8337,1.5939,1.0668,1,49,6,138,11.96,0.01535,22693130,0,6,IN-WR-HUB|IN-SR-HUB|IN-ER-HUB|IN-MAD-HUB|IN-C07861-SS|IN-C07885-SS|IN-C08085-SS|IN-C08275-SS|IN-C09141-SS|IN-C10346-SS|IN-ASS-HUB|IN-C01120-SS,0|0|0|0|0|0|0|0|0|0|1|1,train
IND-S00968,high_demand,india_national_20k,IN-C01397-FD011,feeder,Jamālpur,Bihar,2.074,1.3284,1.0962,0,6,4,18,8.82,0.00157,950192,0,5,IN-C01397-SS|IN-C01397-TR01|IN-C01397-FD011|IN-BIH-HUB|IN-C01384-SS|IN-C01377-SS|IN-C01444-SS|IN-C01445-SS|IN-C01481-SS|IN-C01485-SS|IN-C01486-SS|IN-C01495-SS,0|0|0|1|1|2|2|2|2|2|2|2,val
IND-S00969,line_outage,india_national_20k,IN-C12343-GEN04,generator,Madurai,Tamil Nadu,1.7027,1.0395,1.0518,2,80,1,0,0.0,0.0,0,0,0,,,train
IND-S00970,line_outage,india_national_20k,IN-C12419-SS,substation,Ānaiyūr,Tamil Nadu,1.6442,1.0199,1.0191,3,9,1,0,0.0,0.0,0,0,0,,,train
IND-S00971,normal_operation,india_national_20k,IN-JHA-HUB-GEN,generator,Jharkhand Hub Generation,Jharkhand,1.1282,0.995,0.9905,0,88,1,0,0.0,0.0,0,0,0,,,train
IND-S00972,transformer_overload,india_national_20k,IN-C03795-GEN06,generator,Panipat,Haryana,5.8276,1.0572,1.0147,1,21,1,0,0.0,0.0,0,0,0,,,train
IND-S00973,line_outage,india_national_20k,IN-C03285-FD021,feeder,Jamnagar,Gujarat,1.4037,1.0288,1.0384,2,8,3,3,0.07,1e-05,5099,0,0,IN-C11876-SS|IN-C11866-SS|IN-C12162-SS,0|1|1,train
IND-S00974,heatwave,india_national_20k,IN-C05576-FD011,feeder,Sirsi,Karnataka,3.3368,1.37,1.1927,0,5,1,0,8.82,0.0,0,0,0,,,test
IND-S00975,line_outage,india_national_20k,IN-C04827-GEN06,generator,Deoghar,Jharkhand,1.7493,1.0291,1.0271,3,27,1,0,0.0,0.0,0,0,0,,,train
IND-S00976,high_demand,india_national_20k,IN-C09293-GEN12,generator,Sholapur,Maharashtra,2.0117,1.4212,1.0913,1,37,5,51,9.72,0.00441,12944122,0,3,IN-WR-HUB|IN-SR-HUB|IN-MAH-HUB|IN-C09293-SS|IN-NER-HUB|IN-C11034-SS|IN-C11047-SS|IN-C01444-SS|IN-C10290-SS|IN-C10346-SS|IN-C10353-SS|IN-C10360-SS,0|0|0|0|1|1|1|2|2|2|2|2,train
IND-S00977,high_demand,india_national_20k,IN-C11061-SS,substation,Māler Kotla,Punjab,2.1903,1.3537,1.0759,1,79,1,0,8.44,0.0,0,0,0,,,train
IND-S00978,line_outage,india_national_20k,IN-C07977-SS,substation,Bāmor Kalān,Madhya Pradesh,1.7565,1.1277,1.0594,3,11,1,0,0.0,0.0,0,0,0,,,train
IND-S00979,line_outage,india_national_20k,IN-C00018-GEN02,generator,Vijayawada,Andhra Pradesh,1.8862,1.2434,1.0396,2,45,2,2,0.08,0.00091,1143232,0,2,IN-AND-HUB|IN-C00018-SS,0|0,test
IND-S00980,heatwave,india_national_20k,IN-C04823-SS,substation,Dhanbad,Jharkhand,2.7457,1.3333,1.1976,2,100,2,2,8.86,0.00194,1196214,0,2,IN-JHA-HUB|IN-C04823-SS,0|0,train
IND-S00981,line_outage,india_national_20k,IN-C00024-GEN08,generator,Rajamahendravaram,Andhra Pradesh,1.7403,1.2365,1.0089,1,41,1,0,0.0,0.0,0,0,0,,,test
IND-S00982,line_outage,india_national_20k,IN-C19731-GEN03,generator,Durgapur,West Bengal,1.8577,1.1495,1.0335,2,20,2,6,0.15,0.00092,1331410,0,5,IN-C19731-SS|IN-C19733-SS|IN-C19755-SS|IN-C19766-SS|IN-C19864-SS|IN-C19963-SS,0|0|0|0|0|0,val
IND-S00983,high_demand,india_national_20k,IN-C08116-SS,substation,Satwās,Madhya Pradesh,1.9349,1.2594,1.0877,1,9,1,0,0.0,0.0,0,0,0,,,train
IND-S00984,heatwave,india_national_20k,IN-C07056-GEN12,generator,Tellicherry,Kerala,2.6974,1.2243,1.1018,1,30,1,0,0.0,0.0,0,0,0,,,train
IND-S00985,high_demand,india_national_20k,IN-C03301-FD011,feeder,Godhra,Gujarat,2.1545,1.3834,1.0373,1,5,1,0,8.4,0.0,0,0,0,,,train
IND-S00986,high_demand,india_national_20k,IN-C03059-GEN02,generator,Najafgarh,Delhi,2.2646,1.284,1.0588,0,20,4,71,1.8,0.00506,7763093,0,1,IN-NR-HUB|IN-WR-HUB|IN-NER-HUB|IN-C10290-SS|IN-C10346-SS|IN-C10353-SS|IN-C10360-SS|IN-C10362-SS|IN-C10384-SS|IN-NAG-HUB|IN-C10388-SS|IN-C15523-SS,0|0|0|1|1|1|1|1|1|1|1|1,train
IND-S00987,line_outage,india_national_20k,IN-C07864-GEN08,generator,Satna,Madhya Pradesh,2.3803,1.147,1.0491,2,47,1,0,0.0,0.0,0,0,0,,,train
IND-S00988,normal_operation,india_national_20k,IN-C07888-FD011,feeder,Itārsi,Madhya Pradesh,1.1337,1.0176,1.0026,0,7,1,0,0.0,0.0,0,0,0,,,train
IND-S00989,high_demand,india_national_20k,IN-C03281-FD021,feeder,Surat,Gujarat,1.5558,1.4875,1.0334,0,10,6,62,10.14,0.01194,22906330,0,4,IN-C03281-SS|IN-C03281-TR02|IN-C03281-FD021|IN-WR-HUB|IN-GUJ-HUB|IN-ER-HUB|IN-NER-HUB|IN-C10290-SS|IN-C10346-SS|IN-C10353-SS|IN-C10360-SS|IN-C10362-SS,0|0|0|1|1|2|2|3|3|3|3|3,train
IND-S00990,normal_operation,india_national_20k,IN-C19441-SS,substation,Manglaur,Uttarakhand,1.1927,0.9733,0.9951,0,115,1,0,0.0,0.0,0,0,0,,,train
IND-S00991,cascade_emergency,india_national_20k,IN-C03281-GEN02,generator,Surat,Gujarat,6.147,1.4071,1.1687,3,29,4,110,11.43,0.01682,19193103,0,3,IN-WR-HUB|IN-SR-HUB|IN-ER-HUB|IN-NER-HUB|IN-GUJ-HUB|IN-C03281-SS|IN-C10346-SS|IN-C10362-SS|IN-WES-HUB|IN-C01444-SS|IN-CHH-HUB|IN-C02530-SS,0|0|0|0|0|0|0|0|0|1|1|1,train
IND-S00992,line_outage,india_national_20k,IN-C03793-GEN04,generator,Hisar,Haryana,2.3504,1.0415,1.0033,2,20,1,0,0.0,0.0,0,0,0,,,train
IND-S00993,cascade_emergency,india_national_20k,IN-C01374-FD021,feeder,Patna,Bihar,8.0054,1.3112,1.0536,5,10,3,17,0.61,0.00713,2315752,0,4,IN-BIH-HUB|IN-C01374-SS|IN-C01374-TR02|IN-C01374-FD021|IN-C01377-SS|IN-C01444-SS|IN-C01445-SS|IN-C01481-SS|IN-C01485-SS|IN-C01486-SS|IN-C01495-SS|IN-C01499-SS,0|0|0|0|1|1|1|1|1|1|1|1,val
IND-S00994,heatwave,india_national_20k,IN-C03283-GEN04,generator,Rājkot,Gujarat,2.8128,1.375,1.0883,1,28,2,2,8.62,0.00142,1390640,0,2,IN-GUJ-HUB|IN-C03283-SS,0|0,train
IND-S00995,transformer_overload,india_national_20k,IN-C07919-SS,substation,Khurai,Madhya Pradesh,2.3466,1.2516,1.0449,1,4,1,0,0.0,0.0,0,0,0,,,train
IND-S00996,cascade_emergency,india_national_20k,IN-C05536-GEN07,generator,Davangere,Karnataka,8.4539,1.5159,1.1707,3,49,7,997,33.98,0.21116,82774528,0,6,IN-SR-HUB|IN-ER-HUB|IN-KAR-HUB|IN-C05536-SS|IN-C10346-SS|IN-C19963-SS|IN-WES-HUB|IN-C19729-SS|IN-C19730-SS|IN-C10354-SS|IN-C11047-SS|IN-C10343-SS,0|0|0|0|0|1|1|1|1|1|1|1,test
IND-S00997,heatwave,india_national_20k,IN-C14844-FD032,feeder,Hyderabad,Telangana,2.7887,1.2337,1.2151,0,10,4,11,8.98,0.00721,7145658,0,4,IN-TEL-HUB|IN-C14844-SS|IN-C14844-TR03|IN-C14844-FD032|IN-C14935-SS|IN-C14985-SS|IN-C15208-SS|IN-C15271-SS|IN-C15478-SS|IN-C14865-SS|IN-C14916-SS,0|0|0|0|1|1|1|1|1|2|2,train
IND-S00998,transformer_overload,india_national_20k,IN-C09292-FD011,feeder,Aurangabad,Maharashtra,4.0859,1.0485,1.0578,1,10,1,0,0.0,0.0,0,0,0,,,train
IND-S00999,high_demand,india_national_20k,IN-C15987-SS,substation,Gawān,Uttar Pradesh,2.0241,1.4628,1.0325,0,4,1,0,8.56,0.0,0,0,0,,,train
IND-S01000,cascade_emergency,india_national_20k,IN-C19909-SS,substation,Tungidighi,West Bengal,4.7635,1.5076,1.1158,1,6,1,0,8.95,0.0,0,0,0,,,val
IND-S01001,heatwave,india_national_20k,IN-C09287-FD012,feeder,Nashik,Maharashtra,2.7007,1.2193,1.133,2,10,2,3,0.15,0.00245,1486053,0,3,IN-C09287-SS|IN-C09287-TR01|IN-C09287-FD012,0|0|0,train
IND-S01002,high_demand,india_national_20k,IN-C03282-FD031,feeder,Vadodara,Gujarat,2.7698,1.4237,1.0522,0,10,2,3,8.7,0.00306,1822221,0,3,IN-C03282-SS|IN-C03282-TR03|IN-C03282-FD031,0|0|0,train
IND-S01003,line_outage,india_national_20k,IN-C19729-FD031,feeder,Kolkata,West Bengal,1.862,1.1408,1.0448,1,10,1,0,0.0,0.0,0,0,0,,,val
IND-S01004,line_outage,india_national_20k,IN-C07860-GEN04,generator,Gwalior,Madhya Pradesh,1.638,1.0453,1.0428,3,51,1,0,0.0,0.0,0,0,0,,,train
IND-S01005,line_outage,india_national_20k,IN-C04829-GEN08,generator,Bhetia,Jharkhand,2.0293,1.2864,1.0436,3,25,1,0,0.0,0.0,0,0,0,,,train
IND-S01006,cascade_emergency,india_national_20k,IN-C12343-GEN04,generator,Madurai,Tamil Nadu,6.166,1.3821,1.115,2,80,5,33,9.35,0.00361,2247866,0,3,IN-SR-HUB|IN-TAM-HUB|IN-C12343-SS|IN-NER-HUB|IN-C11034-SS|IN-C11047-SS|IN-C01444-SS|IN-C10290-SS|IN-C10346-SS|IN-C10353-SS|IN-C10360-SS|IN-C10362-SS,0|0|0|1|1|1|2|2|2|2|2|2,train
IND-S01007,line_outage,india_national_20k,IN-C09282-FD032,feeder,Mumbai,Maharashtra,1.6527,1.1918,1.0312,2,10,2,2,0.15,0.00271,0,0,2,IN-C09282-TR03|IN-C09282-FD032,0|0,train
IND-S01008,line_outage,india_national_20k,IN-C07864-GEN08,generator,Satna,Madhya Pradesh,1.4674,1.166,1.0421,2,47,1,0,0.0,0.0,0,0,0,,,train
IND-S01009,cascade_emergency,india_national_20k,IN-C12999-SS,substation,Cheyyur,Tamil Nadu,5.4215,1.3613,1.0885,4,3,1,0,8.5,0.0,0,0,0,,,train
IND-S01010,cascade_emergency,india_national_20k,IN-C11577-FD011,feeder,Dhaulpur,Rajasthan,7.7655,1.352,1.1641,3,6,5,104,10.97,0.01211,15560557,0,4,IN-NER-HUB|IN-RAJ-HUB|IN-C11577-SS|IN-C11577-TR01|IN-C11577-FD011|IN-WR-HUB|IN-SR-HUB|IN-C10290-SS|IN-C10346-SS|IN-C10353-SS|IN-C10360-SS|IN-C10362-SS,0|0|0|0|0|1|1|1|1|1|1|1,train
IND-S01011,transformer_overload,india_national_20k,IN-C03063-FD011,feeder,Nāngloi Jāt,Delhi,4.5041,1.0957,1.0107,0,5,1,0,0.0,0.0,0,0,0,,,train
IND-S01012,heatwave,india_national_20k,IN-C14897-SS,substation,Jawaharnagar,Telangana,1.811,1.3171,1.1939,1,27,2,4,8.76,0.00019,46062,0,4,IN-C14897-SS|IN-C15271-SS|IN-C15287-SS|IN-C15478-SS,0|0|0|0,train
IND-S01013,transformer_overload,india_national_20k,IN-C00022-SS,substation,Kurnool,Andhra Pradesh,4.0985,1.0584,1.0579,0,150,2,1,0.02,0.00014,26694,0,1,IN-C00150-SS,0,test
IND-S01014,cascade_emergency,india_national_20k,IN-C03283-GEN04,generator,Rājkot,Gujarat,7.2455,1.3636,1.0523,2,28,5,37,9.36,0.0092,18881998,0,3,IN-WR-HUB|IN-GUJ-HUB|IN-C03283-SS|IN-ER-HUB|IN-NER-HUB|IN-C10290-SS|IN-C10346-SS|IN-C10353-SS|IN-C10360-SS|IN-C10362-SS|IN-C10384-SS|IN-NAG-HUB,0|0|0|1|1|2|2|2|2|2|2|2,train
IND-S01015,cascade_emergency,india_national_20k,IN-C09284-GEN03,generator,Nagpur,Maharashtra,4.7874,1.4349,1.0764,1,43,5,54,9.85,0.0073,14610173,0,3,IN-WR-HUB|IN-SR-HUB|IN-MAH-HUB|IN-C09284-SS|IN-NER-HUB|IN-C11034-SS|IN-C11047-SS|IN-C01444-SS|IN-C10290-SS|IN-C10346-SS|IN-C10353-SS|IN-C10360-SS,0|0|0|0|1|1|1|2|2|2|2|2,train
IND-S01016,high_demand,india_national_20k,IN-C05541-GEN12,generator,Rāichūr,Karnataka,2.2917,1.4508,1.0826,1,45,5,50,9.74,0.005,7866676,0,7,IN-SR-HUB|IN-NER-HUB|IN-KAR-HUB|IN-C05536-SS|IN-C05537-SS|IN-C05539-SS|IN-C05540-SS|IN-C05556-SS|IN-C05639-SS|IN-C05722-SS|IN-C06290-SS|IN-C06328-SS,0|1|1|1|1|1|1|1|1|1|1|1,test
IND-S01017,normal_operation,india_national_20k,IN-C00022-FD021,feeder,Kurnool,Andhra Pradesh,1.0229,0.929,0.9987,0,8,1,0,0.0,0.0,0,0,0,,,test
IND-S01018,transformer_overload,india_national_20k,IN-C07860-FD032,feeder,Gwalior,Madhya Pradesh,3.7665,1.0327,1.0733,1,10,1,0,0.0,0.0,0,0,0,,,train
IND-S01019,line_outage,india_national_20k,IN-C09296-FD021,feeder,Amravati,Maharashtra,1.6085,1.2563,1.0345,3,7,2,3,0.12,0.00161,647057,0,3,IN-C09296-SS|IN-C09296-TR02|IN-C09296-FD021,0|0|0,train
IND-S01020,heatwave,india_national_20k,IN-C03811-SS,substation,Narnaul,Haryana,1.8062,1.357,1.1456,2,6,1,0,8.64,0.0,0,0,0,,,train
IND-S01021,transformer_overload,india_national_20k,IN-C04830-GEN09,generator,Hazāribāgh,Jharkhand,3.9633,1.0821,1.0534,1,26,1,0,0.0,0.0,0,0,0,,,train
IND-S01022,heatwave,india_national_20k,IN-C09282-FD032,feeder,Mumbai,Maharashtra,2.9476,1.3031,1.1798,2,10,5,66,10.33,0.01538,32968908,0,6,IN-WR-HUB|IN-MAH-HUB|IN-C09282-SS|IN-C09285-SS|IN-C09328-SS|IN-C09548-SS|IN-C10093-SS|IN-C09282-TR03|IN-C09282-FD032|IN-ER-HUB|IN-NER-HUB|IN-C10290-SS,0|0|0|0|0|0|0|0|0|1|1|2,train
IND-S01023,heatwave,india_national_20k,IN-C04925-SS,substation,patamda,Jharkhand,2.6119,1.4066,1.1149,2,3,1,0,8.66,0.0,0,0,0,,,train
IND-S01024,cascade_emergency,india_national_20k,IN-C07857-FD011,feeder,Indore,Madhya Pradesh,7.036,1.5975,1.1239,5,10,7,995,33.09,0.18769,53686454,0,4,IN-WR-HUB|IN-SR-HUB|IN-ER-HUB|IN-NER-HUB|IN-MAD-HUB|IN-C07857-SS|IN-C07857-TR01|IN-C07857-FD011|IN-C10346-SS|IN-C10362-SS|IN-WES-HUB|IN-C19963-SS,0|0|0|0|0|0|0|0|0|0|0|1,train
IND-S01025,line_outage,india_national_20k,IN-C12341-GEN02,generator,Coimbatore,Tamil Nadu,1.8048,1.2605,1.0441,1,78,2,4,0.16,0.0018,2356507,0,4,IN-TAM-HUB|IN-C12341-SS|IN-C12372-SS|IN-C12378-SS,0|0|0|0,train
IND-S01026,cascade_emergency,india_national_20k,IN-C15565-FD021,feeder,Rāmpur,Uttar Pradesh,5.2727,1.4977,1.0527,2,7,6,38,9.65,0.00832,17565753,0,4,IN-C15565-SS|IN-C15565-TR02|IN-C15565-FD021|IN-UTT-HUB|IN-WR-HUB|IN-C01444-SS|IN-MAH-HUB|IN-C10278-SS|IN-TAM-HUB|IN-C12372-SS|IN-C12378-SS|IN-C12392-SS,0|0|0|0|1|1|1|1|1|1|1|1,train
IND-S01027,high_demand,india_national_20k,IN-C16061-SS,substation,Abbipur,Uttar Pradesh,1.7407,1.5044,1.021,1,9,1,0,8.59,0.0,0,0,0,,,train
IND-S01028,line_outage,india_national_20k,IN-C07048-GEN04,generator,Kozhikode,Kerala,1.9623,1.2745,1.0196,2,29,2,1,0.02,1e-05,5598,0,0,IN-C10599-SS,0,train
IND-S01029,heatwave,india_national_20k,IN-C00021-GEN05,generator,Nellore,Andhra Pradesh,3.3856,1.164,1.1624,2,40,1,0,0.0,0.0,0,0,0,,,test
IND-S01030,transformer_overload,india_national_20k,IN-C03281-FD022,feeder,Surat,Gujarat,5.0084,1.0449,1.0376,1,10,1,0,0.0,0.0,0,0,0,,,train
IND-S01031,high_demand,india_national_20k,IN-C03284-GEN05,generator,Bhavnagar,Gujarat,1.9559,1.5407,1.0559,1,24,5,110,11.15,0.00987,15207739,0,3,IN-WR-HUB|IN-SR-HUB|IN-GUJ-HUB|IN-C03284-SS|IN-ER-HUB|IN-NER-HUB|IN-CHH-HUB|IN-C02530-SS|IN-C02531-SS|IN-C02533-SS|IN-KAR-HUB|IN-C05537-SS,0|0|0|0|1|1|1|1|1|1|1|1,train
IND-S01032,normal_operation,india_national_20k,IN-C03288-GEN09,generator,Gandhinagar,Gujarat,1.0685,1.0499,0.9921,0,24,1,0,0.0,0.0,0,0,0,,,train
IND-S01033,normal_operation,india_national_20k,IN-C09303-FD011,feeder,Jalgaon,Maharashtra,1.0167,0.9048,1.0197,0,7,1,0,0.0,0.0,0,0,0,,,train
IND-S01034,heatwave,india_national_20k,IN-C01070-SS,substation,Itanagar,Arunachal Pradesh,2.3974,1.2015,1.0972,2,22,2,2,0.05,0.00034,59490,0,2,IN-ARU-HUB|IN-C01070-SS,0|0,train
IND-S01035,heatwave,india_national_20k,IN-C15573-FD011,feeder,Mirzāpur,Uttar Pradesh,1.9934,1.4269,1.1525,2,6,5,53,10.24,0.01308,35260373,0,4,IN-C01386-SS|IN-C15573-SS|IN-C15573-TR01|IN-C15573-FD011|IN-UTT-HUB|IN-WR-HUB|IN-C01444-SS|IN-C02780-SS|IN-DEL-HUB|IN-C03058-SS|IN-MAH-HUB|IN-C09282-SS,0|0|0|0|0|1|1|1|1|1|1|1,train
IND-S01036,normal_operation,india_national_20k,IN-C09292-GEN11,generator,Aurangabad,Maharashtra,1.1443,0.906,1.0145,0,42,1,0,0.0,0.0,0,0,0,,,train
IND-S01037,transformer_overload,india_national_20k,IN-C15667-SS,substation,Atarra,Uttar Pradesh,2.3142,1.048,1.0305,0,7,1,0,0.0,0.0,0,0,0,,,train
IND-S01038,transformer_overload,india_national_20k,IN-C15551-FD031,feeder,Varanasi,Uttar Pradesh,2.9189,1.1358,1.0282,1,10,1,0,0.01,0.0,0,0,0,,,train
IND-S01039,normal_operation,india_national_20k,IN-C19729-SS,substation,Kolkata,West Bengal,1.0876,0.9881,1.003,0,61,1,0,0.0,0.0,0,0,0,,,val
IND-S01040,line_outage,india_national_20k,IN-C11058-FD011,feeder,Moga,Punjab,2.3678,1.2098,1.0319,4,7,3,5,0.14,0.00113,214315,0,3,IN-C11058-SS|IN-C11058-TR01|IN-C11058-FD011|IN-C13233-SS|IN-C12462-SS,0|0|0|0|1,train
IND-S01041,line_outage,india_national_20k,IN-C12341-GEN02,generator,Coimbatore,Tamil Nadu,2.4596,1.288,1.0492,4,78,2,4,0.18,0.00213,2356507,0,4,IN-TAM-HUB|IN-C12341-SS|IN-C12372-SS|IN-C12378-SS,0|0|0|0,train
IND-S01042,transformer_overload,india_national_20k,IN-C00035-SS,substation,Madanapalle,Andhra Pradesh,5.867,1.2592,1.0411,1,151,2,2,0.07,0.00062,180180,0,2,IN-AND-HUB|IN-C00035-SS,0|0,test
IND-S01043,high_demand,india_national_20k,IN-C07865-GEN09,generator,Saugor,Madhya Pradesh,2.705,1.5499,1.0479,1,46,5,42,9.66,0.00204,2588462,0,0,IN-SR-HUB|IN-ER-HUB|IN-NER-HUB|IN-KAR-HUB|IN-C05537-SS|IN-C05539-SS|IN-C05540-SS|IN-C10346-SS|IN-C10362-SS|IN-C11034-SS|IN-C11047-SS|IN-C15600-SS,0|1|1|1|1|1|1|1|1|1|1|1,train
IND-S01044,transformer_overload,india_national_20k,IN-C01380-GEN07,generator,Purnia,Bihar,3.5762,1.0052,1.0092,0,40,1,0,0.0,0.0,0,0,0,,,val
IND-S01045,transformer_overload,india_national_20k,IN-C03340-SS,substation,Viramgām,Gujarat,4.9286,1.0317,1.0693,0,4,1,0,0.0,0.0,0,0,0,,,train
IND-S01046,normal_operation,india_national_20k,IN-C00192-SS,substation,Gokavaram,Andhra Pradesh,1.143,0.9013,1.0004,0,7,1,0,0.0,0.0,0,0,0,,,test
IND-S01047,normal_operation,india_national_20k,IN-C19729-GEN01,generator,Kolkata,West Bengal,1.0251,0.9324,1.0141,0,26,1,0,0.0,0.0,0,0,0,,,val
IND-S01048,transformer_overload,india_national_20k,IN-C04953-SS,substation,Tanr Balidih,Jharkhand,5.234,1.082,1.0002,0,3,1,0,0.0,0.0,0,0,0,,,train
IND-S01049,line_outage,india_national_20k,IN-C00827-SS,substation,Anneboyinapalle,Andhra Pradesh,2.3827,1.1925,1.035,2,3,1,0,0.0,0.0,0,0,0,,,test
IND-S01050,high_demand,india_national_20k,IN-C01120-GEN02,generator,Silchar,Assam,2.8213,1.4238,1.0834,1,16,1,0,8.63,0.0,0,0,0,,,val
IND-S01051,transformer_overload,india_national_20k,IN-C03069-SS,substation,Burāri,Delhi,4.8098,1.2382,1.0309,1,8,1,0,0.0,0.0,0,0,0,,,train
IND-S01052,heatwave,india_national_20k,IN-C03282-GEN03,generator,Vadodara,Gujarat,2.1781,1.3385,1.094,0,29,2,2,8.56,0.00158,1822221,0,2,IN-GUJ-HUB|IN-C03282-SS,0|0,train
IND-S01053,normal_operation,india_national_20k,IN-C15550-GEN05,generator,Ghāziābād,Uttar Pradesh,1.0623,0.9821,1.0196,0,123,1,0,0.0,0.0,0,0,0,,,train
IND-S01054,high_demand,india_national_20k,IN-C09344-FD011,feeder,Shirpur,Maharashtra,2.2814,1.3631,1.068,0,5,1,0,8.45,0.0,0,0,0,,,train
IND-S01055,cascade_emergency,india_national_20k,IN-TAM-HUB-GEN,generator,Tamil Nadu Hub Generation,Tamil Nadu,6.1211,1.3997,1.1649,2,260,5,65,10.33,0.00941,21479987,0,4,IN-SR-HUB|IN-ER-HUB|IN-C10362-SS|IN-TAM-HUB|IN-C01444-SS|IN-JHA-HUB|IN-C04828-SS|IN-C04829-SS|IN-C04830-SS|IN-C04832-SS|IN-KAR-HUB|IN-C05537-SS,0|0|0|0|1|1|1|1|1|1|1|1,train
IND-S01056,transformer_overload,india_national_20k,IN-C12340-FD022,feeder,Chennai,Tamil Nadu,5.2249,1.1431,1.0154,1,10,1,0,0.0,0.0,0,0,0,,,train
IND-S01057,line_outage,india_national_20k,IN-C05545-FD011,feeder,Gadag,Karnataka,1.863,1.1305,1.041,4,6,2,3,0.09,0.00086,172612,0,3,IN-C05545-SS|IN-C05545-TR01|IN-C05545-FD011,0|0|0,test
IND-S01058,line_outage,india_national_20k,IN-C11587-FD011,feeder,Bhiwadi,Rajasthan,2.354,1.1781,1.0495,1,5,1,0,0.0,0.0,0,0,0,,,train
IND-S01059,transformer_overload,india_national_20k,IN-C07213-SS,substation,Kalavoor,Kerala,5.7685,1.2658,1.0446,0,4,2,5,0.13,0.00094,377265,0,4,IN-C07051-SS|IN-C07095-SS|IN-C07181-SS|IN-C07213-SS|IN-C07240-SS,0|0|0|0|0,train
IND-S01060,line_outage,india_national_20k,IN-C01126-FD011,feeder,Bongaigaon,Assam,2.3601,1.2454,1.0274,2,5,1,0,0.0,0.0,0,0,0,,,val
IND-S01061,transformer_overload,india_national_20k,IN-C12341-FD031,feeder,Coimbatore,Tamil Nadu,4.2267,1.0702,1.0498,0,10,2,6,0.29,0.00493,2356507,0,6,IN-TAM-HUB|IN-C12341-SS|IN-C12372-SS|IN-C12378-SS|IN-C12341-TR03|IN-C12341-FD031,0|0|0|0|0|0,train
IND-S01062,cascade_emergency,india_national_20k,IN-C03081-SS,substation,Pul Pehlad,Delhi,6.2924,1.4482,1.0717,3,10,2,2,8.68,0.0,1000,0,0,IN-C10925-SS|IN-C10984-SS,0|0,train
IND-S01063,transformer_overload,india_national_20k,IN-C18782-SS,substation,Arāzi Khalanga,Uttar Pradesh,3.2455,1.1891,1.0501,0,9,1,0,0.0,0.0,0,0,0,,,train
IND-S01064,heatwave,india_national_20k,IN-C15680-SS,substation,Gursahāiganj,Uttar Pradesh,2.7504,1.2848,1.1351,2,3,1,0,8.46,0.0,0,0,0,,,train
IND-S01065,line_outage,india_national_20k,IN-C03058-FD022,feeder,Delhi,Delhi,1.7511,1.1168,1.0021,2,10,2,4,0.19,0.00294,125463,0,2,IN-CHH-HUB|IN-C02532-SS|IN-C03058-TR02|IN-C03058-FD022,0|0|0|0,train
IND-S01066,high_demand,india_national_20k,IN-C14846-FD021,feeder,Rāmgundam,Telangana,2.314,1.5062,1.0837,0,8,2,9,9.04,0.00187,858792,0,5,IN-C14846-SS|IN-C14852-SS|IN-C14865-SS|IN-C14916-SS|IN-C14935-SS|IN-C14966-SS|IN-C14985-SS|IN-C14846-TR02|IN-C14846-FD021,0|0|0|0|0|0|0|0|0,train
IND-S01067,cascade_emergency,india_national_20k,IN-C00017-FD022,feeder,Rasapūdipalem,Andhra Pradesh,6.9842,1.5378,1.0931,1,10,1,0,8.94,0.0,0,0,0,,,test
IND-S01068,high_demand,india_national_20k,IN-C07045-FD021,feeder,Kanayannur,Kerala,1.5909,1.2525,1.0276,0,8,2,5,0.18,0.00216,875623,0,5,IN-C07045-SS|IN-C07291-SS|IN-C07643-SS|IN-C07045-TR02|IN-C07045-FD021,0|0|0|0|0,train
IND-S01069,high_demand,india_national_20k,IN-C09350-FD011,feeder,Pālghar,Maharashtra,2.1832,1.4576,1.0213,0,5,1,0,8.52,0.0,0,0,0,,,train
IND-S01070,transformer_overload,india_national_20k,IN-C12348-GEN09,generator,Erode,Tamil Nadu,5.6399,1.1315,1.0065,0,73,1,0,0.01,0.0,0,0,0,,,train
IND-S01071,cascade_emergency,india_national_20k,IN-C07864-FD021,feeder,Satna,Madhya Pradesh,5.2168,1.3132,1.1268,4,8,2,3,8.59,0.00191,282977,0,3,IN-C07864-SS|IN-C07864-TR02|IN-C07864-FD021,0|0|0,train
IND-S01072,cascade_emergency,india_national_20k,IN-C09283-FD022,feeder,Pune,Maharashtra,8.0987,1.4176,1.0953,4,10,5,54,10.15,0.01534,15109728,0,4,IN-WR-HUB|IN-SR-HUB|IN-MAH-HUB|IN-C09283-SS|IN-C09283-TR02|IN-C09283-FD022|IN-C11636-SS|IN-NER-HUB|IN-C11034-SS|IN-C11047-SS|IN-C01444-SS|IN-C10290-SS,0|0|0|0|0|0|0|1|1|1|2|2,train
IND-S01073,line_outage,india_national_20k,IN-C08076-SS,substation,Bhainsdehi,Madhya Pradesh,1.9123,1.1065,1.0434,3,5,1,0,0.0,0.0,0,0,0,,,train
IND-S01074,normal_operation,india_national_20k,IN-C11568-FD011,feeder,Bharatpur,Rajasthan,1.101,0.9406,1.0088,0,8,1,0,0.0,0.0,0,0,0,,,train
IND-S01075,heatwave,india_national_20k,IN-C15851-SS,substation,Khada,Uttar Pradesh,2.2496,1.2481,1.18,1,2,1,0,8.49,0.0,0,0,0,,,train
IND-S01076,high_demand,india_national_20k,IN-C11562-SS,substation,Kota,Rajasthan,2.3333,1.4818,1.0352,0,125,2,3,8.7,0.00156,1050581,0,3,IN-C11562-SS|IN-C11690-SS|IN-C11692-SS,0|0|0,train
IND-S01077,transformer_overload,india_national_20k,IN-C07858-FD032,feeder,Bhopal,Madhya Pradesh,4.656,1.1479,1.0304,1,10,1,0,0.0,0.0,0,0,0,,,train
IND-S01078,cascade_emergency,india_national_20k,IN-C12347-GEN08,generator,Salem,Tamil Nadu,6.6315,1.585,1.1052,5,73,5,130,12.12,0.02433,54000694,0,3,IN-SR-HUB|IN-ER-HUB|IN-KER-HUB|IN-C07054-SS|IN-C10346-SS|IN-C10362-SS|IN-TAM-HUB|IN-C12347-SS|IN-C15600-SS|IN-UTT-HUB|IN-WES-HUB|IN-WR-HUB,0|0|0|0|0|0|0|0|0|0|0|1,train
IND-S01079,line_outage,india_national_20k,IN-C03290-FD011,feeder,Nadiād,Gujarat,2.0244,1.057,1.0074,1,6,1,0,0.0,0.0,0,0,0,,,train
IND-S01080,high_demand,india_national_20k,IN-UTT-HUB-GEN,generator,Uttarakhand Hub Generation,Uttarakhand,2.2348,1.26,1.0659,1,1,1,0,0.0,0.0,0,0,0,,,train
IND-S01081,normal_operation,india_national_20k,IN-C15546-FD022,feeder,Kanpur,Uttar Pradesh,1.124,0.9989,0.9998,0,10,1,0,0.0,0.0,0,0,0,,,train
IND-S01082,high_demand,india_national_20k,IN-C04485-FD021,feeder,Jammu,Jammu and Kashmir,2.9606,1.3702,1.033,1,8,1,0,8.36,0.0,0,0,0,,,train
IND-S01083,normal_operation,india_national_20k,IN-C11642-SS,substation,Pilibangan,Rajasthan,1.1967,1.0292,1.0081,0,31,1,0,0.0,0.0,0,0,0,,,train
IND-S01084,cascade_emergency,india_national_20k,IN-C12342-FD011,feeder,Kallakurichi,Tamil Nadu,5.6963,1.4804,1.0604,4,10,2,3,8.87,0.00475,1682687,0,3,IN-C12342-SS|IN-C12342-TR01|IN-C12342-FD011,0|0|0,train
IND-S01085,cascade_emergency,india_national_20k,IN-C07045-GEN01,generator,Kanayannur,Kerala,7.5461,1.4223,1.0681,1,29,2,4,8.72,0.00225,1509176,0,4,IN-C07045-SS|IN-C07047-SS|IN-C07291-SS|IN-C07643-SS,0|0|0|0,train
IND-S01086,transformer_overload,india_national_20k,IN-C05531-GEN02,generator,Hubballi,Karnataka,2.8601,1.0337,1.0174,0,49,1,0,0.0,0.0,0,0,0,,,test
IND-S01087,cascade_emergency,india_national_20k,IN-C01399-FD011,feeder,Buxar,Bihar,5.6238,1.4585,1.0961,2,6,3,17,9.13,0.00229,734316,0,4,IN-BIH-HUB|IN-C01399-SS|IN-C01399-TR01|IN-C01399-FD011|IN-C01377-SS|IN-C01444-SS|IN-C01445-SS|IN-C01481-SS|IN-C01485-SS|IN-C01486-SS|IN-C01495-SS|IN-C01499-SS,0|0|0|0|1|1|1|1|1|1|1|1,val
IND-S01088,high_demand,india_national_20k,IN-MAH-HUB-GEN,generator,Maharashtra Hub Generation,Maharashtra,2.5214,1.4202,1.055,0,144,5,37,9.32,0.00359,11960535,0,3,IN-WR-HUB|IN-SR-HUB|IN-MAH-HUB|IN-NER-HUB|IN-C11034-SS|IN-C11047-SS|IN-C01444-SS|IN-C10290-SS|IN-C10346-SS|IN-C10353-SS|IN-C10360-SS|IN-C10362-SS,0|0|0|1|1|1|2|2|2|2|2|2,train
IND-S01089,transformer_overload,india_national_20k,IN-C09292-FD012,feeder,Aurangabad,Maharashtra,2.1042,1.0985,1.0542,0,10,2,3,0.12,0.00167,1175116,0,3,IN-C09292-SS|IN-C09292-TR01|IN-C09292-FD012,0|0|0,train
IND-S01090,normal_operation,india_national_20k,IN-ASS-HUB-GEN,generator,Assam Hub Generation,Assam,1.1304,0.9296,1.0121,0,41,1,0,0.0,0.0,0,0,0,,,val
IND-S01091,cascade_emergency,india_national_20k,IN-C19729-FD031,feeder,Kolkata,West Bengal,6.128,1.3793,1.1291,3,10,4,23,9.53,0.01373,6467025,0,5,IN-SR-HUB|IN-JHA-HUB|IN-C04829-SS|IN-WES-HUB|IN-C19729-SS|IN-C19730-SS|IN-C19729-TR03|IN-C19729-FD031|IN-C10346-SS|IN-C10362-SS|IN-C11034-SS|IN-C11047-SS,0|0|0|0|0|0|0|0|1|1|1|1,val
IND-S01092,normal_operation,india_national_20k,IN-C03283-GEN04,generator,Rājkot,Gujarat,1.0309,0.8748,1.0171,0,28,1,0,0.0,0.0,0,0,0,,,train
IND-S01093,normal_operation,india_national_20k,IN-C11052-SS,substation,Jalandhar,Punjab,1.1895,0.922,1.0011,0,83,1,0,0.0,0.0,0,0,0,,,train
IND-S01094,high_demand,india_national_20k,IN-C05537-FD011,feeder,Ballari,Karnataka,2.2165,1.4951,1.0796,1,8,2,2,8.83,0.00024,410445,0,2,IN-KAR-HUB|IN-C05537-SS,0|0,test
IND-S01095,cascade_emergency,india_national_20k,IN-C07069-FD011,feeder,Kannur,Kerala,7.7355,1.4808,1.1367,5,5,7,99,11.01,0.00877,17487136,0,5,IN-C01394-SS|IN-C01481-SS|IN-C01486-SS|IN-C01495-SS|IN-C01521-SS|IN-C02142-SS|IN-KER-HUB|IN-C07061-SS|IN-C07069-SS|IN-C07100-SS|IN-C07235-SS|IN-C07278-SS,0|0|0|0|0|0|0|0|0|0|0|0,train
IND-S01096,transformer_overload,india_national_20k,IN-C10431-GEN08,generator,Sambalpur,Odisha,5.0047,1.2373,1.0336,1,25,2,2,0.05,0.00029,189366,0,2,IN-ODI-HUB|IN-C10431-SS,0|0,train
IND-S01097,line_outage,india_national_20k,IN-C05535-GEN06,generator,Belagavi,Karnataka,1.4197,1.0782,1.0547,1,52,1,0,0.0,0.0,0,0,0,,,test
IND-S01098,cascade_emergency,india_national_20k,IN-C03790-GEN01,generator,Faridabad,Haryana,7.6154,1.4722,1.1406,2,24,5,121,11.64,0.01574,22121734,0,2,IN-WR-HUB|IN-ER-HUB|IN-NER-HUB|IN-HAR-HUB|IN-C03790-SS|IN-C01444-SS|IN-CHH-HUB|IN-C02530-SS|IN-C02531-SS|IN-C02533-SS|IN-DEL-HUB|IN-C03059-SS,0|0|0|0|0|1|1|1|1|1|1|1,train
IND-S01099,cascade_emergency,india_national_20k,IN-MAH-HUB-GEN,generator,Maharashtra Hub Generation,Maharashtra,4.3392,1.3812,1.1421,4,144,5,84,10.5,0.00775,12467881,0,3,IN-WR-HUB|IN-SR-HUB|IN-MAH-HUB|IN-ER-HUB|IN-NER-HUB|IN-C11034-SS|IN-C11047-SS|IN-DEL-HUB|IN-C03059-SS|IN-HAR-HUB|IN-C03795-SS|IN-JAM-HUB,0|0|0|1|1|1|1|2|2|2|2|2,train
IND-S01100,heatwave,india_national_20k,IN-C12342-FD012,feeder,Kallakurichi,Tamil Nadu,2.9286,1.3646,1.2047,1,10,1,0,8.84,0.0,0,0,0,,,train
IND-S01101,high_demand,india_national_20k,IN-C19738-FD011,feeder,Pānihāti,West Bengal,1.6788,1.4396,1.0774,0,6,1,0,8.64,0.0,0,0,0,,,val
IND-S01102,transformer_overload,india_national_20k,IN-C09289-GEN08,generator,Kalyān,Maharashtra,3.459,1.2727,1.0285,0,41,5,25,0.97,0.00609,9291548,0,6,IN-WR-HUB|IN-MAH-HUB|IN-C09289-SS|IN-C09290-SS|IN-C09301-SS|IN-C09312-SS|IN-ER-HUB|IN-NER-HUB|IN-C10346-SS|IN-C10353-SS|IN-C10360-SS|IN-C10362-SS,0|0|0|0|0|0|1|1|2|2|2|2,train
IND-S01103,transformer_overload,india_national_20k,IN-C10455-SS,substation,Burla,Odisha,3.584,1.0288,1.0452,0,8,2,4,0.1,0.00054,77905,0,4,IN-C10455-SS|IN-C10474-SS|IN-C10848-SS|IN-C10849-SS,0|0|0|0,train
IND-S01104,transformer_overload,india_national_20k,IN-C11030-SS,substation,Kāraikāl,Puducherry,4.2694,1.2321,1.0289,1,28,1,0,0.0,0.0,0,0,0,,,train
IND-S01105,cascade_emergency,india_national_20k,IN-C09293-GEN12,generator,Sholapur,Maharashtra,4.1357,1.5462,1.0756,2,37,4,109,11.16,0.00874,12223885,0,3,IN-WR-HUB|IN-SR-HUB|IN-ER-HUB|IN-NER-HUB|IN-MAH-HUB|IN-C09293-SS|IN-C10346-SS|IN-C10362-SS|IN-WES-HUB|IN-C01444-SS|IN-CHH-HUB|IN-C02530-SS,0|0|0|0|0|0|0|0|0|1|1|1,train
IND-S01106,cascade_emergency,india_national_20k,IN-C19736-FD011,feeder,Shyamnagar,West Bengal,5.3721,1.5299,1.0912,4,6,7,108,11.32,0.01336,22308947,0,4,IN-WES-HUB|IN-C19734-SS|IN-C19736-SS|IN-C19748-SS|IN-C19736-TR01|IN-C19736-FD011|IN-SR-HUB|IN-C10346-SS|IN-C10362-SS|IN-C19766-SS|IN-C19864-SS|IN-C19963-SS,0|0|0|0|0|0|1|1|1|1|1|1,val
IND-S01107,normal_operation,india_national_20k,IN-C03058-FD021,feeder,Delhi,Delhi,1.0515,1.0314,1.0007,0,10,1,0,0.0,0.0,0,0,0,,,train
IND-S01108,heatwave,india_national_20k,IN-C15643-SS,substation,Chhibrāmau,Uttar Pradesh,2.9699,1.2674,1.2009,0,5,1,0,8.57,0.0,0,0,0,,,train
IND-S01109,heatwave,india_national_20k,IN-C12361-FD011,feeder,Hosūr,Tamil Nadu,3.3031,1.3296,1.154,0,6,2,4,8.75,0.00192,229528,0,4,IN-TAM-HUB|IN-C12361-SS|IN-C12361-TR01|IN-C12361-FD011,0|0|0|0,train
IND-S01110,line_outage,india_national_20k,IN-C14859-FD011,feeder,Malkajgiri,Telangana,1.27,1.0004,1.0317,4,6,1,0,0.0,0.0,0,0,0,,,train
IND-S01111,transformer_overload,india_national_20k,IN-C19738-FD021,feeder,Pānihāti,West Bengal,3.5262,1.0082,1.0022,1,6,1,0,0.0,0.0,0,0,0,,,val
IND-S01112,high_demand,india_national_20k,IN-C19730-GEN02,generator,Howrah,West Bengal,2.9697,1.3512,1.0586,1,27,3,6,8.61,0.00366,5807089,0,3,IN-WES-HUB|IN-C19729-SS|IN-C19730-SS|IN-C19766-SS|IN-C19864-SS|IN-C19963-SS,0|0|0|1|1|1,val
IND-S01113,high_demand,india_national_20k,IN-C11028-GEN01,generator,Puducherry,Puducherry,1.8766,1.4336,1.092,0,17,6,36,9.44,0.00368,5845596,0,4,IN-SR-HUB|IN-PUD-HUB|IN-C11029-SS|IN-C11032-SS|IN-NER-HUB|IN-C01444-SS|IN-C10290-SS|IN-C10346-SS|IN-C10353-SS|IN-C10360-SS|IN-C10362-SS|IN-C10384-SS,0|0|0|0|1|2|2|2|2|2|2|2,train
IND-S01114,normal_operation,india_national_20k,IN-C03953-SS,substation,Abdullāhgarh,Haryana,1.042,0.8748,0.9866,0,8,1,0,0.0,0.0,0,0,0,,,train
IND-S01115,high_demand,india_national_20k,IN-C02529-SS,substation,Durg,Chhattisgarh,2.6078,1.5161,1.0941,0,75,1,0,8.92,0.0,0,0,0,,,train
IND-S01116,transformer_overload,india_national_20k,IN-C01400-FD011,feeder,Aurangābād,Bihar,2.9281,1.2886,1.077,1,6,1,0,0.0,0.0,0,0,0,,,val
IND-S01117,line_outage,india_national_20k,IN-C05572-FD011,feeder,Basavakalyan,Karnataka,1.863,1.0875,1.0588,2,5,1,0,0.0,0.0,0,0,0,,,test
IND-S01118,line_outage,india_national_20k,IN-C03058-FD011,feeder,Delhi,Delhi,1.6977,1.257,1.0084,4,10,2,2,0.14,0.00278,0,0,2,IN-C03058-TR01|IN-C03058-FD011,0|0,train
IND-S01119,transformer_overload,india_national_20k,IN-C01122-GEN04,generator,Jorhat,Assam,3.5071,1.2431,1.0576,1,16,1,0,0.0,0.0,0,0,0,,,val
IND-S01120,line_outage,india_national_20k,IN-C13335-SS,substation,Pūlānkinar,Tamil Nadu,2.0649,1.0651,1.0182,4,8,1,0,0.0,0.0,0,0,0,,,train
IND-S01121,cascade_emergency,india_national_20k,IN-C02529-GEN05,generator,Durg,Chhattisgarh,8.7794,1.5427,1.1591,2,24,7,1199,37.24,0.20286,69895205,0,5,IN-WR-HUB|IN-SR-HUB|IN-CHH-HUB|IN-C02529-SS|IN-NER-HUB|IN-C11047-SS|IN-C07848-SS|IN-ER-HUB|IN-C10362-SS|IN-C08104-SS|IN-C07908-SS|IN-MAH-HUB,0|0|0|0|1|1|1|1|1|1|1|1,train
IND-S01122,high_demand,india_national_20k,IN-C12340-GEN01,generator,Chennai,Tamil Nadu,2.6185,1.3315,1.0345,0,78,2,8,0.5,0.00461,5334958,0,6,IN-TAM-HUB|IN-C12340-SS|IN-C12350-SS|IN-C12392-SS|IN-C12427-SS|IN-C12651-SS|IN-C12699-SS|IN-C14244-SS,0|0|0|0|0|0|0|0,train
IND-S01123,transformer_overload,india_national_20k,IN-C09284-FD021,feeder,Nagpur,Maharashtra,4.2951,1.2511,1.0615,1,10,1,0,0.0,0.0,0,0,0,,,train
IND-S01124,transformer_overload,india_national_20k,IN-C09284-FD012,feeder,Nagpur,Maharashtra,3.3417,1.0705,1.0008,1,10,1,0,0.0,0.0,0,0,0,,,train
IND-S01125,transformer_overload,india_national_20k,IN-C04484-FD031,feeder,Srinagar,Jammu and Kashmir,4.2876,1.0187,1.0216,0,10,2,3,0.16,0.00274,1206419,0,3,IN-C04484-SS|IN-C04484-TR03|IN-C04484-FD031,0|0|0,train
IND-S01126,high_demand,india_national_20k,IN-C10290-SS,substation,Thongju,Manipur,2.0062,1.2942,1.0966,0,15,2,1,8.4,8e-05,24900,0,1,IN-C10278-SS,0,train
IND-S01127,high_demand,india_national_20k,IN-C12324-FD011,feeder,Gangtok,Sikkim,2.297,1.492,1.0917,1,7,2,3,8.87,4e-05,17083,0,1,IN-C12326-SS|IN-C12328-SS|IN-C12337-SS,0|0|0,val
IND-S01128,high_demand,india_national_20k,IN-C03790-FD012,feeder,Faridabad,Haryana,2.4778,1.3697,1.0205,0,10,2,3,0.2,0.00221,1414050,0,3,IN-C03790-SS|IN-C03790-TR01|IN-C03790-FD012,0|0|0,train
IND-S01129,cascade_emergency,india_national_20k,IN-C15548-FD022,feeder,Agra,Uttar Pradesh,5.4542,1.5993,1.0912,5,10,5,120,12.3,0.03276,65740083,0,4,IN-NR-HUB|IN-WR-HUB|IN-ER-HUB|IN-NER-HUB|IN-MAH-HUB|IN-C09286-SS|IN-C09288-SS|IN-C09950-SS|IN-C15548-SS|IN-C15548-TR02|IN-C15548-FD022|IN-UTT-HUB,0|0|0|0|0|0|0|0|0|0|0|0,train
IND-S01130,transformer_overload,india_national_20k,IN-C07898-FD011,feeder,Basoda,Madhya Pradesh,3.2376,1.203,1.0109,0,5,1,0,0.0,0.0,0,0,0,,,train
IND-S01131,heatwave,india_national_20k,IN-C03282-SS,substation,Vadodara,Gujarat,2.344,1.3639,1.1872,0,88,2,1,8.9,0.00252,1822221,0,1,IN-C03282-SS,0,train
IND-S01132,normal_operation,india_national_20k,IN-C17136-SS,substation,Akbarpur Sarāi Ghāg,Uttar Pradesh,1.1448,0.9179,1.0106,0,118,1,0,0.0,0.0,0,0,0,,,train
IND-S01133,heatwave,india_national_20k,IN-C11050-SS,substation,Ludhiana,Punjab,2.617,1.3704,1.2199,2,88,5,118,11.53,0.01476,21208585,0,11,IN-WR-HUB|IN-NER-HUB|IN-PUN-HUB|IN-C11050-SS|IN-C11106-SS|IN-C11189-SS|IN-C01444-SS|IN-C01445-SS|IN-CHH-HUB|IN-C02530-SS|IN-C02531-SS|IN-C02533-SS,0|0|0|0|0|0|1|1|1|1|1|1,train
IND-S01134,heatwave,india_national_20k,IN-C18578-SS,substation,Arhu,Uttar Pradesh,3.409,1.2079,1.1032,2,4,1,0,0.0,0.0,0,0,0,,,train
IND-S01135,high_demand,india_national_20k,IN-C14844-FD011,feeder,Hyderabad,Telangana,2.8976,1.3752,1.0774,1,10,1,0,8.51,0.0,0,0,0,,,train
IND-S01136,high_demand,india_national_20k,IN-C00021-FD021,feeder,Nellore,Andhra Pradesh,2.2556,1.4136,1.0788,0,8,2,3,8.69,0.00178,547621,0,3,IN-C00021-SS|IN-C00021-TR02|IN-C00021-FD021,0|0|0,test
IND-S01137,high_demand,india_national_20k,IN-C07404-SS,substation,Chowwara,Kerala,1.5086,1.2846,1.0978,1,8,1,0,8.33,0.0,0,0,0,,,train
IND-S01138,transformer_overload,india_national_20k,IN-C04484-GEN01,generator,Srinagar,Jammu and Kashmir,3.7457,1.207,1.0285,1,24,2,2,0.09,0.00149,1206419,0,2,IN-JAM-HUB|IN-C04484-SS,0|0,train
IND-S01139,normal_operation,india_national_20k,IN-C07857-FD021,feeder,Indore,Madhya Pradesh,1.0521,0.915,0.9865,0,10,1,0,0.0,0.0,0,0,0,,,train
IND-S01140,high_demand,india_national_20k,IN-C09356-FD011,feeder,Urun-Islāmpur,Maharashtra,1.9063,1.4162,1.0594,0,5,2,5,8.65,0.00049,130147,0,4,IN-C09356-SS|IN-C09427-SS|IN-C09500-SS|IN-C09356-TR01|IN-C09356-FD011,0|0|0|0|0,train
IND-S01141,cascade_emergency,india_national_20k,IN-C03058-FD032,feeder,Delhi,Delhi,8.4196,1.5114,1.14,4,10,6,120,12.08,0.02796,28899396,0,4,IN-NR-HUB|IN-WR-HUB|IN-SR-HUB|IN-ER-HUB|IN-NER-HUB|IN-DEL-HUB|IN-C03058-SS|IN-C03058-TR03|IN-C03058-FD032|IN-KER-HUB|IN-C07054-SS|IN-C07531-SS,0|0|0|0|0|0|0|0|0|0|0|0,train
IND-S01142,high_demand,india_national_20k,IN-C07857-FD021,feeder,Indore,Madhya Pradesh,2.3157,1.2622,1.0339,1,10,1,0,0.0,0.0,0,0,0,,,train
IND-S01143,high_demand,india_national_20k,IN-C09304-FD021,feeder,Akola,Maharashtra,2.6806,1.4476,1.0681,1,7,1,0,8.63,0.0,0,0,0,,,train
IND-S01144,normal_operation,india_national_20k,IN-C12492-SS,substation,Chettipālaiyam,Tamil Nadu,1.1431,0.905,0.9878,0,2,1,0,0.0,0.0,0,0,0,,,train
IND-S01145,transformer_overload,india_national_20k,IN-C03312-FD011,feeder,Deesa,Gujarat,4.0951,1.0407,1.0527,1,5,1,0,0.0,0.0,0,0,0,,,train
IND-S01146,normal_operation,india_national_20k,IN-C00030-FD011,feeder,Eluru,Andhra Pradesh,1.0639,0.8884,1.0195,0,6,1,0,0.0,0.0,0,0,0,,,test
IND-S01147,transformer_overload,india_national_20k,IN-GUJ-HUB-GEN,generator,Gujarat Hub Generation,Gujarat,2.7871,1.1122,1.0485,1,80,1,0,0.0,0.0,0,0,0,,,train
IND-S01148,line_outage,india_national_20k,IN-C11055-GEN06,generator,Pathānkot,Punjab,1.8267,1.2539,1.0341,4,20,1,0,0.0,0.0,0,0,0,,,train
IND-S01149,cascade_emergency,india_national_20k,IN-C15554-FD011,feeder,Bareilly,Uttar Pradesh,4.9848,1.536,1.1281,3,8,6,113,12.03,0.02869,53556947,0,4,IN-NR-HUB|IN-WR-HUB|IN-ER-HUB|IN-NER-HUB|IN-C15554-SS|IN-C15554-TR01|IN-C15554-FD011|IN-UTT-HUB|IN-BIH-HUB|IN-C01374-SS|IN-C01444-SS|IN-C01445-SS,0|0|0|0|0|0|0|0|1|1|1|1,train
IND-S01150,high_demand,india_national_20k,IN-C09285-GEN04,generator,Thāne,Maharashtra,1.5733,1.3845,1.0926,1,43,5,39,9.51,0.00738,26493859,0,4,IN-WR-HUB|IN-SR-HUB|IN-MAH-HUB|IN-C09282-SS|IN-C09285-SS|IN-NER-HUB|IN-C11034-SS|IN-C11047-SS|IN-C01444-SS|IN-C10290-SS|IN-C10346-SS|IN-C10353-SS,0|0|0|0|0|1|1|1|2|2|2|2,train
IND-S01151,heatwave,india_national_20k,IN-C01079-SS,substation,Daporijo,Arunachal Pradesh,3.268,1.398,1.1565,0,5,2,5,8.89,0.00028,88603,0,4,IN-C01070-SS|IN-C01078-SS|IN-C01079-SS|IN-C01098-SS|IN-C01117-SS,0|0|0|0|0,train
IND-S01152,high_demand,india_national_20k,IN-C01227-SS,substation,Teok,Assam,1.9806,1.4387,1.093,0,5,3,8,8.83,0.00029,219121,0,3,IN-C01135-SS|IN-C01152-SS|IN-C01167-SS|IN-C01249-SS|IN-C01339-SS|IN-C01350-SS|IN-ASS-HUB|IN-C01122-SS,0|0|0|0|0|0|1|1,val
IND-S01153,line_outage,india_national_20k,IN-C15546-FD021,feeder,Kanpur,Uttar Pradesh,2.3939,1.0063,1.0144,4,10,2,2,0.14,0.00266,0,0,2,IN-C15546-TR02|IN-C15546-FD021,0|0,train
IND-S01154,high_demand,india_national_20k,IN-C12353-FD021,feeder,Dindigul,Tamil Nadu,2.578,1.2758,1.0327,1,7,1,0,0.0,0.0,0,0,0,,,train
IND-S01155,cascade_emergency,india_national_20k,IN-C15549-GEN04,generator,Meerut,Uttar Pradesh,7.9871,1.335,1.1247,1,119,4,35,9.38,0.00615,13187079,0,5,IN-NR-HUB|IN-WR-HUB|IN-NER-HUB|IN-C15549-SS|IN-UTT-HUB|IN-DEL-HUB|IN-C03058-SS|IN-C10290-SS|IN-C10346-SS|IN-C10353-SS|IN-C10360-SS|IN-C10362-SS,0|0|0|0|0|1|1|1|1|1|1|1,train
IND-S01156,transformer_overload,india_national_20k,IN-C07055-FD011,feeder,Malappuram,Kerala,3.0684,1.2487,1.0116,1,7,1,0,0.0,0.0,0,0,0,,,train
IND-S01157,cascade_emergency,india_national_20k,IN-C12427-SS,substation,Nerkunram,Tamil Nadu,4.3962,1.5724,1.1336,4,14,3,135,12.41,0.02928,9304306,0,6,IN-TAM-HUB|IN-C12350-SS|IN-C12392-SS|IN-C12427-SS|IN-C12651-SS|IN-C12699-SS|IN-C12342-SS|IN-C12343-SS|IN-C12344-SS|IN-C12345-SS|IN-C12346-SS|IN-C12347-SS,0|0|0|0|0|0|1|1|1|1|1|1,train
IND-S01158,high_demand,india_national_20k,IN-C09367-SS,substation,Lonavla,Maharashtra,1.6089,1.4861,1.0301,0,5,1,0,8.59,0.0,0,0,0,,,train
IND-S01159,line_outage,india_national_20k,IN-C07863-SS,substation,Dewas,Madhya Pradesh,1.5641,1.1208,1.0371,2,178,1,0,0.0,0.0,0,0,0,,,train
IND-S01160,cascade_emergency,india_national_20k,IN-C19745-FD011,feeder,Uluberiya,West Bengal,6.2929,1.3981,1.0562,4,5,3,22,9.14,0.00765,6798007,0,5,IN-WES-HUB|IN-C19729-SS|IN-C19730-SS|IN-C19735-SS|IN-C19745-SS|IN-C19787-SS|IN-C19799-SS|IN-C19822-SS|IN-C19833-SS|IN-C19838-SS|IN-C19855-SS|IN-C19859-SS,0|0|0|0|0|0|0|0|0|0|0|0,val
IND-S01161,line_outage,india_national_20k,IN-C19739-FD021,feeder,Kāmārhāti,West Bengal,1.7574,1.083,1.0256,3,6,2,1,0.02,1e-05,4922,0,0,IN-C01580-SS,0,val
IND-S01162,high_demand,india_national_20k,IN-C07912-SS,substation,Barwāni,Madhya Pradesh,2.8526,1.4427,1.0591,0,6,1,0,8.58,0.0,0,0,0,,,train
IND-S01163,cascade_emergency,india_national_20k,IN-C09288-GEN07,generator,Pimpri,Maharashtra,5.4253,1.5634,1.0571,1,44,4,114,11.3,0.01066,14258004,0,5,IN-WR-HUB|IN-SR-HUB|IN-ER-HUB|IN-MAH-HUB|IN-C09286-SS|IN-C09288-SS|IN-C09950-SS|IN-C10346-SS|IN-C10362-SS|IN-WES-HUB|IN-ASS-HUB|IN-C01120-SS,0|0|0|0|0|0|0|0|0|0|1|1,train
IND-S01164,transformer_overload,india_national_20k,IN-C09285-GEN04,generator,Thāne,Maharashtra,3.3593,1.143,1.0211,0,43,5,16,0.53,0.00483,14742548,0,4,IN-WR-HUB|IN-MAH-HUB|IN-C09282-SS|IN-C09285-SS|IN-ER-HUB|IN-NER-HUB|IN-C10346-SS|IN-C10360-SS|IN-C10362-SS|IN-C15523-SS|IN-C19963-SS|IN-C15525-SS,0|0|0|0|1|1|2|2|2|2|2|3,train
IND-S01165,normal_operation,india_national_20k,IN-C03287-SS,substation,Jūnāgadh,Gujarat,1.1906,0.9651,0.9996,0,84,1,0,0.0,0.0,0,0,0,,,train
IND-S01166,line_outage,india_national_20k,IN-C13531-SS,substation,Agaramtūli,Tamil Nadu,1.3836,1.0828,1.0394,1,7,1,0,0.0,0.0,0,0,0,,,train
IND-S01167,heatwave,india_national_20k,IN-C15590-FD011,feeder,Etah,Uttar Pradesh,3.1467,1.2053,1.0928,1,6,1,0,0.0,0.0,0,0,0,,,train
IND-S01168,transformer_overload,india_national_20k,IN-C12351-GEN12,generator,Thoothukudi,Tamil Nadu,5.6553,1.2776,1.0239,0,73,1,0,0.0,0.0,0,0,0,,,train
IND-S01169,high_demand,india_national_20k,IN-C14851-GEN08,generator,Lal Bahadur Nagar,Telangana,2.3225,1.2938,1.0263,1,28,1,0,0.01,0.0,0,0,0,,,train
IND-S01170,cascade_emergency,india_national_20k,IN-C07858-GEN02,generator,Bhopal,Madhya Pradesh,5.7526,1.4069,1.0993,4,52,5,53,9.84,0.00786,9087709,0,8,IN-SR-HUB|IN-MAD-HUB|IN-C07858-SS|IN-C07882-SS|IN-C07888-SS|IN-C07892-SS|IN-C07908-SS|IN-C08007-SS|IN-C08067-SS|IN-C08104-SS|IN-C08742-SS|IN-ER-HUB,0|0|0|0|0|0|0|0|0|0|0|1,train
IND-S01171,high_demand,india_national_20k,IN-C03058-FD022,feeder,Delhi,Delhi,1.5517,1.3173,1.0409,0,10,2,2,0.14,0.00254,0,0,2,IN-C03058-TR02|IN-C03058-FD022,0|0,train
IND-S01172,transformer_overload,india_national_20k,IN-C12351-FD011,feeder,Thoothukudi,Tamil Nadu,5.4217,1.2695,1.0312,0,8,2,3,0.16,0.00287,410760,0,3,IN-C12351-SS|IN-C12351-TR01|IN-C12351-FD011,0|0|0,train
IND-S01173,transformer_overload,india_national_20k,IN-WES-HUB-GEN,generator,West Bengal Hub Generation,West Bengal,5.0774,1.1612,1.0204,0,44,1,0,0.0,0.0,0,0,0,,,val
IND-S01174,line_outage,india_national_20k,IN-C09286-GEN05,generator,Pimpri-Chinchwad,Maharashtra,1.2178,1.2878,1.0345,2,44,1,0,0.0,0.0,0,0,0,,,train
IND-S01175,heatwave,india_national_20k,IN-C12349-FD021,feeder,Vellore,Tamil Nadu,1.6903,1.3285,1.1721,0,8,6,39,9.43,0.00237,1395861,0,4,IN-C12349-SS|IN-C12349-TR02|IN-C12349-FD021|IN-SR-HUB|IN-NER-HUB|IN-C11034-SS|IN-C11047-SS|IN-TAM-HUB|IN-C12390-SS|IN-C12474-SS|IN-C14168-SS|IN-C14310-SS,0|0|0|1|2|2|2|2|2|2|2|2,train
IND-S01176,cascade_emergency,india_national_20k,IN-C03282-GEN03,generator,Vadodara,Gujarat,8.3882,1.4384,1.0625,1,29,5,46,9.72,0.00792,13952620,0,3,IN-WR-HUB|IN-SR-HUB|IN-GUJ-HUB|IN-C03282-SS|IN-NER-HUB|IN-C11034-SS|IN-C11047-SS|IN-C01444-SS|IN-C10290-SS|IN-C10346-SS|IN-C10353-SS|IN-C10360-SS,0|0|0|0|1|1|1|2|2|2|2|2,train
IND-S01177,transformer_overload,india_national_20k,IN-C04827-GEN06,generator,Deoghar,Jharkhand,3.9856,1.2246,1.0149,0,27,1,0,0.0,0.0,0,0,0,,,train
IND-S01178,cascade_emergency,india_national_20k,IN-C03370-SS,substation,Rājpīpla,Gujarat,6.9969,1.5787,1.1582,3,6,8,1295,39.09,0.20776,61324525,0,0,IN-WR-HUB|IN-SR-HUB|IN-TAM-HUB|IN-NER-HUB|IN-C11047-SS|IN-C07848-SS|IN-ER-HUB|IN-C10362-SS|IN-C08104-SS|IN-C07908-SS|IN-C09292-SS|IN-MAH-HUB,0|0|0|1|1|1|1|1|1|1|1|1,train
IND-S01179,normal_operation,india_national_20k,IN-C07865-GEN09,generator,Saugor,Madhya Pradesh,1.0179,0.9216,0.9889,0,46,1,0,0.0,0.0,0,0,0,,,train
IND-S01180,cascade_emergency,india_national_20k,IN-C15554-FD021,feeder,Bareilly,Uttar Pradesh,8.0947,1.5142,1.07,4,8,4,58,10.4,0.01681,22881805,0,4,IN-NR-HUB|IN-WR-HUB|IN-SR-HUB|IN-NER-HUB|IN-C15554-SS|IN-C15554-TR02|IN-C15554-FD021|IN-UTT-HUB|IN-C01444-SS|IN-C01445-SS|IN-CHH-HUB|IN-C02530-SS,0|0|0|0|0|0|0|0|1|1|1|1,train
IND-S01181,line_outage,india_national_20k,IN-C09287-FD021,feeder,Nashik,Maharashtra,1.5119,1.0942,1.0251,1,10,1,0,0.0,0.0,0,0,0,,,train
IND-S01182,cascade_emergency,india_national_20k,IN-C09285-GEN04,generator,Thāne,Maharashtra,7.6558,1.5421,1.0648,4,43,4,107,11.26,0.01378,25740394,0,4,IN-WR-HUB|IN-SR-HUB|IN-ER-HUB|IN-NER-HUB|IN-MAH-HUB|IN-C09282-SS|IN-C09285-SS|IN-C10346-SS|IN-C10362-SS|IN-WES-HUB|IN-C01444-SS|IN-CHH-HUB,0|0|0|0|0|0|0|0|0|0|1|1,train
IND-S01183,cascade_emergency,india_national_20k,IN-C19729-FD011,feeder,Kolkata,West Bengal,4.0174,1.3638,1.0734,1,10,6,20,8.93,0.00296,11482300,0,1,IN-ER-HUB|IN-WES-HUB|IN-WR-HUB|IN-C19766-SS|IN-C19864-SS|IN-C19963-SS|IN-C10346-SS|IN-C10362-SS|IN-C15600-SS|IN-UTT-HUB|IN-DEL-HUB|IN-C03058-SS,0|0|1|1|1|1|2|2|2|2|3|3,val
IND-S01184,heatwave,india_national_20k,IN-C11028-FD011,feeder,Puducherry,Puducherry,1.8547,1.3942,1.1295,2,8,2,5,8.81,0.0019,690080,0,4,IN-PUD-HUB|IN-C11028-SS|IN-C11032-SS|IN-C11028-TR01|IN-C11028-FD011,0|0|0|0|0,train
IND-S01185,high_demand,india_national_20k,IN-C09284-FD022,feeder,Nagpur,Maharashtra,1.9119,1.3774,1.0927,1,10,1,0,8.54,0.0,0,0,0,,,train
IND-S01186,cascade_emergency,india_national_20k,IN-C09289-GEN08,generator,Kalyān,Maharashtra,7.8441,1.3881,1.1528,3,41,4,81,10.68,0.01326,25242211,0,7,IN-WR-HUB|IN-SR-HUB|IN-ER-HUB|IN-MAH-HUB|IN-C09289-SS|IN-C09290-SS|IN-C09301-SS|IN-C09312-SS|IN-C09473-SS|IN-ASS-HUB|IN-C01122-SS|IN-HAR-HUB,0|0|0|0|0|0|0|0|0|1|1|1,train
IND-S01187,normal_operation,india_national_20k,IN-C19753-SS,substation,Malda,West Bengal,1.2,1.0024,0.9843,0,5,1,0,0.0,0.0,0,0,0,,,val
IND-S01188,cascade_emergency,india_national_20k,IN-C12362-FD011,feeder,Nāgercoil,Tamil Nadu,5.6612,1.4507,1.136,1,6,1,0,8.85,0.0,0,0,0,,,train
IND-S01189,normal_operation,india_national_20k,IN-C09293-FD011,feeder,Sholapur,Maharashtra,1.1465,0.8876,0.9978,0,8,1,0,0.0,0.0,0,0,0,,,train
IND-S01190,high_demand,india_national_20k,IN-C12347-FD021,feeder,Salem,Tamil Nadu,2.9467,1.5045,1.0697,0,8,6,66,10.41,0.01286,22366918,0,4,IN-C12347-SS|IN-C12347-TR02|IN-C12347-FD021|IN-SR-HUB|IN-ER-HUB|IN-NER-HUB|IN-KAR-HUB|IN-C05537-SS|IN-C05539-SS|IN-C05540-SS|IN-C11034-SS|IN-C11047-SS,0|0|0|1|2|2|2|2|2|2|2|2,train
IND-S01191,high_demand,india_national_20k,IN-C09287-GEN06,generator,Nashik,Maharashtra,1.589,1.4595,1.0773,1,41,5,83,10.49,0.00825,12970719,0,3,IN-WR-HUB|IN-SR-HUB|IN-MAH-HUB|IN-C09287-SS|IN-ER-HUB|IN-NER-HUB|IN-C11034-SS|IN-C11047-SS|IN-DEL-HUB|IN-C03059-SS|IN-HAR-HUB|IN-C03795-SS,0|0|0|0|1|1|1|1|2|2|2|2,train
IND-S01192,line_outage,india_national_20k,IN-C15549-FD021,feeder,Meerut,Uttar Pradesh,2.0742,1.1088,1.0012,4,10,2,2,0.08,0.001,0,0,2,IN-C15549-TR02|IN-C15549-FD021,0|0,train
IND-S01193,transformer_overload,india_national_20k,IN-C03790-FD012,feeder,Faridabad,Haryana,5.1221,1.2314,1.0306,1,10,1,0,0.0,0.0,0,0,0,,,train
IND-S01194,normal_operation,india_national_20k,IN-C01413-FD011,feeder,Gopālganj,Bihar,1.0783,0.8591,0.9933,0,5,1,0,0.0,0.0,0,0,0,,,val
IND-S01195,cascade_emergency,india_national_20k,IN-C09297-FD011,feeder,Borivli,Maharashtra,8.1132,1.3388,1.0849,1,7,1,0,8.43,0.0,0,0,0,,,train
IND-S01196,cascade_emergency,india_national_20k,IN-KER-HUB-GEN,generator,Kerala Hub Generation,Kerala,7.242,1.5928,1.1216,5,103,8,1119,36.58,0.22469,83365275,0,7,IN-ER-HUB|IN-C01070-SS|IN-C01071-SS|IN-C10938-SS|IN-C11025-SS|IN-WR-HUB|IN-BIH-HUB|IN-C01374-SS|IN-C01394-SS|IN-C01444-SS|IN-C01445-SS|IN-C01481-SS,0|0|0|0|0|1|1|1|1|1|1|1,train
IND-S01197,cascade_emergency,india_national_20k,IN-C11566-GEN07,generator,Bhilwara,Rajasthan,5.4916,1.3663,1.1388,5,30,1,0,8.64,0.0,0,0,0,,,train
IND-S01198,cascade_emergency,india_national_20k,IN-C05596-SS,substation,Sidlaghatta,Karnataka,4.6016,1.432,1.0884,5,7,1,0,8.65,0.0,0,0,0,,,test
IND-S01199,high_demand,india_national_20k,IN-C19817-SS,substation,Diamond Harbour,West Bengal,1.6135,1.3578,1.0207,1,7,1,0,0.0,0.0,0,0,0,,,val
IND-S01200,cascade_emergency,india_national_20k,IN-C00033-FD011,feeder,Machilīpatnam,Andhra Pradesh,4.0907,1.4101,1.0836,4,6,3,8,8.77,0.00207,359264,0,4,IN-AND-HUB|IN-C00033-SS|IN-C00033-TR01|IN-C00033-FD011|IN-C00037-SS|IN-C00715-SS|IN-C00747-SS|IN-C00866-SS,0|0|0|0|1|1|1|1,test
IND-S01201,line_outage,india_national_20k,IN-C03059-GEN02,generator,Najafgarh,Delhi,2.497,1.1854,1.0264,1,20,1,0,0.01,0.0,0,0,0,,,train
IND-S01202,cascade_emergency,india_national_20k,IN-C14850-GEN07,generator,Karīmnagar,Telangana,8.0559,1.4849,1.1654,2,27,5,137,12.24,0.023,45659750,0,4,IN-SR-HUB|IN-ER-HUB|IN-TEL-HUB|IN-C14850-SS|IN-ASS-HUB|IN-C01122-SS|IN-BIH-HUB|IN-C01374-SS|IN-C01444-SS|IN-C01445-SS|IN-C01481-SS|IN-CHH-HUB,0|0|0|0|1|1|1|1|1|1|1|1,train
IND-S01203,line_outage,india_national_20k,IN-C11028-GEN01,generator,Puducherry,Puducherry,2.4976,1.2954,1.0308,3,17,2,4,0.14,0.00025,332975,0,4,IN-SR-HUB|IN-PUD-HUB|IN-C11029-SS|IN-C11032-SS,0|0|0|0,train
IND-S01204,heatwave,india_national_20k,IN-C01403-SS,substation,Jamūī,Bihar,2.1453,1.419,1.1876,2,6,1,0,8.95,0.0,0,0,0,,,val
IND-S01205,line_outage,india_national_20k,IN-C07857-FD022,feeder,Indore,Madhya Pradesh,2.2516,1.0881,1.0411,3,10,2,3,0.16,0.00294,1994397,0,3,IN-C07857-SS|IN-C07857-TR02|IN-C07857-FD022,0|0|0,train
IND-S01206,heatwave,india_national_20k,IN-C02771-SS,substation,Akarapalle,Chhattisgarh,1.7761,1.2752,1.0877,0,7,1,0,0.0,0.0,0,0,0,,,train
IND-S01207,cascade_emergency,india_national_20k,IN-C15616-FD011,feeder,Nawābganj,Uttar Pradesh,4.2447,1.5515,1.1162,3,6,7,130,12.26,0.02637,58657422,0,4,IN-C15616-SS|IN-C15616-TR01|IN-C15616-FD011|IN-UTT-HUB|IN-WR-HUB|IN-SR-HUB|IN-BIH-HUB|IN-C01374-SS|IN-C01444-SS|IN-C01445-SS|IN-C01481-SS|IN-C02142-SS,0|0|0|0|1|1|1|1|1|1|1|1,train
IND-S01208,normal_operation,india_national_20k,IN-C00023-SS,substation,Kākināda,Andhra Pradesh,1.0994,1.0398,1.0029,0,151,1,0,0.0,0.0,0,0,0,,,test
IND-S01209,line_outage,india_national_20k,IN-C00044-FD011,feeder,Gudivāda,Andhra Pradesh,2.3895,1.0981,1.0423,3,5,1,0,0.0,0.0,0,0,0,,,test
IND-S01210,line_outage,india_national_20k,IN-C05537-FD011,feeder,Ballari,Karnataka,2.1103,1.2459,1.0133,2,8,2,3,0.1,0.00126,410445,0,3,IN-C05537-SS|IN-C05537-TR01|IN-C05537-FD011,0|0|0,test
IND-S01211,transformer_overload,india_national_20k,IN-C12342-GEN03,generator,Kallakurichi,Tamil Nadu,5.1736,1.2329,1.0114,0,81,2,2,0.14,0.00265,1682687,0,2,IN-TAM-HUB|IN-C12342-SS,0|0,train
IND-S01212,line_outage,india_national_20k,IN-C19731-GEN03,generator,Durgapur,West Bengal,2.0503,1.2806,1.0087,3,20,2,6,0.15,0.00094,1331410,0,5,IN-C19731-SS|IN-C19733-SS|IN-C19755-SS|IN-C19766-SS|IN-C19864-SS|IN-C19963-SS,0|0|0|0|0|0,val
IND-S01213,high_demand,india_national_20k,IN-C09301-FD021,feeder,Ulhasnagar,Maharashtra,2.9879,1.3022,1.0948,0,8,3,5,8.57,0.00234,799521,0,4,IN-C09301-SS|IN-C09301-TR02|IN-C09301-FD021|IN-C09312-SS|IN-C09473-SS,0|0|0|1|1,train
IND-S01214,line_outage,india_national_20k,IN-C09282-FD021,feeder,Mumbai,Maharashtra,1.8872,1.0796,1.0578,1,10,1,0,0.0,0.0,0,0,0,,,train
IND-S01215,cascade_emergency,india_national_20k,IN-C19733-GEN05,generator,Āsansol,West Bengal,7.349,1.4355,1.1606,5,22,6,122,11.62,0.01512,28703737,0,6,IN-SR-HUB|IN-C10346-SS|IN-C10362-SS|IN-C19731-SS|IN-C19733-SS|IN-C19755-SS|IN-C19766-SS|IN-C19864-SS|IN-C19963-SS|IN-ASS-HUB|IN-C01122-SS|IN-BIH-HUB,0|0|0|0|0|0|0|0|0|1|1|1,val
IND-S01216,line_outage,india_national_20k,IN-C00048-FD011,feeder,Mangalagiri,Andhra Pradesh,1.7509,1.1225,1.0135,2,5,1,0,0.0,0.0,0,0,0,,,test
IND-S01217,transformer_overload,india_national_20k,IN-C15546-SS,substation,Kanpur,Uttar Pradesh,2.4455,1.1733,1.0128,1,260,4,8,0.32,0.00435,3178600,0,6,IN-C15583-SS|IN-C15601-SS|IN-C19257-SS|IN-C15546-SS|IN-UTT-HUB|IN-C19438-SS|IN-C19462-SS|IN-C19475-SS,0|0|0|1|1|2|2|2,train
IND-S01218,high_demand,india_national_20k,IN-C12246-SS,substation,Arnra,Rajasthan,2.1411,1.4028,1.0345,1,8,1,0,8.44,0.0,0,0,0,,,train
IND-S01219,line_outage,india_national_20k,IN-C11562-GEN03,generator,Kota,Rajasthan,1.7653,1.2338,1.0256,2,37,1,0,0.0,0.0,0,0,0,,,train
IND-S01220,normal_operation,india_national_20k,IN-C09286-GEN05,generator,Pimpri-Chinchwad,Maharashtra,1.1662,1.0038,0.9975,0,44,1,0,0.0,0.0,0,0,0,,,train
IND-S01221,transformer_overload,india_national_20k,IN-C15547-FD011,feeder,Lucknow,Uttar Pradesh,2.2271,1.1198,1.0685,0,10,2,3,0.19,0.00362,2472011,0,3,IN-C15547-SS|IN-C15547-TR01|IN-C15547-FD011,0|0|0,train
IND-S01222,line_outage,india_national_20k,IN-CHH-HUB-GEN,generator,Chhattisgarh Hub Generation,Chhattisgarh,1.5457,1.18,1.0091,4,69,2,1,0.02,0.0,500,0,0,IN-C16231-SS,0,train
IND-S01223,cascade_emergency,india_national_20k,IN-C08168-SS,substation,Karnāwad,Madhya Pradesh,7.6924,1.4321,1.0619,1,10,1,0,8.57,0.0,0,0,0,,,train
IND-S01224,line_outage,india_national_20k,IN-C09471-SS,substation,Walwadi,Maharashtra,2.2611,1.2733,1.0472,3,7,2,1,0.03,5e-05,19483,0,0,IN-C00177-SS,0,train
IND-S01225,transformer_overload,india_national_20k,IN-C14860-FD011,feeder,Ādilābād,Telangana,5.4274,1.0802,1.0722,1,5,1,0,0.0,0.0,0,0,0,,,train
IND-S01226,line_outage,india_national_20k,IN-C15547-GEN02,generator,Lucknow,Uttar Pradesh,1.3566,1.0084,1.0209,4,120,2,1,0.03,0.00011,45459,0,0,IN-C07102-SS,0,train
IND-S01227,transformer_overload,india_national_20k,IN-C11617-SS,substation,Nohar,Rajasthan,2.0155,1.2183,1.0302,0,4,1,0,0.0,0.0,0,0,0,,,train
IND-S01228,cascade_emergency,india_national_20k,IN-C12504-SS,substation,Karumattampatti,Tamil Nadu,4.2611,1.3278,1.0615,4,5,1,0,8.35,0.0,0,0,0,,,train
IND-S01229,cascade_emergency,india_national_20k,IN-C03280-GEN01,generator,Ahmedabad,Gujarat,7.5334,1.529,1.0883,3,28,4,71,10.81,0.01794,27631950,0,3,IN-WR-HUB|IN-SR-HUB|IN-ER-HUB|IN-NER-HUB|IN-GUJ-HUB|IN-C03280-SS|IN-KER-HUB|IN-C07054-SS|IN-C09290-SS|IN-C09301-SS|IN-C10346-SS|IN-C10353-SS,0|0|0|0|0|0|0|0|0|0|0|0,train
IND-S01230,cascade_emergency,india_national_20k,IN-C12546-SS,substation,Vadakku Valliyūr,Tamil Nadu,8.2331,1.4622,1.0811,2,7,1,0,8.69,0.0,0,0,0,,,train
IND-S01231,transformer_overload,india_national_20k,IN-C07862-FD011,feeder,Punāsa,Madhya Pradesh,4.5394,1.2206,1.0195,1,8,1,0,0.0,0.0,0,0,0,,,train
IND-S01232,line_outage,india_national_20k,IN-C04822-FD032,feeder,Jamshedpur,Jharkhand,1.4537,1.2413,1.0212,4,10,2,2,0.07,0.00077,0,0,2,IN-C04822-TR03|IN-C04822-FD032,0|0,train
IND-S01233,transformer_overload,india_national_20k,IN-C19732-SS,substation,Siliguri,West Bengal,2.1224,1.0399,1.0471,1,47,1,0,0.0,0.0,0,0,0,,,val
IND-S01234,transformer_overload,india_national_20k,IN-C09290-GEN09,generator,Dombivali,Maharashtra,3.2735,1.1662,1.0527,1,40,5,25,0.79,0.00549,8293338,0,6,IN-WR-HUB|IN-MAH-HUB|IN-C09289-SS|IN-C09290-SS|IN-C09301-SS|IN-C09312-SS|IN-C09473-SS|IN-ER-HUB|IN-NER-HUB|IN-C10346-SS|IN-C10353-SS|IN-C10360-SS,0|0|0|0|0|0|0|1|1|2|2|2,train
IND-S01235,cascade_emergency,india_national_20k,IN-C09422-SS,substation,Parola,Maharashtra,7.2411,1.4734,1.0913,3,6,2,1,8.8,1e-05,4570,0,0,IN-C05030-SS,0,train
IND-S01236,heatwave,india_national_20k,IN-C03059-GEN02,generator,Najafgarh,Delhi,3.1087,1.2057,1.2154,1,20,4,80,10.1,0.00538,8129959,0,2,IN-NR-HUB|IN-WR-HUB|IN-NER-HUB|IN-DEL-HUB|IN-C10290-SS|IN-C10346-SS|IN-C10353-SS|IN-C10360-SS|IN-C10362-SS|IN-C10384-SS|IN-NAG-HUB|IN-C10388-SS,0|0|0|0|1|1|1|1|1|1|1|1,train
IND-S01237,normal_operation,india_national_20k,IN-C12547-SS,substation,Tirukkalikkunram,Tamil Nadu,1.1207,0.9175,0.9904,0,5,1,0,0.0,0.0,0,0,0,,,train
IND-S01238,heatwave,india_national_20k,IN-C12356-FD011,feeder,Tiruvottiyūr,Tamil Nadu,2.1544,1.4129,1.1176,2,6,2,8,8.89,0.00166,443869,0,6,IN-TAM-HUB|IN-C12356-SS|IN-C12373-SS|IN-C12501-SS|IN-C12562-SS|IN-C12930-SS|IN-C12356-TR01|IN-C12356-FD011,0|0|0|0|0|0|0|0,train
IND-S01239,normal_operation,india_national_20k,IN-C04826-FD011,feeder,Mango,Jharkhand,1.1014,0.9073,0.9886,0,7,1,0,0.0,0.0,0,0,0,,,train
IND-S01240,heatwave,india_national_20k,IN-C09288-GEN07,generator,Pimpri,Maharashtra,3.1795,1.3244,1.1477,1,44,5,40,9.5,0.00603,14973333,0,5,IN-WR-HUB|IN-SR-HUB|IN-MAH-HUB|IN-C09286-SS|IN-C09288-SS|IN-C09950-SS|IN-NER-HUB|IN-C11034-SS|IN-C11047-SS|IN-C01444-SS|IN-C10290-SS|IN-C10346-SS,0|0|0|0|0|0|1|1|1|2|2|2,train
IND-S01241,transformer_overload,india_national_20k,IN-C14871-SS,substation,Bodhan,Telangana,2.7875,1.0727,1.0673,0,7,1,0,0.0,0.0,0,0,0,,,train
IND-S01242,high_demand,india_national_20k,IN-C00020-GEN04,generator,Guntur,Andhra Pradesh,1.6909,1.4,1.0797,1,40,2,5,8.65,0.0001,166437,0,5,IN-AND-HUB|IN-C00037-SS|IN-C00715-SS|IN-C00747-SS|IN-C00866-SS,0|0|0|0|0,test
IND-S01243,line_outage,india_national_20k,IN-C00018-FD022,feeder,Vijayawada,Andhra Pradesh,1.4396,1.1766,1.0417,4,10,2,2,0.06,0.00065,0,0,2,IN-C00018-TR02|IN-C00018-FD022,0|0,test
IND-S01244,high_demand,india_national_20k,IN-C03108-SS,substation,Dayal Pur,Delhi,2.4723,1.4832,1.0976,1,10,1,0,8.81,0.0,0,0,0,,,train
IND-S01245,transformer_overload,india_national_20k,IN-C00038-FD011,feeder,Chittoor,Andhra Pradesh,3.3176,1.2125,1.0048,1,6,1,0,0.0,0.0,0,0,0,,,test
IND-S01246,transformer_overload,india_national_20k,IN-C03288-GEN09,generator,Gandhinagar,Gujarat,4.8245,1.1977,1.0428,0,24,1,0,0.0,0.0,0,0,0,,,train
IND-S01247,cascade_emergency,india_national_20k,IN-C02538-SS,substation,Kawardha,Chhattisgarh,4.7484,1.415,1.1353,3,7,2,1,8.79,0.00013,53392,0,0,IN-C11613-SS,0,train
IND-S01248,transformer_overload,india_national_20k,IN-C07434-SS,substation,Katavallūr,Kerala,4.4945,1.2835,1.053,1,7,2,2,0.07,6e-05,105512,0,0,IN-KER-HUB|IN-C07054-SS,0|0,train
IND-S01249,transformer_overload,india_national_20k,IN-C11068-FD011,feeder,Zerakpur,Punjab,5.3155,1.1527,1.029,1,5,1,0,0.0,0.0,0,0,0,,,train
IND-S01250,transformer_overload,india_national_20k,IN-C07860-FD031,feeder,Gwalior,Madhya Pradesh,5.4935,1.2701,1.0784,1,10,1,0,0.0,0.0,0,0,0,,,train
IND-S01251,cascade_emergency,india_national_20k,IN-C01079-SS,substation,Daporijo,Arunachal Pradesh,8.6488,1.4285,1.1347,4,5,2,7,8.94,0.00049,152976,0,4,IN-C01070-SS|IN-C01078-SS|IN-C01079-SS|IN-C01098-SS|IN-C01117-SS|IN-C07905-SS|IN-C08939-SS,0|0|0|0|0|0|0,train
IND-S01252,transformer_overload,india_national_20k,IN-C03282-FD032,feeder,Vadodara,Gujarat,3.7615,1.0014,1.0554,1,10,1,0,0.0,0.0,0,0,0,,,train
IND-S01253,high_demand,india_national_20k,IN-C01517-SS,substation,Koāth,Bihar,1.756,1.4369,1.0445,0,7,1,0,8.54,0.0,0,0,0,,,val
IND-S01254,transformer_overload,india_national_20k,IN-C03939-SS,substation,Manethi,Haryana,2.8593,1.1869,1.0134,1,4,1,0,0.0,0.0,0,0,0,,,train
IND-S01255,high_demand,india_national_20k,IN-C09303-FD021,feeder,Jalgaon,Maharashtra,2.3959,1.3253,1.0946,0,7,2,4,8.56,0.00157,460228,0,4,IN-MAH-HUB|IN-C09303-SS|IN-C09303-TR02|IN-C09303-FD021,0|0|0|0,train
IND-S01256,transformer_overload,india_national_20k,IN-C15635-FD011,feeder,Sahaswān,Uttar Pradesh,4.6212,1.1842,1.0709,0,6,3,7,0.2,0.00078,145599,0,4,IN-C15635-SS|IN-C15635-TR01|IN-C15635-FD011|IN-UTT-HUB|IN-C19438-SS|IN-C19462-SS|IN-C19475-SS,0|0|0|0|1|1|1,train
IND-S01257,normal_operation,india_national_20k,IN-C15627-SS,substation,Farīdpur,Uttar Pradesh,1.1356,0.922,0.9903,0,260,1,0,0.0,0.0,0,0,0,,,train
IND-S01258,normal_operation,india_national_20k,IN-C19437-FD011,feeder,Kashipur,Uttarakhand,1.0284,0.9019,1.0076,0,6,1,0,0.0,0.0,0,0,0,,,train
IND-S01259,heatwave,india_national_20k,IN-C03355-SS,substation,Thān,Gujarat,3.1283,1.3031,1.1988,2,7,1,0,8.63,0.0,0,0,0,,,train
IND-S01260,high_demand,india_national_20k,IN-DEL-HUB-GEN,generator,Delhi Hub Generation,Delhi,2.2874,1.2542,1.0824,0,33,1,0,0.0,0.0,0,0,0,,,train
IND-S01261,cascade_emergency,india_national_20k,IN-C15651-SS,substation,Sandīla,Uttar Pradesh,8.7918,1.5709,1.1077,4,5,6,163,12.83,0.02633,52399731,0,0,IN-WR-HUB|IN-C07861-SS|IN-C07885-SS|IN-C07944-SS|IN-C08085-SS|IN-C08275-SS|IN-C09141-SS|IN-C09182-SS|IN-ER-HUB|IN-NER-HUB|IN-CHH-HUB|IN-C02530-SS,0|0|0|0|0|0|0|0|1|1|1|1,train
IND-S01262,heatwave,india_national_20k,IN-C03280-GEN01,generator,Ahmedabad,Gujarat,3.3899,1.4341,1.1733,1,28,6,89,11.11,0.01676,32089558,0,3,IN-WR-HUB|IN-SR-HUB|IN-ER-HUB|IN-NER-HUB|IN-GUJ-HUB|IN-C03280-SS|IN-KER-HUB|IN-C07054-SS|IN-C10346-SS|IN-C10362-SS|IN-C15600-SS|IN-UTT-HUB,0|0|0|0|0|0|0|0|0|0|0|0,train
IND-S01263,high_demand,india_national_20k,IN-C19729-SS,substation,Kolkata,West Bengal,1.6409,1.5092,1.0244,1,61,3,5,8.86,0.00415,4779417,0,3,IN-WES-HUB|IN-C19729-SS|IN-C19766-SS|IN-C19864-SS|IN-C19963-SS,0|0|1|1|1,val
IND-S01264,transformer_overload,india_national_20k,IN-C09284-FD012,feeder,Nagpur,Maharashtra,2.929,1.2856,1.0447,0,10,2,3,0.21,0.00419,2405665,0,3,IN-C09284-SS|IN-C09284-TR01|IN-C09284-FD012,0|0|0,train
IND-S01265,cascade_emergency,india_national_20k,IN-C04831-FD011,feeder,Chas,Jharkhand,4.1299,1.5327,1.1413,3,7,7,140,12.24,0.02121,34419028,0,4,IN-JHA-HUB|IN-C04831-SS|IN-C04831-TR01|IN-C04831-FD011|IN-SR-HUB|IN-NER-HUB|IN-BIH-HUB|IN-C01374-SS|IN-C01394-SS|IN-C01444-SS|IN-C01445-SS|IN-C01481-SS,0|0|0|0|1|1|2|2|2|2|2|2,train
IND-S01266,high_demand,india_national_20k,IN-C19736-FD021,feeder,Shyamnagar,West Bengal,2.5796,1.4531,1.0489,0,6,5,40,9.4,0.00298,1993079,0,4,IN-C19734-SS|IN-C19736-SS|IN-C19748-SS|IN-C19736-TR02|IN-C19736-FD021|IN-SR-HUB|IN-ER-HUB|IN-NER-HUB|IN-WES-HUB|IN-C10290-SS|IN-C10346-SS|IN-C10353-SS,0|0|0|0|0|1|1|1|1|2|2|2,val
IND-S01267,transformer_overload,india_national_20k,IN-C12343-GEN04,generator,Madurai,Tamil Nadu,4.8395,1.0993,1.05,0,80,2,2,0.12,0.00219,1465625,0,2,IN-TAM-HUB|IN-C12343-SS,0|0,train
IND-S01268,transformer_overload,india_national_20k,IN-C04834-SS,substation,Rāmgarh,Jharkhand,5.7896,1.124,1.0196,1,90,2,2,0.05,0.00035,95335,0,2,IN-C04834-SS|IN-C04980-SS,0|0,train
IND-S01269,line_outage,india_national_20k,IN-C12344-FD022,feeder,Tirunelveli,Tamil Nadu,2.4508,1.1775,1.0355,3,10,3,5,0.19,0.00232,1473026,0,3,IN-C02948-SS|IN-C12344-SS|IN-C12344-TR02|IN-C12344-FD022|IN-C02545-SS,0|0|0|0|1,train
IND-S01270,normal_operation,india_national_20k,IN-C15547-FD031,feeder,Lucknow,Uttar Pradesh,1.0859,0.9484,0.9833,0,10,1,0,0.0,0.0,0,0,0,,,train
IND-S01271,cascade_emergency,india_national_20k,IN-C03280-FD021,feeder,Ahmedabad,Gujarat,6.0531,1.5521,1.1095,3,10,4,135,12.36,0.02836,37735927,0,4,IN-WR-HUB|IN-SR-HUB|IN-ER-HUB|IN-GUJ-HUB|IN-C03280-SS|IN-C03280-TR02|IN-C03280-FD021|IN-HAR-HUB|IN-KER-HUB|IN-C07054-SS|IN-C10346-SS|IN-C10353-SS,0|0|0|0|0|0|0|0|0|0|0|0,train
IND-S01272,cascade_emergency,india_national_20k,IN-C09289-GEN08,generator,Kalyān,Maharashtra,7.4609,1.418,1.1477,5,41,4,117,11.45,0.01496,21081691,0,7,IN-WR-HUB|IN-SR-HUB|IN-ER-HUB|IN-MAH-HUB|IN-C09289-SS|IN-C09290-SS|IN-C09301-SS|IN-C09312-SS|IN-C09473-SS|IN-C10362-SS|IN-ASS-HUB|IN-C01120-SS,0|0|0|0|0|0|0|0|0|0|1|1,train
IND-S01273,transformer_overload,india_national_20k,IN-C13988-SS,substation,Ammankurichchi,Tamil Nadu,5.5278,1.1939,1.0186,0,5,1,0,0.0,0.0,0,0,0,,,train
IND-S01274,heatwave,india_national_20k,IN-C19432-FD011,feeder,Dehradun,Uttarakhand,1.8132,1.1882,1.1378,1,8,1,0,0.0,0.0,0,0,0,,,train
IND-S01275,transformer_overload,india_national_20k,IN-C19783-FD011,feeder,Jangipur,West Bengal,3.6972,1.1601,1.0182,0,5,1,0,0.0,0.0,0,0,0,,,val
IND-S01276,cascade_emergency,india_national_20k,IN-C09287-FD012,feeder,Nashik,Maharashtra,4.0441,1.3728,1.1772,3,10,7,117,11.44,0.01556,21537096,0,4,IN-WR-HUB|IN-C09287-SS|IN-C09287-TR01|IN-C09287-FD012|IN-ER-HUB|IN-NER-HUB|IN-CHH-HUB|IN-C02530-SS|IN-C02533-SS|IN-MAH-HUB|IN-C09291-SS|IN-C09292-SS,0|0|0|0|1|1|1|1|1|1|1|1,train
IND-S01277,normal_operation,india_national_20k,IN-C10479-SS,substation,Dhamanagar,Odisha,1.0252,1.0137,1.0176,0,8,1,0,0.0,0.0,0,0,0,,,train
IND-S01278,transformer_overload,india_national_20k,IN-C09670-SS,substation,Tākli,Maharashtra,2.4082,1.1017,1.0052,1,5,1,0,0.0,0.0,0,0,0,,,train
IND-S01279,cascade_emergency,india_national_20k,IN-C00025-GEN09,generator,Kadapa,Andhra Pradesh,8.2948,1.3232,1.1188,2,40,3,6,8.64,0.0009,511330,0,3,IN-AND-HUB|IN-C00025-SS|IN-C00037-SS|IN-C00715-SS|IN-C00747-SS|IN-C00866-SS,0|0|1|1|1|1,test
IND-S01280,transformer_overload,india_national_20k,IN-C03281-FD031,feeder,Surat,Gujarat,4.9949,1.2177,1.0559,1,10,1,0,0.0,0.0,0,0,0,,,train
IND-S01281,normal_operation,india_national_20k,IN-C04486-GEN03,generator,Anantnag,Jammu and Kashmir,1.168,0.9702,1.0041,0,17,1,0,0.0,0.0,0,0,0,,,train
IND-S01282,transformer_overload,india_national_20k,IN-C04487-GEN04,generator,Soyībug,Jammu and Kashmir,5.7862,1.2183,1.0101,1,17,1,0,0.0,0.0,0,0,0,,,train
IND-S01283,high_demand,india_national_20k,IN-C05535-GEN06,generator,Belagavi,Karnataka,2.0957,1.4676,1.0501,1,52,1,0,8.62,0.0,0,0,0,,,test
IND-S01284,high_demand,india_national_20k,IN-C14318-SS,substation,Anāsandiram,Tamil Nadu,1.7931,1.5333,1.0485,0,10,1,0,8.77,0.0,0,0,0,,,train
IND-S01285,high_demand,india_national_20k,IN-C11050-FD012,feeder,Ludhiana,Punjab,2.1602,1.4449,1.0922,0,10,2,4,8.85,0.00233,1618879,0,4,IN-PUN-HUB|IN-C11050-SS|IN-C11050-TR01|IN-C11050-FD012,0|0|0|0,train
IND-S01286,heatwave,india_national_20k,IN-C14853-GEN10,generator,Quthbullapur,Telangana,2.0168,1.2758,1.1575,0,28,2,7,8.64,0.00062,817769,0,5,IN-C14847-SS|IN-C14853-SS|IN-C14854-SS|IN-C14897-SS|IN-C15271-SS|IN-C15287-SS|IN-C15478-SS,0|0|0|0|0|0|0,train
IND-S01287,heatwave,india_national_20k,IN-C05556-FD011,feeder,Bagalkot,Karnataka,2.0652,1.2278,1.1197,0,6,3,5,0.15,0.00081,439360,0,4,IN-C05556-SS|IN-C05556-TR01|IN-C05556-FD011|IN-KAR-HUB|IN-C05538-SS,0|0|0|1|1,test
IND-S01288,transformer_overload,india_national_20k,IN-C11122-SS,substation,Dīnānagar,Punjab,4.3343,1.0767,1.0165,0,7,1,0,0.0,0.0,0,0,0,,,train
IND-S01289,normal_operation,india_national_20k,IN-C09302-FD021,feeder,Malegaon,Maharashtra,1.1041,0.9648,1.0154,0,7,1,0,0.0,0.0,0,0,0,,,train
IND-S01290,high_demand,india_national_20k,IN-C19753-FD011,feeder,Malda,West Bengal,2.807,1.3144,1.0393,1,5,1,0,0.0,0.0,0,0,0,,,val
IND-S01291,line_outage,india_national_20k,IN-C07959-SS,substation,Rāhatgarh,Madhya Pradesh,1.9189,1.0698,1.0133,4,4,1,0,0.0,0.0,0,0,0,,,train
IND-S01292,transformer_overload,india_national_20k,IN-C07997-SS,substation,Beohāri,Madhya Pradesh,5.8587,1.207,1.0474,0,8,1,0,0.0,0.0,0,0,0,,,train
IND-S01293,normal_operation,india_national_20k,IN-C15576-FD011,feeder,Sambhal,Uttar Pradesh,1.1251,0.9643,1.0016,0,6,1,0,0.0,0.0,0,0,0,,,train
IND-S01294,line_outage,india_national_20k,IN-C04800-SS,substation,Ashpur,Jammu and Kashmir,2.1819,1.1529,1.002,3,7,1,0,0.01,0.0,0,0,0,,,train
IND-S01295,line_outage,india_national_20k,IN-C07863-FD021,feeder,Dewas,Madhya Pradesh,2.0111,1.2405,1.0401,4,8,2,3,0.09,0.00086,289550,0,3,IN-C07863-SS|IN-C07863-TR02|IN-C07863-FD021,0|0|0,train
IND-S01296,line_outage,india_national_20k,IN-C11053-GEN04,generator,Patiāla,Punjab,1.4767,1.1344,1.0122,2,23,1,0,0.0,0.0,0,0,0,,,train
IND-S01297,transformer_overload,india_national_20k,IN-C10429-GEN06,generator,Raurkela Industrial Township,Odisha,3.201,1.1112,1.0318,1,25,2,1,0.02,4e-05,15789,0,1,IN-C10511-SS,0,train
IND-S01298,high_demand,india_national_20k,IN-C19730-FD032,feeder,Howrah,West Bengal,2.143,1.542,1.0734,0,10,5,11,9.26,0.00418,5863258,0,5,IN-C19730-SS|IN-C19730-TR03|IN-C19730-FD032|IN-WES-HUB|IN-C19729-SS|IN-C10346-SS|IN-C10362-SS|IN-C19766-SS|IN-C19864-SS|IN-C19963-SS|IN-C10343-SS,0|0|0|1|1|2|2|2|2|2|3,val
IND-S01299,high_demand,india_national_20k,IN-C03799-FD011,feeder,Bhiwāni,Haryana,1.5944,1.5056,1.0659,0,5,1,0,8.77,0.0,0,0,0,,,train
IND-S01300,heatwave,india_national_20k,IN-C05531-FD011,feeder,Hubballi,Karnataka,3.0672,1.2484,1.2089,1,8,1,0,8.55,0.0,0,0,0,,,test
IND-S01301,transformer_overload,india_national_20k,IN-C03066-FD011,feeder,Hashtsāl,Delhi,4.7924,1.0489,1.0759,0,5,1,0,0.0,0.0,0,0,0,,,train
IND-S01302,transformer_overload,india_national_20k,IN-C03283-GEN04,generator,Rājkot,Gujarat,5.6955,1.1824,1.0715,1,28,2,2,0.13,0.00236,1390640,0,2,IN-GUJ-HUB|IN-C03283-SS,0|0,train
IND-S01303,normal_operation,india_national_20k,IN-C15554-GEN09,generator,Bareilly,Uttar Pradesh,1.104,0.9837,0.9949,0,116,1,0,0.0,0.0,0,0,0,,,train
IND-S01304,normal_operation,india_national_20k,IN-C19729-FD031,feeder,Kolkata,West Bengal,1.1989,0.9229,1.0178,0,10,1,0,0.0,0.0,0,0,0,,,val
IND-S01305,transformer_overload,india_national_20k,IN-C03280-SS,substation,Ahmedabad,Gujarat,2.2924,1.1174,1.0042,1,88,1,0,0.0,0.0,0,0,0,,,train
IND-S01306,transformer_overload,india_national_20k,IN-C12344-FD032,feeder,Tirunelveli,Tamil Nadu,5.3335,1.2063,1.016,1,10,1,0,0.0,0.0,0,0,0,,,train
IND-S01307,transformer_overload,india_national_20k,IN-C12341-GEN02,generator,Coimbatore,Tamil Nadu,4.2696,1.11,1.0067,1,78,2,4,0.18,0.00304,2356507,0,4,IN-TAM-HUB|IN-C12341-SS|IN-C12372-SS|IN-C12378-SS,0|0|0|0,train
IND-S01308,cascade_emergency,india_national_20k,IN-C19432-FD021,feeder,Dehradun,Uttarakhand,7.3296,1.5894,1.1714,5,8,7,1047,34.19,0.19094,67935379,0,4,IN-NR-HUB|IN-WR-HUB|IN-SR-HUB|IN-ER-HUB|IN-NER-HUB|IN-C03813-SS|IN-C03824-SS|IN-C10346-SS|IN-UTT-HUB|IN-C19432-SS|IN-C19432-TR02|IN-C19432-FD021,0|0|0|0|0|0|0|0|0|0|0|0,train
IND-S01309,cascade_emergency,india_national_20k,IN-C12343-FD012,feeder,Madurai,Tamil Nadu,5.3345,1.4114,1.1049,5,10,2,3,8.8,0.00393,1465625,0,3,IN-C12343-SS|IN-C12343-TR01|IN-C12343-FD012,0|0|0,train
IND-S01310,line_outage,india_national_20k,IN-C09294-FD021,feeder,Bhiwandi,Maharashtra,1.3374,1.0503,1.0241,2,7,1,0,0.01,0.0,0,0,0,,,train
IND-S01311,transformer_overload,india_national_20k,IN-C12360-FD011,feeder,Ooty,Tamil Nadu,5.7965,1.1377,1.0007,0,6,2,4,0.19,0.00332,233426,0,4,IN-TAM-HUB|IN-C12360-SS|IN-C12360-TR01|IN-C12360-FD011,0|0|0|0,train
IND-S01312,line_outage,india_national_20k,IN-C11568-GEN09,generator,Bharatpur,Rajasthan,1.561,1.0007,1.0207,3,29,1,0,0.0,0.0,0,0,0,,,train
IND-S01313,line_outage,india_national_20k,IN-C12409-FD011,feeder,Nallūr,Tamil Nadu,1.3553,1.2075,1.04,1,5,1,0,0.0,0.0,0,0,0,,,train
IND-S01314,line_outage,india_national_20k,IN-C19744-FD011,feeder,Naihāti,West Bengal,2.3631,1.0948,1.0019,1,6,1,0,0.0,0.0,0,0,0,,,val
IND-S01315,transformer_overload,india_national_20k,IN-C09288-GEN07,generator,Pimpri,Maharashtra,5.675,1.2611,1.0245,0,44,5,24,0.94,0.00663,9029032,0,4,IN-WR-HUB|IN-MAH-HUB|IN-C09286-SS|IN-C09288-SS|IN-ER-HUB|IN-NER-HUB|IN-C10346-SS|IN-C10353-SS|IN-C10360-SS|IN-C10362-SS|IN-C10384-SS|IN-NAG-HUB,0|0|0|0|1|1|2|2|2|2|2|2,train
IND-S01316,line_outage,india_national_20k,IN-C00018-GEN02,generator,Vijayawada,Andhra Pradesh,1.9074,1.019,1.0563,2,45,1,0,0.0,0.0,0,0,0,,,test
IND-S01317,high_demand,india_national_20k,IN-C10281-SS,substation,Moirāng,Manipur,2.702,1.3927,1.0353,0,8,3,13,8.66,0.0005,173834,0,5,IN-MAN-HUB|IN-C10274-SS|IN-C10276-SS|IN-C10281-SS|IN-C10295-SS|IN-C10296-SS|IN-C10298-SS|IN-C10309-SS|IN-C10312-SS|IN-C10278-SS|IN-C10290-SS|IN-C10302-SS,0|0|0|0|0|0|0|0|0|1|1|1,train
IND-S01318,normal_operation,india_national_20k,IN-C10426-FD011,feeder,Cuttack,Odisha,1.0425,0.987,1.0131,0,8,1,0,0.0,0.0,0,0,0,,,train
IND-S01319,normal_operation,india_national_20k,IN-C08967-SS,substation,Andhiātolā,Madhya Pradesh,1.1467,0.8827,1.0027,0,7,1,0,0.0,0.0,0,0,0,,,train
IND-S01320,high_demand,india_national_20k,IN-C07268-SS,substation,Kuttippuram,Kerala,2.748,1.4032,1.0702,1,4,1,0,8.54,0.0,0,0,0,,,train
IND-S01321,transformer_overload,india_national_20k,IN-C00023-FD011,feeder,Kākināda,Andhra Pradesh,2.203,1.2712,1.0706,1,8,1,0,0.0,0.0,0,0,0,,,test
IND-S01322,transformer_overload,india_national_20k,IN-C09346-FD011,feeder,Khadki,Maharashtra,5.1845,1.2024,1.0092,1,4,1,0,0.0,0.0,0,0,0,,,train
IND-S01323,cascade_emergency,india_national_20k,IN-C03353-SS,substation,Limbdi,Gujarat,4.859,1.5703,1.113,3,4,2,1,9.04,0.0,0,0,0,IN-ODI-HUB,0,train
IND-S01324,normal_operation,india_national_20k,IN-C12340-GEN01,generator,Chennai,Tamil Nadu,1.0669,0.8734,0.9969,0,78,1,0,0.0,0.0,0,0,0,,,train
IND-S01325,high_demand,india_national_20k,IN-C03282-GEN03,generator,Vadodara,Gujarat,2.1079,1.4407,1.0661,0,29,5,53,9.75,0.00525,13956120,0,3,IN-WR-HUB|IN-SR-HUB|IN-GUJ-HUB|IN-C03282-SS|IN-NER-HUB|IN-C11034-SS|IN-C11047-SS|IN-C01444-SS|IN-C10290-SS|IN-C10346-SS|IN-C10353-SS|IN-C10360-SS,0|0|0|0|1|1|1|2|2|2|2|2,train
IND-S01326,cascade_emergency,india_national_20k,IN-C07859-FD031,feeder,Jabalpur,Madhya Pradesh,6.1148,1.449,1.1236,4,10,2,3,8.98,0.00323,1081677,0,3,IN-C07859-SS|IN-C07859-TR03|IN-C07859-FD031,0|0|0,train
IND-S01327,cascade_emergency,india_national_20k,IN-C10424-FD032,feeder,Nowrangapur,Odisha,6.1469,1.4698,1.137,2,10,7,133,11.9,0.01736,23159572,0,4,IN-ER-HUB|IN-ODI-HUB|IN-C10424-SS|IN-C10424-TR03|IN-C10424-FD032|IN-WR-HUB|IN-SR-HUB|IN-C01444-SS|IN-JHA-HUB|IN-C04828-SS|IN-C04829-SS|IN-C04830-SS,0|0|0|0|0|1|1|1|1|1|1|1,train
IND-S01328,heatwave,india_national_20k,IN-C01121-GEN03,generator,Dibrugarh,Assam,2.5802,1.3142,1.1859,1,14,1,0,8.65,0.0,0,0,0,,,val
IND-S01329,cascade_emergency,india_national_20k,IN-C14989-SS,substation,Bhānūr,Telangana,6.5189,1.3508,1.1265,3,3,1,0,8.57,0.0,0,0,0,,,train
IND-S01330,transformer_overload,india_national_20k,IN-C12340-FD011,feeder,Chennai,Tamil Nadu,5.5206,1.2043,1.0549,0,10,2,10,0.62,0.01199,5334958,0,5,IN-TAM-HUB|IN-C12340-SS|IN-C12350-SS|IN-C12392-SS|IN-C12427-SS|IN-C12651-SS|IN-C12699-SS|IN-C14244-SS|IN-C12340-TR01|IN-C12340-FD011,0|0|0|0|0|0|0|0|0|0,train
IND-S01331,high_demand,india_national_20k,IN-C05618-SS,substation,Wādi,Karnataka,1.6332,1.4983,1.0955,1,4,1,0,8.84,0.0,0,0,0,,,test
IND-S01332,transformer_overload,india_national_20k,IN-C01380-GEN07,generator,Purnia,Bihar,3.1206,1.2529,1.0525,1,40,1,0,0.0,0.0,0,0,0,,,val
IND-S01333,cascade_emergency,india_national_20k,IN-KAR-HUB-GEN,generator,Karnataka Hub Generation,Karnataka,6.7574,1.537,1.0804,3,180,5,65,10.4,0.00967,30688132,0,12,IN-SR-HUB|IN-ER-HUB|IN-NER-HUB|IN-KAR-HUB|IN-C05536-SS|IN-C05537-SS|IN-C05539-SS|IN-C05540-SS|IN-C05541-SS|IN-C05556-SS|IN-C05639-SS|IN-C05722-SS,0|1|1|1|1|1|1|1|1|1|1|1,test
IND-S01334,normal_operation,india_national_20k,IN-C15556-FD021,feeder,Gorakhpur,Uttar Pradesh,1.1291,1.0026,1.0114,0,8,1,0,0.0,0.0,0,0,0,,,train
IND-S01335,line_outage,india_national_20k,IN-C14844-FD012,feeder,Hyderabad,Telangana,2.4188,1.0517,1.0458,3,10,3,4,0.32,0.00641,6993262,0,3,IN-C14844-SS|IN-C14844-TR01|IN-C14844-FD012|IN-SR-HUB,0|0|0|1,train
IND-S01336,cascade_emergency,india_national_20k,IN-C00021-FD021,feeder,Nellore,Andhra Pradesh,6.1696,1.504,1.0644,2,8,3,9,9.07,0.0044,714558,0,4,IN-AND-HUB|IN-C00021-SS|IN-C00021-TR02|IN-C00021-FD021|IN-C17678-SS|IN-C00037-SS|IN-C00715-SS|IN-C00747-SS|IN-C00866-SS,0|0|0|0|0|1|1|1|1,test
IND-S01337,normal_operation,india_national_20k,IN-C03173-GEN01,generator,Mormugao,Goa,1.1948,0.8896,0.9832,0,13,1,0,0.0,0.0,0,0,0,,,train
IND-S01338,cascade_emergency,india_national_20k,IN-C15574-FD011,feeder,Gyānpur,Uttar Pradesh,7.2786,1.4654,1.1695,3,6,4,88,11.21,0.01857,31308947,0,4,IN-NR-HUB|IN-WR-HUB|IN-ER-HUB|IN-NER-HUB|IN-C11029-SS|IN-C11032-SS|IN-C15574-SS|IN-C15574-TR01|IN-C15574-FD011|IN-UTT-HUB|IN-C01444-SS|IN-C01445-SS,0|0|0|0|0|0|0|0|0|0|1|1,train
IND-S01339,high_demand,india_national_20k,IN-C09294-FD011,feeder,Bhiwandi,Maharashtra,2.0846,1.4009,1.0618,1,7,1,0,8.51,0.0,0,0,0,,,train
IND-S01340,line_outage,india_national_20k,IN-C14844-FD022,feeder,Hyderabad,Telangana,1.7415,1.0077,1.017,2,10,2,2,0.14,0.00285,0,0,2,IN-C14844-TR02|IN-C14844-FD022,0|0,train
IND-S01341,line_outage,india_national_20k,IN-C04823-GEN02,generator,Dhanbad,Jharkhand,2.2539,1.0058,1.0105,4,36,1,0,0.0,0.0,0,0,0,,,train
IND-S01342,cascade_emergency,india_national_20k,IN-C01374-SS,substation,Patna,Bihar,7.9962,1.5126,1.0769,5,146,4,80,10.63,0.01063,23974325,0,7,IN-SR-HUB|IN-ER-HUB|IN-NER-HUB|IN-C01444-SS|IN-C01445-SS|IN-C01481-SS|IN-C02142-SS|IN-JHA-HUB|IN-C04828-SS|IN-C04829-SS|IN-C04830-SS|IN-C04832-SS,0|0|0|1|1|1|1|1|1|1|1|1,val
IND-S01343,transformer_overload,india_national_20k,IN-C15550-GEN05,generator,Ghāziābād,Uttar Pradesh,4.2266,1.0018,1.0015,1,123,2,5,0.17,0.00193,1716773,0,5,IN-C15550-SS|IN-C15557-SS|IN-C16428-SS|IN-C19118-SS|IN-C19203-SS,0|0|0|0|0,train
IND-S01344,heatwave,india_national_20k,IN-C03379-SS,substation,Vallabh Vidyanagar,Gujarat,2.6975,1.3543,1.1191,0,7,2,4,8.66,0.00048,123696,0,4,IN-C03341-SS|IN-C03372-SS|IN-C03379-SS|IN-C03684-SS,0|0|0|0,train
IND-S01345,transformer_overload,india_national_20k,IN-C19742-SS,substation,Bārāsat,West Bengal,5.4407,1.0864,1.0423,1,16,1,0,0.0,0.0,0,0,0,,,val
IND-S01346,cascade_emergency,india_national_20k,IN-C08038-SS,substation,Kaimur,Madhya Pradesh,6.8111,1.5786,1.0712,3,6,1,0,8.96,0.0,0,0,0,,,train
IND-S01347,line_outage,india_national_20k,IN-C19739-TR01,transformer,Kāmārhāti,West Bengal,1.74,1.0409,1.05,3,10,1,0,0.0,0.0,0,0,0,,,val
IND-S01348,transformer_overload,india_national_20k,IN-C12154-SS,substation,Amīr,Rajasthan,2.1521,1.0591,1.0746,1,1,1,0,0.0,0.0,0,0,0,,,train
IND-S01349,transformer_overload,india_national_20k,IN-C02528-FD021,feeder,Bilāspur,Chhattisgarh,5.7957,1.0337,1.0206,1,8,1,0,0.0,0.0,0,0,0,,,train
IND-S01350,transformer_overload,india_national_20k,IN-C00116-SS,substation,Amudālavalasa,Andhra Pradesh,3.2565,1.2923,1.0274,1,7,1,0,0.0,0.0,0,0,0,,,test
IND-S01351,heatwave,india_national_20k,IN-C09289-GEN08,generator,Kalyān,Maharashtra,2.9872,1.3485,1.1652,1,41,5,86,10.59,0.00969,14764307,0,6,IN-WR-HUB|IN-SR-HUB|IN-MAH-HUB|IN-C09289-SS|IN-C09290-SS|IN-C09301-SS|IN-C09312-SS|IN-ER-HUB|IN-NER-HUB|IN-C11034-SS|IN-C11047-SS|IN-DEL-HUB,0|0|0|0|0|0|0|1|1|1|1|2,train
IND-S01352,heatwave,india_national_20k,IN-C14201-SS,substation,Anikkini,Tamil Nadu,3.0835,1.1937,1.1749,1,7,1,0,0.0,0.0,0,0,0,,,train
IND-S01353,transformer_overload,india_national_20k,IN-C15551-FD021,feeder,Varanasi,Uttar Pradesh,3.2188,1.0731,1.0694,1,10,1,0,0.0,0.0,0,0,0,,,train
IND-S01354,transformer_overload,india_national_20k,IN-C07868-FD011,feeder,Murwāra,Madhya Pradesh,3.4717,1.2694,1.0364,1,7,1,0,0.0,0.0,0,0,0,,,train
IND-S01355,heatwave,india_national_20k,IN-C11057-GEN08,generator,Mohali,Punjab,3.3874,1.3908,1.136,2,22,2,2,8.75,0.00019,166864,0,2,IN-PUN-HUB|IN-C11057-SS,0|0,train
IND-S01356,normal_operation,india_national_20k,IN-C04486-GEN03,generator,Anantnag,Jammu and Kashmir,1.1243,0.8814,1.0034,0,17,1,0,0.0,0.0,0,0,0,,,train
IND-S01357,line_outage,india_national_20k,IN-C09284-GEN03,generator,Nagpur,Maharashtra,1.2024,1.2545,1.0217,3,43,1,0,0.0,0.0,0,0,0,,,train
IND-S01358,high_demand,india_national_20k,IN-C09340-FD011,feeder,Kharghar,Maharashtra,1.5653,1.5115,1.0565,0,5,1,0,8.76,0.0,0,0,0,,,train
IND-S01359,normal_operation,india_national_20k,IN-C12347-GEN08,generator,Salem,Tamil Nadu,1.132,0.9799,0.9971,0,73,1,0,0.0,0.0,0,0,0,,,train
IND-S01360,line_outage,india_national_20k,IN-C09284-GEN03,generator,Nagpur,Maharashtra,1.2658,1.0897,1.0593,2,43,1,0,0.0,0.0,0,0,0,,,train
IND-S01361,transformer_overload,india_national_20k,IN-C12367-FD011,feeder,Tambaram,Tamil Nadu,3.0412,1.0487,1.0124,0,6,2,3,0.11,0.00136,174787,0,3,IN-C12367-SS|IN-C12367-TR01|IN-C12367-FD011,0|0|0,train
IND-S01362,high_demand,india_national_20k,IN-C01510-SS,substation,Tekāri,Bihar,1.6726,1.4402,1.0657,1,5,1,0,8.59,0.0,0,0,0,,,val
IND-S01363,transformer_overload,india_national_20k,IN-C12343-FD021,feeder,Madurai,Tamil Nadu,5.7444,1.1803,1.0157,1,10,1,0,0.0,0.0,0,0,0,,,train
IND-S01364,high_demand,india_national_20k,IN-KAR-HUB-GEN,generator,Karnataka Hub Generation,Karnataka,1.5739,1.3407,1.0924,0,180,1,0,8.47,0.0,0,0,0,,,test
IND-S01365,cascade_emergency,india_national_20k,IN-C09298-FD011,feeder,Sāngli,Maharashtra,6.5849,1.3016,1.1328,3,7,2,4,8.71,0.00501,601214,0,4,IN-MAH-HUB|IN-C09298-SS|IN-C09298-TR01|IN-C09298-FD011,0|0|0|0,train
IND-S01366,line_outage,india_national_20k,IN-C09285-GEN04,generator,Thāne,Maharashtra,1.2188,1.0854,1.0594,2,43,1,0,0.0,0.0,0,0,0,,,train
IND-S01367,transformer_overload,india_national_20k,IN-C07053-GEN09,generator,Kanhangad,Kerala,4.7391,1.0743,1.0368,0,27,1,0,0.0,0.0,0,0,0,,,train
IND-S01368,high_demand,india_national_20k,IN-C05550-FD011,feeder,Chitradurga,Karnataka,2.9232,1.5439,1.0296,0,6,2,4,8.85,0.00109,145853,0,4,IN-KAR-HUB|IN-C05550-SS|IN-C05550-TR01|IN-C05550-FD011,0|0|0|0,test
IND-S01369,transformer_overload,india_national_20k,IN-C03283-FD031,feeder,Rājkot,Gujarat,3.9639,1.1691,1.0341,0,10,2,3,0.16,0.00299,1390640,0,3,IN-C03283-SS|IN-C03283-TR03|IN-C03283-FD031,0|0|0,train
IND-S01370,transformer_overload,india_national_20k,IN-C04833-FD011,feeder,Sāhibganj,Jharkhand,5.9685,1.2771,1.0061,0,7,2,3,0.11,0.00141,95890,0,3,IN-C04833-SS|IN-C04833-TR01|IN-C04833-FD011,0|0|0,train
IND-S01371,line_outage,india_national_20k,IN-C12453-SS,substation,Nellikkuppam,Tamil Nadu,1.976,1.2668,1.004,3,5,1,0,0.01,0.0,0,0,0,,,train
IND-S01372,transformer_overload,india_national_20k,IN-C12344-FD021,feeder,Tirunelveli,Tamil Nadu,5.1097,1.2017,1.0621,0,10,2,3,0.19,0.00373,1435844,0,3,IN-C12344-SS|IN-C12344-TR02|IN-C12344-FD021,0|0|0,train
IND-S01373,high_demand,india_national_20k,IN-C03061-FD021,feeder,New Delhi,Delhi,2.4123,1.4831,1.0892,0,6,2,6,9.02,0.00355,11352852,0,5,IN-DEL-HUB|IN-C03058-SS|IN-C03061-SS|IN-C03163-SS|IN-C03061-TR02|IN-C03061-FD021,0|0|0|0|0|0,train
IND-S01374,transformer_overload,india_national_20k,IN-C12350-GEN11,generator,Ambattur,Tamil Nadu,3.0262,1.0096,1.066,0,73,2,2,0.05,5e-05,86195,0,2,IN-TAM-HUB|IN-C12392-SS,0|0,train
IND-S01375,line_outage,india_national_20k,IN-C05530-GEN01,generator,Bengaluru,Karnataka,1.2149,1.0106,1.0476,3,56,1,0,0.0,0.0,0,0,0,,,test
IND-S01376,transformer_overload,india_national_20k,IN-C02534-FD011,feeder,Dhamtari,Chhattisgarh,3.1052,1.1649,1.0168,1,6,1,0,0.0,0.0,0,0,0,,,train
IND-S01377,line_outage,india_national_20k,IN-C07884-FD011,feeder,Sehore,Madhya Pradesh,1.3672,1.0117,1.0021,2,6,1,0,0.0,0.0,0,0,0,,,train
IND-S01378,transformer_overload,india_national_20k,IN-TAM-HUB-GEN,generator,Tamil Nadu Hub Generation,Tamil Nadu,4.8627,1.0012,1.0021,1,260,1,0,0.0,0.0,0,0,0,,,train
IND-S01379,transformer_overload,india_national_20k,IN-C01119-FD011,feeder,Guwahati,Assam,4.1254,1.0119,1.0642,0,8,2,4,0.26,0.00524,962334,0,4,IN-ASS-HUB|IN-C01119-SS|IN-C01119-TR01|IN-C01119-FD011,0|0|0|0,val
IND-S01380,heatwave,india_national_20k,IN-C12396-FD011,feeder,Arakkonam,Tamil Nadu,2.5135,1.4276,1.2186,1,6,1,0,9.01,0.0,0,0,0,,,train
IND-S01381,line_outage,india_national_20k,IN-C03058-FD012,feeder,Delhi,Delhi,1.6722,1.067,1.0319,3,10,2,8,0.27,0.00308,569525,0,2,IN-C03058-TR01|IN-C03058-FD012|IN-C14847-SS|IN-C14853-SS|IN-C15208-SS|IN-C15271-SS|IN-C15287-SS|IN-C15478-SS,0|0|0|0|0|0|0|0,train
IND-S01382,transformer_overload,india_national_20k,IN-C09285-GEN04,generator,Thāne,Maharashtra,3.3406,1.2355,1.0512,0,43,5,23,0.97,0.00798,20545231,0,4,IN-WR-HUB|IN-MAH-HUB|IN-C09282-SS|IN-C09285-SS|IN-ER-HUB|IN-NER-HUB|IN-C10346-SS|IN-C10353-SS|IN-C10360-SS|IN-C10362-SS|IN-C10384-SS|IN-NAG-HUB,0|0|0|0|1|1|2|2|2|2|2|2,train
IND-S01383,high_demand,india_national_20k,IN-C03280-FD021,feeder,Ahmedabad,Gujarat,2.5867,1.4202,1.0521,0,10,2,4,8.83,0.00668,6357693,0,4,IN-GUJ-HUB|IN-C03280-SS|IN-C03280-TR02|IN-C03280-FD021,0|0|0|0,train
IND-S01384,high_demand,india_national_20k,IN-C18875-SS,substation,Asaulia,Uttar Pradesh,2.6681,1.4136,1.0778,0,3,1,0,8.58,0.0,0,0,0,,,train
IND-S01385,heatwave,india_national_20k,IN-C15501-GEN01,generator,Agartala,Tripura,1.7746,1.2214,1.1178,1,15,2,13,0.27,0.00045,190247,0,3,IN-TRI-HUB|IN-C15502-SS|IN-C15503-SS|IN-C15504-SS|IN-C15506-SS|IN-C15516-SS|IN-C15523-SS|IN-C15525-SS|IN-C15529-SS|IN-C15531-SS|IN-C15532-SS|IN-C15539-SS,0|0|0|0|0|0|0|0|0|0|0|0,train
IND-S01386,transformer_overload,india_national_20k,IN-C07987-SS,substation,Kailāras,Madhya Pradesh,2.7721,1.1787,1.0081,1,10,1,0,0.0,0.0,0,0,0,,,train
IND-S01387,high_demand,india_national_20k,IN-C08320-SS,substation,Sad,Madhya Pradesh,2.1322,1.4894,1.0988,0,5,1,0,8.82,0.0,0,0,0,,,train
IND-S01388,normal_operation,india_national_20k,IN-C02533-SS,substation,Ambikāpur,Chhattisgarh,1.1937,0.9858,1.0101,0,77,1,0,0.0,0.0,0,0,0,,,train
IND-S01389,high_demand,india_national_20k,IN-C03281-FD022,feeder,Surat,Gujarat,2.1725,1.4894,1.0893,1,10,1,0,8.8,0.0,0,0,0,,,train
IND-S01390,transformer_overload,india_national_20k,IN-C10433-GEN10,generator,Bhadrak,Odisha,2.6284,1.2875,1.0202,0,24,1,0,0.0,0.0,0,0,0,,,train
IND-S01391,transformer_overload,india_national_20k,IN-C11056-FD011,feeder,Hoshiārpur,Punjab,4.6371,1.0985,1.0655,1,7,1,0,0.0,0.0,0,0,0,,,train
IND-S01392,cascade_emergency,india_national_20k,IN-C18299-SS,substation,Angraura Dūbhā,Uttar Pradesh,5.654,1.5233,1.1227,2,6,1,0,9.0,0.0,0,0,0,,,train
IND-S01393,high_demand,india_national_20k,IN-C03061-FD011,feeder,New Delhi,Delhi,2.1133,1.3033,1.0424,0,6,2,4,0.12,0.00098,318297,0,4,IN-C03061-SS|IN-C03163-SS|IN-C03061-TR01|IN-C03061-FD011,0|0|0|0,train
IND-S01394,transformer_overload,india_national_20k,IN-C03285-GEN06,generator,Jamnagar,Gujarat,5.1277,1.165,1.0019,0,24,1,0,0.0,0.0,0,0,0,,,train
IND-S01395,cascade_emergency,india_national_20k,IN-C15555-FD011,feeder,Morādābād,Uttar Pradesh,8.1151,1.5977,1.1262,4,8,7,978,33.05,0.19456,67915269,0,4,IN-NR-HUB|IN-WR-HUB|IN-SR-HUB|IN-ER-HUB|IN-NER-HUB|IN-KER-HUB|IN-C07054-SS|IN-C10346-SS|IN-C10362-SS|IN-C15555-SS|IN-C15600-SS|IN-C15764-SS,0|0|0|0|0|0|0|0|0|0|0|0,train
IND-S01396,heatwave,india_national_20k,IN-C12348-GEN09,generator,Erode,Tamil Nadu,3.2926,1.2653,1.136,2,73,2,3,8.46,0.00016,279524,0,3,IN-TAM-HUB|IN-C12364-SS|IN-C12393-SS,0|0|0,train
IND-S01397,cascade_emergency,india_national_20k,IN-C15552-FD011,feeder,Prayagraj,Uttar Pradesh,7.6067,1.5871,1.0732,4,10,5,84,11.05,0.01676,28776728,0,4,IN-NR-HUB|IN-WR-HUB|IN-ER-HUB|IN-NER-HUB|IN-C15552-SS|IN-C15552-TR01|IN-C15552-FD011|IN-UTT-HUB|IN-C01444-SS|IN-C01445-SS|IN-CHH-HUB|IN-C02530-SS,0|0|0|0|0|0|0|0|1|1|1|1,train
IND-S01398,high_demand,india_national_20k,IN-C07928-SS,substation,Sihorā,Madhya Pradesh,1.6224,1.4444,1.0785,0,9,1,0,8.65,0.0,0,0,0,,,train
IND-S01399,transformer_overload,india_national_20k,IN-C12582-SS,substation,Irugūr,Tamil Nadu,2.7162,1.0412,1.0118,1,9,1,0,0.0,0.0,0,0,0,,,train
IND-S01400,heatwave,india_national_20k,IN-ODI-HUB-GEN,generator,Odisha Hub Generation,Odisha,3.1187,1.3274,1.1916,0,83,1,0,8.7,0.0,0,0,0,,,train
IND-S01401,line_outage,india_national_20k,IN-DEL-HUB-GEN,generator,Delhi Hub Generation,Delhi,1.376,1.1792,1.0328,4,33,1,0,0.0,0.0,0,0,0,,,train
IND-S01402,transformer_overload,india_national_20k,IN-C03285-GEN06,generator,Jamnagar,Gujarat,3.5497,1.256,1.0477,0,24,1,0,0.0,0.0,0,0,0,,,train
IND-S01403,normal_operation,india_national_20k,IN-C09283-FD011,feeder,Pune,Maharashtra,1.0181,0.9312,0.9961,0,10,1,0,0.0,0.0,0,0,0,,,train
IND-S01404,high_demand,india_national_20k,IN-C09289-GEN08,generator,Kalyān,Maharashtra,2.8121,1.2549,1.0819,0,41,5,30,1.13,0.0061,9495826,0,6,IN-WR-HUB|IN-MAH-HUB|IN-C09289-SS|IN-C09290-SS|IN-C09301-SS|IN-C09312-SS|IN-ER-HUB|IN-NER-HUB|IN-C10290-SS|IN-C10346-SS|IN-C10353-SS|IN-C10360-SS,0|0|0|0|0|0|1|1|2|2|2|2,train
IND-S01405,transformer_overload,india_national_20k,IN-C15554-FD021,feeder,Bareilly,Uttar Pradesh,4.7617,1.0516,1.0393,0,8,2,3,0.22,0.00462,745435,0,3,IN-C15554-SS|IN-C15554-TR02|IN-C15554-FD021,0|0|0,train
IND-S01406,heatwave,india_national_20k,IN-C19436-SS,substation,Roorkee,Uttarakhand,2.7686,1.1574,1.15,2,260,2,2,0.05,0.00036,150289,0,2,IN-C19436-SS|IN-C19441-SS,0|0,train
IND-S01407,high_demand,india_national_20k,IN-C12348-GEN09,generator,Erode,Tamil Nadu,1.5541,1.4851,1.0765,1,73,5,50,9.84,0.00539,8821243,0,4,IN-SR-HUB|IN-TAM-HUB|IN-C12364-SS|IN-C12393-SS|IN-ER-HUB|IN-NER-HUB|IN-KAR-HUB|IN-C05537-SS|IN-C05540-SS|IN-C11034-SS|IN-C11047-SS|IN-JHA-HUB,0|0|0|0|1|1|1|1|1|1|1|2,train
IND-S01408,transformer_overload,india_national_20k,IN-C08021-SS,substation,Patharia,Madhya Pradesh,2.479,1.0717,1.0242,1,9,1,0,0.0,0.0,0,0,0,,,train
IND-S01409,transformer_overload,india_national_20k,IN-C03285-FD011,feeder,Jamnagar,Gujarat,5.6059,1.2352,1.0276,0,8,2,3,0.21,0.00432,600943,0,3,IN-C03285-SS|IN-C03285-TR01|IN-C03285-FD011,0|0|0,train
IND-S01410,cascade_emergency,india_national_20k,IN-C03805-FD011,feeder,Kaithal,Haryana,6.0341,1.5441,1.1076,4,5,7,105,11.41,0.01573,39808280,0,0,IN-C07344-SS|IN-C07352-SS|IN-SR-HUB|IN-KER-HUB|IN-ER-HUB|IN-NER-HUB|IN-KAR-HUB|IN-C05537-SS|IN-C05539-SS|IN-C05540-SS|IN-C07291-SS|IN-C07643-SS,0|0|1|1|2|2|2|2|2|2|2|2,train
IND-S01411,line_outage,india_national_20k,IN-C07863-GEN07,generator,Dewas,Madhya Pradesh,1.5431,1.1606,1.0132,1,46,1,0,0.0,0.0,0,0,0,,,train
IND-S01412,heatwave,india_national_20k,IN-C07860-FD021,feeder,Gwalior,Madhya Pradesh,2.9945,1.1521,1.1282,2,10,2,4,0.14,0.0019,1070045,0,3,IN-C07860-SS|IN-C07860-TR02|IN-C07860-FD021|IN-C12805-SS,0|0|0|0,train
IND-S01413,heatwave,india_national_20k,IN-C19732-FD021,feeder,Siliguri,West Bengal,2.26,1.2552,1.1655,1,8,1,0,8.46,0.0,0,0,0,,,val
IND-S01414,transformer_overload,india_national_20k,IN-C03058-GEN01,generator,Delhi,Delhi,5.8462,1.2429,1.0767,1,21,4,72,2.04,0.01218,18775243,0,3,IN-NR-HUB|IN-WR-HUB|IN-NER-HUB|IN-DEL-HUB|IN-C03058-SS|IN-C10290-SS|IN-C10346-SS|IN-C10353-SS|IN-C10360-SS|IN-C10362-SS|IN-C10384-SS|IN-NAG-HUB,0|0|0|0|0|1|1|1|1|1|1|1,train
IND-S01415,normal_operation,india_national_20k,IN-C07867-GEN11,generator,Rewa,Madhya Pradesh,1.1867,0.8777,0.9847,0,47,1,0,0.0,0.0,0,0,0,,,train
IND-S01416,normal_operation,india_national_20k,IN-C12344-GEN05,generator,Tirunelveli,Tamil Nadu,1.1572,0.9891,0.9821,0,79,1,0,0.0,0.0,0,0,0,,,train
IND-S01417,heatwave,india_national_20k,IN-C09297-SS,substation,Borivli,Maharashtra,1.8158,1.2385,1.1502,0,148,2,1,8.41,9e-05,29107,0,1,IN-C09475-SS,0,train
IND-S01418,transformer_overload,india_national_20k,IN-C19742-FD021,feeder,Bārāsat,West Bengal,3.899,1.1116,1.0539,1,6,1,0,0.0,0.0,0,0,0,,,val
IND-S01419,normal_operation,india_national_20k,IN-C11066-FD011,feeder,Phagwāra,Punjab,1.0488,0.925,1.0083,0,5,1,0,0.0,0.0,0,0,0,,,train
IND-S01420,high_demand,india_national_20k,IN-C07057-FD011,feeder,Manjeri,Kerala,1.7511,1.4016,1.0455,1,6,1,0,8.46,0.0,0,0,0,,,train
IND-S01421,cascade_emergency,india_national_20k,IN-C09284-GEN03,generator,Nagpur,Maharashtra,8.3298,1.4171,1.1576,5,43,4,106,11.21,0.01291,13612735,0,3,IN-WR-HUB|IN-SR-HUB|IN-ER-HUB|IN-NER-HUB|IN-MAH-HUB|IN-C09284-SS|IN-C10346-SS|IN-C10362-SS|IN-WES-HUB|IN-C01444-SS|IN-CHH-HUB|IN-C02530-SS,0|0|0|0|0|0|0|0|0|1|1|1,train
IND-S01422,heatwave,india_national_20k,IN-C11054-GEN05,generator,Bathinda,Punjab,2.565,1.3209,1.1694,2,25,2,2,8.68,0.00027,285788,0,2,IN-PUN-HUB|IN-C11054-SS,0|0,train
IND-S01423,heatwave,india_national_20k,IN-C04824-GEN03,generator,Ranchi,Jharkhand,3.4535,1.1596,1.1341,0,33,2,2,0.08,0.00131,1120374,0,2,IN-JHA-HUB|IN-C04824-SS,0|0,train
IND-S01424,transformer_overload,india_national_20k,IN-C03058-GEN01,generator,Delhi,Delhi,3.4617,1.1285,1.0747,1,21,3,50,1.31,0.00835,16467009,0,3,IN-NR-HUB|IN-DEL-HUB|IN-C03058-SS|IN-C15550-SS|IN-C15552-SS|IN-C15554-SS|IN-C15555-SS|IN-C15556-SS|IN-C15557-SS|IN-C15600-SS|IN-C15605-SS|IN-C15628-SS,0|0|0|1|1|1|1|1|1|1|1|1,train
IND-S01425,cascade_emergency,india_national_20k,IN-C09797-SS,substation,Āpta,Maharashtra,8.8649,1.4927,1.1636,1,5,1,0,9.02,0.0,0,0,0,,,train
IND-S01426,line_outage,india_national_20k,IN-C00039-FD011,feeder,Hindupur,Andhra Pradesh,1.2115,1.2116,1.0071,4,6,1,0,0.01,0.0,0,0,0,,,test
IND-S01427,high_demand,india_national_20k,IN-C15567-FD021,feeder,Noida,Uttar Pradesh,1.9488,1.5423,1.0876,0,7,5,64,10.56,0.0137,36323042,0,4,IN-C15567-SS|IN-C15567-TR02|IN-C15567-FD021|IN-UTT-HUB|IN-WR-HUB|IN-C01444-SS|IN-C01445-SS|IN-C02780-SS|IN-DEL-HUB|IN-C03058-SS|IN-JHA-HUB|IN-C04826-SS,0|0|0|0|1|1|1|1|1|1|1|1,train
IND-S01428,line_outage,india_national_20k,IN-C14549-SS,substation,Ariviripattanam,Tamil Nadu,2.2611,1.091,1.0596,3,4,1,0,0.0,0.0,0,0,0,,,train
IND-S01429,high_demand,india_national_20k,IN-C12342-GEN03,generator,Kallakurichi,Tamil Nadu,2.7405,1.257,1.0263,1,81,2,2,0.12,0.00168,1682687,0,2,IN-TAM-HUB|IN-C12342-SS,0|0,train
IND-S01430,transformer_overload,india_national_20k,IN-C15551-GEN06,generator,Varanasi,Uttar Pradesh,3.5931,1.2663,1.037,0,120,3,19,0.43,0.00027,245073,0,6,IN-C15600-SS|IN-C15672-SS|IN-C16266-SS|IN-C16924-SS|IN-C17022-SS|IN-C17187-SS|IN-C17213-SS|IN-C17279-SS|IN-C17309-SS|IN-C17734-SS|IN-C17976-SS|IN-C18074-SS,0|0|0|0|0|0|0|0|0|0|0|0,train
IND-S01431,cascade_emergency,india_national_20k,IN-C09293-GEN12,generator,Sholapur,Maharashtra,5.8024,1.3133,1.0644,2,37,5,36,1.69,0.00803,18479878,0,3,IN-WR-HUB|IN-MAH-HUB|IN-C09293-SS|IN-ER-HUB|IN-NER-HUB|IN-C10290-SS|IN-C10346-SS|IN-C10353-SS|IN-C10360-SS|IN-C10362-SS|IN-C10384-SS|IN-NAG-HUB,0|0|0|1|1|2|2|2|2|2|2|2,train
IND-S01432,high_demand,india_national_20k,IN-C05530-FD022,feeder,Bengaluru,Karnataka,1.5983,1.3294,1.0527,0,10,6,33,1.51,0.00823,20059795,0,3,IN-C05530-SS|IN-C05530-TR02|IN-C05530-FD022|IN-WR-HUB|IN-SR-HUB|IN-NER-HUB|IN-C11034-SS|IN-C11047-SS|IN-C10290-SS|IN-C10346-SS|IN-C10353-SS|IN-C10360-SS,0|0|0|1|1|2|2|2|3|3|3|3,test
IND-S01433,cascade_emergency,india_national_20k,IN-C08001-SS,substation,Makronia,Madhya Pradesh,4.446,1.4743,1.1696,3,5,1,0,8.99,0.0,0,0,0,,,train
IND-S01434,high_demand,india_national_20k,IN-C19733-GEN05,generator,Āsansol,West Bengal,1.5499,1.5005,1.0886,1,22,6,52,9.99,0.00606,15526621,0,4,IN-C19731-SS|IN-C19733-SS|IN-C19755-SS|IN-C19766-SS|IN-C19864-SS|IN-C19963-SS|IN-SR-HUB|IN-C10362-SS|IN-KAR-HUB|IN-C05537-SS|IN-C05539-SS|IN-C05540-SS,0|0|0|0|0|0|1|1|2|2|2|2,val
IND-S01435,line_outage,india_national_20k,IN-TAM-HUB-GEN,generator,Tamil Nadu Hub Generation,Tamil Nadu,1.4536,1.1809,1.0215,4,260,1,0,0.0,0.0,0,0,0,,,train
IND-S01436,transformer_overload,india_national_20k,IN-C11560-GEN01,generator,Jaipur,Rajasthan,4.7075,1.2224,1.0101,0,38,2,2,0.2,0.00445,3046163,0,2,IN-RAJ-HUB|IN-C11560-SS,0|0,train
IND-S01437,heatwave,india_national_20k,IN-C12442-SS,substation,Devakottai,Tamil Nadu,1.561,1.2507,1.1453,1,9,1,0,8.4,0.0,0,0,0,,,train
IND-S01438,normal_operation,india_national_20k,IN-C03282-GEN03,generator,Vadodara,Gujarat,1.0049,0.8686,0.9907,0,29,1,0,0.0,0.0,0,0,0,,,train
IND-S01439,heatwave,india_national_20k,IN-C09356-FD011,feeder,Urun-Islāmpur,Maharashtra,2.349,1.3486,1.1558,1,5,1,0,8.63,0.0,0,0,0,,,train
IND-S01440,transformer_overload,india_national_20k,IN-GUJ-HUB-GEN,generator,Gujarat Hub Generation,Gujarat,4.3998,1.1385,1.031,0,80,1,0,0.0,0.0,0,0,0,,,train
IND-S01441,high_demand,india_national_20k,IN-C19743-FD021,feeder,Bāli,West Bengal,1.9713,1.4061,1.0584,0,5,2,4,8.62,0.00093,324293,0,4,IN-C19743-SS|IN-C19835-SS|IN-C19743-TR02|IN-C19743-FD021,0|0|0|0,val
IND-S01442,heatwave,india_national_20k,IN-C12344-FD021,feeder,Tirunelveli,Tamil Nadu,1.903,1.2847,1.1936,2,10,2,3,8.71,0.00192,1435844,0,3,IN-C12344-SS|IN-C12344-TR02|IN-C12344-FD021,0|0|0,train
IND-S01443,line_outage,india_national_20k,IN-C09291-FD012,feeder,Virār,Maharashtra,1.8169,1.1301,1.0507,4,10,2,2,0.07,0.00087,0,0,2,IN-C09291-TR01|IN-C09291-FD012,0|0,train
IND-S01444,high_demand,india_national_20k,IN-C19730-FD021,feeder,Howrah,West Bengal,2.8083,1.3546,1.0888,1,10,1,0,8.49,0.0,0,0,0,,,val
IND-S01445,cascade_emergency,india_national_20k,IN-C04485-FD011,feeder,Jammu,Jammu and Kashmir,7.051,1.3845,1.1344,1,8,1,0,8.67,0.0,0,0,0,,,train
IND-S01446,heatwave,india_national_20k,IN-C07883-FD011,feeder,Khargone,Madhya Pradesh,2.6746,1.1578,1.1774,0,6,2,4,0.12,0.0008,116150,0,4,IN-MAD-HUB|IN-C07883-SS|IN-C07883-TR01|IN-C07883-FD011,0|0|0|0,train
IND-S01447,line_outage,india_national_20k,IN-C11054-GEN05,generator,Bathinda,Punjab,1.6104,1.0437,1.0261,1,25,2,2,0.05,0.00021,285788,0,2,IN-PUN-HUB|IN-C11054-SS,0|0,train
IND-S01448,transformer_overload,india_national_20k,IN-C11570-GEN11,generator,Sri Ganganagar,Rajasthan,2.1994,1.2154,1.0191,1,29,1,0,0.0,0.0,0,0,0,,,train
IND-S01449,line_outage,india_national_20k,IN-C07052-FD011,feeder,Palakkad,Kerala,1.3467,1.1037,1.021,3,7,2,3,0.07,9e-05,36913,0,0,IN-C10392-SS|IN-C10410-SS|IN-C10420-SS,0|0|0,train
IND-S01450,cascade_emergency,india_national_20k,IN-C09603-SS,substation,Ahiri,Maharashtra,4.5377,1.369,1.103,1,6,1,0,8.56,0.0,0,0,0,,,train
IND-S01451,cascade_emergency,india_national_20k,IN-RAJ-HUB-GEN,generator,Rajasthan Hub Generation,Rajasthan,6.8915,1.4474,1.1016,5,114,3,2,8.77,0.0,1000,0,0,IN-C16491-SS|IN-C18843-SS,0|1,train
IND-S01452,high_demand,india_national_20k,IN-C00025-FD021,feeder,Kadapa,Andhra Pradesh,1.7403,1.5208,1.0998,0,8,2,3,9.02,0.00091,344893,0,3,IN-C00025-SS|IN-C00025-TR02|IN-C00025-FD021,0|0|0,test
IND-S01453,line_outage,india_national_20k,IN-C12347-GEN08,generator,Salem,Tamil Nadu,1.247,1.1281,1.006,2,73,1,0,0.0,0.0,0,0,0,,,train
IND-S01454,heatwave,india_national_20k,IN-C19729-GEN01,generator,Kolkata,West Bengal,2.9921,1.3324,1.1856,2,26,3,6,9.0,0.00513,5807089,0,3,IN-WES-HUB|IN-C19729-SS|IN-C19730-SS|IN-C19766-SS|IN-C19864-SS|IN-C19963-SS,0|0|0|1|1|1,val
IND-S01455,transformer_overload,india_national_20k,IN-C09316-FD011,feeder,Badlapur,Maharashtra,3.034,1.146,1.0117,0,4,1,0,0.0,0.0,0,0,0,,,train
IND-S01456,high_demand,india_national_20k,IN-C03793-GEN04,generator,Hisar,Haryana,1.9404,1.3997,1.033,1,20,1,0,8.43,0.0,0,0,0,,,train
IND-S01457,line_outage,india_national_20k,IN-C07199-SS,substation,Cherukavu,Kerala,1.238,1.253,1.0376,4,5,1,0,0.0,0.0,0,0,0,,,train
IND-S01458,line_outage,india_national_20k,IN-C03060-FD021,feeder,Narela,Delhi,1.342,1.0019,1.0446,4,7,1,0,0.01,0.0,0,0,0,,,train
IND-S01459,cascade_emergency,india_national_20k,IN-C05530-GEN01,generator,Bengaluru,Karnataka,5.6681,1.5062,1.0564,1,56,5,44,9.95,0.01165,16066350,0,3,IN-SR-HUB|IN-KAR-HUB|IN-C05530-SS|IN-ER-HUB|IN-NER-HUB|IN-C11034-SS|IN-C11047-SS|IN-JHA-HUB|IN-C04828-SS|IN-C04829-SS|IN-C10290-SS|IN-C10346-SS,0|0|0|1|1|1|1|2|2|2|2|2,test
IND-S01460,cascade_emergency,india_national_20k,IN-C19733-GEN05,generator,Āsansol,West Bengal,7.8753,1.5345,1.1007,5,22,8,99,11.56,0.02447,56536051,0,6,IN-SR-HUB|IN-C01124-SS|IN-C01330-SS|IN-KER-HUB|IN-C07054-SS|IN-C10346-SS|IN-C10353-SS|IN-C10362-SS|IN-C15600-SS|IN-UTT-HUB|IN-C19731-SS|IN-C19733-SS,0|0|0|0|0|0|0|0|0|0|0|0,val
IND-S01461,transformer_overload,india_national_20k,IN-C07626-SS,substation,Alattur,Kerala,4.7331,1.2363,1.0769,0,9,3,6,0.17,0.00023,185784,0,4,IN-C07068-SS|IN-C07491-SS|IN-C07524-SS|IN-C07626-SS|IN-KER-HUB|IN-C07054-SS,0|0|0|0|1|1,train
IND-S01462,line_outage,india_national_20k,IN-C00036-FD011,feeder,Proddatūr,Andhra Pradesh,1.5289,1.1122,1.0356,2,6,2,4,0.12,0.00102,571589,0,2,IN-C00036-TR01|IN-C00036-FD011|IN-C09300-SS|IN-C09527-SS,0|0|0|0,test
IND-S01463,high_demand,india_national_20k,IN-C15501-FD021,feeder,Agartala,Tripura,1.8625,1.3529,1.0764,0,8,3,18,8.81,0.00156,588382,0,4,IN-C15501-SS|IN-C15525-SS|IN-C15543-SS|IN-C15501-TR02|IN-C15501-FD021|IN-TRI-HUB|IN-C15502-SS|IN-C15504-SS|IN-C15507-SS|IN-C15514-SS|IN-C15516-SS|IN-C15519-SS,0|0|0|0|0|1|1|1|1|1|1|1,train
IND-S01464,heatwave,india_national_20k,IN-C14854-GEN11,generator,Secunderabad,Telangana,1.9187,1.3118,1.206,0,25,6,56,9.94,0.00574,8979674,0,13,IN-C14853-SS|IN-C14854-SS|IN-C14897-SS|IN-C15208-SS|IN-C15271-SS|IN-C15287-SS|IN-C15478-SS|IN-SR-HUB|IN-NER-HUB|IN-KAR-HUB|IN-C05537-SS|IN-C11034-SS,0|0|0|0|0|0|0|1|2|2|2|2,train
IND-S01465,line_outage,india_national_20k,IN-C19729-GEN01,generator,Kolkata,West Bengal,1.347,1.2117,1.051,2,26,3,6,0.24,0.00352,5807089,0,3,IN-WES-HUB|IN-C19729-SS|IN-C19730-SS|IN-C19766-SS|IN-C19864-SS|IN-C19963-SS,0|0|0|1|1|1,val
IND-S01466,line_outage,india_national_20k,IN-C17474-SS,substation,Allāhābād,Uttar Pradesh,2.3797,1.2617,1.0039,3,12,1,0,0.0,0.0,0,0,0,,,train
IND-S01467,high_demand,india_national_20k,IN-C00025-GEN09,generator,Kadapa,Andhra Pradesh,2.784,1.2639,1.0451,1,40,1,0,0.0,0.0,0,0,0,,,test
IND-S01468,cascade_emergency,india_national_20k,IN-C19814-SS,substation,Kālimpong,West Bengal,8.9595,1.4429,1.0731,1,5,1,0,8.64,0.0,0,0,0,,,val
IND-S01469,normal_operation,india_national_20k,IN-C15550-FD021,feeder,Ghāziābād,Uttar Pradesh,1.1121,0.9309,0.9832,0,10,1,0,0.0,0.0,0,0,0,,,train
IND-S01470,line_outage,india_national_20k,IN-C15547-FD031,feeder,Lucknow,Uttar Pradesh,2.1144,1.0247,1.0096,3,10,2,2,0.11,0.00206,0,0,2,IN-C15547-TR03|IN-C15547-FD031,0|0,train
IND-S01471,high_demand,india_national_20k,IN-C01382-GEN09,generator,Begusarai,Bihar,2.6821,1.3605,1.0396,1,38,1,0,8.35,0.0,0,0,0,,,val
IND-S01472,normal_operation,india_national_20k,IN-C10271-SS,substation,Haveli,Maharashtra,1.1688,1.0356,0.9937,0,15,1,0,0.0,0.0,0,0,0,,,train
IND-S01473,high_demand,india_national_20k,IN-C03838-SS,substation,Mahendragarh,Haryana,2.3403,1.3262,1.0657,1,3,1,0,8.36,0.0,0,0,0,,,train
IND-S01474,cascade_emergency,india_national_20k,IN-C15562-FD021,feeder,Mathura,Uttar Pradesh,5.6846,1.533,1.0624,1,7,1,0,8.8,0.0,0,0,0,,,train
IND-S01475,heatwave,india_national_20k,IN-C04826-GEN05,generator,Mango,Jharkhand,1.7713,1.3535,1.1458,2,28,2,2,8.68,0.00017,223805,0,2,IN-JHA-HUB|IN-C04826-SS,0|0,train
IND-S01476,normal_operation,india_national_20k,IN-C01070-GEN01,generator,Itanagar,Arunachal Pradesh,1.1202,0.9748,0.9819,0,10,1,0,0.0,0.0,0,0,0,,,train
IND-S01477,line_outage,india_national_20k,IN-C11052-FD011,feeder,Jalandhar,Punjab,2.0537,1.2485,1.0252,4,8,2,3,0.15,0.00262,868929,0,3,IN-C11052-SS|IN-C11052-TR01|IN-C11052-FD011,0|0|0,train
IND-S01478,normal_operation,india_national_20k,IN-C15582-SS,substation,Sītāpur,Uttar Pradesh,1.04,0.9761,1.0031,0,260,1,0,0.0,0.0,0,0,0,,,train
IND-S01479,line_outage,india_national_20k,IN-C15555-SS,substation,Morādābād,Uttar Pradesh,2.1079,1.0068,1.0466,2,260,1,0,0.0,0.0,0,0,0,,,train
IND-S01480,heatwave,india_national_20k,IN-C12386-SS,substation,Valparai,Tamil Nadu,2.1212,1.4449,1.1708,1,260,1,0,8.96,0.0,0,0,0,,,train
IND-S01481,normal_operation,india_national_20k,IN-C04838-FD011,feeder,Medininagar,Jharkhand,1.0894,0.9761,1.0005,0,6,1,0,0.0,0.0,0,0,0,,,train
IND-S01482,heatwave,india_national_20k,IN-C04823-SS,substation,Dhanbad,Jharkhand,2.9043,1.395,1.1871,0,100,2,4,9.06,0.00218,1292641,0,4,IN-JHA-HUB|IN-C04823-SS|IN-C04836-SS|IN-C04935-SS,0|0|0|0,train
IND-S01483,cascade_emergency,india_national_20k,IN-C01394-FD011,feeder,Mothīhāri,Bihar,7.486,1.5906,1.1246,4,6,3,86,10.9,0.01102,1590375,0,5,IN-BIH-HUB|IN-C01377-SS|IN-C01394-SS|IN-C01444-SS|IN-C01445-SS|IN-C01481-SS|IN-C01485-SS|IN-C01486-SS|IN-C01495-SS|IN-C01499-SS|IN-C01521-SS|IN-C01530-SS,0|0|0|0|0|0|0|0|0|0|0|0,val
IND-S01484,transformer_overload,india_national_20k,IN-C09936-SS,substation,Aki,Maharashtra,3.6755,1.1474,1.0742,0,7,1,0,0.0,0.0,0,0,0,,,train
IND-S01485,line_outage,india_national_20k,IN-C09305-FD011,feeder,Latur,Maharashtra,2.3527,1.2453,1.0144,4,7,2,4,0.13,0.00131,392714,0,3,IN-C08215-SS|IN-C09305-SS|IN-C09305-TR01|IN-C09305-FD011,0|0|0|0,train
IND-S01486,transformer_overload,india_national_20k,IN-C12356-FD011,feeder,Tiruvottiyūr,Tamil Nadu,4.6782,1.1695,1.0691,0,6,2,8,0.27,0.00314,443869,0,6,IN-TAM-HUB|IN-C12356-SS|IN-C12373-SS|IN-C12501-SS|IN-C12562-SS|IN-C12930-SS|IN-C12356-TR01|IN-C12356-FD011,0|0|0|0|0|0|0|0,train
IND-S01487,high_demand,india_national_20k,IN-C11561-GEN02,generator,Jodhpur,Rajasthan,2.4933,1.4075,1.0571,1,34,2,2,8.59,0.001,1056191,0,2,IN-RAJ-HUB|IN-C11561-SS,0|0,train
IND-S01488,heatwave,india_national_20k,IN-C11050-FD032,feeder,Ludhiana,Punjab,2.48,1.188,1.1783,2,10,2,4,0.55,0.00253,1618879,0,4,IN-PUN-HUB|IN-C11050-SS|IN-C11050-TR03|IN-C11050-FD032,0|0|0|0,train
IND-S01489,line_outage,india_national_20k,IN-C03794-GEN05,generator,Karnāl,Haryana,2.4505,1.2581,1.0337,4,19,1,0,0.0,0.0,0,0,0,,,train
IND-S01490,normal_operation,india_national_20k,IN-C00066-FD011,feeder,Pulivendla,Andhra Pradesh,1.1137,0.8907,1.0042,0,5,1,0,0.0,0.0,0,0,0,,,test
IND-S01491,heatwave,india_national_20k,IN-C03067-FD011,feeder,Deoli,Delhi,2.3812,1.3566,1.1967,0,5,1,0,8.8,0.0,0,0,0,,,train
IND-S01492,transformer_overload,india_national_20k,IN-C10427-FD021,feeder,Brahmapur,Odisha,3.8181,1.2316,1.0444,0,8,2,3,0.12,0.00182,356598,0,3,IN-C10427-SS|IN-C10427-TR02|IN-C10427-FD021,0|0|0,train
IND-S01493,transformer_overload,india_national_20k,IN-C12426-FD011,feeder,Panruti,Tamil Nadu,4.071,1.0533,1.045,0,5,1,0,0.0,0.0,0,0,0,,,train
IND-S01494,heatwave,india_national_20k,IN-C05763-SS,substation,Yelur,Karnataka,2.9217,1.2348,1.156,2,10,2,2,8.42,8e-05,12350,0,2,IN-C05763-SS|IN-C06577-SS,0|0,test
IND-S01495,line_outage,india_national_20k,IN-C19434-GEN03,generator,Rudrapur,Uttarakhand,1.5258,1.2403,1.04,1,113,1,0,0.0,0.0,0,0,0,,,train
IND-S01496,high_demand,india_national_20k,IN-C03065-FD011,feeder,Sultan Pur Majra,Delhi,1.8069,1.3037,1.0669,0,5,1,0,0.0,0.0,0,0,0,,,train
IND-S01497,cascade_emergency,india_national_20k,IN-C00026-FD021,feeder,Tirupati,Andhra Pradesh,5.3686,1.3472,1.1768,5,8,2,3,8.86,0.00204,295323,0,3,IN-C00026-SS|IN-C00026-TR02|IN-C00026-FD021,0|0|0,test
IND-S01498,high_demand,india_national_20k,IN-C01385-GEN12,generator,Chāpra,Bihar,1.5291,1.2747,1.0492,0,39,1,0,0.0,0.0,0,0,0,,,val
IND-S01499,cascade_emergency,india_national_20k,IN-C09288-GEN07,generator,Pimpri,Maharashtra,7.7736,1.3964,1.1435,5,44,4,69,10.42,0.01206,23289452,0,5,IN-WR-HUB|IN-SR-HUB|IN-ER-HUB|IN-MAH-HUB|IN-C09286-SS|IN-C09288-SS|IN-C09950-SS|IN-ASS-HUB|IN-C01122-SS|IN-JHA-HUB|IN-C04828-SS|IN-C04829-SS,0|0|0|0|0|0|0|1|1|1|1|1,train
IND-S01500,transformer_overload,india_national_20k,IN-C11560-FD011,feeder,Jaipur,Rajasthan,4.044,1.2869,1.0724,1,10,1,0,0.0,0.0,0,0,0,,,train
IND-S01501,cascade_emergency,india_national_20k,IN-C15559-FD011,feeder,Modīnagar,Uttar Pradesh,6.9519,1.3246,1.0709,2,7,3,7,8.63,0.00426,560489,0,4,IN-C15559-SS|IN-C15559-TR01|IN-C15559-FD011|IN-UTT-HUB|IN-C19438-SS|IN-C19462-SS|IN-C19475-SS,0|0|0|0|1|1|1,train
IND-S01502,cascade_emergency,india_national_20k,IN-C03284-GEN05,generator,Bhavnagar,Gujarat,7.4543,1.491,1.132,1,24,6,135,11.81,0.01315,18752479,0,3,IN-WR-HUB|IN-SR-HUB|IN-ER-HUB|IN-NER-HUB|IN-GUJ-HUB|IN-C03284-SS|IN-C10346-SS|IN-C10362-SS|IN-WES-HUB|IN-C01444-SS|IN-CHH-HUB|IN-C02530-SS,0|0|0|0|0|0|0|0|0|1|1|1,train
IND-S01503,transformer_overload,india_national_20k,IN-C10590-SS,substation,Mukhiguda,Odisha,4.5022,1.1711,1.0149,0,17,2,2,0.04,0.0001,12516,0,2,IN-C10585-SS|IN-C10590-SS,0|0,train
IND-S01504,normal_operation,india_national_20k,IN-C10425-GEN02,generator,Bhubaneswar,Odisha,1.0873,0.9001,1.0123,0,26,1,0,0.0,0.0,0,0,0,,,train
IND-S01505,transformer_overload,india_national_20k,IN-C15557-GEN12,generator,Loni,Uttar Pradesh,5.5383,1.1082,1.0244,1,117,1,0,0.0,0.0,0,0,0,,,train
IND-S01506,transformer_overload,india_national_20k,IN-C15550-GEN05,generator,Ghāziābād,Uttar Pradesh,4.5101,1.0095,1.0409,1,123,2,5,0.17,0.00201,1716773,0,5,IN-C15550-SS|IN-C15557-SS|IN-C16428-SS|IN-C19118-SS|IN-C19203-SS,0|0|0|0|0,train
IND-S01507,high_demand,india_national_20k,IN-C09298-FD021,feeder,Sāngli,Maharashtra,1.6243,1.4948,1.041,0,7,2,3,8.75,0.00151,601214,0,3,IN-C09298-SS|IN-C09298-TR02|IN-C09298-FD021,0|0|0,train
IND-S01508,high_demand,india_national_20k,IN-C11725-SS,substation,Sawar,Rajasthan,2.9435,1.3981,1.0934,1,3,1,0,8.59,0.0,0,0,0,,,train
IND-S01509,cascade_emergency,india_national_20k,IN-C03796-FD011,feeder,Sonīpat,Haryana,7.5374,1.3266,1.1782,5,7,6,105,10.96,0.01297,16681616,0,4,IN-HAR-HUB|IN-C03796-SS|IN-C03796-TR01|IN-C03796-FD011|IN-JHA-HUB|IN-C04830-SS|IN-NER-HUB|IN-WR-HUB|IN-SR-HUB|IN-C10290-SS|IN-C10346-SS|IN-C10353-SS,0|0|0|0|0|0|1|2|2|2|2|2,train
IND-S01510,high_demand,india_national_20k,IN-C12727-SS,substation,Vadamadurai,Tamil Nadu,2.2876,1.2943,1.0935,0,7,1,0,8.36,0.0,0,0,0,,,train
IND-S01511,high_demand,india_national_20k,IN-C02537-SS,substation,Mahāsamund,Chhattisgarh,1.7192,1.2562,1.0491,0,4,1,0,0.0,0.0,0,0,0,,,train
IND-S01512,high_demand,india_national_20k,IN-C09322-FD011,feeder,Wardha,Maharashtra,2.5118,1.4525,1.0312,1,5,1,0,8.54,0.0,0,0,0,,,train
IND-S01513,high_demand,india_national_20k,IN-C11564-FD021,feeder,Ajmer,Rajasthan,2.3351,1.3237,1.0849,0,8,2,3,8.52,0.00181,542321,0,3,IN-C11564-SS|IN-C11564-TR02|IN-C11564-FD021,0|0|0,train
IND-S01514,normal_operation,india_national_20k,IN-C11564-SS,substation,Ajmer,Rajasthan,1.0241,0.9809,0.9967,0,118,1,0,0.0,0.0,0,0,0,,,train
IND-S01515,heatwave,india_national_20k,IN-C01130-SS,substation,North Lakhimpur,Assam,2.6102,1.1935,1.1755,1,5,1,0,0.0,0.0,0,0,0,,,val
IND-S01516,normal_operation,india_national_20k,IN-C12340-FD012,feeder,Chennai,Tamil Nadu,1.0127,0.8949,1.013,0,10,1,0,0.0,0.0,0,0,0,,,train
IND-S01517,heatwave,india_national_20k,IN-C17941-SS,substation,Amraulia,Uttar Pradesh,2.1522,1.3084,1.1883,2,8,2,3,8.69,0.0,1500,0,0,IN-C16903-SS|IN-C19144-SS|IN-C19336-SS,0|0|0,train
IND-S01518,normal_operation,india_national_20k,IN-C15549-GEN04,generator,Meerut,Uttar Pradesh,1.1275,0.9487,0.9994,0,119,1,0,0.0,0.0,0,0,0,,,train
IND-S01519,transformer_overload,india_national_20k,IN-C07074-SS,substation,Tirūrangādi,Kerala,4.9085,1.1623,1.0423,1,7,1,0,0.0,0.0,0,0,0,,,train
IND-S01520,high_demand,india_national_20k,IN-C07973-SS,substation,Kukshi,Madhya Pradesh,1.7741,1.5331,1.0605,0,3,1,0,8.8,0.0,0,0,0,,,train
IND-S01521,high_demand,india_national_20k,IN-C19790-FD011,feeder,Rānāghāt,West Bengal,2.0496,1.5329,1.0756,1,5,1,0,8.85,0.0,0,0,0,,,val
IND-S01522,transformer_overload,india_national_20k,IN-C01119-SS,substation,Guwahati,Assam,3.7511,1.0031,1.0057,1,46,1,0,0.0,0.0,0,0,0,,,val
IND-S01523,heatwave,india_national_20k,IN-C03280-FD011,feeder,Ahmedabad,Gujarat,2.965,1.4349,1.184,1,10,6,131,11.89,0.0169,27691427,0,1,IN-WR-HUB|IN-ER-HUB|IN-NER-HUB|IN-CHH-HUB|IN-C02530-SS|IN-C02531-SS|IN-C02533-SS|IN-GUJ-HUB|IN-C03281-SS|IN-C07892-SS|IN-C07908-SS|IN-C08007-SS,0|1|1|1|1|1|1|1|1|1|1|1,train
IND-S01524,heatwave,india_national_20k,IN-C12824-SS,substation,Mukkūdal,Tamil Nadu,1.9495,1.2583,1.2129,1,9,1,0,8.58,0.0,0,0,0,,,train
IND-S01525,heatwave,india_national_20k,IN-C19740-FD021,feeder,Kulti,West Bengal,1.9629,1.2465,1.1703,0,7,2,5,8.58,0.00119,810176,0,4,IN-C19733-SS|IN-C19740-SS|IN-C19963-SS|IN-C19740-TR02|IN-C19740-FD021,0|0|0|0|0,val
IND-S01526,high_demand,india_national_20k,IN-C14851-FD011,feeder,Lal Bahadur Nagar,Telangana,2.4157,1.3386,1.0779,0,8,2,3,8.51,0.0009,261987,0,3,IN-C14851-SS|IN-C14851-TR01|IN-C14851-FD011,0|0|0,train
IND-S01527,transformer_overload,india_national_20k,IN-C15581-FD011,feeder,Fatehpur,Uttar Pradesh,2.4037,1.259,1.0398,1,6,1,0,0.0,0.0,0,0,0,,,train
IND-S01528,line_outage,india_national_20k,IN-C03326-FD011,feeder,Keshod,Gujarat,1.795,1.2549,1.0481,2,5,1,0,0.0,0.0,0,0,0,,,train
IND-S01529,cascade_emergency,india_national_20k,IN-C14848-GEN05,generator,Nizāmābād,Telangana,6.1282,1.3144,1.1711,4,28,1,0,8.62,0.0,0,0,0,,,train
IND-S01530,cascade_emergency,india_national_20k,IN-C01374-FD032,feeder,Patna,Bihar,7.7036,1.5897,1.1794,2,10,8,1100,35.57,0.2041,72437089,0,4,IN-ER-HUB|IN-BIH-HUB|IN-C01374-SS|IN-C01374-TR03|IN-C01374-FD032|IN-C10346-SS|IN-C10362-SS|IN-WES-HUB|IN-WR-HUB|IN-SR-HUB|IN-C01377-SS|IN-C01378-SS,0|0|0|0|0|0|0|0|1|1|1|1,val
IND-S01531,transformer_overload,india_national_20k,IN-C19737-FD021,feeder,Rajpur Sonarpur,West Bengal,5.7116,1.1603,1.0322,1,6,1,0,0.0,0.0,0,0,0,,,val
IND-S01532,normal_operation,india_national_20k,IN-C10424-GEN01,generator,Nowrangapur,Odisha,1.1401,0.9308,0.9962,0,34,1,0,0.0,0.0,0,0,0,,,train
IND-S01533,high_demand,india_national_20k,IN-C00033-FD011,feeder,Machilīpatnam,Andhra Pradesh,2.9368,1.337,1.0313,1,6,1,0,0.0,0.0,0,0,0,,,test
IND-S01534,cascade_emergency,india_national_20k,IN-C15547-FD011,feeder,Lucknow,Uttar Pradesh,4.4765,1.3457,1.1082,1,10,1,0,8.52,0.0,0,0,0,,,train
IND-S01535,transformer_overload,india_national_20k,IN-C12348-FD011,feeder,Erode,Tamil Nadu,2.2322,1.1649,1.0306,1,8,1,0,0.01,0.0,0,0,0,,,train
IND-S01536,line_outage,india_national_20k,IN-C03174-GEN02,generator,Vasco da Gama,Goa,1.4864,1.0194,1.0069,2,13,1,0,0.0,0.0,0,0,0,,,train
IND-S01537,transformer_overload,india_national_20k,IN-C03058-FD021,feeder,Delhi,Delhi,5.0207,1.2772,1.0632,0,10,2,4,0.48,0.01062,11034555,0,4,IN-DEL-HUB|IN-C03058-SS|IN-C03058-TR02|IN-C03058-FD021,0|0|0|0,train
IND-S01538,high_demand,india_national_20k,IN-C14868-FD011,feeder,Kāmāreddi,Telangana,2.1063,1.5078,1.0839,1,5,1,0,8.82,0.0,0,0,0,,,train
IND-S01539,line_outage,india_national_20k,IN-C04854-SS,substation,Kopali,Jharkhand,1.3121,1.2539,1.0005,1,34,1,0,0.0,0.0,0,0,0,,,train
IND-S01540,cascade_emergency,india_national_20k,IN-C09284-FD032,feeder,Nagpur,Maharashtra,5.8562,1.4817,1.1546,4,10,6,148,12.22,0.01746,17915096,0,4,IN-WR-HUB|IN-SR-HUB|IN-ER-HUB|IN-NER-HUB|IN-MAH-HUB|IN-C09284-SS|IN-C09284-TR03|IN-C09284-FD032|IN-C10346-SS|IN-C10362-SS|IN-WES-HUB|IN-C01444-SS,0|0|0|0|0|0|0|0|0|0|0|1,train
IND-S01541,transformer_overload,india_national_20k,IN-C07051-GEN07,generator,Alappuzha,Kerala,5.9733,1.0529,1.0062,1,29,1,0,0.0,0.0,0,0,0,,,train
IND-S01542,high_demand,india_national_20k,IN-C00025-FD011,feeder,Kadapa,Andhra Pradesh,1.7706,1.4367,1.0728,0,8,2,3,8.71,0.00092,344893,0,3,IN-C00025-SS|IN-C00025-TR01|IN-C00025-FD011,0|0|0,test
IND-S01543,line_outage,india_national_20k,IN-C10452-SS,substation,Sunabeda,Odisha,2.0364,1.241,1.0476,3,4,1,0,0.0,0.0,0,0,0,,,train
IND-S01544,transformer_overload,india_national_20k,IN-C19729-FD022,feeder,Kolkata,West Bengal,5.567,1.0963,1.0016,1,10,1,0,0.0,0.0,0,0,0,,,val
IND-S01545,high_demand,india_national_20k,IN-C07868-GEN12,generator,Murwāra,Madhya Pradesh,2.6243,1.4074,1.0261,1,43,1,0,8.43,0.0,0,0,0,,,train
IND-S01546,cascade_emergency,india_national_20k,IN-C00019-GEN03,generator,Visakhapatnam,Andhra Pradesh,7.6833,1.3876,1.1088,2,47,3,9,8.84,0.00263,1615295,0,4,IN-AND-HUB|IN-C00019-SS|IN-C00028-SS|IN-ASS-HUB|IN-C01122-SS|IN-C00037-SS|IN-C00715-SS|IN-C00747-SS|IN-C00866-SS,0|0|0|0|0|1|1|1|1,test
IND-S01547,high_demand,india_national_20k,IN-C12554-SS,substation,Kāraippudūr,Tamil Nadu,1.6276,1.3622,1.0796,0,9,1,0,8.48,0.0,0,0,0,,,train
IND-S01548,heatwave,india_national_20k,IN-C09287-GEN06,generator,Nashik,Maharashtra,3.0553,1.1823,1.0965,0,41,5,22,0.85,0.00502,7497960,0,3,IN-WR-HUB|IN-MAH-HUB|IN-C09287-SS|IN-ER-HUB|IN-NER-HUB|IN-C10346-SS|IN-C10353-SS|IN-C10360-SS|IN-C10362-SS|IN-C10384-SS|IN-NAG-HUB|IN-C10388-SS,0|0|0|1|1|2|2|2|2|2|2|2,train
IND-S01549,high_demand,india_national_20k,IN-C14878-FD011,feeder,Mandamarri,Telangana,1.7716,1.405,1.0729,1,5,1,0,8.55,0.0,0,0,0,,,train
IND-S01550,transformer_overload,india_national_20k,IN-C09308-FD021,feeder,Chānda,Maharashtra,4.5538,1.0643,1.03,0,6,1,0,0.0,0.0,0,0,0,,,train
IND-S01551,cascade_emergency,india_national_20k,IN-C03798-FD011,feeder,Panchkula,Haryana,4.6042,1.3105,1.0558,2,5,1,0,0.0,0.0,0,0,0,,,train
IND-S01552,normal_operation,india_national_20k,IN-C04833-GEN12,generator,Sāhibganj,Jharkhand,1.0116,0.9307,0.9819,0,26,1,0,0.0,0.0,0,0,0,,,train
IND-S01553,high_demand,india_national_20k,IN-C12446-SS,substation,Rasipuram,Tamil Nadu,2.597,1.3173,1.0895,1,7,1,0,8.4,0.0,0,0,0,,,train
IND-S01554,normal_operation,india_national_20k,IN-MAD-HUB-GEN,generator,Madhya Pradesh Hub Generation,Madhya Pradesh,1.1536,0.9122,0.9953,0,175,1,0,0.0,0.0,0,0,0,,,train
IND-S01555,high_demand,india_national_20k,IN-C01315-SS,substation,Majarkuri,Assam,2.9504,1.3023,1.0221,1,3,1,0,0.0,0.0,0,0,0,,,val
IND-S01556,line_outage,india_national_20k,IN-C15558-FD021,feeder,Sahāranpur,Uttar Pradesh,2.2657,1.2736,1.032,1,7,1,0,0.0,0.0,0,0,0,,,train
IND-S01557,line_outage,india_national_20k,IN-C07859-SS,substation,Jabalpur,Madhya Pradesh,1.2603,1.2729,1.0298,4,185,2,1,0.02,0.0,500,0,1,IN-C08396-SS,0,train
IND-S01558,heatwave,india_national_20k,IN-C14420-SS,substation,Arangūr,Tamil Nadu,3.1991,1.1526,1.1039,1,6,1,0,0.0,0.0,0,0,0,,,train
IND-S01559,cascade_emergency,india_national_20k,IN-C19735-FD021,feeder,Maheshtala,West Bengal,6.9743,1.3636,1.074,5,6,3,20,9.07,0.0077,6501330,0,5,IN-C10342-SS|IN-C10343-SS|IN-C10354-SS|IN-C10359-SS|IN-C10362-SS|IN-WES-HUB|IN-C19729-SS|IN-C19730-SS|IN-C19735-SS|IN-C19799-SS|IN-C19833-SS|IN-C19859-SS,0|0|0|0|0|0|0|0|0|0|0|0,val
IND-S01560,line_outage,india_national_20k,IN-C00017-GEN01,generator,Rasapūdipalem,Andhra Pradesh,1.5303,1.2095,1.0216,4,47,2,4,0.13,0.0014,1990978,0,4,IN-C00017-SS|IN-C00028-SS|IN-C00260-SS|IN-C00527-SS,0|0|0|0,test
IND-S01561,high_demand,india_national_20k,IN-C09312-FD011,feeder,Ambarnath,Maharashtra,2.2505,1.2959,1.06,0,6,2,3,0.09,0.00082,253475,0,3,IN-C09312-SS|IN-C09312-TR01|IN-C09312-FD011,0|0|0,train
IND-S01562,cascade_emergency,india_national_20k,IN-C01122-FD011,feeder,Jorhat,Assam,6.1177,1.3002,1.1522,1,7,2,2,8.57,7e-05,126736,0,2,IN-ASS-HUB|IN-C01122-SS,0|0,val
IND-S01563,transformer_overload,india_national_20k,IN-C15554-GEN09,generator,Bareilly,Uttar Pradesh,2.1759,1.2462,1.0525,0,116,1,0,0.01,0.0,0,0,0,,,train
IND-S01564,transformer_overload,india_national_20k,IN-C07371-SS,substation,Kokōtamangalam South,Kerala,5.3136,1.2586,1.014,0,5,1,0,0.0,0.0,0,0,0,,,train
IND-S01565,line_outage,india_national_20k,IN-C03800-FD011,feeder,Ambāla,Haryana,1.3594,1.1939,1.0208,2,5,1,0,0.0,0.0,0,0,0,,,train
IND-S01566,heatwave,india_national_20k,IN-C12347-GEN08,generator,Salem,Tamil Nadu,1.5784,1.4245,1.1605,2,73,5,102,10.98,0.00739,10964849,0,5,IN-SR-HUB|IN-ER-HUB|IN-NER-HUB|IN-KAR-HUB|IN-C05537-SS|IN-C05539-SS|IN-C05540-SS|IN-C07848-SS|IN-C10346-SS|IN-C10362-SS|IN-C11034-SS|IN-C11047-SS,0|1|1|1|1|1|1|1|1|1|1|1,train
IND-S01567,cascade_emergency,india_national_20k,IN-C09287-GEN06,generator,Nashik,Maharashtra,8.1258,1.4967,1.1536,3,41,6,115,11.61,0.01652,28115579,0,3,IN-WR-HUB|IN-SR-HUB|IN-ER-HUB|IN-NER-HUB|IN-KER-HUB|IN-C07054-SS|IN-MAH-HUB|IN-C09287-SS|IN-C10346-SS|IN-C10353-SS|IN-C10362-SS|IN-C10384-SS,0|0|0|0|0|0|0|0|0|0|0|0,train
IND-S01568,transformer_overload,india_national_20k,IN-C12340-FD011,feeder,Chennai,Tamil Nadu,4.0056,1.1797,1.0567,0,10,2,8,0.49,0.00922,4846780,0,5,IN-TAM-HUB|IN-C12340-SS|IN-C12392-SS|IN-C12427-SS|IN-C12699-SS|IN-C14244-SS|IN-C12340-TR01|IN-C12340-FD011,0|0|0|0|0|0|0|0,train
IND-S01569,heatwave,india_national_20k,IN-C05540-FD011,feeder,Tumkūr,Karnataka,3.218,1.1823,1.1688,1,8,1,0,0.0,0.0,0,0,0,,,test
IND-S01570,cascade_emergency,india_national_20k,IN-C04501-SS,substation,Badāmibāgh,Jammu and Kashmir,5.6342,1.3916,1.1234,2,9,2,3,8.72,0.0003,23214,0,3,IN-C04501-SS|IN-C04700-SS|IN-C04753-SS,0|0|0,train
IND-S01571,cascade_emergency,india_national_20k,IN-C03281-GEN02,generator,Surat,Gujarat,6.6704,1.4784,1.0553,1,29,4,38,9.86,0.01485,22806486,0,3,IN-WR-HUB|IN-SR-HUB|IN-ER-HUB|IN-GUJ-HUB|IN-C03281-SS|IN-C10346-SS|IN-C10353-SS|IN-C10360-SS|IN-C10362-SS|IN-C10384-SS|IN-C11034-SS|IN-C11047-SS,0|0|0|0|0|1|1|1|1|1|1|1,train
IND-S01572,cascade_emergency,india_national_20k,IN-C11560-GEN01,generator,Jaipur,Rajasthan,4.1678,1.5383,1.1161,1,38,6,147,12.29,0.01967,33910284,0,3,IN-NR-HUB|IN-WR-HUB|IN-SR-HUB|IN-ER-HUB|IN-NER-HUB|IN-C10346-SS|IN-C10362-SS|IN-RAJ-HUB|IN-C11560-SS|IN-WES-HUB|IN-C01444-SS|IN-C01445-SS,0|0|0|0|0|0|0|0|0|0|1|1,train
IND-S01573,normal_operation,india_national_20k,IN-C12341-SS,substation,Coimbatore,Tamil Nadu,1.0999,0.891,1.0151,0,260,1,0,0.0,0.0,0,0,0,,,train
IND-S01574,transformer_overload,india_national_20k,IN-C04830-GEN09,generator,Hazāribāgh,Jharkhand,3.0911,1.2302,1.0565,1,26,1,0,0.0,0.0,0,0,0,,,train
IND-S01575,transformer_overload,india_national_20k,IN-TAM-HUB-GEN,generator,Tamil Nadu Hub Generation,Tamil Nadu,4.2922,1.0926,1.0028,1,260,1,0,0.0,0.0,0,0,0,,,train
IND-S01576,heatwave,india_national_20k,IN-C03790-GEN01,generator,Faridabad,Haryana,2.7635,1.3147,1.0806,1,24,2,2,8.46,0.00142,1414050,0,2,IN-HAR-HUB|IN-C03790-SS,0|0,train
IND-S01577,heatwave,india_national_20k,IN-C09286-FD021,feeder,Pimpri-Chinchwad,Maharashtra,2.8607,1.293,1.1842,2,10,2,3,8.74,0.00296,1727692,0,3,IN-C09286-SS|IN-C09286-TR02|IN-C09286-FD021,0|0|0,train
IND-S01578,transformer_overload,india_national_20k,IN-C09525-SS,substation,Godoli,Maharashtra,3.8019,1.0429,1.0781,0,5,1,0,0.0,0.0,0,0,0,,,train
IND-S01579,normal_operation,india_national_20k,IN-C00190-SS,substation,Hukumpeta,Andhra Pradesh,1.0747,0.9741,0.9872,0,44,1,0,0.0,0.0,0,0,0,,,test
IND-S01580,high_demand,india_national_20k,IN-C12342-FD011,feeder,Kallakurichi,Tamil Nadu,1.6411,1.5453,1.0469,1,10,1,0,8.79,0.0,0,0,0,,,train
IND-S01581,normal_operation,india_national_20k,IN-C13934-SS,substation,Ambattankuttaimedu,Tamil Nadu,1.1681,0.8711,0.985,0,2,1,0,0.0,0.0,0,0,0,,,train
IND-S01582,transformer_overload,india_national_20k,IN-C00601-SS,substation,Ambakapalle,Andhra Pradesh,5.9442,1.1795,1.0486,1,8,1,0,0.0,0.0,0,0,0,,,test
IND-S01583,cascade_emergency,india_national_20k,IN-C14875-FD011,feeder,Siddipet,Telangana,5.6975,1.4005,1.0879,5,5,1,0,8.54,0.0,0,0,0,,,train
IND-S01584,transformer_overload,india_national_20k,IN-C03498-SS,substation,Utrān,Gujarat,3.4936,1.1443,1.0577,0,5,1,0,0.0,0.0,0,0,0,,,train
IND-S01585,heatwave,india_national_20k,IN-C03280-GEN01,generator,Ahmedabad,Gujarat,1.5733,1.2411,1.102,1,28,2,2,0.17,0.00302,6357693,0,2,IN-GUJ-HUB|IN-C03280-SS,0|0,train
IND-S01586,cascade_emergency,india_national_20k,IN-C03281-FD032,feeder,Surat,Gujarat,5.5944,1.5175,1.1162,2,10,6,85,11.26,0.0221,28002165,0,4,IN-WR-HUB|IN-SR-HUB|IN-ER-HUB|IN-NER-HUB|IN-GUJ-HUB|IN-C03281-SS|IN-C03281-TR03|IN-C03281-FD032|IN-KER-HUB|IN-C07054-SS|IN-C10346-SS|IN-C10353-SS,0|0|0|0|0|0|0|0|0|0|0|0,train
IND-S01587,cascade_emergency,india_national_20k,IN-C02538-SS,substation,Kawardha,Chhattisgarh,7.1755,1.5377,1.0845,1,7,1,0,8.93,0.0,0,0,0,,,train
IND-S01588,transformer_overload,india_national_20k,IN-C04830-GEN09,generator,Hazāribāgh,Jharkhand,3.2473,1.2989,1.0172,1,26,1,0,0.0,0.0,0,0,0,,,train
IND-S01589,transformer_overload,india_national_20k,IN-C15554-GEN09,generator,Bareilly,Uttar Pradesh,2.6477,1.2638,1.052,1,116,1,0,0.01,0.0,0,0,0,,,train
IND-S01590,heatwave,india_national_20k,IN-C12343-FD011,feeder,Madurai,Tamil Nadu,1.7211,1.4498,1.2119,1,10,6,1115,35.42,0.19299,95401867,0,1,IN-SR-HUB|IN-NER-HUB|IN-C11047-SS|IN-C07848-SS|IN-ER-HUB|IN-C10362-SS|IN-C10346-SS|IN-WES-HUB|IN-C12392-SS|IN-TAM-HUB|IN-C12372-SS|IN-C12378-SS,0|1|1|1|1|1|1|1|1|1|1|1,train
IND-S01591,cascade_emergency,india_national_20k,IN-C11051-GEN02,generator,Amritsar,Punjab,6.614,1.4609,1.0519,2,28,2,2,8.73,0.00222,1159227,0,2,IN-PUN-HUB|IN-C11051-SS,0|0,train
IND-S01592,high_demand,india_national_20k,IN-C05534-GEN05,generator,Mangaluru,Karnataka,2.2069,1.4409,1.0543,1,48,1,0,8.57,0.0,0,0,0,,,test
IND-S01593,heatwave,india_national_20k,IN-C00018-SS,substation,Vijayawada,Andhra Pradesh,1.5466,1.3571,1.1378,2,156,1,0,8.62,0.0,0,0,0,,,test
IND-S01594,normal_operation,india_national_20k,IN-C07885-SS,substation,Nagda,Madhya Pradesh,1.1472,1.0443,1.0153,0,182,1,0,0.0,0.0,0,0,0,,,train
IND-S01595,line_outage,india_national_20k,IN-C14865-FD011,feeder,Mancherial,Telangana,1.2914,1.1717,1.0555,1,5,1,0,0.0,0.0,0,0,0,,,train
IND-S01596,line_outage,india_national_20k,IN-C19730-FD021,feeder,Howrah,West Bengal,1.4869,1.0317,1.0315,3,10,1,0,0.0,0.0,0,0,0,,,val
IND-S01597,transformer_overload,india_national_20k,IN-C12368-FD011,feeder,Cuddalore,Tamil Nadu,4.2281,1.0525,1.0574,1,6,1,0,0.0,0.0,0,0,0,,,train
IND-S01598,line_outage,india_national_20k,IN-C03807-SS,substation,Palwal,Haryana,1.372,1.2872,1.0393,3,8,1,0,0.0,0.0,0,0,0,,,train
IND-S01599,cascade_emergency,india_national_20k,IN-C03393-SS,substation,Tarsadi,Gujarat,6.4848,1.5001,1.0634,1,3,1,0,8.75,0.0,0,0,0,,,train
IND-S01600,high_demand,india_national_20k,IN-C15548-FD022,feeder,Agra,Uttar Pradesh,2.4906,1.2609,1.0976,1,10,1,0,0.0,0.0,0,0,0,,,train
IND-S01601,transformer_overload,india_national_20k,IN-C19758-FD011,feeder,Bālurghāt,West Bengal,5.0841,1.281,1.0645,0,5,1,0,0.0,0.0,0,0,0,,,val
IND-S01602,high_demand,india_national_20k,IN-C04830-GEN09,generator,Hazāribāgh,Jharkhand,1.9903,1.5342,1.0889,0,26,8,128,11.71,0.01441,23057724,0,1,IN-JHA-HUB|IN-NER-HUB|IN-WR-HUB|IN-SR-HUB|IN-C10290-SS|IN-C10346-SS|IN-C10353-SS|IN-C10360-SS|IN-C10362-SS|IN-C10384-SS|IN-NAG-HUB|IN-C10388-SS,0|1|2|2|2|2|2|2|2|2|2|2,train
IND-S01603,line_outage,india_national_20k,IN-C05711-SS,substation,Honnavar,Karnataka,1.624,1.2582,1.0006,2,5,1,0,0.0,0.0,0,0,0,,,test
IND-S01604,cascade_emergency,india_national_20k,IN-C09287-GEN06,generator,Nashik,Maharashtra,6.2522,1.3937,1.0596,3,41,5,35,9.34,0.00602,13116770,0,3,IN-WR-HUB|IN-SR-HUB|IN-MAH-HUB|IN-C09287-SS|IN-NER-HUB|IN-C11034-SS|IN-C11047-SS|IN-C01444-SS|IN-C10290-SS|IN-C10346-SS|IN-C10353-SS|IN-C10360-SS,0|0|0|0|1|1|1|2|2|2|2|2,train
IND-S01605,transformer_overload,india_national_20k,IN-C06640-SS,substation,Ankāchāridoddi,Karnataka,2.0441,1.285,1.0099,0,5,1,0,0.0,0.0,0,0,0,,,test
IND-S01606,cascade_emergency,india_national_20k,IN-C02800-SS,substation,Alnār,Chhattisgarh,6.418,1.5534,1.1224,2,1,1,0,9.02,0.0,0,0,0,,,train
IND-S01607,high_demand,india_national_20k,IN-C07045-FD021,feeder,Kanayannur,Kerala,1.5694,1.2524,1.086,1,8,1,0,0.01,0.0,0,0,0,,,train
IND-S01608,transformer_overload,india_national_20k,IN-C03066-FD011,feeder,Hashtsāl,Delhi,4.0742,1.2762,1.0007,0,5,1,0,0.0,0.0,0,0,0,,,train
IND-S01609,line_outage,india_national_20k,IN-C11570-GEN11,generator,Sri Ganganagar,Rajasthan,1.8189,1.2693,1.0026,1,29,1,0,0.0,0.0,0,0,0,,,train
IND-S01610,line_outage,india_national_20k,IN-C07176-SS,substation,Puthenvelikara,Kerala,1.6422,1.1463,1.0474,2,8,1,0,0.0,0.0,0,0,0,,,train
IND-S01611,transformer_overload,india_national_20k,IN-C09293-GEN12,generator,Sholapur,Maharashtra,3.5004,1.1618,1.0086,1,37,5,14,0.34,0.00026,209224,0,2,IN-WR-HUB|IN-MAH-HUB|IN-ER-HUB|IN-NER-HUB|IN-C10346-SS|IN-C10360-SS|IN-C10362-SS|IN-C15523-SS|IN-C19963-SS|IN-C15525-SS|IN-C15530-SS|IN-C15543-SS,0|0|1|1|2|2|2|2|2|3|3|3,train
IND-S01612,cascade_emergency,india_national_20k,IN-C15546-GEN01,generator,Kanpur,Uttar Pradesh,8.132,1.5678,1.0691,3,120,6,78,10.84,0.0151,23289160,0,9,IN-NR-HUB|IN-WR-HUB|IN-SR-HUB|IN-ER-HUB|IN-NER-HUB|IN-KER-HUB|IN-C07054-SS|IN-C10346-SS|IN-C10362-SS|IN-C15546-SS|IN-C15583-SS|IN-C15600-SS,0|0|0|0|0|0|0|0|0|0|0|0,train
IND-S01613,transformer_overload,india_national_20k,IN-C03288-GEN09,generator,Gandhinagar,Gujarat,4.7469,1.0267,1.0586,0,24,1,0,0.0,0.0,0,0,0,,,train
IND-S01614,high_demand,india_national_20k,IN-C15550-FD022,feeder,Ghāziābād,Uttar Pradesh,2.4144,1.3138,1.0239,0,10,4,8,0.31,0.00223,1799919,0,4,IN-C15550-SS|IN-C15550-TR02|IN-C15550-FD022|IN-C15557-SS|IN-UTT-HUB|IN-C19438-SS|IN-C19462-SS|IN-C19475-SS,0|0|0|1|1|2|2|2,train
IND-S01615,normal_operation,india_national_20k,IN-C01375-GEN02,generator,Gaya,Bihar,1.116,0.9196,0.9897,0,38,1,0,0.0,0.0,0,0,0,,,val
IND-S01616,transformer_overload,india_national_20k,IN-C19795-SS,substation,Bishnupur,West Bengal,2.4753,1.0914,1.0377,1,9,1,0,0.0,0.0,0,0,0,,,val
IND-S01617,cascade_emergency,india_national_20k,IN-C02518-SS,substation,Chandigarh,Chandigarh,7.4124,1.4887,1.1552,4,26,7,157,12.75,0.02771,48574459,0,9,IN-NR-HUB|IN-WR-HUB|IN-ER-HUB|IN-NER-HUB|IN-CHA-HUB|IN-C02518-SS|IN-C01444-SS|IN-C01445-SS|IN-C01481-SS|IN-CHH-HUB|IN-C02530-SS|IN-C02531-SS,0|0|0|0|0|0|1|1|1|1|1|1,train
IND-S01618,heatwave,india_national_20k,IN-C10273-TR01,transformer,Imphal,Manipur,2.5231,1.2117,1.1161,0,16,2,4,0.11,0.00085,302096,0,3,IN-C10273-SS|IN-C10278-SS|IN-C10273-TR01|IN-C10273-FD011,0|0|0|0,train
IND-S01619,normal_operation,india_national_20k,IN-C07874-FD011,feeder,Guna,Madhya Pradesh,1.0006,0.963,1.0082,0,6,1,0,0.0,0.0,0,0,0,,,train
IND-S01620,high_demand,india_national_20k,IN-C12556-SS,substation,Ālangulam,Tamil Nadu,1.5,1.2678,1.0759,0,3,1,0,0.0,0.0,0,0,0,,,train
IND-S01621,heatwave,india_national_20k,IN-C12340-FD031,feeder,Chennai,Tamil Nadu,2.826,1.3622,1.1835,1,10,1,0,8.78,0.0,0,0,0,,,train
IND-S01622,heatwave,india_national_20k,IN-C01374-FD012,feeder,Patna,Bihar,1.6265,1.2583,1.1539,2,10,7,28,9.23,0.0084,19070861,0,3,IN-C01374-SS|IN-C01374-TR01|IN-C01374-FD012|IN-ER-HUB|IN-WR-HUB|IN-C01444-SS|IN-C01445-SS|IN-WES-HUB|IN-C19729-SS|IN-C19730-SS|IN-C19963-SS|IN-C10346-SS,0|0|0|1|2|2|2|2|2|2|2|3,val
IND-S01623,transformer_overload,india_national_20k,IN-C12350-GEN11,generator,Ambattur,Tamil Nadu,2.9973,1.2463,1.0142,0,73,2,3,0.09,0.00055,552400,0,3,IN-TAM-HUB|IN-C12350-SS|IN-C12392-SS,0|0|0,train
IND-S01624,line_outage,india_national_20k,IN-C09273-SS,substation,Atārītapariyan,Madhya Pradesh,1.5894,1.001,1.0141,4,4,1,0,0.0,0.0,0,0,0,,,train
IND-S01625,line_outage,india_national_20k,IN-C00019-GEN03,generator,Visakhapatnam,Andhra Pradesh,2.4098,1.2371,1.0589,3,47,2,2,0.08,0.00113,1322122,0,2,IN-C00019-SS|IN-C00028-SS,0|0,test
IND-S01626,transformer_overload,india_national_20k,IN-C15564-FD021,feeder,Fīrozābād,Uttar Pradesh,3.643,1.1128,1.0731,1,7,1,0,0.0,0.0,0,0,0,,,train
IND-S01627,cascade_emergency,india_national_20k,IN-C01433-SS,substation,Narkatiāganj,Bihar,5.2167,1.3903,1.1052,5,11,3,21,9.04,0.00166,844007,0,8,IN-BIH-HUB|IN-C01395-SS|IN-C01433-SS|IN-C01436-SS|IN-C01794-SS|IN-C01845-SS|IN-C02101-SS|IN-C02249-SS|IN-C01377-SS|IN-C01444-SS|IN-C01445-SS|IN-C01481-SS,0|0|0|0|0|0|0|0|1|1|1|1,val
IND-S01628,cascade_emergency,india_national_20k,IN-C11093-SS,substation,Rāmpura,Punjab,5.7708,1.3564,1.0675,4,5,2,1,8.45,0.0,500,0,0,IN-C09969-SS,0,train
IND-S01629,high_demand,india_national_20k,IN-C15773-SS,substation,Lālganj,Uttar Pradesh,2.1573,1.5366,1.036,1,4,1,0,8.75,0.0,0,0,0,,,train
IND-S01630,cascade_emergency,india_national_20k,IN-C15572-FD011,feeder,Farrukhābād,Uttar Pradesh,6.4951,1.3377,1.0897,1,6,1,0,8.45,0.0,0,0,0,,,train
IND-S01631,heatwave,india_national_20k,IN-C15839-SS,substation,Nichlaul,Uttar Pradesh,2.1953,1.1684,1.1732,1,8,1,0,0.0,0.0,0,0,0,,,train
IND-S01632,line_outage,india_national_20k,IN-C10425-FD011,feeder,Bhubaneswar,Odisha,2.4836,1.0735,1.0344,2,8,2,3,0.17,0.00311,885363,0,3,IN-C10425-SS|IN-C10425-TR01|IN-C10425-FD011,0|0|0,train
IND-S01633,cascade_emergency,india_national_20k,IN-C11128-SS,substation,Rāman,Punjab,6.5395,1.3369,1.1414,1,8,2,4,8.66,0.00027,70695,0,3,IN-C11110-SS|IN-C11139-SS|IN-C11167-SS|IN-C11226-SS,0|0|0|0,train
IND-S01634,normal_operation,india_national_20k,IN-C09287-FD011,feeder,Nashik,Maharashtra,1.1145,1.0498,1.0085,0,10,1,0,0.0,0.0,0,0,0,,,train
IND-S01635,cascade_emergency,india_national_20k,IN-C07080-SS,substation,Pallichal,Kerala,6.5446,1.5923,1.1043,5,8,1,0,9.02,0.0,0,0,0,,,train
IND-S01636,normal_operation,india_national_20k,IN-C03796-FD021,feeder,Sonīpat,Haryana,1.0386,0.9242,1.0155,0,7,1,0,0.0,0.0,0,0,0,,,train
IND-S01637,line_outage,india_national_20k,IN-C15808-SS,substation,Govardhan,Uttar Pradesh,1.9223,1.0023,1.0113,3,5,1,0,0.0,0.0,0,0,0,,,train
IND-S01638,transformer_overload,india_national_20k,IN-C12340-FD022,feeder,Chennai,Tamil Nadu,5.0881,1.2927,1.0015,1,10,1,0,0.0,0.0,0,0,0,,,train
IND-S01639,line_outage,india_national_20k,IN-C15639-SS,substation,Gola Gokarannāth,Uttar Pradesh,1.9081,1.1694,1.0216,4,260,1,0,0.0,0.0,0,0,0,,,train
IND-S01640,heatwave,india_national_20k,IN-C09282-FD032,feeder,Mumbai,Maharashtra,2.8606,1.2956,1.1723,1,10,1,0,8.57,0.0,0,0,0,,,train
IND-S01641,high_demand,india_national_20k,IN-C13918-SS,substation,Ambalam,Tamil Nadu,2.7349,1.4122,1.0355,1,3,1,0,8.46,0.0,0,0,0,,,train
IND-S01642,normal_operation,india_national_20k,IN-C03287-GEN08,generator,Jūnāgadh,Gujarat,1.1584,0.937,0.9999,0,23,1,0,0.0,0.0,0,0,0,,,train
IND-S01643,cascade_emergency,india_national_20k,IN-C03795-FD011,feeder,Panipat,Haryana,4.0978,1.3334,1.0818,2,8,2,3,8.53,0.00161,295970,0,3,IN-C03795-SS|IN-C03795-TR01|IN-C03795-FD011,0|0|0,train
IND-S01644,high_demand,india_national_20k,IN-C04484-FD011,feeder,Srinagar,Jammu and Kashmir,2.2826,1.2545,1.0745,0,10,2,3,0.12,0.0018,1206419,0,3,IN-C04484-SS|IN-C04484-TR01|IN-C04484-FD011,0|0|0,train
IND-S01645,normal_operation,india_national_20k,IN-C14845-GEN02,generator,Warangal,Telangana,1.1527,0.9116,1.0054,0,29,1,0,0.0,0.0,0,0,0,,,train
IND-S01646,high_demand,india_national_20k,IN-C03058-GEN01,generator,Delhi,Delhi,1.7899,1.455,1.0947,1,21,4,96,10.98,0.01469,29820414,0,3,IN-NR-HUB|IN-WR-HUB|IN-SR-HUB|IN-ER-HUB|IN-NER-HUB|IN-DEL-HUB|IN-C03058-SS|IN-C10362-SS|IN-JHA-HUB|IN-C04828-SS|IN-C04829-SS|IN-KAR-HUB,0|0|0|0|0|0|0|0|1|1|1|1,train
IND-S01647,high_demand,india_national_20k,IN-C10275-SS,substation,Thoubāl,Manipur,2.47,1.3822,1.0243,0,28,3,5,8.46,0.00032,67578,0,5,IN-MAN-HUB|IN-C10275-SS|IN-C10290-SS|IN-C10302-SS|IN-C10304-SS,0|0|1|1|1,train
IND-S01648,cascade_emergency,india_national_20k,IN-C14845-FD011,feeder,Warangal,Telangana,8.6371,1.3458,1.1158,2,8,5,36,9.46,0.00846,1258832,0,4,IN-SR-HUB|IN-TEL-HUB|IN-C14845-SS|IN-C14845-TR01|IN-C14845-FD011|IN-NER-HUB|IN-C11034-SS|IN-C11047-SS|IN-C14935-SS|IN-C14985-SS|IN-C15208-SS|IN-C15271-SS,0|0|0|0|0|1|1|1|1|1|1|1,train
IND-S01649,transformer_overload,india_national_20k,IN-C12350-GEN11,generator,Ambattur,Tamil Nadu,4.6874,1.1942,1.0214,0,73,2,3,0.09,0.00073,552400,0,3,IN-TAM-HUB|IN-C12350-SS|IN-C12392-SS,0|0|0,train
IND-S01650,line_outage,india_national_20k,IN-C00023-FD011,feeder,Kākināda,Andhra Pradesh,1.3689,1.1555,1.0186,3,8,1,0,0.01,0.0,0,0,0,,,test
IND-S01651,normal_operation,india_national_20k,IN-C12342-FD032,feeder,Kallakurichi,Tamil Nadu,1.0343,0.8876,0.997,0,10,1,0,0.0,0.0,0,0,0,,,train
IND-S01652,transformer_overload,india_national_20k,IN-C11058-FD011,feeder,Moga,Punjab,3.9428,1.0334,1.0628,0,7,2,3,0.12,0.00162,163397,0,3,IN-C11058-SS|IN-C11058-TR01|IN-C11058-FD011,0|0|0,train
IND-S01653,high_demand,india_national_20k,IN-C00045-SS,substation,Narasaraopet,Andhra Pradesh,2.4396,1.3349,1.0595,0,9,1,0,8.36,0.0,0,0,0,,,test
IND-S01654,transformer_overload,india_national_20k,IN-C19733-GEN05,generator,Āsansol,West Bengal,2.9234,1.2739,1.0734,1,22,2,6,0.23,0.00104,1331410,0,4,IN-C19731-SS|IN-C19733-SS|IN-C19755-SS|IN-C19766-SS|IN-C19864-SS|IN-C19963-SS,0|0|0|0|0|0,val
IND-S01655,transformer_overload,india_national_20k,IN-C07055-GEN11,generator,Malappuram,Kerala,5.9574,1.1856,1.0436,0,27,1,0,0.0,0.0,0,0,0,,,train
IND-S01656,normal_operation,india_national_20k,IN-C15934-SS,substation,Jainpur,Uttar Pradesh,1.0168,0.8594,0.991,0,7,1,0,0.0,0.0,0,0,0,,,train
IND-S01657,line_outage,india_national_20k,IN-C15583-FD011,feeder,Unnāo,Uttar Pradesh,2.2271,1.0593,1.0223,3,6,2,5,0.15,0.00125,677753,0,4,IN-C15557-SS|IN-C15583-SS|IN-C15583-TR01|IN-C15583-FD011|IN-UTT-HUB,0|0|0|0|0,train
IND-S01658,line_outage,india_national_20k,IN-C11055-GEN06,generator,Pathānkot,Punjab,2.4652,1.1985,1.001,3,20,1,0,0.0,0.0,0,0,0,,,train
IND-S01659,line_outage,india_national_20k,IN-C03322-FD011,feeder,Dholka,Gujarat,1.8083,1.0766,1.0141,2,5,1,0,0.0,0.0,0,0,0,,,train
IND-S01660,cascade_emergency,india_national_20k,IN-C08238-SS,substation,Amkhera,Madhya Pradesh,4.334,1.4452,1.1064,4,56,2,4,8.86,0.00166,1105586,0,4,IN-C07859-SS|IN-C08110-SS|IN-C08238-SS|IN-C08396-SS,0|0|0|0,train
IND-S01661,heatwave,india_national_20k,IN-C11560-FD022,feeder,Jaipur,Rajasthan,2.0229,1.3405,1.098,0,10,6,69,10.14,0.01172,21736144,0,4,IN-C11560-SS|IN-C11560-TR02|IN-C11560-FD022|IN-NR-HUB|IN-RAJ-HUB|IN-SR-HUB|IN-DEL-HUB|IN-C03058-SS|IN-C15549-SS|IN-C15550-SS|IN-C15552-SS|IN-C15553-SS,0|0|0|1|1|2|2|2|2|2|2|2,train
IND-S01662,cascade_emergency,india_national_20k,IN-C11646-SS,substation,Bīdāsar,Rajasthan,5.2661,1.435,1.1735,1,7,1,0,8.95,0.0,0,0,0,,,train
IND-S01663,line_outage,india_national_20k,IN-C15606-FD011,feeder,Shāmli,Uttar Pradesh,2.3295,1.1032,1.0418,4,6,2,17,0.37,0.00087,275601,0,4,IN-C15606-SS|IN-C15615-SS|IN-C15673-SS|IN-C15813-SS|IN-C15854-SS|IN-C15904-SS|IN-C16144-SS|IN-C16297-SS|IN-C16457-SS|IN-C16839-SS|IN-C17138-SS|IN-C17530-SS,0|0|0|0|0|0|0|0|0|0|0|0,train
IND-S01664,transformer_overload,india_national_20k,IN-C11058-FD011,feeder,Moga,Punjab,5.1004,1.2268,1.0467,1,7,1,0,0.0,0.0,0,0,0,,,train
IND-S01665,normal_operation,india_national_20k,IN-C12350-GEN11,generator,Ambattur,Tamil Nadu,1.1099,1.0065,0.9865,0,73,1,0,0.0,0.0,0,0,0,,,train
IND-S01666,line_outage,india_national_20k,IN-C15552-GEN07,generator,Prayagraj,Uttar Pradesh,1.4231,1.0185,1.0392,1,119,1,0,0.0,0.0,0,0,0,,,train
IND-S01667,high_demand,india_national_20k,IN-C19908-SS,substation,Bakreswar,West Bengal,2.8597,1.4748,1.0215,1,8,1,0,8.55,0.0,0,0,0,,,val
IND-S01668,cascade_emergency,india_national_20k,IN-C07864-GEN08,generator,Satna,Madhya Pradesh,8.8107,1.4957,1.0642,4,47,1,0,8.75,0.0,0,0,0,,,train
IND-S01669,heatwave,india_national_20k,IN-C03284-SS,substation,Bhavnagar,Gujarat,2.1967,1.357,1.1886,0,87,1,0,8.79,0.0,0,0,0,,,train
IND-S01670,cascade_emergency,india_national_20k,IN-C15554-GEN09,generator,Bareilly,Uttar Pradesh,6.3672,1.3481,1.1505,3,116,4,34,9.36,0.00342,11963895,0,4,IN-NR-HUB|IN-WR-HUB|IN-NER-HUB|IN-UTT-HUB|IN-C01444-SS|IN-DEL-HUB|IN-C03058-SS|IN-C10290-SS|IN-C10346-SS|IN-C10353-SS|IN-C10360-SS|IN-C10362-SS,0|0|0|0|1|1|1|1|1|1|1|1,train
IND-S01671,line_outage,india_national_20k,IN-C09291-GEN10,generator,Virār,Maharashtra,1.8927,1.2774,1.0129,3,40,5,22,0.79,0.00344,6016734,0,2,IN-WR-HUB|IN-MAH-HUB|IN-ER-HUB|IN-NER-HUB|IN-C10346-SS|IN-C10353-SS|IN-C10360-SS|IN-C10362-SS|IN-C10384-SS|IN-NAG-HUB|IN-C10388-SS|IN-C15523-SS,0|0|1|1|2|2|2|2|2|2|2|2,train
IND-S01672,cascade_emergency,india_national_20k,IN-C08039-SS,substation,Burhar,Madhya Pradesh,4.3653,1.5414,1.1596,4,45,8,1125,35.11,0.17923,91638461,0,7,IN-MAD-HUB|IN-C07891-SS|IN-C08039-SS|IN-C08316-SS|IN-SR-HUB|IN-C07861-SS|IN-C07863-SS|IN-C07885-SS|IN-C07899-SS|IN-C07939-SS|IN-C07944-SS|IN-C07945-SS,0|0|0|0|1|1|1|1|1|1|1|1,train
IND-S01673,high_demand,india_national_20k,IN-C07862-GEN06,generator,Punāsa,Madhya Pradesh,1.7616,1.4994,1.046,0,46,1,0,8.66,0.0,0,0,0,,,train
IND-S01674,cascade_emergency,india_national_20k,IN-C10273-GEN01,generator,Imphal,Manipur,6.5725,1.427,1.1021,4,16,5,86,10.5,0.00805,11882767,0,6,IN-NER-HUB|IN-MAN-HUB|IN-C10273-SS|IN-C10275-SS|IN-C10278-SS|IN-C10289-SS|IN-C10290-SS|IN-C10293-SS|IN-C10304-SS|IN-C11033-SS|IN-C11034-SS|IN-C11047-SS,0|0|0|0|0|0|0|0|0|0|0|0,train
IND-S01675,transformer_overload,india_national_20k,IN-C01410-FD011,feeder,Bihāt,Bihar,5.1066,1.1246,1.0407,1,5,1,0,0.0,0.0,0,0,0,,,val
IND-S01676,line_outage,india_national_20k,IN-C12349-SS,substation,Vellore,Tamil Nadu,1.9914,1.2916,1.0083,2,260,1,0,0.01,0.0,0,0,0,,,train
IND-S01677,heatwave,india_national_20k,IN-C11057-FD011,feeder,Mohali,Punjab,2.3568,1.3907,1.1437,0,7,2,3,8.84,0.00103,166864,0,3,IN-C11057-SS|IN-C11057-TR01|IN-C11057-FD011,0|0|0,train
IND-S01678,transformer_overload,india_national_20k,IN-C09282-FD032,feeder,Mumbai,Maharashtra,2.2833,1.2694,1.0585,0,10,2,7,0.38,0.0063,12812336,0,6,IN-MAH-HUB|IN-C09282-SS|IN-C09328-SS|IN-C09548-SS|IN-C10093-SS|IN-C09282-TR03|IN-C09282-FD032,0|0|0|0|0|0|0,train
IND-S01679,cascade_emergency,india_national_20k,IN-C14857-SS,substation,Nalgonda,Telangana,6.1593,1.3356,1.0985,4,95,1,0,8.47,0.0,0,0,0,,,train
IND-S01680,transformer_overload,india_national_20k,IN-C03297-FD011,feeder,Bharūch,Gujarat,5.5191,1.0426,1.0467,0,5,2,17,0.44,0.003,711822,0,4,IN-GUJ-HUB|IN-C03290-SS|IN-C03297-SS|IN-C03313-SS|IN-C03341-SS|IN-C03352-SS|IN-C03419-SS|IN-C03448-SS|IN-C03453-SS|IN-C03485-SS|IN-C03512-SS|IN-C03529-SS,0|0|0|0|0|0|0|0|0|0|0|0,train
IND-S01681,transformer_overload,india_national_20k,IN-RAJ-HUB-GEN,generator,Rajasthan Hub Generation,Rajasthan,5.8383,1.2333,1.0389,0,114,1,0,0.0,0.0,0,0,0,,,train
IND-S01682,line_outage,india_national_20k,IN-C15547-GEN02,generator,Lucknow,Uttar Pradesh,1.9515,1.149,1.041,3,120,3,5,0.19,0.0021,2556657,0,3,IN-C15547-SS|IN-UTT-HUB|IN-C19438-SS|IN-C19462-SS|IN-C19475-SS,0|0|1|1|1,train
IND-S01683,high_demand,india_national_20k,IN-C03476-SS,substation,Gandevi,Gujarat,1.9471,1.547,1.0708,0,11,2,3,8.97,0.00013,34109,0,3,IN-C03476-SS|IN-C03560-SS|IN-C03605-SS,0|0|0,train
IND-S01684,normal_operation,india_national_20k,IN-C19741-FD011,feeder,Barddhamān,West Bengal,1.1786,0.9596,0.9924,0,6,1,0,0.0,0.0,0,0,0,,,val
IND-S01685,high_demand,india_national_20k,IN-C15554-SS,substation,Bareilly,Uttar Pradesh,2.6792,1.5431,1.0709,1,260,1,0,8.88,0.0,0,0,0,,,train
IND-S01686,line_outage,india_national_20k,IN-C14845-GEN02,generator,Warangal,Telangana,1.5449,1.0694,1.0435,2,29,1,0,0.0,0.0,0,0,0,,,train
IND-S01687,transformer_overload,india_national_20k,IN-C05536-GEN07,generator,Davangere,Karnataka,3.0724,1.2094,1.0607,1,49,1,0,0.0,0.0,0,0,0,,,test
IND-S01688,line_outage,india_national_20k,IN-C09284-FD011,feeder,Nagpur,Maharashtra,1.3716,1.2105,1.0595,1,10,1,0,0.0,0.0,0,0,0,,,train
IND-S01689,transformer_overload,india_national_20k,IN-C11052-GEN03,generator,Jalandhar,Punjab,3.1798,1.0091,1.0144,1,24,1,0,0.0,0.0,0,0,0,,,train
IND-S01690,normal_operation,india_national_20k,IN-C03302-FD011,feeder,Pālanpur,Gujarat,1.1591,0.9086,1.0103,0,5,1,0,0.0,0.0,0,0,0,,,train
IND-S01691,cascade_emergency,india_national_20k,IN-C10424-SS,substation,Nowrangapur,Odisha,6.427,1.525,1.0626,3,100,4,65,10.25,0.00904,21441536,0,5,IN-SR-HUB|IN-ER-HUB|IN-NER-HUB|IN-C01444-SS|IN-JHA-HUB|IN-C04828-SS|IN-C04829-SS|IN-C04830-SS|IN-C04832-SS|IN-KAR-HUB|IN-C05537-SS|IN-C05539-SS,0|0|0|1|1|1|1|1|1|1|1|1,train
IND-S01692,heatwave,india_national_20k,IN-C15962-SS,substation,Niwāri,Uttar Pradesh,2.8957,1.3092,1.1959,2,8,1,0,8.66,0.0,0,0,0,,,train
IND-S01693,cascade_emergency,india_national_20k,IN-C15551-FD021,feeder,Varanasi,Uttar Pradesh,6.5523,1.3208,1.0792,3,10,2,3,8.55,0.00368,1164404,0,3,IN-C15551-SS|IN-C15551-TR02|IN-C15551-FD021,0|0|0,train
IND-S01694,high_demand,india_national_20k,IN-C15553-FD021,feeder,Alīgarh,Uttar Pradesh,2.7707,1.4793,1.0526,0,8,6,36,9.58,0.00926,17976370,0,4,IN-C15553-SS|IN-C15553-TR02|IN-C15553-FD021|IN-NR-HUB|IN-UTT-HUB|IN-SR-HUB|IN-DEL-HUB|IN-C03058-SS|IN-TAM-HUB|IN-C12372-SS|IN-C12392-SS|IN-C19433-SS,0|0|0|1|1|2|2|2|2|2|2|2,train
IND-S01695,transformer_overload,india_national_20k,IN-C11565-GEN06,generator,Udaipur,Rajasthan,2.7252,1.1684,1.0785,1,32,1,0,0.0,0.0,0,0,0,,,train
IND-S01696,high_demand,india_national_20k,IN-RAJ-HUB-GEN,generator,Rajasthan Hub Generation,Rajasthan,2.7456,1.3805,1.0598,1,114,1,0,8.47,0.0,0,0,0,,,train
IND-S01697,transformer_overload,india_national_20k,IN-C11053-FD011,feeder,Patiāla,Punjab,3.183,1.1523,1.0613,0,8,2,3,0.13,0.00194,446246,0,3,IN-C11053-SS|IN-C11053-TR01|IN-C11053-FD011,0|0|0,train
IND-S01698,high_demand,india_national_20k,IN-C03280-FD031,feeder,Ahmedabad,Gujarat,1.9191,1.2604,1.0336,0,10,2,3,0.26,0.0056,6357693,0,3,IN-C03280-SS|IN-C03280-TR03|IN-C03280-FD031,0|0|0,train
IND-S01699,cascade_emergency,india_national_20k,IN-WES-HUB-GEN,generator,West Bengal Hub Generation,West Bengal,7.5992,1.4836,1.151,1,44,3,3,9.05,0.00013,56169,0,0,IN-C10346-SS|IN-C10362-SS|IN-C10343-SS,0|0|1,val
IND-S01700,line_outage,india_national_20k,IN-C00017-GEN01,generator,Rasapūdipalem,Andhra Pradesh,2.1222,1.2954,1.0155,4,47,2,6,0.18,0.00173,2027482,0,4,IN-C00017-SS|IN-C00028-SS|IN-C00260-SS|IN-C00527-SS|IN-C09436-SS|IN-C10246-SS,0|0|0|0|0|0,test
IND-S01701,line_outage,india_national_20k,IN-C19437-FD011,feeder,Kashipur,Uttarakhand,2.2266,1.0083,1.0491,3,6,2,7,0.16,0.00061,105138,0,3,IN-C15208-SS|IN-C15271-SS|IN-C15287-SS|IN-C15478-SS|IN-C19437-SS|IN-C19437-TR01|IN-C19437-FD011,0|0|0|0|0|0|0,train
IND-S01702,cascade_emergency,india_national_20k,IN-C07858-GEN02,generator,Bhopal,Madhya Pradesh,4.7973,1.3939,1.0845,3,52,3,14,8.9,0.00324,2346670,0,8,IN-MAD-HUB|IN-C07858-SS|IN-C07882-SS|IN-C07888-SS|IN-C07892-SS|IN-C07908-SS|IN-C08007-SS|IN-C08067-SS|IN-C08104-SS|IN-C08742-SS|IN-C07885-SS|IN-C08085-SS,0|0|0|0|0|0|0|0|0|0|1|1,train
IND-S01703,line_outage,india_national_20k,IN-C15664-SS,substation,Seohāra,Uttar Pradesh,1.8305,1.2789,1.054,3,5,2,17,0.35,0.00042,193676,0,5,IN-C15625-SS|IN-C15660-SS|IN-C15664-SS|IN-C15830-SS|IN-C16966-SS|IN-C17033-SS|IN-C17049-SS|IN-C17072-SS|IN-C17093-SS|IN-C17121-SS|IN-C17142-SS|IN-C17182-SS,0|0|0|0|0|0|0|0|0|0|0|0,train
IND-S01704,cascade_emergency,india_national_20k,IN-C11633-SS,substation,Sumerpur,Rajasthan,5.4706,1.3747,1.1058,2,8,1,0,8.57,0.0,0,0,0,,,train
IND-S01705,heatwave,india_national_20k,IN-C00058-FD011,feeder,Srikalahasti,Andhra Pradesh,2.1046,1.2769,1.162,2,5,1,0,8.5,0.0,0,0,0,,,test
IND-S01706,cascade_emergency,india_national_20k,IN-C09283-FD031,feeder,Pune,Maharashtra,7.7207,1.4454,1.1104,4,10,4,108,11.33,0.01812,13541700,0,4,IN-WR-HUB|IN-SR-HUB|IN-ER-HUB|IN-NER-HUB|IN-MAH-HUB|IN-C09283-SS|IN-C09283-TR03|IN-C09283-FD031|IN-C11740-SS|IN-C11750-SS|IN-C11811-SS|IN-C12292-SS,0|0|0|0|0|0|0|0|0|0|0|0,train
IND-S01707,cascade_emergency,india_national_20k,IN-C12350-FD011,feeder,Ambattur,Tamil Nadu,4.6857,1.3091,1.0728,1,8,1,0,7.92,0.0,0,0,0,,,train
IND-S01708,heatwave,india_national_20k,IN-C09331-FD011,feeder,Amalner,Maharashtra,3.4376,1.194,1.1583,2,5,3,15,0.43,0.00021,285387,0,0,IN-C15595-SS|IN-C15624-SS|IN-C16095-SS|IN-C16757-SS|IN-C16873-SS|IN-C17184-SS|IN-C17380-SS|IN-C17824-SS|IN-C17840-SS|IN-C17891-SS|IN-C18465-SS|IN-UTT-HUB,0|0|0|0|0|0|0|0|0|0|0|0,train
IND-S01709,cascade_emergency,india_national_20k,IN-C15548-FD021,feeder,Agra,Uttar Pradesh,4.509,1.3749,1.1273,2,10,3,9,8.92,0.00354,1593745,0,3,IN-C02550-SS|IN-C02677-SS|IN-C02895-SS|IN-C02968-SS|IN-C15548-SS|IN-C15548-TR02|IN-C15548-FD021|IN-CHH-HUB|IN-C02532-SS,0|0|0|0|0|0|0|1|1,train
IND-S01710,high_demand,india_national_20k,IN-C05546-SS,substation,Udupi,Karnataka,1.9397,1.3187,1.0949,1,186,1,0,8.41,0.0,0,0,0,,,test
IND-S01711,high_demand,india_national_20k,IN-C06468-SS,substation,Anabūru,Karnataka,2.554,1.2804,1.0257,0,8,1,0,0.0,0.0,0,0,0,,,test
IND-S01712,heatwave,india_national_20k,IN-C12343-FD021,feeder,Madurai,Tamil Nadu,2.03,1.2565,1.214,2,10,2,3,8.7,0.00204,1465625,0,3,IN-C12343-SS|IN-C12343-TR02|IN-C12343-FD021,0|0|0,train
IND-S01713,line_outage,india_national_20k,IN-C04826-GEN05,generator,Mango,Jharkhand,2.0437,1.2072,1.0316,4,28,2,2,0.05,0.00019,223805,0,2,IN-JHA-HUB|IN-C04826-SS,0|0,train
IND-S01714,transformer_overload,india_national_20k,IN-C12354-SS,substation,Thanjavur,Tamil Nadu,3.3186,1.0236,1.0276,0,260,1,0,0.0,0.0,0,0,0,,,train
IND-S01715,transformer_overload,india_national_20k,IN-C12342-FD022,feeder,Kallakurichi,Tamil Nadu,5.1018,1.1906,1.0195,1,10,1,0,0.0,0.0,0,0,0,,,train
IND-S01716,heatwave,india_national_20k,IN-C03285-GEN06,generator,Jamnagar,Gujarat,3.3116,1.362,1.0877,2,24,1,0,8.49,0.0,0,0,0,,,train
IND-S01717,line_outage,india_national_20k,IN-C07887-FD011,feeder,Seoni,Madhya Pradesh,1.9886,1.2174,1.0538,1,6,1,0,0.0,0.0,0,0,0,,,train
IND-S01718,high_demand,india_national_20k,IN-C12395-SS,substation,Maraimalainagar,Tamil Nadu,2.5122,1.3979,1.0513,0,260,2,2,8.53,0.00012,81872,0,2,IN-TAM-HUB|IN-C12395-SS,0|0,train
IND-S01719,heatwave,india_national_20k,IN-C05876-SS,substation,Abali,Karnataka,1.9161,1.3137,1.1175,0,7,1,0,8.48,0.0,0,0,0,,,test
IND-S01720,normal_operation,india_national_20k,IN-C12600-SS,substation,Srīperumbūdūr,Tamil Nadu,1.1946,0.9409,0.9859,0,5,1,0,0.0,0.0,0,0,0,,,train
IND-S01721,heatwave,india_national_20k,IN-C04489-GEN06,generator,Bāramūla,Jammu and Kashmir,3.4913,1.319,1.1126,0,16,1,0,8.47,0.0,0,0,0,,,train
IND-S01722,line_outage,india_national_20k,IN-C05536-GEN07,generator,Davangere,Karnataka,2.2133,1.0317,1.0514,4,49,1,0,0.0,0.0,0,0,0,,,test
IND-S01723,high_demand,india_national_20k,IN-C16352-SS,substation,Adhkata Nazrāna,Uttar Pradesh,2.0661,1.2681,1.0433,0,4,1,0,0.0,0.0,0,0,0,,,train
IND-S01724,cascade_emergency,india_national_20k,IN-C09767-SS,substation,Mahapoli,Maharashtra,7.4177,1.5886,1.0889,2,4,1,0,9.02,0.0,0,0,0,,,train
IND-S01725,normal_operation,india_national_20k,IN-C03378-SS,substation,Kosamba,Gujarat,1.0625,0.9306,0.9991,0,3,1,0,0.0,0.0,0,0,0,,,train
IND-S01726,transformer_overload,india_national_20k,IN-C01428-SS,substation,Hilsa,Bihar,4.7101,1.0071,1.0648,0,9,1,0,0.0,0.0,0,0,0,,,val
IND-S01727,cascade_emergency,india_national_20k,IN-C14268-SS,substation,Annappatti,Tamil Nadu,6.9798,1.4971,1.1348,5,11,2,4,9.02,4e-05,10415,0,4,IN-C13118-SS|IN-C13991-SS|IN-C14268-SS|IN-C14817-SS,0|0|0|0,train
IND-S01728,normal_operation,india_national_20k,IN-C09359-FD011,feeder,Sinnar,Maharashtra,1.1306,0.9934,0.9948,0,5,1,0,0.0,0.0,0,0,0,,,train
IND-S01729,transformer_overload,india_national_20k,IN-C03282-FD011,feeder,Vadodara,Gujarat,4.2313,1.2758,1.0717,1,10,1,0,0.0,0.0,0,0,0,,,train
IND-S01730,transformer_overload,india_national_20k,IN-TAM-HUB-GEN,generator,Tamil Nadu Hub Generation,Tamil Nadu,4.8999,1.1516,1.0311,0,260,1,0,0.0,0.0,0,0,0,,,train
IND-S01731,transformer_overload,india_national_20k,IN-C12351-GEN12,generator,Thoothukudi,Tamil Nadu,4.4699,1.1131,1.0735,0,73,1,0,0.0,0.0,0,0,0,,,train
IND-S01732,cascade_emergency,india_national_20k,IN-C09283-FD021,feeder,Pune,Maharashtra,6.2731,1.5812,1.1748,4,10,7,966,32.56,0.18607,60595160,0,4,IN-WR-HUB|IN-SR-HUB|IN-ER-HUB|IN-NER-HUB|IN-KER-HUB|IN-C07054-SS|IN-MAH-HUB|IN-C09283-SS|IN-C09283-TR02|IN-C09283-FD021|IN-C10346-SS|IN-C10362-SS,0|0|0|0|0|0|0|0|0|0|0|0,train
IND-S01733,line_outage,india_national_20k,IN-C19466-SS,substation,Sultānpur,Uttarakhand,1.6726,1.227,1.0554,1,6,1,0,0.0,0.0,0,0,0,,,train
IND-S01734,cascade_emergency,india_national_20k,IN-C09291-GEN10,generator,Virār,Maharashtra,6.4594,1.5963,1.0784,5,40,6,155,12.31,0.01669,25149422,0,3,IN-WR-HUB|IN-SR-HUB|IN-ER-HUB|IN-MAH-HUB|IN-C09291-SS|IN-C10346-SS|IN-C10362-SS|IN-WES-HUB|IN-ASS-HUB|IN-C01120-SS|IN-C01122-SS|IN-C01444-SS,0|0|0|0|0|0|0|0|1|1|1|1,train
IND-S01735,line_outage,india_national_20k,IN-C19729-SS,substation,Kolkata,West Bengal,1.9838,1.1214,1.0331,1,61,1,0,0.0,0.0,0,0,0,,,val
IND-S01736,cascade_emergency,india_national_20k,IN-C08899-SS,substation,Amwa,Madhya Pradesh,7.0403,1.3838,1.1086,5,12,1,0,8.59,0.0,0,0,0,,,train
IND-S01737,transformer_overload,india_national_20k,IN-C03074-FD011,feeder,Gharroli,Delhi,4.8458,1.0665,1.0094,0,5,1,0,0.0,0.0,0,0,0,,,train
IND-S01738,cascade_emergency,india_national_20k,IN-C04486-GEN03,generator,Anantnag,Jammu and Kashmir,8.4802,1.4828,1.143,3,17,5,112,11.45,0.01513,30756579,0,3,IN-NR-HUB|IN-WR-HUB|IN-NER-HUB|IN-JAM-HUB|IN-C04486-SS|IN-C01444-SS|IN-C01445-SS|IN-C01481-SS|IN-CHH-HUB|IN-C02530-SS|IN-C02531-SS|IN-C02533-SS,0|0|0|0|0|1|1|1|1|1|1|1,train
IND-S01739,cascade_emergency,india_national_20k,IN-C07139-SS,substation,Paravūr Tekkumbhāgam,Kerala,7.8193,1.4629,1.1682,1,8,1,0,9.0,0.0,0,0,0,,,train
IND-S01740,normal_operation,india_national_20k,IN-C15554-FD011,feeder,Bareilly,Uttar Pradesh,1.1937,0.9984,0.9848,0,8,1,0,0.0,0.0,0,0,0,,,train
IND-S01741,heatwave,india_national_20k,IN-C11560-FD032,feeder,Jaipur,Rajasthan,2.1777,1.4152,1.1592,1,10,1,0,8.83,0.0,0,0,0,,,train
IND-S01742,high_demand,india_national_20k,IN-C05530-SS,substation,Bengaluru,Karnataka,2.9625,1.4213,1.0613,1,191,5,27,9.31,0.00796,8897358,0,3,IN-SR-HUB|IN-KAR-HUB|IN-C05530-SS|IN-NER-HUB|IN-C11034-SS|IN-C11047-SS|IN-C01444-SS|IN-C10290-SS|IN-C10346-SS|IN-C10353-SS|IN-C10360-SS|IN-C10362-SS,0|0|0|1|1|1|2|2|2|2|2|2,test
IND-S01743,transformer_overload,india_national_20k,IN-C12391-SS,substation,Mayiladuthurai,Tamil Nadu,3.7232,1.2804,1.0772,0,260,1,0,0.0,0.0,0,0,0,,,train
IND-S01744,heatwave,india_national_20k,IN-C03791-GEN02,generator,Gurugram,Haryana,2.932,1.1561,1.1957,1,21,2,2,0.1,0.00093,886519,0,2,IN-HAR-HUB|IN-C03791-SS,0|0,train
IND-S01745,cascade_emergency,india_national_20k,IN-C07052-GEN08,generator,Palakkad,Kerala,5.3159,1.5985,1.119,3,29,8,1113,36.45,0.22387,83240030,0,2,IN-ER-HUB|IN-WR-HUB|IN-BIH-HUB|IN-C01374-SS|IN-C01394-SS|IN-C01444-SS|IN-C01445-SS|IN-C01481-SS|IN-C02142-SS|IN-JHA-HUB|IN-C04828-SS|IN-C04829-SS,0|1|1|1|1|1|1|1|1|1|1|1,train
IND-S01746,line_outage,india_national_20k,IN-C09290-GEN09,generator,Dombivali,Maharashtra,2.3021,1.2894,1.0197,3,40,5,26,1.0,0.00581,9321010,0,6,IN-WR-HUB|IN-MAH-HUB|IN-C09289-SS|IN-C09290-SS|IN-C09301-SS|IN-C09312-SS|IN-C09473-SS|IN-ER-HUB|IN-NER-HUB|IN-C10346-SS|IN-C10353-SS|IN-C10360-SS,0|0|0|0|0|0|0|1|1|2|2|2,train
IND-S01747,heatwave,india_national_20k,IN-C15561-FD021,feeder,Muzaffarnagar,Uttar Pradesh,2.3974,1.2609,1.1155,1,7,1,0,8.31,0.0,0,0,0,,,train
IND-S01748,transformer_overload,india_national_20k,IN-C07047-FD021,feeder,Kochi,Kerala,5.4879,1.1256,1.0254,1,7,2,2,0.04,6e-05,24217,0,1,IN-C07291-SS|IN-C07643-SS,0|0,train
IND-S01749,transformer_overload,india_national_20k,IN-C04484-FD031,feeder,Srinagar,Jammu and Kashmir,5.7436,1.0245,1.0332,1,10,1,0,0.0,0.0,0,0,0,,,train
IND-S01750,high_demand,india_national_20k,IN-C03790-FD021,feeder,Faridabad,Haryana,1.9215,1.3166,1.0476,0,10,2,3,0.13,0.0019,1414050,0,3,IN-C03790-SS|IN-C03790-TR02|IN-C03790-FD021,0|0|0,train
IND-S01751,line_outage,india_national_20k,IN-C07875-FD011,feeder,Shivpuri,Madhya Pradesh,1.7026,1.2892,1.007,4,6,2,4,0.13,0.00083,179977,0,4,IN-MAD-HUB|IN-C07875-SS|IN-C07875-TR01|IN-C07875-FD011,0|0|0|0,train
IND-S01752,normal_operation,india_national_20k,IN-C09316-FD011,feeder,Badlapur,Maharashtra,1.0456,1.0006,1.0063,0,4,1,0,0.0,0.0,0,0,0,,,train
IND-S01753,high_demand,india_national_20k,IN-C03294-FD011,feeder,Surendranagar,Gujarat,2.5629,1.3434,1.0999,0,5,1,0,8.5,0.0,0,0,0,,,train
IND-S01754,heatwave,india_national_20k,IN-C10424-GEN01,generator,Nowrangapur,Odisha,3.2342,1.3268,1.1574,2,34,2,2,8.7,0.00136,1220946,0,2,IN-ODI-HUB|IN-C10424-SS,0|0,train
IND-S01755,line_outage,india_national_20k,IN-C00023-GEN07,generator,Kākināda,Andhra Pradesh,2.2609,1.0156,1.0403,3,40,2,2,0.04,0.0,1000,0,0,IN-C17187-SS|IN-C17734-SS,0|0,test
IND-S01756,normal_operation,india_national_20k,IN-C11563-GEN04,generator,Bikaner,Rajasthan,1.1225,1.0235,0.9869,0,31,1,0,0.0,0.0,0,0,0,,,train
IND-S01757,heatwave,india_national_20k,IN-C09307-SS,substation,Ahilyanagar,Maharashtra,2.3573,1.2585,1.134,2,8,1,0,8.4,0.0,0,0,0,,,train
IND-S01758,line_outage,india_national_20k,IN-C11563-FD021,feeder,Bikaner,Rajasthan,1.8477,1.0497,1.0218,1,8,1,0,0.0,0.0,0,0,0,,,train
IND-S01759,high_demand,india_national_20k,IN-C15608-FD011,feeder,Baraut,Uttar Pradesh,2.3256,1.4529,1.0262,0,6,6,23,9.04,0.00366,11735000,0,4,IN-C15608-SS|IN-C15615-SS|IN-C15673-SS|IN-C16839-SS|IN-C15608-TR01|IN-C15608-FD011|IN-UTT-HUB|IN-TAM-HUB|IN-C12372-SS|IN-C12378-SS|IN-C12392-SS|IN-C19438-SS,0|0|0|0|0|0|0|1|1|1|1|1,train
IND-S01760,cascade_emergency,india_national_20k,IN-C05534-FD021,feeder,Mangaluru,Karnataka,5.7715,1.3669,1.061,5,8,3,20,8.95,0.00414,1149735,0,3,IN-C05534-SS|IN-C05561-SS|IN-C05708-SS|IN-C05534-TR02|IN-C05534-FD021|IN-C15575-SS|IN-C15602-SS|IN-C15626-SS|IN-C16246-SS|IN-C16542-SS|IN-C16864-SS|IN-C17199-SS,0|0|0|0|0|0|0|0|0|0|0|0,test
IND-S01761,heatwave,india_national_20k,IN-C15556-GEN11,generator,Gorakhpur,Uttar Pradesh,3.2234,1.4219,1.1471,0,116,5,55,10.1,0.0089,21509658,0,4,IN-NR-HUB|IN-WR-HUB|IN-NER-HUB|IN-UTT-HUB|IN-C01444-SS|IN-CHH-HUB|IN-C02530-SS|IN-C02531-SS|IN-C02533-SS|IN-DEL-HUB|IN-C03058-SS|IN-MAH-HUB,0|0|0|0|1|1|1|1|1|1|1|1,train
IND-S01762,transformer_overload,india_national_20k,IN-C05585-SS,substation,Challakere,Karnataka,4.8685,1.0077,1.0114,0,3,1,0,0.0,0.0,0,0,0,,,test
IND-S01763,high_demand,india_national_20k,IN-C03100-SS,substation,Shafi Pur Ranhola,Delhi,1.5724,1.2828,1.0753,1,9,1,0,0.0,0.0,0,0,0,,,train
IND-S01764,transformer_overload,india_national_20k,IN-C03790-FD021,feeder,Faridabad,Haryana,5.0036,1.0601,1.0028,1,10,1,0,0.0,0.0,0,0,0,,,train
IND-S01765,cascade_emergency,india_national_20k,IN-C03282-FD032,feeder,Vadodara,Gujarat,5.3267,1.3566,1.1435,5,10,2,4,8.88,0.00488,1822221,0,4,IN-GUJ-HUB|IN-C03282-SS|IN-C03282-TR03|IN-C03282-FD032,0|0|0|0,train
IND-S01766,cascade_emergency,india_national_20k,IN-C12343-FD032,feeder,Madurai,Tamil Nadu,7.9395,1.3215,1.1421,1,10,1,0,8.56,0.0,0,0,0,,,train
IND-S01767,heatwave,india_national_20k,IN-C19729-FD022,feeder,Kolkata,West Bengal,2.6609,1.3024,1.1396,2,10,3,8,8.91,0.00753,5807089,0,5,IN-WES-HUB|IN-C19729-SS|IN-C19730-SS|IN-C19729-TR02|IN-C19729-FD022|IN-C19766-SS|IN-C19864-SS|IN-C19963-SS,0|0|0|0|0|1|1|1,val
IND-S01768,high_demand,india_national_20k,IN-C03851-SS,substation,Ugrākheri,Haryana,1.5264,1.4357,1.0892,1,3,1,0,8.66,0.0,0,0,0,,,train
IND-S01769,line_outage,india_national_20k,IN-C19433-FD011,feeder,Haridwar,Uttarakhand,1.8522,1.0662,1.0212,1,7,2,3,0.07,8e-05,84646,0,1,IN-C19438-SS|IN-C19462-SS|IN-C19475-SS,0|0|0,train
IND-S01770,line_outage,india_national_20k,IN-C02532-GEN08,generator,Jagdalpur,Chhattisgarh,2.059,1.1776,1.0389,1,22,2,2,0.04,0.00011,125463,0,2,IN-CHH-HUB|IN-C02532-SS,0|0,train
IND-S01771,normal_operation,india_national_20k,IN-C03280-FD032,feeder,Ahmedabad,Gujarat,1.0331,0.8696,1.0094,0,10,1,0,0.0,0.0,0,0,0,,,train
IND-S01772,transformer_overload,india_national_20k,IN-C11564-GEN05,generator,Ajmer,Rajasthan,2.7136,1.0355,1.013,1,31,1,0,0.0,0.0,0,0,0,,,train
IND-S01773,line_outage,india_national_20k,IN-C11560-FD022,feeder,Jaipur,Rajasthan,2.2555,1.0386,1.037,4,10,4,12,0.36,0.00317,379705,0,2,IN-C07261-SS|IN-C07315-SS|IN-C11560-TR02|IN-C11560-FD022|IN-C14935-SS|IN-C14985-SS|IN-C07247-SS|IN-TEL-HUB|IN-C14852-SS|IN-C14916-SS|IN-C15208-SS|IN-C15271-SS,0|0|0|0|0|0|1|1|1|1|2|2,train
IND-S01774,normal_operation,india_national_20k,IN-C15563-FD011,feeder,Shāhjānpur,Uttar Pradesh,1.0753,0.9547,1.0107,0,7,1,0,0.0,0.0,0,0,0,,,train
IND-S01775,line_outage,india_national_20k,IN-C11561-FD031,feeder,Jodhpur,Rajasthan,1.2997,1.1443,1.0058,2,10,1,0,0.0,0.0,0,0,0,,,train
IND-S01776,heatwave,india_national_20k,IN-C11569-GEN10,generator,Sīkar,Rajasthan,2.9942,1.1685,1.2191,1,27,1,0,8.39,0.0,0,0,0,,,train
IND-S01777,cascade_emergency,india_national_20k,IN-C12354-FD021,feeder,Thanjavur,Tamil Nadu,6.9588,1.4317,1.1484,1,7,1,0,8.84,0.0,0,0,0,,,train
IND-S01778,heatwave,india_national_20k,IN-C03064-FD011,feeder,Bhālswa Jahangirpur,Delhi,3.0853,1.1736,1.1501,1,5,1,0,0.0,0.0,0,0,0,,,train
IND-S01779,cascade_emergency,india_national_20k,IN-C09698-SS,substation,Birvādi,Maharashtra,5.1843,1.4472,1.0825,4,4,1,0,8.66,0.0,0,0,0,,,train
IND-S01780,transformer_overload,india_national_20k,IN-C09283-FD012,feeder,Pune,Maharashtra,2.202,1.0688,1.0283,0,10,2,3,0.22,0.00455,3124458,0,3,IN-C09283-SS|IN-C09283-TR01|IN-C09283-FD012,0|0|0,train
IND-S01781,line_outage,india_national_20k,IN-C04822-FD011,feeder,Jamshedpur,Jharkhand,1.9288,1.2635,1.0326,1,10,1,0,0.0,0.0,0,0,0,,,train
IND-S01782,normal_operation,india_national_20k,IN-C03063-FD011,feeder,Nāngloi Jāt,Delhi,1.1122,0.9867,0.982,0,5,1,0,0.0,0.0,0,0,0,,,train
IND-S01783,transformer_overload,india_national_20k,IN-C05540-FD021,feeder,Tumkūr,Karnataka,3.2791,1.2875,1.0163,0,8,2,3,0.11,0.00137,307359,0,3,IN-C05540-SS|IN-C05540-TR02|IN-C05540-FD021,0|0|0,test
IND-S01784,normal_operation,india_national_20k,IN-C07218-SS,substation,Koovappady,Kerala,1.0269,0.8753,0.9963,0,8,1,0,0.0,0.0,0,0,0,,,train
IND-S01785,transformer_overload,india_national_20k,IN-C01378-GEN05,generator,Bihār Sharīf,Bihar,4.4172,1.1505,1.0062,1,38,1,0,0.0,0.0,0,0,0,,,val
IND-S01786,transformer_overload,india_national_20k,IN-C19731-FD011,feeder,Durgapur,West Bengal,5.7262,1.1302,1.0183,1,8,3,3,0.06,0.00012,148025,0,1,IN-C19963-SS|IN-C19766-SS|IN-C19864-SS,0|1|1,val
IND-S01787,cascade_emergency,india_national_20k,IN-C07045-FD011,feeder,Kanayannur,Kerala,4.8178,1.4655,1.1136,3,8,2,6,9.12,0.00576,1509176,0,5,IN-C07045-SS|IN-C07047-SS|IN-C07291-SS|IN-C07643-SS|IN-C07045-TR01|IN-C07045-FD011,0|0|0|0|0|0,train
IND-S01788,heatwave,india_national_20k,IN-C12199-SS,substation,Antāpura,Rajasthan,2.5004,1.4463,1.2143,2,26,6,941,33.75,0.23278,88307298,0,3,IN-RAJ-HUB|IN-C11577-SS|IN-WR-HUB|IN-ER-HUB|IN-NER-HUB|IN-C11563-SS|IN-C11606-SS|IN-C11652-SS|IN-C11663-SS|IN-C11696-SS|IN-C11714-SS|IN-C11732-SS,0|0|1|1|1|1|1|1|1|1|1|1,train
IND-S01789,high_demand,india_national_20k,IN-C04486-GEN03,generator,Anantnag,Jammu and Kashmir,2.8132,1.2532,1.0382,1,17,1,0,0.0,0.0,0,0,0,,,train
IND-S01790,line_outage,india_national_20k,IN-C10428-FD011,feeder,Rourkela,Odisha,1.9291,1.0527,1.0063,4,8,2,4,0.11,0.00082,289106,0,4,IN-C10428-SS|IN-C10511-SS|IN-C10428-TR01|IN-C10428-FD011,0|0|0|0,train
IND-S01791,transformer_overload,india_national_20k,IN-C07177-SS,substation,Vengola Kizhakkumbāgam,Kerala,3.3396,1.1535,1.0688,1,8,1,0,0.0,0.0,0,0,0,,,train
IND-S01792,line_outage,india_national_20k,IN-C12518-SS,substation,Tiruchchendur,Tamil Nadu,1.2575,1.249,1.0577,4,4,1,0,0.0,0.0,0,0,0,,,train
IND-S01793,normal_operation,india_national_20k,IN-C00017-GEN01,generator,Rasapūdipalem,Andhra Pradesh,1.0489,0.9456,1.0003,0,47,1,0,0.0,0.0,0,0,0,,,test
IND-S01794,transformer_overload,india_national_20k,IN-C11051-FD032,feeder,Amritsar,Punjab,2.7248,1.0979,1.0157,0,10,2,3,0.13,0.00193,1159227,0,3,IN-C11051-SS|IN-C11051-TR03|IN-C11051-FD032,0|0|0,train
IND-S01795,line_outage,india_national_20k,IN-C12348-FD021,feeder,Erode,Tamil Nadu,1.2744,1.1276,1.058,3,8,1,0,0.0,0.0,0,0,0,,,train
IND-S01796,transformer_overload,india_national_20k,IN-C09658-SS,substation,Chitegaon,Maharashtra,2.6301,1.1556,1.0738,0,1,1,0,0.0,0.0,0,0,0,,,train
IND-S01797,transformer_overload,india_national_20k,IN-C03034-SS,substation,Atādā,Chhattisgarh,5.3011,1.1381,1.0706,0,1,1,0,0.0,0.0,0,0,0,,,train
IND-S01798,high_demand,india_national_20k,IN-C15553-GEN08,generator,Alīgarh,Uttar Pradesh,1.7575,1.4902,1.0705,0,116,6,50,9.9,0.00857,20951111,0,5,IN-NR-HUB|IN-WR-HUB|IN-NER-HUB|IN-C15605-SS|IN-UTT-HUB|IN-C01444-SS|IN-DEL-HUB|IN-C03058-SS|IN-MAH-HUB|IN-C09291-SS|IN-C09292-SS|IN-C09293-SS,0|0|0|0|0|1|1|1|1|1|1|1,train
IND-S01799,heatwave,india_national_20k,IN-C03280-FD021,feeder,Ahmedabad,Gujarat,2.3682,1.1887,1.2144,2,10,2,4,8.72,0.00633,6357693,0,4,IN-GUJ-HUB|IN-C03280-SS|IN-C03280-TR02|IN-C03280-FD021,0|0|0|0,train
IND-S01800,cascade_emergency,india_national_20k,IN-C06160-SS,substation,Ajjaganahalli,Karnataka,6.9851,1.3862,1.1343,3,6,3,5,8.83,0.00194,3279641,0,0,IN-C09301-SS|IN-C09312-SS|IN-MAH-HUB|IN-C09289-SS|IN-C09290-SS,0|0|1|1|1,test
IND-S01801,transformer_overload,india_national_20k,IN-C04484-SS,substation,Srinagar,Jammu and Kashmir,2.5608,1.2118,1.0135,0,61,1,0,0.0,0.0,0,0,0,,,train
IND-S01802,transformer_overload,india_national_20k,IN-C09397-SS,substation,Mehkar,Maharashtra,4.8103,1.1284,1.0697,0,8,1,0,0.0,0.0,0,0,0,,,train
IND-S01803,high_demand,india_national_20k,IN-C15645-SS,substation,Ujhāni,Uttar Pradesh,2.5745,1.2946,1.0982,1,5,1,0,8.38,0.0,0,0,0,,,train
IND-S01804,high_demand,india_national_20k,IN-C03493-SS,substation,Kāthor,Gujarat,1.759,1.4343,1.0533,0,6,1,0,8.56,0.0,0,0,0,,,train
IND-S01805,line_outage,india_national_20k,IN-C09302-FD021,feeder,Malegaon,Maharashtra,1.4443,1.0466,1.0045,3,7,1,0,0.0,0.0,0,0,0,,,train
IND-S01806,heatwave,india_national_20k,IN-C12345-GEN06,generator,Tiruchirappalli,Tamil Nadu,2.5181,1.3946,1.2119,2,80,6,77,10.8,0.01388,36665110,0,3,IN-SR-HUB|IN-ER-HUB|IN-C10346-SS|IN-C10362-SS|IN-TAM-HUB|IN-C12345-SS|IN-C15600-SS|IN-UTT-HUB|IN-WES-HUB|IN-WR-HUB|IN-C01444-SS|IN-C02780-SS,0|0|0|0|0|0|0|0|0|1|1|1,train
IND-S01807,high_demand,india_national_20k,IN-C03058-SS,substation,Delhi,Delhi,1.6158,1.4579,1.0868,0,44,2,2,8.91,0.00397,11034555,0,2,IN-DEL-HUB|IN-C03058-SS,0|0,train
IND-S01808,transformer_overload,india_national_20k,IN-C01374-FD012,feeder,Patna,Bihar,5.5461,1.0397,1.0028,0,10,3,17,0.53,0.00552,2315752,0,4,IN-BIH-HUB|IN-C01374-SS|IN-C01374-TR01|IN-C01374-FD012|IN-C01377-SS|IN-C01444-SS|IN-C01445-SS|IN-C01481-SS|IN-C01485-SS|IN-C01486-SS|IN-C01495-SS|IN-C01499-SS,0|0|0|0|1|1|1|1|1|1|1|1,val
IND-S01809,cascade_emergency,india_national_20k,IN-C09305-FD011,feeder,Latur,Maharashtra,6.6996,1.4011,1.081,4,7,2,4,8.75,0.00325,382940,0,4,IN-MAH-HUB|IN-C09305-SS|IN-C09305-TR01|IN-C09305-FD011,0|0|0|0,train
IND-S01810,transformer_overload,india_national_20k,IN-AND-HUB-GEN,generator,Andhra Pradesh Hub Generation,Andhra Pradesh,3.1243,1.0077,1.0631,0,148,1,0,0.0,0.0,0,0,0,,,test
IND-S01811,transformer_overload,india_national_20k,IN-C12477-SS,substation,Pallipalayam,Tamil Nadu,4.1728,1.2512,1.0768,1,4,1,0,0.0,0.0,0,0,0,,,train
IND-S01812,normal_operation,india_national_20k,IN-C12389-FD011,feeder,Aruppukkottai,Tamil Nadu,1.0043,0.8946,0.9821,0,6,1,0,0.0,0.0,0,0,0,,,train
IND-S01813,cascade_emergency,india_national_20k,IN-C00081-SS,substation,Sāmalkot,Andhra Pradesh,6.4637,1.4272,1.1349,2,4,1,0,8.8,0.0,0,0,0,,,test
IND-S01814,cascade_emergency,india_national_20k,IN-C12347-FD011,feeder,Salem,Tamil Nadu,6.1615,1.4074,1.1561,2,8,5,83,10.94,0.01782,25074948,0,4,IN-SR-HUB|IN-C12347-SS|IN-C12347-TR01|IN-C12347-FD011|IN-ER-HUB|IN-NER-HUB|IN-KAR-HUB|IN-C05537-SS|IN-C05539-SS|IN-C05540-SS|IN-C10362-SS|IN-C11034-SS,0|0|0|0|1|1|1|1|1|1|1|1,train
IND-S01815,line_outage,india_national_20k,IN-C00020-GEN04,generator,Guntur,Andhra Pradesh,1.3062,1.0162,1.0015,4,40,1,0,0.0,0.0,0,0,0,,,test
IND-S01816,high_demand,india_national_20k,IN-C11053-GEN04,generator,Patiāla,Punjab,1.6859,1.4597,1.0424,1,23,1,0,8.57,0.0,0,0,0,,,train
IND-S01817,cascade_emergency,india_national_20k,IN-C15549-FD021,feeder,Meerut,Uttar Pradesh,5.166,1.521,1.0635,3,10,5,83,10.7,0.01131,20520668,0,4,IN-SR-HUB|IN-C15549-SS|IN-C15549-TR02|IN-C15549-FD021|IN-ER-HUB|IN-NER-HUB|IN-KAR-HUB|IN-C05537-SS|IN-C05539-SS|IN-C05540-SS|IN-C10346-SS|IN-C10362-SS,0|0|0|0|1|1|1|1|1|1|1|1,train
IND-S01818,high_demand,india_national_20k,IN-C07046-FD011,feeder,Thiruvananthapuram,Kerala,1.5239,1.5464,1.0627,0,8,2,3,8.96,0.00188,788271,0,3,IN-C07046-SS|IN-C07046-TR01|IN-C07046-FD011,0|0|0,train
IND-S01819,line_outage,india_national_20k,IN-C09312-FD021,feeder,Ambarnath,Maharashtra,1.876,1.1411,1.0368,4,6,2,3,0.08,0.00071,253475,0,3,IN-C09312-SS|IN-C09312-TR02|IN-C09312-FD021,0|0|0,train
IND-S01820,cascade_emergency,india_national_20k,IN-C05530-FD021,feeder,Bengaluru,Karnataka,5.3565,1.5993,1.126,1,10,6,896,30.33,0.15663,84825412,0,0,IN-WR-HUB|IN-NR-HUB|IN-ER-HUB|IN-NER-HUB|IN-C01444-SS|IN-CHH-HUB|IN-C02530-SS|IN-C02531-SS|IN-C02533-SS|IN-DEL-HUB|IN-C03058-SS|IN-GOA-HUB,0|1|1|1|1|1|1|1|1|1|1|1,test
IND-S01821,transformer_overload,india_national_20k,IN-C07224-SS,substation,Ponmana,Kerala,5.9442,1.1292,1.0184,0,7,1,0,0.0,0.0,0,0,0,,,train
IND-S01822,high_demand,india_national_20k,IN-C07858-FD011,feeder,Bhopal,Madhya Pradesh,1.5824,1.5083,1.0213,1,10,1,0,8.61,0.0,0,0,0,,,train
IND-S01823,heatwave,india_national_20k,IN-C01374-FD031,feeder,Patna,Bihar,2.9472,1.3813,1.1643,2,10,3,17,9.21,0.00381,2315752,0,4,IN-BIH-HUB|IN-C01374-SS|IN-C01374-TR03|IN-C01374-FD031|IN-C01377-SS|IN-C01444-SS|IN-C01445-SS|IN-C01481-SS|IN-C01485-SS|IN-C01486-SS|IN-C01495-SS|IN-C01499-SS,0|0|0|0|1|1|1|1|1|1|1|1,val
IND-S01824,normal_operation,india_national_20k,IN-C12343-FD022,feeder,Madurai,Tamil Nadu,1.0211,0.8984,1.0,0,10,1,0,0.0,0.0,0,0,0,,,train
IND-S01825,transformer_overload,india_national_20k,IN-C14844-SS,substation,Hyderabad,Telangana,5.2295,1.2526,1.004,0,100,4,8,0.63,0.01285,7043299,0,5,IN-SR-HUB|IN-TEL-HUB|IN-C14844-SS|IN-C11034-SS|IN-C11047-SS|IN-C15208-SS|IN-C15271-SS|IN-C11032-SS,0|0|0|1|1|1|1|2,train
IND-S01826,line_outage,india_national_20k,IN-C15883-SS,substation,Bānsgāon,Uttar Pradesh,1.6722,1.2087,1.0354,3,5,1,0,0.0,0.0,0,0,0,,,train
IND-S01827,transformer_overload,india_national_20k,IN-C15546-FD021,feeder,Kanpur,Uttar Pradesh,4.3058,1.0335,1.0563,1,10,1,0,0.0,0.0,0,0,0,,,train
IND-S01828,transformer_overload,india_national_20k,IN-C19730-FD032,feeder,Howrah,West Bengal,4.8786,1.1779,1.0679,0,10,4,8,0.34,0.00515,5807089,0,5,IN-C19730-SS|IN-C19730-TR03|IN-C19730-FD032|IN-WES-HUB|IN-C19729-SS|IN-C19766-SS|IN-C19864-SS|IN-C19963-SS,0|0|0|1|1|2|2|2,val
IND-S01829,high_demand,india_national_20k,IN-C09282-SS,substation,Mumbai,Maharashtra,1.7842,1.296,1.0546,1,152,1,0,0.0,0.0,0,0,0,,,train
IND-S01830,heatwave,india_national_20k,IN-C09282-SS,substation,Mumbai,Maharashtra,2.6863,1.3998,1.2191,2,152,6,107,11.55,0.01938,39107499,0,10,IN-WR-HUB|IN-SR-HUB|IN-ER-HUB|IN-NER-HUB|IN-KER-HUB|IN-C07054-SS|IN-MAH-HUB|IN-C09282-SS|IN-C09285-SS|IN-C09328-SS|IN-C09548-SS|IN-C10093-SS,0|0|0|0|0|0|0|0|0|0|0|0,train
IND-S01831,heatwave,india_national_20k,IN-C01461-SS,substation,Bahādurganj,Bihar,2.1683,1.2157,1.173,1,6,2,5,8.49,0.00026,144275,0,5,IN-C01396-SS|IN-C01461-SS|IN-C01634-SS|IN-C01981-SS|IN-C02217-SS,0|0|0|0|0,val
IND-S01832,line_outage,india_national_20k,IN-C12343-GEN04,generator,Madurai,Tamil Nadu,1.6333,1.1148,1.0519,1,80,2,2,0.08,0.00108,1465625,0,2,IN-TAM-HUB|IN-C12343-SS,0|0,train
IND-S01833,heatwave,india_national_20k,IN-C03287-GEN08,generator,Jūnāgadh,Gujarat,1.7253,1.2128,1.1392,2,23,1,0,0.03,0.0,0,0,0,,,train
IND-S01834,high_demand,india_national_20k,IN-C07872-FD011,feeder,Morena,Madhya Pradesh,1.9107,1.3642,1.0581,1,6,1,0,8.42,0.0,0,0,0,,,train
IND-S01835,heatwave,india_national_20k,IN-C01375-GEN02,generator,Gaya,Bihar,3.1977,1.1883,1.1167,2,38,1,0,0.01,0.0,0,0,0,,,val
IND-S01836,normal_operation,india_national_20k,IN-C11702-SS,substation,Sāmbhar,Rajasthan,1.0786,0.8684,0.9801,0,3,1,0,0.0,0.0,0,0,0,,,train
IND-S01837,normal_operation,india_national_20k,IN-C09329-FD011,feeder,Pandharpur,Maharashtra,1.0462,1.0055,1.0143,0,5,1,0,0.0,0.0,0,0,0,,,train
IND-S01838,transformer_overload,india_national_20k,IN-C05537-GEN08,generator,Ballari,Karnataka,2.5863,1.086,1.0191,1,48,1,0,0.0,0.0,0,0,0,,,test
IND-S01839,line_outage,india_national_20k,IN-C09290-FD012,feeder,Dombivali,Maharashtra,2.0761,1.2467,1.0181,4,9,4,6,0.22,0.00287,3055628,0,4,IN-C09290-SS|IN-C09290-TR01|IN-C09290-FD012|IN-C09473-SS|IN-C09289-SS|IN-C09301-SS,0|0|0|1|2|2,train
IND-S01840,high_demand,india_national_20k,IN-C09304-FD011,feeder,Akola,Maharashtra,1.8427,1.2924,1.059,1,7,1,0,0.0,0.0,0,0,0,,,train
IND-S01841,line_outage,india_national_20k,IN-C12347-GEN08,generator,Salem,Tamil Nadu,2.1228,1.2736,1.0583,2,73,1,0,0.01,0.0,0,0,0,,,train
IND-S01842,line_outage,india_national_20k,IN-C11050-FD012,feeder,Ludhiana,Punjab,1.9673,1.0544,1.035,2,10,2,2,0.08,0.00125,0,0,2,IN-C11050-TR01|IN-C11050-FD012,0|0,train
IND-S01843,cascade_emergency,india_national_20k,IN-C07895-FD011,feeder,Ashoknagar,Madhya Pradesh,6.637,1.4689,1.1232,4,5,3,2,8.92,6e-05,25838,0,0,IN-C04296-SS|IN-C04137-SS,0|1,train
IND-S01844,transformer_overload,india_national_20k,IN-C19732-GEN04,generator,Siliguri,West Bengal,5.0882,1.1252,1.0241,1,17,1,0,0.0,0.0,0,0,0,,,val
IND-S01845,heatwave,india_national_20k,IN-C11568-FD011,feeder,Bharatpur,Rajasthan,2.9042,1.4167,1.1439,1,8,7,112,11.21,0.01151,18639981,0,2,IN-RAJ-HUB|IN-C11568-SS|IN-WR-HUB|IN-NER-HUB|IN-C01444-SS|IN-CHH-HUB|IN-C02530-SS|IN-C02531-SS|IN-C02533-SS|IN-DEL-HUB|IN-C03059-SS|IN-HAR-HUB,0|0|1|1|2|2|2|2|2|2|2|2,train
IND-S01846,high_demand,india_national_20k,IN-C09282-SS,substation,Mumbai,Maharashtra,2.4571,1.3924,1.0821,0,152,5,48,9.89,0.01399,32699620,0,7,IN-WR-HUB|IN-MAH-HUB|IN-C09282-SS|IN-C09285-SS|IN-C09328-SS|IN-C09548-SS|IN-C10093-SS|IN-ER-HUB|IN-NER-HUB|IN-C10290-SS|IN-C10346-SS|IN-C10353-SS,0|0|0|0|0|0|0|1|1|2|2|2,train
IND-S01847,transformer_overload,india_national_20k,IN-C05669-SS,substation,Krishnarājpet,Karnataka,5.7816,1.1521,1.0291,0,3,1,0,0.0,0.0,0,0,0,,,test
IND-S01848,line_outage,india_national_20k,IN-C09348-SS,substation,Pusad,Maharashtra,2.3282,1.2887,1.0506,2,13,1,0,0.0,0.0,0,0,0,,,train
IND-S01849,transformer_overload,india_national_20k,IN-C10434-GEN11,generator,Baripāda,Odisha,4.6245,1.0608,1.0597,0,26,1,0,0.0,0.0,0,0,0,,,train
IND-S01850,transformer_overload,india_national_20k,IN-C05530-FD022,feeder,Bengaluru,Karnataka,5.384,1.2196,1.0425,0,10,4,8,0.56,0.01132,8544529,0,4,IN-SR-HUB|IN-KAR-HUB|IN-C05530-SS|IN-C05530-TR02|IN-C05530-FD022|IN-C11034-SS|IN-C11047-SS|IN-C11032-SS,0|0|0|0|0|1|1|2,test
IND-S01851,heatwave,india_national_20k,IN-C14866-FD011,feeder,Nirmal,Telangana,2.2797,1.3844,1.1089,2,5,1,0,8.59,0.0,0,0,0,,,train
IND-S01852,line_outage,india_national_20k,IN-C09317-FD011,feeder,Beed,Maharashtra,1.3039,1.1388,1.0391,1,5,1,0,0.0,0.0,0,0,0,,,train
IND-S01853,normal_operation,india_national_20k,IN-C01383-GEN10,generator,Katihar,Bihar,1.0703,1.0185,1.0148,0,37,1,0,0.0,0.0,0,0,0,,,val
IND-S01854,transformer_overload,india_national_20k,IN-C12340-FD032,feeder,Chennai,Tamil Nadu,4.3096,1.295,1.0076,1,10,1,0,0.0,0.0,0,0,0,,,train
IND-S01855,high_demand,india_national_20k,IN-C10428-GEN05,generator,Rourkela,Odisha,1.9615,1.2641,1.0242,1,26,2,3,0.07,0.00039,505516,0,3,IN-C10428-SS|IN-C10429-SS|IN-C10511-SS,0|0|0,train
IND-S01856,high_demand,india_national_20k,IN-C12798-SS,substation,Koothappar,Tamil Nadu,1.7715,1.5074,1.0502,0,7,2,5,8.79,0.00023,79866,0,4,IN-C12611-SS|IN-C12630-SS|IN-C12786-SS|IN-C12798-SS|IN-C14557-SS,0|0|0|0|0,train
IND-S01857,cascade_emergency,india_national_20k,IN-CHH-HUB-GEN,generator,Chhattisgarh Hub Generation,Chhattisgarh,8.1823,1.5725,1.1569,1,69,8,1310,39.04,0.19851,60707439,0,14,IN-WR-HUB|IN-SR-HUB|IN-NER-HUB|IN-C11047-SS|IN-C07848-SS|IN-CHH-HUB|IN-C02530-SS|IN-C02533-SS|IN-C02531-SS|IN-ER-HUB|IN-C10362-SS|IN-C08104-SS,0|0|1|1|1|1|1|1|1|1|1|1,train
IND-S01858,line_outage,india_national_20k,IN-C12340-FD012,feeder,Chennai,Tamil Nadu,1.9532,1.1273,1.0596,4,10,2,5,0.3,0.00571,4767282,0,4,IN-TAM-HUB|IN-C12340-SS|IN-C12392-SS|IN-C12340-TR01|IN-C12340-FD012,0|0|0|0|0,train
IND-S01859,transformer_overload,india_national_20k,IN-C05530-FD032,feeder,Bengaluru,Karnataka,5.0372,1.258,1.0092,0,10,2,4,0.45,0.01065,8495492,0,4,IN-KAR-HUB|IN-C05530-SS|IN-C05530-TR03|IN-C05530-FD032,0|0|0|0,test
IND-S01860,high_demand,india_national_20k,IN-MAH-HUB-GEN,generator,Maharashtra Hub Generation,Maharashtra,2.5032,1.4513,1.0968,0,144,4,65,10.2,0.00794,19760572,0,3,IN-WR-HUB|IN-SR-HUB|IN-ER-HUB|IN-MAH-HUB|IN-ASS-HUB|IN-C01122-SS|IN-JHA-HUB|IN-C04828-SS|IN-C04829-SS|IN-KAR-HUB|IN-C05537-SS|IN-C05540-SS,0|0|0|0|1|1|1|1|1|1|1|1,train
IND-S01861,transformer_overload,india_national_20k,IN-C10424-FD012,feeder,Nowrangapur,Odisha,3.7177,1.1421,1.0055,0,10,2,3,0.15,0.0025,1220946,0,3,IN-C10424-SS|IN-C10424-TR01|IN-C10424-FD012,0|0|0,train
IND-S01862,transformer_overload,india_national_20k,IN-UTT-HUB-GEN,generator,Uttarakhand Hub Generation,Uttarakhand,2.2732,1.177,1.0604,1,1,1,0,0.0,0.0,0,0,0,,,train
IND-S01863,transformer_overload,india_national_20k,IN-C07051-GEN07,generator,Alappuzha,Kerala,4.0273,1.1025,1.0519,0,29,1,0,0.0,0.0,0,0,0,,,train
IND-S01864,normal_operation,india_national_20k,IN-C00018-SS,substation,Vijayawada,Andhra Pradesh,1.0691,0.9223,1.0179,0,156,1,0,0.0,0.0,0,0,0,,,test
IND-S01865,normal_operation,india_national_20k,IN-C09282-GEN01,generator,Mumbai,Maharashtra,1.1156,0.9899,1.0055,0,41,1,0,0.0,0.0,0,0,0,,,train
IND-S01866,normal_operation,india_national_20k,IN-C11562-SS,substation,Kota,Rajasthan,1.0645,1.0046,0.9875,0,125,1,0,0.0,0.0,0,0,0,,,train
IND-S01867,heatwave,india_national_20k,IN-C11054-GEN05,generator,Bathinda,Punjab,2.8046,1.2028,1.1737,0,25,2,2,8.39,0.00029,285788,0,2,IN-PUN-HUB|IN-C11054-SS,0|0,train
IND-S01868,heatwave,india_national_20k,IN-C09287-FD021,feeder,Nashik,Maharashtra,2.1807,1.2,1.1206,1,10,1,0,0.0,0.0,0,0,0,,,train
IND-S01869,line_outage,india_national_20k,IN-C12932-SS,substation,Ālangudi,Tamil Nadu,2.1621,1.2023,1.0404,4,8,1,0,0.0,0.0,0,0,0,,,train
IND-S01870,cascade_emergency,india_national_20k,IN-C09282-FD011,feeder,Mumbai,Maharashtra,8.6662,1.5994,1.1132,5,10,7,982,33.19,0.19706,77265353,0,6,IN-WR-HUB|IN-SR-HUB|IN-ER-HUB|IN-NER-HUB|IN-KER-HUB|IN-C07054-SS|IN-MAH-HUB|IN-C09282-SS|IN-C09285-SS|IN-C09292-SS|IN-C09328-SS|IN-C09548-SS,0|0|0|0|0|0|0|0|0|0|0|0,train
IND-S01871,heatwave,india_national_20k,IN-C05566-FD011,feeder,Sindhnūr,Karnataka,3.0689,1.3464,1.1774,1,6,1,0,8.71,0.0,0,0,0,,,test
IND-S01872,transformer_overload,india_national_20k,IN-C09282-FD022,feeder,Mumbai,Maharashtra,2.7268,1.074,1.0072,0,10,2,3,0.31,0.00691,12691836,0,3,IN-C09282-SS|IN-C09282-TR02|IN-C09282-FD022,0|0|0,train
IND-S01873,transformer_overload,india_national_20k,IN-C10827-SS,substation,Amkoni,Odisha,3.7648,1.0801,1.0689,0,4,1,0,0.0,0.0,0,0,0,,,train
IND-S01874,high_demand,india_national_20k,IN-C15553-GEN08,generator,Alīgarh,Uttar Pradesh,2.4524,1.2547,1.0931,0,116,3,5,0.24,0.00014,184108,0,3,IN-C15605-SS|IN-UTT-HUB|IN-C19438-SS|IN-C19462-SS|IN-C19475-SS,0|0|1|1|1,train
IND-S01875,high_demand,india_national_20k,IN-C09284-GEN03,generator,Nagpur,Maharashtra,2.1794,1.3947,1.0815,1,43,5,38,9.43,0.00568,14366200,0,3,IN-WR-HUB|IN-SR-HUB|IN-MAH-HUB|IN-C09284-SS|IN-NER-HUB|IN-C11034-SS|IN-C11047-SS|IN-C01444-SS|IN-C10290-SS|IN-C10346-SS|IN-C10353-SS|IN-C10360-SS,0|0|0|0|1|1|1|2|2|2|2|2,train
IND-S01876,line_outage,india_national_20k,IN-C03281-FD011,feeder,Surat,Gujarat,1.2756,1.0379,1.0151,1,10,1,0,0.0,0.0,0,0,0,,,train
IND-S01877,cascade_emergency,india_national_20k,IN-C03806-FD011,feeder,Rewāri,Haryana,5.598,1.3669,1.1209,2,5,1,0,8.59,0.0,0,0,0,,,train
IND-S01878,cascade_emergency,india_national_20k,IN-C19733-GEN05,generator,Āsansol,West Bengal,8.187,1.5416,1.0976,3,22,6,65,10.35,0.00689,15341299,0,4,IN-SR-HUB|IN-KER-HUB|IN-C07054-SS|IN-C10346-SS|IN-C10353-SS|IN-C10362-SS|IN-PUN-HUB|IN-C15600-SS|IN-UTT-HUB|IN-C19731-SS|IN-C19733-SS|IN-C19755-SS,0|0|0|0|0|0|0|0|0|0|0|0,val
IND-S01879,transformer_overload,india_national_20k,IN-C03286-GEN07,generator,Bilimora,Gujarat,2.1548,1.1827,1.0551,1,24,1,0,0.0,0.0,0,0,0,,,train
IND-S01880,normal_operation,india_national_20k,IN-C09300-FD021,feeder,Kolhāpur,Maharashtra,1.0754,1.0085,0.9816,0,7,1,0,0.0,0.0,0,0,0,,,train
IND-S01881,normal_operation,india_national_20k,IN-C11077-FD011,feeder,Gurdaspur,Punjab,1.1183,1.0162,1.0037,0,5,1,0,0.0,0.0,0,0,0,,,train
IND-S01882,cascade_emergency,india_national_20k,IN-C05533-FD021,feeder,Kalaburagi,Karnataka,5.9896,1.5933,1.064,2,8,6,127,11.87,0.01828,29353204,0,4,IN-SR-HUB|IN-ER-HUB|IN-KAR-HUB|IN-C05533-SS|IN-C05533-TR02|IN-C05533-FD021|IN-ASS-HUB|IN-C01122-SS|IN-C01444-SS|IN-CHH-HUB|IN-C02530-SS|IN-C02533-SS,0|0|0|0|0|0|1|1|1|1|1|1,test
IND-S01883,line_outage,india_national_20k,IN-GOA-HUB-GEN,generator,Goa Hub Generation,Goa,1.9785,1.2395,1.002,3,21,1,0,0.0,0.0,0,0,0,,,train
IND-S01884,line_outage,india_national_20k,IN-C19890-SS,substation,Bāgnān,West Bengal,1.3316,1.127,1.0274,2,9,1,0,0.0,0.0,0,0,0,,,val
IND-S01885,heatwave,india_national_20k,IN-C11063-FD011,feeder,Muktsar,Punjab,3.1257,1.2715,1.1649,0,5,1,0,8.51,0.0,0,0,0,,,train
IND-S01886,cascade_emergency,india_national_20k,IN-C15552-GEN07,generator,Prayagraj,Uttar Pradesh,5.3449,1.5956,1.1561,5,119,7,1068,34.72,0.19646,70382282,0,15,IN-NR-HUB|IN-WR-HUB|IN-SR-HUB|IN-ER-HUB|IN-NER-HUB|IN-KER-HUB|IN-C07054-SS|IN-C10346-SS|IN-C10362-SS|IN-TAM-HUB|IN-C12348-SS|IN-C12393-SS,0|0|0|0|0|0|0|0|0|0|0|0,train
IND-S01887,high_demand,india_national_20k,IN-C12345-FD031,feeder,Tiruchirappalli,Tamil Nadu,2.6272,1.3072,1.0479,1,10,1,0,0.0,0.0,0,0,0,,,train
IND-S01888,line_outage,india_national_20k,IN-C12379-FD011,feeder,Paramagudi,Tamil Nadu,2.1311,1.25,1.0473,2,6,2,4,0.11,0.00054,95579,0,4,IN-TAM-HUB|IN-C12379-SS|IN-C12379-TR01|IN-C12379-FD011,0|0|0|0,train
IND-S01889,high_demand,india_national_20k,IN-C15562-FD021,feeder,Mathura,Uttar Pradesh,2.4648,1.5187,1.0999,0,7,6,67,10.63,0.01424,37055310,0,6,IN-C15562-SS|IN-C15637-SS|IN-C16117-SS|IN-C16601-SS|IN-C16908-SS|IN-C17262-SS|IN-C15562-TR02|IN-C15562-FD021|IN-UTT-HUB|IN-WR-HUB|IN-C01444-SS|IN-C02780-SS,0|0|0|0|0|0|0|0|0|1|1|1,train
IND-S01890,heatwave,india_national_20k,IN-C09286-GEN05,generator,Pimpri-Chinchwad,Maharashtra,2.4099,1.222,1.1144,1,44,5,36,1.34,0.00858,20457834,0,5,IN-WR-HUB|IN-MAH-HUB|IN-C09286-SS|IN-C09288-SS|IN-C09950-SS|IN-ER-HUB|IN-NER-HUB|IN-C10290-SS|IN-C10346-SS|IN-C10353-SS|IN-C10360-SS|IN-C10362-SS,0|0|0|0|0|1|1|2|2|2|2|2,train
IND-S01891,transformer_overload,india_national_20k,IN-C11561-SS,substation,Jodhpur,Rajasthan,2.5682,1.1294,1.0419,1,120,2,2,0.05,0.00024,61282,0,2,IN-C11636-SS|IN-C11701-SS,0|0,train
IND-S01892,cascade_emergency,india_national_20k,IN-C09283-SS,substation,Pune,Maharashtra,4.4142,1.5977,1.1598,4,156,3,142,12.54,0.02973,9124728,0,0,IN-TAM-HUB|IN-C12372-SS|IN-C12378-SS|IN-C12392-SS|IN-C12342-SS|IN-C12343-SS|IN-C12344-SS|IN-C12345-SS|IN-C12346-SS|IN-C12347-SS|IN-C12364-SS|IN-C12390-SS,0|0|0|0|1|1|1|1|1|1|1|1,train
IND-S01893,transformer_overload,india_national_20k,IN-C09287-FD012,feeder,Nashik,Maharashtra,2.7119,1.2261,1.0197,0,10,2,3,0.14,0.00246,1486053,0,3,IN-C09287-SS|IN-C09287-TR01|IN-C09287-FD012,0|0|0,train
IND-S01894,normal_operation,india_national_20k,IN-C12341-FD021,feeder,Coimbatore,Tamil Nadu,1.0592,0.9537,0.9933,0,10,1,0,0.0,0.0,0,0,0,,,train
IND-S01895,heatwave,india_national_20k,IN-C03830-SS,substation,Ellenabad,Haryana,3.3817,1.2464,1.0945,0,3,1,0,0.0,0.0,0,0,0,,,train
IND-S01896,transformer_overload,india_national_20k,IN-C01374-FD012,feeder,Patna,Bihar,3.875,1.0751,1.0709,1,10,1,0,0.0,0.0,0,0,0,,,val
IND-S01897,transformer_overload,india_national_20k,IN-C09328-SS,substation,Airoli,Maharashtra,2.784,1.0536,1.0241,1,50,2,2,0.13,0.00246,12691836,0,2,IN-MAH-HUB|IN-C09282-SS,0|0,train
IND-S01898,transformer_overload,india_national_20k,IN-C19453-SS,substation,Clement Town,Uttarakhand,4.6672,1.2763,1.0205,0,8,2,2,0.05,0.00023,21306,0,2,IN-C19453-SS|IN-C19553-SS,0|0,train
IND-S01899,cascade_emergency,india_national_20k,IN-C07045-FD021,feeder,Kanayannur,Kerala,4.721,1.5414,1.0578,5,8,2,7,9.14,0.00566,1509676,0,5,IN-C07045-SS|IN-C07047-SS|IN-C07291-SS|IN-C07643-SS|IN-C07045-TR02|IN-C07045-FD021|IN-C08470-SS,0|0|0|0|0|0|0,train
IND-S01900,normal_operation,india_national_20k,IN-C19731-GEN03,generator,Durgapur,West Bengal,1.035,0.9011,0.9894,0,20,1,0,0.0,0.0,0,0,0,,,val
IND-S01901,cascade_emergency,india_national_20k,IN-C12343-GEN04,generator,Madurai,Tamil Nadu,6.2866,1.5866,1.0569,4,80,6,116,11.39,0.01188,15241728,0,3,IN-SR-HUB|IN-ER-HUB|IN-ASS-HUB|IN-C01122-SS|IN-C10346-SS|IN-C10362-SS|IN-C11166-SS|IN-C11386-SS|IN-C11387-SS|IN-C11388-SS|IN-TAM-HUB|IN-C12343-SS,0|0|0|0|0|0|0|0|0|0|0|0,train
IND-S01902,cascade_emergency,india_national_20k,IN-C15550-GEN05,generator,Ghāziābād,Uttar Pradesh,6.924,1.3654,1.086,2,123,4,38,9.39,0.006,13494589,0,8,IN-NR-HUB|IN-WR-HUB|IN-NER-HUB|IN-C15550-SS|IN-C15557-SS|IN-C16428-SS|IN-C19118-SS|IN-C19203-SS|IN-UTT-HUB|IN-DEL-HUB|IN-C03058-SS|IN-C10290-SS,0|0|0|0|0|0|0|0|0|1|1|1,train
IND-S01903,normal_operation,india_national_20k,IN-C11570-FD011,feeder,Sri Ganganagar,Rajasthan,1.1227,1.0309,0.9991,0,7,1,0,0.0,0.0,0,0,0,,,train
IND-S01904,line_outage,india_national_20k,IN-C09301-FD011,feeder,Ulhasnagar,Maharashtra,1.4531,1.1877,1.0462,1,8,1,0,0.0,0.0,0,0,0,,,train
IND-S01905,transformer_overload,india_national_20k,IN-C15548-FD012,feeder,Agra,Uttar Pradesh,4.0221,1.1596,1.0578,0,10,2,3,0.17,0.0031,1430055,0,3,IN-C15548-SS|IN-C15548-TR01|IN-C15548-FD012,0|0|0,train
IND-S01906,high_demand,india_national_20k,IN-C01502-SS,substation,Nabīnagar,Bihar,2.7059,1.5269,1.0243,1,5,1,0,8.66,0.0,0,0,0,,,val
IND-S01907,heatwave,india_national_20k,IN-C11111-SS,substation,Kartārpur,Punjab,2.265,1.3118,1.1785,1,5,1,0,8.63,0.0,0,0,0,,,train
IND-S01908,transformer_overload,india_national_20k,IN-C01375-GEN02,generator,Gaya,Bihar,3.7554,1.2769,1.0446,0,38,1,0,0.0,0.0,0,0,0,,,val
IND-S01909,cascade_emergency,india_national_20k,IN-C07904-SS,substation,Bāngarda Chhota,Madhya Pradesh,6.5457,1.3349,1.1459,2,56,3,7,8.84,0.00398,2156205,0,3,IN-MAD-HUB|IN-C07857-SS|IN-C07885-SS|IN-C07944-SS|IN-C08085-SS|IN-C08275-SS|IN-C09141-SS,0|0|1|1|1|1|1,train
IND-S01910,transformer_overload,india_national_20k,IN-C07866-GEN10,generator,Ratlām,Madhya Pradesh,2.6734,1.2894,1.0069,1,46,1,0,0.0,0.0,0,0,0,,,train
IND-S01911,high_demand,india_national_20k,IN-C13099-SS,substation,Vālavandānkottai,Tamil Nadu,1.7366,1.3596,1.0235,0,5,2,4,0.1,0.00019,69644,0,4,IN-C12485-SS|IN-C12763-SS|IN-C12881-SS|IN-C14502-SS,0|0|0|0,train
IND-S01912,cascade_emergency,india_national_20k,IN-C07861-GEN05,generator,Ujjain,Madhya Pradesh,8.95,1.3379,1.101,3,49,2,4,8.61,0.00135,626324,0,3,IN-MAD-HUB|IN-C07861-SS|IN-C07885-SS|IN-C08275-SS,0|0|0|0,train
IND-S01913,high_demand,india_national_20k,IN-C15561-FD011,feeder,Muzaffarnagar,Uttar Pradesh,2.6503,1.4385,1.0322,0,7,6,24,9.1,0.00428,11933074,0,5,IN-C15561-SS|IN-C15631-SS|IN-C16190-SS|IN-C16710-SS|IN-C18426-SS|IN-C15561-TR01|IN-C15561-FD011|IN-UTT-HUB|IN-TAM-HUB|IN-C12372-SS|IN-C12378-SS|IN-C12392-SS,0|0|0|0|0|0|0|0|1|1|1|1,train
IND-S01914,normal_operation,india_national_20k,IN-C11053-FD011,feeder,Patiāla,Punjab,1.1001,0.8976,0.9917,0,8,1,0,0.0,0.0,0,0,0,,,train
IND-S01915,line_outage,india_national_20k,IN-C09290-FD012,feeder,Dombivali,Maharashtra,1.7073,1.1162,1.0069,1,9,1,0,0.0,0.0,0,0,0,,,train
IND-S01916,high_demand,india_national_20k,IN-C03059-GEN02,generator,Najafgarh,Delhi,2.1358,1.375,1.068,1,20,4,81,10.12,0.00549,8172854,0,2,IN-NR-HUB|IN-WR-HUB|IN-NER-HUB|IN-DEL-HUB|IN-C10290-SS|IN-C10346-SS|IN-C10353-SS|IN-C10360-SS|IN-C10362-SS|IN-C10384-SS|IN-NAG-HUB|IN-C10388-SS,0|0|0|0|1|1|1|1|1|1|1|1,train
IND-S01917,high_demand,india_national_20k,IN-C11560-FD022,feeder,Jaipur,Rajasthan,2.5469,1.281,1.0444,0,10,4,60,1.67,0.01201,21594957,0,4,IN-C11560-SS|IN-C11560-TR02|IN-C11560-FD022|IN-NR-HUB|IN-RAJ-HUB|IN-DEL-HUB|IN-C03058-SS|IN-C15549-SS|IN-C15550-SS|IN-C15552-SS|IN-C15553-SS|IN-C15554-SS,0|0|0|1|1|2|2|2|2|2|2|2,train
IND-S01918,line_outage,india_national_20k,IN-C07861-GEN05,generator,Ujjain,Madhya Pradesh,2.1546,1.0501,1.0379,1,49,2,2,0.04,6e-05,103501,0,2,IN-MAD-HUB|IN-C07885-SS,0|0,train
IND-S01919,transformer_overload,india_national_20k,IN-C07056-GEN12,generator,Tellicherry,Kerala,4.8771,1.0215,1.0274,1,30,1,0,0.0,0.0,0,0,0,,,train
IND-S01920,heatwave,india_national_20k,IN-C03319-FD011,feeder,Kadi,Gujarat,3.3948,1.4493,1.1946,1,5,1,0,9.02,0.0,0,0,0,,,train
IND-S01921,transformer_overload,india_national_20k,IN-C11560-GEN01,generator,Jaipur,Rajasthan,2.3326,1.2614,1.0413,0,38,2,2,0.14,0.00275,3046163,0,2,IN-RAJ-HUB|IN-C11560-SS,0|0,train
IND-S01922,transformer_overload,india_national_20k,IN-C14844-FD021,feeder,Hyderabad,Telangana,5.4809,1.1559,1.0384,0,10,3,6,0.52,0.01137,6994262,0,4,IN-TEL-HUB|IN-C14844-SS|IN-C14844-TR02|IN-C14844-FD021|IN-C15208-SS|IN-C15271-SS,0|0|0|0|1|1,train
IND-S01923,heatwave,india_national_20k,IN-TEL-HUB-GEN,generator,Telangana Hub Generation,Telangana,3.0297,1.2653,1.1699,2,92,1,0,8.51,0.0,0,0,0,,,train
IND-S01924,line_outage,india_national_20k,IN-C01119-FD021,feeder,Guwahati,Assam,1.7315,1.2317,1.0118,1,8,1,0,0.0,0.0,0,0,0,,,val
IND-S01925,normal_operation,india_national_20k,IN-C15592-FD011,feeder,Deoria,Uttar Pradesh,1.164,0.9549,1.0082,0,6,1,0,0.0,0.0,0,0,0,,,train
IND-S01926,normal_operation,india_national_20k,IN-C15808-SS,substation,Govardhan,Uttar Pradesh,1.1431,0.874,1.0192,0,5,1,0,0.0,0.0,0,0,0,,,train
IND-S01927,normal_operation,india_national_20k,IN-C11057-GEN08,generator,Mohali,Punjab,1.0344,0.9939,0.9828,0,22,1,0,0.0,0.0,0,0,0,,,train
IND-S01928,normal_operation,india_national_20k,IN-C09282-FD011,feeder,Mumbai,Maharashtra,1.1988,0.9053,1.0045,0,10,1,0,0.0,0.0,0,0,0,,,train
IND-S01929,line_outage,india_national_20k,IN-C15714-SS,substation,Jalālpur,Uttar Pradesh,1.5752,1.1665,1.057,3,9,1,0,0.0,0.0,0,0,0,,,train
IND-S01930,transformer_overload,india_national_20k,IN-C07054-GEN10,generator,Ponnāni,Kerala,3.2165,1.2429,1.0744,1,30,2,2,0.06,0.00012,105512,0,2,IN-KER-HUB|IN-C07054-SS,0|0,train
IND-S01931,high_demand,india_national_20k,IN-C11052-GEN03,generator,Jalandhar,Punjab,2.085,1.2537,1.0339,0,24,1,0,0.0,0.0,0,0,0,,,train
IND-S01932,normal_operation,india_national_20k,IN-C11565-FD021,feeder,Udaipur,Rajasthan,1.0273,0.8671,0.9953,0,8,1,0,0.0,0.0,0,0,0,,,train
IND-S01933,transformer_overload,india_national_20k,IN-C03059-GEN02,generator,Najafgarh,Delhi,2.5845,1.0769,1.0429,0,20,1,0,0.01,0.0,0,0,0,,,train
IND-S01934,heatwave,india_national_20k,IN-C17431-SS,substation,Allahdādpur,Uttar Pradesh,3.0028,1.3385,1.2071,0,12,1,0,8.79,0.0,0,0,0,,,train
IND-S01935,high_demand,india_national_20k,IN-C07861-FD011,feeder,Ujjain,Madhya Pradesh,1.9911,1.3495,1.0319,1,8,2,5,0.12,0.0002,161808,0,0,IN-C07885-SS|IN-C07944-SS|IN-C08085-SS|IN-C08275-SS|IN-C09141-SS,0|0|0|0|0,train
IND-S01936,heatwave,india_national_20k,IN-C01301-SS,substation,Uttar Krishnapur Pt III,Assam,2.8494,1.4093,1.1496,0,8,1,0,8.8,0.0,0,0,0,,,val
IND-S01937,line_outage,india_national_20k,IN-KAR-HUB-GEN,generator,Karnataka Hub Generation,Karnataka,2.4812,1.2074,1.0433,1,180,1,0,0.0,0.0,0,0,0,,,test
IND-S01938,line_outage,india_national_20k,IN-C13907-SS,substation,Amavūr,Tamil Nadu,2.1393,1.0199,1.0134,2,3,1,0,0.0,0.0,0,0,0,,,train
IND-S01939,cascade_emergency,india_national_20k,IN-C11050-FD022,feeder,Ludhiana,Punjab,6.501,1.5778,1.0724,3,10,5,115,11.68,0.01953,31966247,0,4,IN-NR-HUB|IN-WR-HUB|IN-ER-HUB|IN-NER-HUB|IN-PUN-HUB|IN-C11050-SS|IN-C11050-TR02|IN-C11050-FD022|IN-C01444-SS|IN-CHH-HUB|IN-C02530-SS|IN-C02531-SS,0|0|0|0|0|0|0|0|1|1|1|1,train
IND-S01940,high_demand,india_national_20k,IN-C03794-GEN05,generator,Karnāl,Haryana,2.9546,1.4796,1.0739,1,19,1,0,8.75,0.0,0,0,0,,,train
IND-S01941,transformer_overload,india_national_20k,IN-C09303-FD011,feeder,Jalgaon,Maharashtra,5.2903,1.2581,1.0449,0,7,2,4,0.21,0.00314,460228,0,4,IN-MAH-HUB|IN-C09303-SS|IN-C09303-TR01|IN-C09303-FD011,0|0|0|0,train
IND-S01942,high_demand,india_national_20k,IN-C09282-GEN01,generator,Mumbai,Maharashtra,2.1265,1.2756,1.0301,1,41,5,26,1.08,0.00818,20665731,0,7,IN-WR-HUB|IN-MAH-HUB|IN-C09282-SS|IN-C09285-SS|IN-C09328-SS|IN-C09548-SS|IN-C10093-SS|IN-ER-HUB|IN-NER-HUB|IN-C10346-SS|IN-C10353-SS|IN-C10360-SS,0|0|0|0|0|0|0|1|1|2|2|2,train
IND-S01943,heatwave,india_national_20k,IN-C00025-FD021,feeder,Kadapa,Andhra Pradesh,1.6046,1.4214,1.1786,2,8,2,3,9.03,0.00086,344893,0,3,IN-C00025-SS|IN-C00025-TR02|IN-C00025-FD021,0|0|0,test
IND-S01944,heatwave,india_national_20k,IN-C07874-FD011,feeder,Guna,Madhya Pradesh,2.4376,1.2876,1.1083,1,6,1,0,8.39,0.0,0,0,0,,,train
IND-S01945,normal_operation,india_national_20k,IN-C09297-FD011,feeder,Borivli,Maharashtra,1.034,0.8593,0.9857,0,7,1,0,0.0,0.0,0,0,0,,,train
IND-S01946,cascade_emergency,india_national_20k,IN-C03281-FD012,feeder,Surat,Gujarat,5.3918,1.3414,1.1456,4,10,5,59,10.19,0.015,16844983,0,4,IN-WR-HUB|IN-SR-HUB|IN-GUJ-HUB|IN-C03281-SS|IN-C03281-TR01|IN-C03281-FD012|IN-C08085-SS|IN-C09141-SS|IN-NER-HUB|IN-MAD-HUB|IN-C07885-SS|IN-C11034-SS,0|0|0|0|0|0|0|0|1|1|1|1,train
IND-S01947,high_demand,india_national_20k,IN-C00021-GEN05,generator,Nellore,Andhra Pradesh,2.926,1.5369,1.0421,1,40,3,6,8.89,0.00067,714058,0,3,IN-AND-HUB|IN-C00021-SS|IN-C00037-SS|IN-C00715-SS|IN-C00747-SS|IN-C00866-SS,0|0|1|1|1|1,test
IND-S01948,high_demand,india_national_20k,IN-C03280-GEN01,generator,Ahmedabad,Gujarat,2.3212,1.4812,1.0952,1,28,5,113,11.43,0.01653,27261969,0,3,IN-WR-HUB|IN-SR-HUB|IN-GUJ-HUB|IN-C03280-SS|IN-ER-HUB|IN-NER-HUB|IN-CHH-HUB|IN-C02530-SS|IN-C02531-SS|IN-C02533-SS|IN-KAR-HUB|IN-C05537-SS,0|0|0|0|1|1|1|1|1|1|1|1,train
IND-S01949,high_demand,india_national_20k,IN-C12340-FD022,feeder,Chennai,Tamil Nadu,1.8317,1.4387,1.0724,0,10,2,8,8.97,0.00569,4846780,0,5,IN-TAM-HUB|IN-C12340-SS|IN-C12392-SS|IN-C12427-SS|IN-C12699-SS|IN-C14244-SS|IN-C12340-TR02|IN-C12340-FD022,0|0|0|0|0|0|0|0,train
IND-S01950,heatwave,india_national_20k,IN-WES-HUB-GEN,generator,West Bengal Hub Generation,West Bengal,1.5805,1.2107,1.1003,1,44,1,0,0.0,0.0,0,0,0,,,val
IND-S01951,line_outage,india_national_20k,IN-C15553-FD021,feeder,Alīgarh,Uttar Pradesh,1.7833,1.2005,1.0226,1,8,3,5,0.16,0.00014,184108,0,1,IN-C15605-SS|IN-UTT-HUB|IN-C19438-SS|IN-C19462-SS|IN-C19475-SS,0|0|1|1|1,train
IND-S01952,transformer_overload,india_national_20k,IN-C15559-SS,substation,Modīnagar,Uttar Pradesh,4.6222,1.1053,1.0731,1,260,1,0,0.0,0.0,0,0,0,,,train
IND-S01953,transformer_overload,india_national_20k,IN-C09285-FD021,feeder,Thāne,Maharashtra,4.6988,1.1101,1.0675,1,10,1,0,0.0,0.0,0,0,0,,,train
IND-S01954,line_outage,india_national_20k,IN-C15546-FD011,feeder,Kanpur,Uttar Pradesh,1.8018,1.1243,1.0062,3,10,2,3,0.14,0.002,500,0,2,IN-C07802-SS|IN-C15546-TR01|IN-C15546-FD011,0|0|0,train
IND-S01955,high_demand,india_national_20k,IN-C03058-GEN01,generator,Delhi,Delhi,1.8355,1.4183,1.0415,0,21,4,82,10.28,0.00876,19207409,0,3,IN-NR-HUB|IN-WR-HUB|IN-NER-HUB|IN-DEL-HUB|IN-C03058-SS|IN-C10290-SS|IN-C10346-SS|IN-C10353-SS|IN-C10360-SS|IN-C10362-SS|IN-C10384-SS|IN-NAG-HUB,0|0|0|0|0|1|1|1|1|1|1|1,train
IND-S01956,high_demand,india_national_20k,IN-C12484-SS,substation,Mūkondapalli,Tamil Nadu,1.9519,1.2762,1.0592,0,10,2,3,0.07,0.00018,40245,0,3,IN-C12484-SS|IN-C13790-SS|IN-C14460-SS,0|0|0,train
IND-S01957,line_outage,india_national_20k,IN-C12343-FD012,feeder,Madurai,Tamil Nadu,2.0064,1.1345,1.0568,1,10,1,0,0.0,0.0,0,0,0,,,train
IND-S01958,normal_operation,india_national_20k,IN-C15554-FD021,feeder,Bareilly,Uttar Pradesh,1.16,0.9339,0.9861,0,8,1,0,0.0,0.0,0,0,0,,,train
IND-S01959,transformer_overload,india_national_20k,IN-C15553-GEN08,generator,Alīgarh,Uttar Pradesh,2.9348,1.2622,1.0403,0,116,3,5,0.15,0.00014,184108,0,3,IN-C15605-SS|IN-UTT-HUB|IN-C19438-SS|IN-C19462-SS|IN-C19475-SS,0|0|1|1|1,train
IND-S01960,high_demand,india_national_20k,IN-C03286-GEN07,generator,Bilimora,Gujarat,2.1426,1.5315,1.0391,0,24,5,107,11.09,0.0123,20118183,0,5,IN-WR-HUB|IN-SR-HUB|IN-ER-HUB|IN-NER-HUB|IN-GUJ-HUB|IN-C03285-SS|IN-C03287-SS|IN-C03288-SS|IN-KAR-HUB|IN-C05537-SS|IN-C05540-SS|IN-MAH-HUB,0|0|1|1|1|1|1|1|1|1|1|1,train
IND-S01961,cascade_emergency,india_national_20k,IN-C19732-GEN04,generator,Siliguri,West Bengal,4.2595,1.4594,1.0723,4,17,1,0,8.65,0.0,0,0,0,,,val
IND-S01962,transformer_overload,india_national_20k,IN-C09286-GEN05,generator,Pimpri-Chinchwad,Maharashtra,2.9393,1.2698,1.0153,1,44,5,25,0.93,0.006,9029532,0,5,IN-WR-HUB|IN-MAH-HUB|IN-C09286-SS|IN-C09288-SS|IN-C09950-SS|IN-ER-HUB|IN-NER-HUB|IN-C10346-SS|IN-C10353-SS|IN-C10360-SS|IN-C10362-SS|IN-C10384-SS,0|0|0|0|0|1|1|2|2|2|2|2,train
IND-S01963,normal_operation,india_national_20k,IN-C03281-FD032,feeder,Surat,Gujarat,1.038,0.8655,1.0147,0,10,1,0,0.0,0.0,0,0,0,,,train
IND-S01964,heatwave,india_national_20k,IN-C04731-SS,substation,Aniwās,Jammu and Kashmir,3.0665,1.2766,1.1886,0,4,1,0,8.57,0.0,0,0,0,,,train
IND-S01965,transformer_overload,india_national_20k,IN-MAH-HUB-GEN,generator,Maharashtra Hub Generation,Maharashtra,3.5264,1.0563,1.0469,1,144,5,10,0.24,0.00012,50327,0,2,IN-WR-HUB|IN-MAH-HUB|IN-ER-HUB|IN-NER-HUB|IN-C10346-SS|IN-C10360-SS|IN-C10362-SS|IN-C15523-SS|IN-C15525-SS|IN-C15543-SS,0|0|1|1|2|2|2|2|3|3,train
IND-S01966,heatwave,india_national_20k,IN-C07316-SS,substation,Kalleribhāgam,Kerala,2.5374,1.3791,1.0876,2,9,1,0,8.54,0.0,0,0,0,,,train
IND-S01967,line_outage,india_national_20k,IN-GUJ-HUB-GEN,generator,Gujarat Hub Generation,Gujarat,1.687,1.0281,1.0355,3,80,1,0,0.0,0.0,0,0,0,,,train
IND-S01968,line_outage,india_national_20k,IN-UTT-HUB-GEN,generator,Uttarakhand Hub Generation,Uttarakhand,2.1442,1.1583,1.0124,4,1,1,0,0.0,0.0,0,0,0,,,train
IND-S01969,cascade_emergency,india_national_20k,IN-C19803-SS,substation,Kālna,West Bengal,7.1509,1.5898,1.1685,5,14,4,64,10.52,0.01077,3545749,0,0,IN-C00203-SS|IN-AND-HUB|IN-C00027-SS|IN-C00011-SS|IN-C00001-TR01|IN-C00001-FD011|IN-C00020-SS|IN-C00021-SS|IN-C00023-SS|IN-C00024-SS|IN-C00025-SS|IN-C00026-SS,0|1|1|2|2|2|2|2|2|2|2|2,val
IND-S01970,line_outage,india_national_20k,IN-C00243-SS,substation,Cherlopalle,Andhra Pradesh,1.5065,1.0087,1.039,1,4,1,0,0.0,0.0,0,0,0,,,test
IND-S01971,cascade_emergency,india_national_20k,IN-C09297-SS,substation,Borivli,Maharashtra,5.3007,1.5559,1.0647,1,148,7,115,11.44,0.01379,18254377,0,6,IN-WR-HUB|IN-MAH-HUB|IN-C09295-SS|IN-C09297-SS|IN-C09475-SS|IN-ER-HUB|IN-NER-HUB|IN-CHH-HUB|IN-C02530-SS|IN-C02531-SS|IN-C02533-SS|IN-C01444-SS,0|0|0|0|0|1|1|1|1|1|1|2,train
IND-S01972,heatwave,india_national_20k,IN-C09294-FD021,feeder,Bhiwandi,Maharashtra,1.6933,1.1555,1.1562,2,7,2,3,0.14,0.00226,874032,0,3,IN-C09294-SS|IN-C09294-TR02|IN-C09294-FD021,0|0|0,train
IND-S01973,high_demand,india_national_20k,IN-C07863-GEN07,generator,Dewas,Madhya Pradesh,1.839,1.3941,1.033,0,46,1,0,8.41,0.0,0,0,0,,,train
IND-S01974,high_demand,india_national_20k,IN-C14854-FD011,feeder,Secunderabad,Telangana,2.1743,1.3336,1.0869,1,7,3,6,8.55,0.00013,206182,0,3,IN-C15208-SS|IN-C15271-SS|IN-C15287-SS|IN-C15478-SS|IN-TEL-HUB|IN-C14854-SS,0|0|0|0|1|1,train
IND-S01975,high_demand,india_national_20k,IN-C13219-SS,substation,Kannamangalam,Tamil Nadu,2.2921,1.5128,1.0382,1,9,1,0,8.67,0.0,0,0,0,,,train
IND-S01976,heatwave,india_national_20k,IN-C03059-FD022,feeder,Najafgarh,Delhi,3.1162,1.2558,1.0976,2,10,2,3,0.2,0.00248,1365000,0,3,IN-C03059-SS|IN-C03059-TR02|IN-C03059-FD022,0|0|0,train
IND-S01977,heatwave,india_national_20k,IN-C05530-SS,substation,Bengaluru,Karnataka,1.7327,1.2242,1.1098,0,191,1,0,0.01,0.0,0,0,0,,,test
IND-S01978,transformer_overload,india_national_20k,IN-C03286-GEN07,generator,Bilimora,Gujarat,2.1291,1.1791,1.0551,1,24,1,0,0.0,0.0,0,0,0,,,train
IND-S01979,high_demand,india_national_20k,IN-C10273-FD011,feeder,Imphal,Manipur,2.9491,1.3918,1.0888,1,8,2,3,8.62,5e-05,21631,0,1,IN-C10290-SS|IN-C10302-SS|IN-C10304-SS,0|0|0,train
IND-S01980,normal_operation,india_national_20k,IN-C14854-FD011,feeder,Secunderabad,Telangana,1.1169,0.9807,0.9872,0,7,1,0,0.0,0.0,0,0,0,,,train
IND-S01981,line_outage,india_national_20k,IN-C15555-FD011,feeder,Morādābād,Uttar Pradesh,1.4801,1.0,1.0155,3,8,1,0,0.01,0.0,0,0,0,,,train
IND-S01982,cascade_emergency,india_national_20k,IN-C09419-SS,substation,Pen,Maharashtra,5.9541,1.3694,1.0783,4,5,1,0,8.47,0.0,0,0,0,,,train
IND-S01983,high_demand,india_national_20k,IN-C00026-GEN10,generator,Tirupati,Andhra Pradesh,2.5564,1.402,1.0884,1,40,1,0,8.58,0.0,0,0,0,,,test
IND-S01984,high_demand,india_national_20k,IN-C00062-SS,substation,Bāpatla,Andhra Pradesh,1.8086,1.3274,1.0762,0,8,1,0,8.4,0.0,0,0,0,,,test
IND-S01985,heatwave,india_national_20k,IN-C09302-FD021,feeder,Malegaon,Maharashtra,2.1548,1.1811,1.1084,1,7,1,0,0.0,0.0,0,0,0,,,train
IND-S01986,line_outage,india_national_20k,IN-C09290-GEN09,generator,Dombivali,Maharashtra,2.4202,1.0719,1.04,1,40,5,14,0.41,0.00239,3105955,0,5,IN-WR-HUB|IN-MAH-HUB|IN-C09289-SS|IN-C09290-SS|IN-C09301-SS|IN-C09473-SS|IN-ER-HUB|IN-NER-HUB|IN-C10346-SS|IN-C10360-SS|IN-C10362-SS|IN-C15523-SS,0|0|0|0|0|0|1|1|2|2|2|2,train
IND-S01987,heatwave,india_national_20k,IN-C00376-SS,substation,Adivibūdugūru,Andhra Pradesh,2.8118,1.199,1.1052,0,8,1,0,0.0,0.0,0,0,0,,,test
IND-S01988,high_demand,india_national_20k,IN-C07049-GEN05,generator,Kollam,Kerala,2.207,1.3427,1.0963,0,31,2,2,8.53,0.00032,367107,0,2,IN-KER-HUB|IN-C07049-SS,0|0,train
IND-S01989,high_demand,india_national_20k,IN-C18028-SS,substation,Amwār,Uttar Pradesh,2.4963,1.3468,1.0642,0,6,1,0,8.4,0.0,0,0,0,,,train
IND-S01990,normal_operation,india_national_20k,IN-C09288-GEN07,generator,Pimpri,Maharashtra,1.0863,1.0016,1.0139,0,44,1,0,0.0,0.0,0,0,0,,,train
IND-S01991,transformer_overload,india_national_20k,IN-C01384-FD011,feeder,Munger,Bihar,3.5622,1.1602,1.0301,1,7,1,0,0.0,0.0,0,0,0,,,val
IND-S01992,line_outage,india_national_20k,IN-UTT-HUB-GEN,generator,Uttarakhand Hub Generation,Uttarakhand,1.7322,1.0247,1.0181,3,1,1,0,0.0,0.0,0,0,0,,,train
IND-S01993,transformer_overload,india_national_20k,IN-C12370-FD011,feeder,Tiruvannamalai,Tamil Nadu,5.7605,1.1051,1.0156,0,6,2,4,0.15,0.00206,145278,0,4,IN-TAM-HUB|IN-C12370-SS|IN-C12370-TR01|IN-C12370-FD011,0|0|0|0,train
IND-S01994,line_outage,india_national_20k,IN-C07188-SS,substation,Elūr,Kerala,2.487,1.1392,1.0408,3,3,2,1,0.02,4e-05,18258,0,0,IN-C12721-SS,0,train
IND-S01995,high_demand,india_national_20k,IN-C07857-FD012,feeder,Indore,Madhya Pradesh,2.1335,1.5438,1.0423,0,10,3,11,9.09,0.00335,2671920,0,4,IN-MAD-HUB|IN-C07857-SS|IN-C07857-TR01|IN-C07857-FD012|IN-C07861-SS|IN-C07885-SS|IN-C07944-SS|IN-C08085-SS|IN-C08275-SS|IN-C09141-SS|IN-C09182-SS,0|0|0|0|1|1|1|1|1|1|1,train
IND-S01996,transformer_overload,india_national_20k,IN-C03281-FD022,feeder,Surat,Gujarat,4.4139,1.2253,1.0509,0,10,2,4,0.42,0.00964,4591246,0,4,IN-GUJ-HUB|IN-C03281-SS|IN-C03281-TR02|IN-C03281-FD022,0|0|0|0,train
IND-S01997,transformer_overload,india_national_20k,IN-C01119-GEN01,generator,Guwahati,Assam,3.8811,1.1513,1.0617,0,18,1,0,0.0,0.0,0,0,0,,,val
IND-S01998,cascade_emergency,india_national_20k,IN-C12351-GEN12,generator,Thoothukudi,Tamil Nadu,5.8294,1.4897,1.1471,4,73,6,104,11.39,0.01631,40365213,0,2,IN-SR-HUB|IN-ER-HUB|IN-C10346-SS|IN-C10362-SS|IN-TAM-HUB|IN-C15556-SS|IN-UTT-HUB|IN-WES-HUB|IN-WR-HUB|IN-C01444-SS|IN-C01445-SS|IN-CHH-HUB,0|0|0|0|0|0|0|0|1|1|1|1,train
IND-S01999,heatwave,india_national_20k,IN-C15549-GEN04,generator,Meerut,Uttar Pradesh,3.3385,1.1971,1.1086,1,119,3,5,0.2,0.00148,1307830,0,3,IN-C15549-SS|IN-UTT-HUB|IN-C19438-SS|IN-C19462-SS|IN-C19475-SS,0|0|1|1|1,train
IND-S02000,heatwave,india_national_20k,IN-C11560-SS,substation,Jaipur,Rajasthan,3.3102,1.2441,1.1987,1,127,2,2,8.76,0.00593,3046163,0,2,IN-RAJ-HUB|IN-C11560-SS,0|0,train
IND-S02001,transformer_overload,india_national_20k,IN-C03058-FD012,feeder,Delhi,Delhi,4.8109,1.0475,1.0635,0,10,2,4,0.44,0.01029,11034555,0,4,IN-DEL-HUB|IN-C03058-SS|IN-C03058-TR01|IN-C03058-FD012,0|0|0|0,train
IND-S02002,line_outage,india_national_20k,IN-C04825-FD011,feeder,Bokāro,Jharkhand,2.479,1.2167,1.0467,3,8,3,6,0.19,0.00209,713818,0,6,IN-C04825-SS|IN-C04957-SS|IN-C04825-TR01|IN-C04825-FD011|IN-JHA-HUB|IN-C04831-SS,0|0|0|0|1|1,train
IND-S02003,high_demand,india_national_20k,IN-C09316-FD011,feeder,Badlapur,Maharashtra,1.9106,1.3345,1.079,1,4,1,0,8.41,0.0,0,0,0,,,train
IND-S02004,transformer_overload,india_national_20k,IN-C12344-FD012,feeder,Tirunelveli,Tamil Nadu,5.8108,1.1318,1.0078,1,10,1,0,0.0,0.0,0,0,0,,,train
IND-S02005,normal_operation,india_national_20k,IN-TAM-HUB-GEN,generator,Tamil Nadu Hub Generation,Tamil Nadu,1.1051,0.9479,1.0028,0,260,1,0,0.0,0.0,0,0,0,,,train
IND-S02006,line_outage,india_national_20k,IN-C05557-FD011,feeder,Ranebennur,Karnataka,1.566,1.1246,1.0537,3,6,2,3,0.08,0.00046,106406,0,3,IN-C05557-SS|IN-C05557-TR01|IN-C05557-FD011,0|0|0,test
IND-S02007,line_outage,india_national_20k,IN-C03059-FD031,feeder,Najafgarh,Delhi,2.189,1.031,1.0399,1,10,1,0,0.0,0.0,0,0,0,,,train
IND-S02008,transformer_overload,india_national_20k,IN-C09282-FD032,feeder,Mumbai,Maharashtra,2.8,1.2191,1.0759,0,10,2,8,0.46,0.00822,14653824,0,6,IN-MAH-HUB|IN-C09282-SS|IN-C09285-SS|IN-C09328-SS|IN-C09548-SS|IN-C10093-SS|IN-C09282-TR03|IN-C09282-FD032,0|0|0|0|0|0|0|0,train
IND-S02009,cascade_emergency,india_national_20k,IN-C05567-FD011,feeder,Yadgir,Karnataka,6.7892,1.5105,1.0759,2,5,1,0,8.8,0.0,0,0,0,,,test
IND-S02010,high_demand,india_national_20k,IN-C07871-FD011,feeder,Khandwa,Madhya Pradesh,2.8375,1.3322,1.0939,0,6,2,4,8.58,0.00146,200738,0,4,IN-MAD-HUB|IN-C07871-SS|IN-C07871-TR01|IN-C07871-FD011,0|0|0|0,train
IND-S02011,transformer_overload,india_national_20k,IN-C11234-SS,substation,Badhni Kalān,Punjab,3.2312,1.0545,1.0075,0,8,2,1,0.02,0.00011,25206,0,1,IN-C11116-SS,0,train
IND-S02012,transformer_overload,india_national_20k,IN-C10390-SS,substation,Wokha,Nagaland,5.9177,1.0948,1.0028,1,30,2,8,0.19,0.00096,204698,0,8,IN-NAG-HUB|IN-C10389-SS|IN-C10390-SS|IN-C10393-SS|IN-C10397-SS|IN-C10405-SS|IN-C10407-SS|IN-C10423-SS,0|0|0|0|0|0|0|0,val
IND-S02013,normal_operation,india_national_20k,IN-C09712-SS,substation,Kolki,Maharashtra,1.1489,0.9093,0.9858,0,9,1,0,0.0,0.0,0,0,0,,,train
IND-S02014,high_demand,india_national_20k,IN-C06318-SS,substation,Allikuntakadirenahalli,Karnataka,2.3628,1.5301,1.0433,0,49,2,2,8.8,0.00015,162230,0,2,IN-KAR-HUB|IN-C05548-SS,0|0,test
IND-S02015,line_outage,india_national_20k,IN-C14847-FD021,feeder,Kukatpally,Telangana,2.0992,1.2254,1.0464,4,8,2,5,0.14,0.00105,342709,0,4,IN-C14847-SS|IN-C15208-SS|IN-C15271-SS|IN-C14847-TR02|IN-C14847-FD021,0|0|0|0|0,train
IND-S02016,high_demand,india_national_20k,IN-C07056-GEN12,generator,Tellicherry,Kerala,2.7428,1.3209,1.0325,1,30,1,0,0.0,0.0,0,0,0,,,train
IND-S02017,transformer_overload,india_national_20k,IN-C11605-FD011,feeder,Bāri,Rajasthan,2.9241,1.1969,1.0411,0,5,1,0,0.0,0.0,0,0,0,,,train
IND-S02018,transformer_overload,india_national_20k,IN-C04488-FD011,feeder,Udhampur,Jammu and Kashmir,4.0869,1.2199,1.0319,1,7,1,0,0.0,0.0,0,0,0,,,train
IND-S02019,transformer_overload,india_national_20k,IN-C01382-GEN09,generator,Begusarai,Bihar,2.1006,1.2919,1.0077,0,38,1,0,0.0,0.0,0,0,0,,,val
IND-S02020,transformer_overload,india_national_20k,IN-C15549-FD022,feeder,Meerut,Uttar Pradesh,4.654,1.1308,1.0519,0,10,2,3,0.16,0.00296,1223184,0,3,IN-C15549-SS|IN-C15549-TR02|IN-C15549-FD022,0|0|0,train
IND-S02021,normal_operation,india_national_20k,IN-C03792-GEN03,generator,Rohtak,Haryana,1.1721,1.0061,1.0198,0,19,1,0,0.0,0.0,0,0,0,,,train
IND-S02022,transformer_overload,india_national_20k,IN-C19731-SS,substation,Durgapur,West Bengal,3.3748,1.2145,1.0706,1,54,2,6,0.18,0.00154,1331410,0,6,IN-C19731-SS|IN-C19733-SS|IN-C19755-SS|IN-C19766-SS|IN-C19864-SS|IN-C19963-SS,0|0|0|0|0|0,val
IND-S02023,transformer_overload,india_national_20k,IN-C10424-FD011,feeder,Nowrangapur,Odisha,5.3753,1.0237,1.0681,0,10,2,4,0.19,0.0033,1220946,0,4,IN-ODI-HUB|IN-C10424-SS|IN-C10424-TR01|IN-C10424-FD011,0|0|0|0,train
IND-S02024,line_outage,india_national_20k,IN-C07858-FD022,feeder,Bhopal,Madhya Pradesh,1.6418,1.2734,1.0078,3,10,2,2,0.1,0.00116,0,0,2,IN-C07858-TR02|IN-C07858-FD022,0|0,train
IND-S02025,heatwave,india_national_20k,IN-C03792-FD021,feeder,Rohtak,Haryana,2.0956,1.2645,1.1368,1,8,1,0,8.4,0.0,0,0,0,,,train
IND-S02026,high_demand,india_national_20k,IN-C07860-GEN04,generator,Gwalior,Madhya Pradesh,2.5792,1.3874,1.0303,1,51,2,2,8.47,0.00102,1054420,0,2,IN-MAD-HUB|IN-C07860-SS,0|0,train
IND-S02027,normal_operation,india_national_20k,IN-C05573-FD011,feeder,Jamkhandi,Karnataka,1.1206,0.877,1.002,0,4,1,0,0.0,0.0,0,0,0,,,test
IND-S02028,transformer_overload,india_national_20k,IN-C12612-SS,substation,Kaikalapettai,Tamil Nadu,2.1131,1.1407,1.0042,1,8,1,0,0.0,0.0,0,0,0,,,train
IND-S02029,normal_operation,india_national_20k,IN-C09282-FD022,feeder,Mumbai,Maharashtra,1.1534,0.87,1.0094,0,10,1,0,0.0,0.0,0,0,0,,,train
IND-S02030,high_demand,india_national_20k,IN-C09294-FD021,feeder,Bhiwandi,Maharashtra,2.3992,1.3508,1.0768,1,7,1,0,8.44,0.0,0,0,0,,,train
IND-S02031,heatwave,india_national_20k,IN-C04822-FD011,feeder,Jamshedpur,Jharkhand,2.8078,1.1944,1.1494,2,10,2,7,0.24,0.00254,1620349,0,6,IN-C00203-SS|IN-JHA-HUB|IN-C04822-SS|IN-C04826-SS|IN-C04854-SS|IN-C04822-TR01|IN-C04822-FD011,0|0|0|0|0|0|0,train
IND-S02032,high_demand,india_national_20k,IN-C15551-FD012,feeder,Varanasi,Uttar Pradesh,1.5735,1.4176,1.0709,0,10,2,3,8.64,0.00141,1164404,0,3,IN-C15551-SS|IN-C15551-TR01|IN-C15551-FD012,0|0|0,train
IND-S02033,cascade_emergency,india_national_20k,IN-C11567-FD021,feeder,Alwar,Rajasthan,4.5152,1.344,1.1326,1,8,2,2,8.61,0.00019,322568,0,2,IN-RAJ-HUB|IN-C11567-SS,0|0,train
IND-S02034,cascade_emergency,india_national_20k,IN-C15552-GEN07,generator,Prayagraj,Uttar Pradesh,8.7433,1.3879,1.1432,2,119,4,38,9.67,0.00742,15434839,0,5,IN-NR-HUB|IN-WR-HUB|IN-NER-HUB|IN-C15552-SS|IN-UTT-HUB|IN-C01444-SS|IN-DEL-HUB|IN-C03058-SS|IN-MAH-HUB|IN-C09291-SS|IN-C09292-SS|IN-C10290-SS,0|0|0|0|0|1|1|1|1|1|1|1,train
IND-S02035,transformer_overload,india_national_20k,IN-C03282-GEN03,generator,Vadodara,Gujarat,3.4832,1.2859,1.0676,0,29,2,2,0.15,0.00214,1822221,0,2,IN-GUJ-HUB|IN-C03282-SS,0|0,train
IND-S02036,transformer_overload,india_national_20k,IN-C09282-GEN01,generator,Mumbai,Maharashtra,2.7691,1.0832,1.0052,1,41,5,15,0.52,0.0055,14704151,0,7,IN-WR-HUB|IN-MAH-HUB|IN-C09282-SS|IN-C09285-SS|IN-C09328-SS|IN-C09548-SS|IN-C10093-SS|IN-ER-HUB|IN-NER-HUB|IN-C10346-SS|IN-C10360-SS|IN-C10362-SS,0|0|0|0|0|0|0|1|1|2|2|2,train
IND-S02037,high_demand,india_national_20k,IN-C15646-SS,substation,Obra,Uttar Pradesh,2.8073,1.298,1.0794,1,9,3,10,0.39,0.0005,205169,0,4,IN-C15633-SS|IN-C15646-SS|IN-C16401-SS|IN-C17666-SS|IN-C17670-SS|IN-C19007-SS|IN-UTT-HUB|IN-C19438-SS|IN-C19462-SS|IN-C19475-SS,0|0|0|0|0|0|0|1|1|1,train
IND-S02038,line_outage,india_national_20k,IN-C09306-FD021,feeder,Dhule,Maharashtra,1.2643,1.047,1.0163,1,6,1,0,0.0,0.0,0,0,0,,,train
IND-S02039,transformer_overload,india_national_20k,IN-UTT-HUB-GEN,generator,Uttarakhand Hub Generation,Uttarakhand,3.1533,1.1504,1.0797,1,1,1,0,0.0,0.0,0,0,0,,,train
IND-S02040,line_outage,india_national_20k,IN-C15556-GEN11,generator,Gorakhpur,Uttar Pradesh,1.4892,1.0539,1.0321,3,116,1,0,0.0,0.0,0,0,0,,,train
IND-S02041,high_demand,india_national_20k,IN-C14386-SS,substation,Arakka Samastharam,Tamil Nadu,2.9579,1.2937,1.0397,1,5,1,0,0.0,0.0,0,0,0,,,train
IND-S02042,high_demand,india_national_20k,IN-C00019-GEN03,generator,Visakhapatnam,Andhra Pradesh,1.616,1.4856,1.0654,0,47,4,6,8.84,0.00025,425381,0,3,IN-C00028-SS|IN-AND-HUB|IN-C00037-SS|IN-C00715-SS|IN-C00747-SS|IN-C00866-SS,0|1|2|2|2|2,test
IND-S02043,cascade_emergency,india_national_20k,IN-C03790-GEN01,generator,Faridabad,Haryana,4.8022,1.4841,1.1647,3,24,6,162,12.45,0.01654,22999738,0,2,IN-WR-HUB|IN-SR-HUB|IN-ER-HUB|IN-NER-HUB|IN-HAR-HUB|IN-C03790-SS|IN-C10346-SS|IN-WES-HUB|IN-C01444-SS|IN-C01445-SS|IN-C01481-SS|IN-CHH-HUB,0|0|0|0|0|0|0|0|1|1|1|1,train
IND-S02044,transformer_overload,india_national_20k,IN-C15613-FD011,feeder,Bijnor,Uttar Pradesh,2.4719,1.0073,1.062,0,6,2,3,0.08,0.00054,84593,0,3,IN-C15613-SS|IN-C15613-TR01|IN-C15613-FD011,0|0|0,train
IND-S02045,line_outage,india_national_20k,IN-C08167-SS,substation,Shamsābād,Madhya Pradesh,2.2398,1.054,1.039,3,5,1,0,0.0,0.0,0,0,0,,,train
IND-S02046,transformer_overload,india_national_20k,IN-C15547-FD032,feeder,Lucknow,Uttar Pradesh,5.6761,1.2547,1.0258,1,10,1,0,0.0,0.0,0,0,0,,,train
IND-S02047,transformer_overload,india_national_20k,IN-C15575-FD011,feeder,Bulandshahr,Uttar Pradesh,3.8118,1.2123,1.0662,0,6,3,15,0.4,0.0021,465546,0,6,IN-C15575-SS|IN-C15602-SS|IN-C15626-SS|IN-C16246-SS|IN-C16542-SS|IN-C16864-SS|IN-C17199-SS|IN-C17569-SS|IN-C18087-SS|IN-C15575-TR01|IN-C15575-FD011|IN-UTT-HUB,0|0|0|0|0|0|0|0|0|0|0|0,train
IND-S02048,normal_operation,india_national_20k,IN-C11053-GEN04,generator,Patiāla,Punjab,1.118,0.904,1.0034,0,23,1,0,0.0,0.0,0,0,0,,,train
IND-S02049,heatwave,india_national_20k,IN-C07146-SS,substation,Malayinkeezhu,Kerala,1.9846,1.3675,1.19,0,6,1,0,8.81,0.0,0,0,0,,,train
IND-S02050,cascade_emergency,india_national_20k,IN-C03059-GEN02,generator,Najafgarh,Delhi,8.4463,1.5295,1.1412,2,20,6,117,11.72,0.01882,28063254,0,3,IN-NR-HUB|IN-WR-HUB|IN-SR-HUB|IN-ER-HUB|IN-NER-HUB|IN-DEL-HUB|IN-C03059-SS|IN-KER-HUB|IN-C07054-SS|IN-MAH-HUB|IN-C09292-SS|IN-C10346-SS,0|0|0|0|0|0|0|0|0|0|0|0,train
IND-S02051,line_outage,india_national_20k,IN-C04832-GEN11,generator,Giridih,Jharkhand,1.5768,1.2781,1.0092,1,28,1,0,0.0,0.0,0,0,0,,,train
IND-S02052,line_outage,india_national_20k,IN-C15643-SS,substation,Chhibrāmau,Uttar Pradesh,1.5687,1.1902,1.0334,4,5,1,0,0.0,0.0,0,0,0,,,train
IND-S02053,normal_operation,india_national_20k,IN-C11614-SS,substation,Sri Dūngargarh,Rajasthan,1.0121,0.8654,1.0039,0,6,1,0,0.0,0.0,0,0,0,,,train
IND-S02054,high_demand,india_national_20k,IN-C10394-SS,substation,Mon,Nagaland,2.2105,1.4727,1.0994,1,8,2,19,9.15,0.00048,167932,0,6,IN-NAG-HUB|IN-C10390-SS|IN-C10391-SS|IN-C10394-SS|IN-C10401-SS|IN-C10402-SS|IN-C10403-SS|IN-C10404-SS|IN-C10405-SS|IN-C10407-SS|IN-C10408-SS|IN-C10410-SS,0|0|0|0|0|0|0|0|0|0|0|0,val
IND-S02055,transformer_overload,india_national_20k,IN-C05553-FD011,feeder,Chikmagalūr,Karnataka,5.0531,1.1044,1.0541,0,6,2,4,0.13,0.00152,121484,0,4,IN-KAR-HUB|IN-C05553-SS|IN-C05553-TR01|IN-C05553-FD011,0|0|0|0,test
IND-S02056,line_outage,india_national_20k,IN-C11469-SS,substation,Amrāla,Punjab,2.2777,1.1542,1.0285,2,4,1,0,0.0,0.0,0,0,0,,,train
IND-S02057,transformer_overload,india_national_20k,IN-C15754-SS,substation,Kithor,Uttar Pradesh,3.5555,1.0387,1.0192,1,11,1,0,0.0,0.0,0,0,0,,,train
IND-S02058,cascade_emergency,india_national_20k,IN-C06084-SS,substation,Agrahārahalli,Karnataka,5.3219,1.422,1.1758,4,4,2,2,8.99,0.00061,1027264,0,0,IN-CHH-HUB|IN-C02525-SS,0|0,test
IND-S02059,heatwave,india_national_20k,IN-C09287-FD012,feeder,Nashik,Maharashtra,2.9637,1.3251,1.1082,1,10,1,0,8.47,0.0,0,0,0,,,train
IND-S02060,line_outage,india_national_20k,IN-C01123-GEN05,generator,Nagaon,Assam,1.7135,1.2487,1.0507,1,15,1,0,0.0,0.0,0,0,0,,,val
IND-S02061,normal_operation,india_national_20k,IN-C01501-SS,substation,Mahārājgani,Bihar,1.134,0.95,0.986,0,9,1,0,0.0,0.0,0,0,0,,,val
IND-S02062,heatwave,india_national_20k,IN-C03286-GEN07,generator,Bilimora,Gujarat,1.6563,1.3749,1.1651,2,24,1,0,8.77,0.0,0,0,0,,,train
IND-S02063,cascade_emergency,india_national_20k,IN-C00065-FD011,feeder,Palāsa,Andhra Pradesh,7.1384,1.3655,1.1116,4,5,1,0,8.56,0.0,0,0,0,,,test
IND-S02064,line_outage,india_national_20k,IN-C15563-FD011,feeder,Shāhjānpur,Uttar Pradesh,1.6611,1.2519,1.0327,1,7,1,0,0.0,0.0,0,0,0,,,train
IND-S02065,heatwave,india_national_20k,IN-TAM-HUB-GEN,generator,Tamil Nadu Hub Generation,Tamil Nadu,2.4654,1.2776,1.1608,1,260,5,35,9.23,0.0022,2670388,0,11,IN-SR-HUB|IN-NER-HUB|IN-C11034-SS|IN-C11047-SS|IN-TAM-HUB|IN-C12345-SS|IN-C12347-SS|IN-C12390-SS|IN-C12393-SS|IN-C12401-SS|IN-C12469-SS|IN-C12474-SS,0|1|1|1|1|1|1|1|1|1|1|1,train
IND-S02066,high_demand,india_national_20k,IN-C07858-GEN02,generator,Bhopal,Madhya Pradesh,2.6365,1.3699,1.0562,1,52,2,10,8.69,0.00221,2219224,0,7,IN-MAD-HUB|IN-C07858-SS|IN-C07882-SS|IN-C07888-SS|IN-C07892-SS|IN-C07908-SS|IN-C08007-SS|IN-C08067-SS|IN-C08104-SS|IN-C08742-SS,0|0|0|0|0|0|0|0|0|0,train
IND-S02067,cascade_emergency,india_national_20k,IN-C04488-GEN05,generator,Udhampur,Jammu and Kashmir,5.1598,1.3531,1.1396,4,16,3,3,8.68,5e-05,19534,0,0,IN-C07848-SS|IN-C07850-SS|IN-C07856-SS,0|1|1,train
IND-S02068,line_outage,india_national_20k,IN-C11427-SS,substation,Allāhdīnpur,Punjab,1.3463,1.0324,1.004,4,7,1,0,0.0,0.0,0,0,0,,,train
IND-S02069,normal_operation,india_national_20k,IN-C07170-SS,substation,Kuruvattūr,Kerala,1.0238,0.8757,0.9802,0,5,1,0,0.0,0.0,0,0,0,,,train
IND-S02070,high_demand,india_national_20k,IN-C15557-GEN12,generator,Loni,Uttar Pradesh,2.4323,1.2789,1.0992,0,117,1,0,8.25,0.0,0,0,0,,,train
IND-S02071,cascade_emergency,india_national_20k,IN-C09282-FD021,feeder,Mumbai,Maharashtra,4.5393,1.5162,1.175,1,10,1,0,9.02,0.0,0,0,0,,,train
IND-S02072,high_demand,india_national_20k,IN-C11050-FD032,feeder,Ludhiana,Punjab,2.9669,1.2719,1.032,1,10,1,0,0.0,0.0,0,0,0,,,train
IND-S02073,cascade_emergency,india_national_20k,IN-C03058-GEN01,generator,Delhi,Delhi,5.9165,1.3844,1.0816,5,21,4,85,10.61,0.01575,24843642,0,3,IN-NR-HUB|IN-WR-HUB|IN-SR-HUB|IN-ER-HUB|IN-NER-HUB|IN-DEL-HUB|IN-C03058-SS|IN-C10362-SS|IN-C10290-SS|IN-C10343-SS|IN-NAG-HUB|IN-C10388-SS,0|0|0|0|0|0|0|0|1|1|1|1,train
IND-S02074,cascade_emergency,india_national_20k,IN-C10426-GEN03,generator,Cuttack,Odisha,8.806,1.405,1.0503,1,25,2,2,8.58,0.00148,610189,0,2,IN-ODI-HUB|IN-C10426-SS,0|0,train
IND-S02075,cascade_emergency,india_national_20k,IN-C01125-FD011,feeder,Tezpur,Assam,7.1268,1.4983,1.0689,4,5,1,0,8.74,0.0,0,0,0,,,val
IND-S02076,line_outage,india_national_20k,IN-C12350-GEN11,generator,Ambattur,Tamil Nadu,2.1398,1.2981,1.0263,4,73,2,3,0.09,0.00045,552400,0,3,IN-TAM-HUB|IN-C12350-SS|IN-C12392-SS,0|0|0,train
IND-S02077,heatwave,india_national_20k,IN-C07324-SS,substation,Chelora,Kerala,1.7617,1.4087,1.1959,1,4,1,0,8.95,0.0,0,0,0,,,train
IND-S02078,line_outage,india_national_20k,IN-C12481-SS,substation,Bhavāni,Tamil Nadu,1.8401,1.2283,1.0234,2,7,1,0,0.0,0.0,0,0,0,,,train
IND-S02079,transformer_overload,india_national_20k,IN-C12350-GEN11,generator,Ambattur,Tamil Nadu,3.5263,1.0105,1.0134,0,73,2,2,0.05,5e-05,86195,0,2,IN-TAM-HUB|IN-C12392-SS,0|0,train
IND-S02080,line_outage,india_national_20k,IN-C12340-FD032,feeder,Chennai,Tamil Nadu,1.6725,1.2236,1.0515,2,10,2,4,0.19,0.00279,86195,0,3,IN-TAM-HUB|IN-C12392-SS|IN-C12340-TR03|IN-C12340-FD032,0|0|0|0,train
IND-S02081,transformer_overload,india_national_20k,IN-C07868-FD011,feeder,Murwāra,Madhya Pradesh,2.3902,1.0158,1.0052,1,7,1,0,0.0,0.0,0,0,0,,,train
IND-S02082,cascade_emergency,india_national_20k,IN-C09287-GEN06,generator,Nashik,Maharashtra,8.7369,1.4614,1.1317,1,41,4,109,11.23,0.01099,12712657,0,3,IN-WR-HUB|IN-SR-HUB|IN-ER-HUB|IN-NER-HUB|IN-MAH-HUB|IN-C09287-SS|IN-C10346-SS|IN-C10362-SS|IN-WES-HUB|IN-C01444-SS|IN-CHH-HUB|IN-C02530-SS,0|0|0|0|0|0|0|0|0|1|1|1,train
IND-S02083,transformer_overload,india_national_20k,IN-C09286-GEN05,generator,Pimpri-Chinchwad,Maharashtra,3.5412,1.2794,1.0747,1,44,5,37,1.45,0.00912,20490568,0,5,IN-WR-HUB|IN-MAH-HUB|IN-C09286-SS|IN-C09288-SS|IN-C09950-SS|IN-ER-HUB|IN-NER-HUB|IN-C10290-SS|IN-C10346-SS|IN-C10353-SS|IN-C10360-SS|IN-C10362-SS,0|0|0|0|0|1|1|2|2|2|2|2,train
IND-S02084,high_demand,india_national_20k,IN-C11695-SS,substation,Kūmher,Rajasthan,2.3438,1.2873,1.0723,0,10,1,0,0.0,0.0,0,0,0,,,train
IND-S02085,heatwave,india_national_20k,IN-C07051-SS,substation,Alappuzha,Kerala,2.5291,1.1849,1.2103,0,108,1,0,8.4,0.0,0,0,0,,,train
IND-S02086,transformer_overload,india_national_20k,IN-C05745-SS,substation,Saligram,Karnataka,5.3032,1.2102,1.0006,0,4,1,0,0.0,0.0,0,0,0,,,test
IND-S02087,transformer_overload,india_national_20k,IN-C12392-FD011,feeder,Maduravoyal,Tamil Nadu,3.6153,1.0079,1.0771,0,7,3,6,0.24,0.00352,5233487,0,5,IN-C12392-SS|IN-C12392-TR01|IN-C12392-FD011|IN-TAM-HUB|IN-C12340-SS|IN-C12350-SS,0|0|0|1|1|1,train
IND-S02088,line_outage,india_national_20k,IN-HAR-HUB-GEN,generator,Haryana Hub Generation,Haryana,2.1587,1.233,1.0238,1,60,1,0,0.0,0.0,0,0,0,,,train
IND-S02089,high_demand,india_national_20k,IN-C15547-GEN02,generator,Lucknow,Uttar Pradesh,2.7222,1.3745,1.0553,0,120,4,27,9.11,0.00546,13886388,0,4,IN-NR-HUB|IN-NER-HUB|IN-C15547-SS|IN-UTT-HUB|IN-DEL-HUB|IN-C03058-SS|IN-C10290-SS|IN-C10346-SS|IN-C10353-SS|IN-C10360-SS|IN-C10362-SS|IN-C10384-SS,0|0|0|0|1|1|1|1|1|1|1|1,train
IND-S02090,normal_operation,india_national_20k,IN-C00022-FD021,feeder,Kurnool,Andhra Pradesh,1.0412,1.0155,0.9861,0,8,1,0,0.0,0.0,0,0,0,,,test
IND-S02091,transformer_overload,india_national_20k,IN-C11058-GEN09,generator,Moga,Punjab,2.737,1.0909,1.0374,1,22,1,0,0.0,0.0,0,0,0,,,train
IND-S02092,transformer_overload,india_national_20k,IN-C19732-GEN04,generator,Siliguri,West Bengal,2.6538,1.255,1.0376,1,17,1,0,0.0,0.0,0,0,0,,,val
IND-S02093,normal_operation,india_national_20k,IN-C09292-FD021,feeder,Aurangabad,Maharashtra,1.0707,0.8969,1.0184,0,10,1,0,0.0,0.0,0,0,0,,,train
IND-S02094,line_outage,india_national_20k,IN-C15556-GEN11,generator,Gorakhpur,Uttar Pradesh,1.4132,1.055,1.0358,1,116,1,0,0.0,0.0,0,0,0,,,train
IND-S02095,transformer_overload,india_national_20k,IN-C03282-FD032,feeder,Vadodara,Gujarat,2.3787,1.0229,1.0603,1,10,1,0,0.0,0.0,0,0,0,,,train
IND-S02096,cascade_emergency,india_national_20k,IN-C03282-FD021,feeder,Vadodara,Gujarat,5.7722,1.4125,1.115,2,10,2,4,8.9,0.0052,1822221,0,4,IN-GUJ-HUB|IN-C03282-SS|IN-C03282-TR02|IN-C03282-FD021,0|0|0|0,train
IND-S02097,normal_operation,india_national_20k,IN-C07859-FD032,feeder,Jabalpur,Madhya Pradesh,1.1656,0.85,1.0013,0,10,1,0,0.0,0.0,0,0,0,,,train
IND-S02098,transformer_overload,india_national_20k,IN-C07862-FD021,feeder,Punāsa,Madhya Pradesh,3.6812,1.1175,1.0714,1,8,1,0,0.0,0.0,0,0,0,,,train
IND-S02099,high_demand,india_national_20k,IN-C15630-FD011,feeder,Bīsalpur,Uttar Pradesh,2.5901,1.3553,1.0595,1,6,1,0,8.4,0.0,0,0,0,,,train
IND-S02100,cascade_emergency,india_national_20k,IN-C03284-FD011,feeder,Bhavnagar,Gujarat,8.6821,1.4741,1.1295,2,8,5,129,11.91,0.01982,21713400,0,4,IN-WR-HUB|IN-SR-HUB|IN-ER-HUB|IN-GUJ-HUB|IN-C03284-SS|IN-C03284-TR01|IN-C03284-FD011|IN-C10323-SS|IN-ASS-HUB|IN-C01120-SS|IN-C01122-SS|IN-C01444-SS,0|0|0|0|0|0|0|0|1|1|1|1,train
IND-S02101,high_demand,india_national_20k,IN-C11567-FD011,feeder,Alwar,Rajasthan,1.8212,1.4247,1.0484,1,8,2,2,8.56,0.00019,322568,0,2,IN-RAJ-HUB|IN-C11567-SS,0|0,train
IND-S02102,high_demand,india_national_20k,IN-C09288-GEN07,generator,Pimpri,Maharashtra,1.7695,1.4704,1.0566,1,44,5,55,9.85,0.0057,15002368,0,5,IN-WR-HUB|IN-SR-HUB|IN-MAH-HUB|IN-C09286-SS|IN-C09288-SS|IN-C09950-SS|IN-NER-HUB|IN-C11034-SS|IN-C11047-SS|IN-C01444-SS|IN-C10290-SS|IN-C10346-SS,0|0|0|0|0|0|1|1|1|2|2|2,train
IND-S02103,high_demand,india_national_20k,IN-C11564-FD011,feeder,Ajmer,Rajasthan,2.6234,1.312,1.0288,1,8,1,0,0.0,0.0,0,0,0,,,train
IND-S02104,high_demand,india_national_20k,IN-C03796-FD021,feeder,Sonīpat,Haryana,1.6719,1.2894,1.045,1,7,1,0,0.0,0.0,0,0,0,,,train
IND-S02105,transformer_overload,india_national_20k,IN-C05748-SS,substation,Siddāpur,Karnataka,5.6829,1.289,1.0183,1,4,1,0,0.0,0.0,0,0,0,,,test
IND-S02106,transformer_overload,india_national_20k,IN-C12342-GEN03,generator,Kallakurichi,Tamil Nadu,2.052,1.122,1.0198,1,81,2,2,0.09,0.00141,1682687,0,2,IN-TAM-HUB|IN-C12342-SS,0|0,train
IND-S02107,heatwave,india_national_20k,IN-C00017-FD032,feeder,Rasapūdipalem,Andhra Pradesh,2.4298,1.359,1.0865,2,10,2,6,8.7,0.00283,1990978,0,4,IN-C00017-SS|IN-C00028-SS|IN-C00260-SS|IN-C00527-SS|IN-C00017-TR03|IN-C00017-FD032,0|0|0|0|0|0,test
IND-S02108,transformer_overload,india_national_20k,IN-C03807-SS,substation,Palwal,Haryana,3.3556,1.0595,1.0408,1,8,1,0,0.0,0.0,0,0,0,,,train
IND-S02109,line_outage,india_national_20k,IN-C07859-GEN03,generator,Jabalpur,Madhya Pradesh,2.2162,1.0903,1.0374,3,52,1,0,0.0,0.0,0,0,0,,,train
IND-S02110,cascade_emergency,india_national_20k,IN-C09282-GEN01,generator,Mumbai,Maharashtra,8.8845,1.393,1.1234,2,41,4,39,10.02,0.01814,32858768,0,7,IN-WR-HUB|IN-SR-HUB|IN-ER-HUB|IN-MAH-HUB|IN-C09282-SS|IN-C09285-SS|IN-C09328-SS|IN-C09548-SS|IN-C10093-SS|IN-C10346-SS|IN-C10362-SS|IN-C10343-SS,0|0|0|0|0|0|0|0|0|0|0|1,train
IND-S02111,cascade_emergency,india_national_20k,IN-C03811-FD011,feeder,Narnaul,Haryana,8.8655,1.4959,1.1675,1,5,1,0,9.02,0.0,0,0,0,,,train
IND-S02112,high_demand,india_national_20k,IN-WES-HUB-GEN,generator,West Bengal Hub Generation,West Bengal,2.651,1.4071,1.0724,1,44,1,0,8.55,0.0,0,0,0,,,val
IND-S02113,transformer_overload,india_national_20k,IN-C00264-SS,substation,Epuru Bit - I - B,Andhra Pradesh,3.0272,1.1305,1.0182,1,8,1,0,0.0,0.0,0,0,0,,,test
IND-S02114,high_demand,india_national_20k,IN-C11569-FD011,feeder,Sīkar,Rajasthan,2.8406,1.5399,1.0913,0,7,6,116,11.48,0.0136,19299616,0,4,IN-C11569-SS|IN-C11569-TR01|IN-C11569-FD011|IN-WR-HUB|IN-NER-HUB|IN-C01444-SS|IN-C01445-SS|IN-CHH-HUB|IN-C02530-SS|IN-C02531-SS|IN-C02533-SS|IN-DEL-HUB,0|0|0|1|1|2|2|2|2|2|2|2,train
IND-S02115,transformer_overload,india_national_20k,IN-C19729-SS,substation,Kolkata,West Bengal,2.6994,1.0454,1.0254,1,61,1,0,0.0,0.0,0,0,0,,,val
IND-S02116,high_demand,india_national_20k,IN-C00017-FD011,feeder,Rasapūdipalem,Andhra Pradesh,2.667,1.3025,1.0437,1,10,1,0,0.0,0.0,0,0,0,,,test
IND-S02117,transformer_overload,india_national_20k,IN-C05534-GEN05,generator,Mangaluru,Karnataka,5.0415,1.0123,1.0157,1,48,1,0,0.0,0.0,0,0,0,,,test
IND-S02118,heatwave,india_national_20k,IN-C19729-GEN01,generator,Kolkata,West Bengal,2.8191,1.327,1.2071,0,26,3,6,9.04,0.00496,5807089,0,3,IN-WES-HUB|IN-C19729-SS|IN-C19730-SS|IN-C19766-SS|IN-C19864-SS|IN-C19963-SS,0|0|0|1|1|1,val
IND-S02119,transformer_overload,india_national_20k,IN-C01432-SS,substation,Khagaria,Bihar,4.0399,1.0781,1.0361,0,7,2,13,0.28,0.00062,271522,0,6,IN-C01387-SS|IN-C01418-SS|IN-C01432-SS|IN-C01708-SS|IN-C01733-SS|IN-C01797-SS|IN-C01798-SS|IN-C01817-SS|IN-C01923-SS|IN-C01952-SS|IN-C02039-SS|IN-C02042-SS,0|0|0|0|0|0|0|0|0|0|0|0,val
IND-S02120,transformer_overload,india_national_20k,IN-C09286-FD021,feeder,Pimpri-Chinchwad,Maharashtra,3.5206,1.0339,1.0693,0,10,2,3,0.18,0.00341,1727692,0,3,IN-C09286-SS|IN-C09286-TR02|IN-C09286-FD021,0|0|0,train
IND-S02121,heatwave,india_national_20k,IN-C00022-GEN06,generator,Kurnool,Andhra Pradesh,1.7316,1.179,1.0886,2,39,1,0,0.0,0.0,0,0,0,,,test
IND-S02122,cascade_emergency,india_national_20k,IN-C15501-FD011,feeder,Agartala,Tripura,7.9157,1.4844,1.1441,2,8,7,110,11.61,0.0201,33046738,0,4,IN-ER-HUB|IN-NER-HUB|IN-TRI-HUB|IN-C15501-SS|IN-C15502-SS|IN-C15503-SS|IN-C15504-SS|IN-C15506-SS|IN-C15516-SS|IN-C15523-SS|IN-C15525-SS|IN-C15529-SS,0|0|0|0|0|0|0|0|0|0|0|0,train
IND-S02123,heatwave,india_national_20k,IN-C12348-FD021,feeder,Erode,Tamil Nadu,3.1082,1.3169,1.1098,0,8,2,3,8.58,0.00222,521891,0,3,IN-C12348-SS|IN-C12348-TR02|IN-C12348-FD021,0|0|0,train
IND-S02124,line_outage,india_national_20k,IN-C01378-GEN05,generator,Bihār Sharīf,Bihar,1.4201,1.0072,1.018,1,38,1,0,0.0,0.0,0,0,0,,,val
IND-S02125,cascade_emergency,india_national_20k,IN-C07053-GEN09,generator,Kanhangad,Kerala,5.2045,1.421,1.0892,1,27,1,0,8.63,0.0,0,0,0,,,train
IND-S02126,high_demand,india_national_20k,IN-C00031-FD011,feeder,Nandyāl,Andhra Pradesh,2.267,1.2609,1.0742,1,6,1,0,0.0,0.0,0,0,0,,,test
IND-S02127,cascade_emergency,india_national_20k,IN-C15547-GEN02,generator,Lucknow,Uttar Pradesh,5.0286,1.5228,1.1531,3,120,5,905,31.33,0.18287,80873097,0,17,IN-NR-HUB|IN-WR-HUB|IN-SR-HUB|IN-ER-HUB|IN-NER-HUB|IN-KER-HUB|IN-C07054-SS|IN-C10346-SS|IN-C10353-SS|IN-C10362-SS|IN-C15523-SS|IN-C15547-SS,0|0|0|0|0|0|0|0|0|0|0|0,train
IND-S02128,transformer_overload,india_national_20k,IN-C00025-FD011,feeder,Kadapa,Andhra Pradesh,4.6361,1.1294,1.0198,1,8,1,0,0.0,0.0,0,0,0,,,test
IND-S02129,line_outage,india_national_20k,IN-C19732-GEN04,generator,Siliguri,West Bengal,2.2314,1.2608,1.0464,4,17,1,0,0.0,0.0,0,0,0,,,val
IND-S02130,line_outage,india_national_20k,IN-C11050-FD031,feeder,Ludhiana,Punjab,1.4755,1.0676,1.028,1,10,1,0,0.0,0.0,0,0,0,,,train
IND-S02131,line_outage,india_national_20k,IN-C11571-GEN12,generator,Pāli,Rajasthan,1.2976,1.1466,1.0105,2,30,1,0,0.0,0.0,0,0,0,,,train
IND-S02132,transformer_overload,india_national_20k,IN-C14844-FD032,feeder,Hyderabad,Telangana,2.9407,1.2211,1.0218,1,10,1,0,0.0,0.0,0,0,0,,,train
IND-S02133,transformer_overload,india_national_20k,IN-C15555-FD021,feeder,Morādābād,Uttar Pradesh,3.5887,1.0731,1.0429,0,8,2,3,0.18,0.00347,721139,0,3,IN-C15555-SS|IN-C15555-TR02|IN-C15555-FD021,0|0|0,train
IND-S02134,line_outage,india_national_20k,IN-C14844-SS,substation,Hyderabad,Telangana,2.4876,1.158,1.0271,1,100,4,3,0.08,8e-05,33371,0,1,IN-SR-HUB|IN-C11047-SS|IN-C11032-SS,0|1|2,train
IND-S02135,cascade_emergency,india_national_20k,IN-C09285-FD021,feeder,Thāne,Maharashtra,4.89,1.5908,1.1749,5,10,7,1028,33.73,0.18842,67501143,0,4,IN-WR-HUB|IN-SR-HUB|IN-ER-HUB|IN-MAH-HUB|IN-C09282-SS|IN-C09285-SS|IN-C09285-TR02|IN-C09285-FD021|IN-C19963-SS|IN-C19729-SS|IN-WES-HUB|IN-C19730-SS,0|0|0|0|0|0|0|0|1|1|1|1,train
IND-S02136,transformer_overload,india_national_20k,IN-C06399-SS,substation,Amble,Karnataka,3.3064,1.0354,1.0623,0,3,1,0,0.0,0.0,0,0,0,,,test
IND-S02137,line_outage,india_national_20k,IN-C15565-SS,substation,Rāmpur,Uttar Pradesh,1.7253,1.0884,1.0569,1,260,1,0,0.0,0.0,0,0,0,,,train
IND-S02138,cascade_emergency,india_national_20k,IN-C01123-GEN05,generator,Nagaon,Assam,6.0676,1.4895,1.0981,1,15,1,0,8.82,0.0,0,0,0,,,val
IND-S02139,high_demand,india_national_20k,IN-C03281-GEN02,generator,Surat,Gujarat,2.3536,1.2904,1.0837,1,29,2,2,0.82,0.00379,4591246,0,2,IN-GUJ-HUB|IN-C03281-SS,0|0,train
IND-S02140,line_outage,india_national_20k,IN-C01233-SS,substation,Moran Town,Assam,1.8497,1.1691,1.0159,3,5,1,0,0.0,0.0,0,0,0,,,val
IND-S02141,heatwave,india_national_20k,IN-C03059-GEN02,generator,Najafgarh,Delhi,1.9911,1.3453,1.182,0,20,4,94,10.82,0.01136,18611504,0,2,IN-NR-HUB|IN-WR-HUB|IN-SR-HUB|IN-ER-HUB|IN-NER-HUB|IN-DEL-HUB|IN-C10362-SS|IN-JHA-HUB|IN-C04828-SS|IN-KAR-HUB|IN-C05537-SS|IN-C05540-SS,0|0|0|0|0|0|0|1|1|1|1|1,train
IND-S02142,normal_operation,india_national_20k,IN-C03058-FD012,feeder,Delhi,Delhi,1.0892,0.9686,0.9982,0,10,1,0,0.0,0.0,0,0,0,,,train
IND-S02143,high_demand,india_national_20k,IN-C12340-GEN01,generator,Chennai,Tamil Nadu,2.9243,1.355,1.033,1,78,2,8,0.98,0.00491,5334958,0,6,IN-TAM-HUB|IN-C12340-SS|IN-C12350-SS|IN-C12392-SS|IN-C12427-SS|IN-C12651-SS|IN-C12699-SS|IN-C14244-SS,0|0|0|0|0|0|0|0,train
IND-S02144,transformer_overload,india_national_20k,IN-C08046-SS,substation,Bānk,Madhya Pradesh,5.4903,1.1041,1.0119,0,55,2,6,0.25,0.00386,2064201,0,6,IN-MAD-HUB|IN-C07857-SS|IN-C07940-SS|IN-C08046-SS|IN-C08204-SS|IN-C08310-SS,0|0|0|0|0|0,train
IND-S02145,high_demand,india_national_20k,IN-C19732-GEN04,generator,Siliguri,West Bengal,1.7823,1.4834,1.0859,1,17,1,0,8.77,0.0,0,0,0,,,val
IND-S02146,high_demand,india_national_20k,IN-C07863-GEN07,generator,Dewas,Madhya Pradesh,1.8935,1.3778,1.0276,0,46,1,0,8.36,0.0,0,0,0,,,train
IND-S02147,heatwave,india_national_20k,IN-C15501-GEN01,generator,Agartala,Tripura,2.1148,1.3199,1.1125,0,15,2,13,8.7,0.00045,190247,0,3,IN-TRI-HUB|IN-C15502-SS|IN-C15503-SS|IN-C15504-SS|IN-C15506-SS|IN-C15516-SS|IN-C15523-SS|IN-C15525-SS|IN-C15529-SS|IN-C15531-SS|IN-C15532-SS|IN-C15539-SS,0|0|0|0|0|0|0|0|0|0|0|0,train
IND-S02148,high_demand,india_national_20k,IN-C03060-FD011,feeder,Narela,Delhi,2.673,1.3315,1.0855,0,7,2,4,8.61,0.00299,800000,0,4,IN-DEL-HUB|IN-C03060-SS|IN-C03060-TR01|IN-C03060-FD011,0|0|0|0,train
IND-S02149,line_outage,india_national_20k,IN-C07058-FD011,feeder,Neyyāttinkara,Kerala,2.1757,1.1531,1.0121,1,6,1,0,0.0,0.0,0,0,0,,,train
IND-S02150,line_outage,india_national_20k,IN-C02530-SS,substation,Rāj-Nāndgaon,Chhattisgarh,1.7408,1.1722,1.0366,4,75,1,0,0.0,0.0,0,0,0,,,train
IND-S02151,normal_operation,india_national_20k,IN-C12348-FD011,feeder,Erode,Tamil Nadu,1.0212,0.9712,1.0039,0,8,1,0,0.0,0.0,0,0,0,,,train
IND-S02152,heatwave,india_national_20k,IN-C01374-FD021,feeder,Patna,Bihar,1.9058,1.4229,1.1601,0,10,3,17,9.29,0.00312,2315752,0,4,IN-BIH-HUB|IN-C01374-SS|IN-C01374-TR02|IN-C01374-FD021|IN-C01377-SS|IN-C01444-SS|IN-C01445-SS|IN-C01481-SS|IN-C01485-SS|IN-C01486-SS|IN-C01495-SS|IN-C01499-SS,0|0|0|0|1|1|1|1|1|1|1|1,val
IND-S02153,line_outage,india_national_20k,IN-C12377-FD011,feeder,Villupuram,Tamil Nadu,2.3733,1.0789,1.0541,1,6,1,0,0.0,0.0,0,0,0,,,train
IND-S02154,cascade_emergency,india_national_20k,IN-C03475-SS,substation,Kutiyāna,Gujarat,5.3312,1.329,1.1545,1,7,2,4,8.66,0.00021,61195,0,3,IN-C03383-SS|IN-C03494-SS|IN-C03502-SS|IN-C03712-SS,0|0|0|0,train
IND-S02155,transformer_overload,india_national_20k,IN-C05570-FD011,feeder,Koppal,Karnataka,3.1159,1.0464,1.063,1,5,1,0,0.0,0.0,0,0,0,,,test
IND-S02156,normal_operation,india_national_20k,IN-C19739-FD011,feeder,Kāmārhāti,West Bengal,1.1855,0.8737,1.0012,0,6,1,0,0.0,0.0,0,0,0,,,val
IND-S02157,cascade_emergency,india_national_20k,IN-C17372-SS,substation,Alhūa,Uttar Pradesh,7.5757,1.3067,1.0589,2,8,1,0,0.0,0.0,0,0,0,,,train
IND-S02158,high_demand,india_national_20k,IN-C12352-FD011,feeder,Avadi,Tamil Nadu,2.1333,1.293,1.0509,0,7,2,4,0.13,0.00108,345996,0,4,IN-TAM-HUB|IN-C12352-SS|IN-C12352-TR01|IN-C12352-FD011,0|0|0|0,train
IND-S02159,cascade_emergency,india_national_20k,IN-C05533-GEN04,generator,Kalaburagi,Karnataka,4.3132,1.5877,1.1385,2,47,7,877,29.57,0.14518,63502674,0,5,IN-SR-HUB|IN-ER-HUB|IN-KAR-HUB|IN-C05533-SS|IN-C15600-SS|IN-C15672-SS|IN-C16266-SS|IN-C17022-SS|IN-C17187-SS|IN-C17734-SS|IN-C17976-SS|IN-UTT-HUB,0|0|0|0|0|0|0|0|0|0|0|0,test
IND-S02160,line_outage,india_national_20k,IN-C19729-GEN01,generator,Kolkata,West Bengal,2.3148,1.0842,1.0223,2,26,3,6,0.27,0.00447,5807089,0,3,IN-WES-HUB|IN-C19729-SS|IN-C19730-SS|IN-C19766-SS|IN-C19864-SS|IN-C19963-SS,0|0|0|1|1|1,val
IND-S02161,high_demand,india_national_20k,IN-C09327-FD011,feeder,Hinganghāt,Maharashtra,2.9488,1.3917,1.0827,1,5,1,0,8.55,0.0,0,0,0,,,train
IND-S02162,line_outage,india_national_20k,IN-C00023-GEN07,generator,Kākināda,Andhra Pradesh,2.0547,1.1928,1.0075,3,40,1,0,0.0,0.0,0,0,0,,,test
IND-S02163,cascade_emergency,india_national_20k,IN-KAR-HUB-GEN,generator,Karnataka Hub Generation,Karnataka,7.1093,1.4854,1.0569,2,180,5,51,9.77,0.00514,8100749,0,10,IN-SR-HUB|IN-NER-HUB|IN-KAR-HUB|IN-C05536-SS|IN-C05537-SS|IN-C05539-SS|IN-C05540-SS|IN-C05541-SS|IN-C05556-SS|IN-C05639-SS|IN-C05722-SS|IN-C06290-SS,0|1|1|1|1|1|1|1|1|1|1|1,test
IND-S02164,transformer_overload,india_national_20k,IN-C11567-FD011,feeder,Alwar,Rajasthan,2.0456,1.2907,1.0316,0,8,2,3,0.09,0.00097,322568,0,3,IN-C11567-SS|IN-C11567-TR01|IN-C11567-FD011,0|0|0,train
IND-S02165,transformer_overload,india_national_20k,IN-C15552-GEN07,generator,Prayagraj,Uttar Pradesh,3.9467,1.1843,1.0557,1,119,3,5,0.18,0.00146,1158084,0,3,IN-C15552-SS|IN-UTT-HUB|IN-C19438-SS|IN-C19462-SS|IN-C19475-SS,0|0|1|1|1,train
IND-S02166,transformer_overload,india_national_20k,IN-C01384-FD011,feeder,Munger,Bihar,5.9748,1.0027,1.0567,1,7,1,0,0.0,0.0,0,0,0,,,val
IND-S02167,high_demand,india_national_20k,IN-C09290-GEN09,generator,Dombivali,Maharashtra,2.6787,1.5477,1.0238,0,40,5,95,10.84,0.01129,17538660,0,6,IN-WR-HUB|IN-SR-HUB|IN-MAH-HUB|IN-C09289-SS|IN-C09290-SS|IN-C09301-SS|IN-C09312-SS|IN-C09473-SS|IN-ER-HUB|IN-NER-HUB|IN-KAR-HUB|IN-C05537-SS,0|0|0|0|0|0|0|0|1|1|1|1,train
IND-S02168,heatwave,india_national_20k,IN-C05530-FD021,feeder,Bengaluru,Karnataka,3.2857,1.2871,1.103,1,10,1,0,8.37,0.0,0,0,0,,,test
IND-S02169,cascade_emergency,india_national_20k,IN-C19436-GEN05,generator,Roorkee,Uttarakhand,4.4976,1.5255,1.078,1,114,5,49,10.13,0.01196,34961309,0,4,IN-UTT-HUB|IN-C19436-SS|IN-WR-HUB|IN-C01444-SS|IN-DEL-HUB|IN-C03058-SS|IN-MAH-HUB|IN-C09282-SS|IN-C09283-SS|IN-C10278-SS|IN-C10343-SS|IN-PUD-HUB,0|0|1|1|1|1|1|1|1|1|1|1,train
IND-S02170,transformer_overload,india_national_20k,IN-C18238-SS,substation,Andhrāpur,Uttar Pradesh,2.5647,1.0392,1.0591,0,5,1,0,0.0,0.0,0,0,0,,,train
IND-S02171,line_outage,india_national_20k,IN-C03059-GEN02,generator,Najafgarh,Delhi,1.499,1.2384,1.0374,4,20,1,0,0.01,0.0,0,0,0,,,train
IND-S02172,transformer_overload,india_national_20k,IN-C03280-FD012,feeder,Ahmedabad,Gujarat,3.5271,1.1,1.0148,1,10,1,0,0.0,0.0,0,0,0,,,train
IND-S02173,line_outage,india_national_20k,IN-C11050-FD011,feeder,Ludhiana,Punjab,1.3574,1.183,1.0333,4,10,1,0,0.01,0.0,0,0,0,,,train
IND-S02174,high_demand,india_national_20k,IN-C15555-GEN10,generator,Morādābād,Uttar Pradesh,2.4376,1.4633,1.0901,0,117,6,49,9.92,0.00851,20851649,0,4,IN-NR-HUB|IN-WR-HUB|IN-NER-HUB|IN-UTT-HUB|IN-C01444-SS|IN-DEL-HUB|IN-C03058-SS|IN-MAH-HUB|IN-C09291-SS|IN-C09292-SS|IN-C09293-SS|IN-C10290-SS,0|0|0|0|1|1|1|1|1|1|1|1,train
IND-S02175,cascade_emergency,india_national_20k,IN-C03283-GEN04,generator,Rājkot,Gujarat,4.9792,1.4651,1.1794,4,28,6,118,11.67,0.01659,30396556,0,3,IN-WR-HUB|IN-SR-HUB|IN-ER-HUB|IN-NER-HUB|IN-GUJ-HUB|IN-C03283-SS|IN-JAM-HUB|IN-C04485-SS|IN-C05562-SS|IN-C05856-SS|IN-C06349-SS|IN-C06387-SS,0|0|0|0|0|0|0|0|0|0|0|0,train
IND-S02176,transformer_overload,india_national_20k,IN-C03059-GEN02,generator,Najafgarh,Delhi,2.1117,1.2167,1.026,1,20,1,0,0.01,0.0,0,0,0,,,train
IND-S02177,line_outage,india_national_20k,IN-C05555-FD011,feeder,Gangavati,Karnataka,1.7109,1.0947,1.0002,1,6,1,0,0.0,0.0,0,0,0,,,test
IND-S02178,high_demand,india_national_20k,IN-C02527-FD021,feeder,Korba,Chhattisgarh,1.8287,1.3071,1.0465,0,8,2,3,0.1,0.00115,419146,0,3,IN-C02527-SS|IN-C02527-TR02|IN-C02527-FD021,0|0|0,train
IND-S02179,line_outage,india_national_20k,IN-C03792-GEN03,generator,Rohtak,Haryana,1.2796,1.2612,1.0183,1,19,1,0,0.0,0.0,0,0,0,,,train
IND-S02180,normal_operation,india_national_20k,IN-C09322-FD011,feeder,Wardha,Maharashtra,1.0247,1.0046,0.9825,0,5,1,0,0.0,0.0,0,0,0,,,train
IND-S02181,line_outage,india_national_20k,IN-C19729-SS,substation,Kolkata,West Bengal,1.4067,1.0604,1.036,2,61,3,5,0.1,0.00012,148025,0,3,IN-ER-HUB|IN-WES-HUB|IN-C19766-SS|IN-C19864-SS|IN-C19963-SS,0|0|1|1|1,val
IND-S02182,high_demand,india_national_20k,IN-C03175-FD011,feeder,Madgaon,Goa,2.4621,1.3258,1.0691,0,6,2,4,8.46,0.00056,87650,0,4,IN-GOA-HUB|IN-C03175-SS|IN-C03175-TR01|IN-C03175-FD011,0|0|0|0,train
IND-S02183,high_demand,india_national_20k,IN-C03800-FD011,feeder,Ambāla,Haryana,2.5226,1.4743,1.0879,0,5,1,0,8.77,0.0,0,0,0,,,train
IND-S02184,cascade_emergency,india_national_20k,IN-C09515-SS,substation,Mudkhed,Maharashtra,7.353,1.3055,1.1677,4,9,3,13,8.82,0.00035,392531,0,0,IN-MAD-HUB|IN-C07881-SS|IN-C07890-SS|IN-C08245-SS|IN-C08379-SS|IN-C08599-SS|IN-C09037-SS|IN-C09095-SS|IN-C07885-SS|IN-C07944-SS|IN-C08085-SS|IN-C08275-SS,0|0|0|0|0|0|0|0|1|1|1|1,train
IND-S02185,cascade_emergency,india_national_20k,IN-C14849-FD021,feeder,Mulugu,Telangana,6.5529,1.4113,1.1729,1,8,4,11,9.11,0.00055,705702,0,2,IN-TEL-HUB|IN-C14849-SS|IN-C14852-SS|IN-C14935-SS|IN-C14966-SS|IN-C14985-SS|IN-C15208-SS|IN-C15271-SS|IN-C15478-SS|IN-C14865-SS|IN-C14916-SS,0|0|1|1|1|1|1|1|1|2|2,train
IND-S02186,high_demand,india_national_20k,IN-C11028-FD011,feeder,Puducherry,Puducherry,2.4448,1.4639,1.0643,1,8,3,4,8.72,0.00019,78845,0,1,IN-C11033-SS|IN-C11034-SS|IN-C11047-SS|IN-C11032-SS,0|0|0|1,train
IND-S02187,cascade_emergency,india_national_20k,IN-C15546-FD021,feeder,Kanpur,Uttar Pradesh,6.2113,1.3506,1.125,5,10,4,41,9.72,0.01216,15090720,0,6,IN-NR-HUB|IN-WR-HUB|IN-NER-HUB|IN-C11032-SS|IN-C15546-SS|IN-C15583-SS|IN-C15601-SS|IN-C19257-SS|IN-C15546-TR02|IN-C15546-FD021|IN-UTT-HUB|IN-DEL-HUB,0|0|0|0|0|0|0|0|0|0|0|1,train
IND-S02188,cascade_emergency,india_national_20k,IN-C19432-FD011,feeder,Dehradun,Uttarakhand,6.1296,1.3578,1.1046,4,8,6,21,9.16,0.00711,12225297,0,4,IN-UTT-HUB|IN-C19432-SS|IN-C19432-TR01|IN-C19432-FD011|IN-TAM-HUB|IN-C12372-SS|IN-C12378-SS|IN-C12392-SS|IN-C19433-SS|IN-C19438-SS|IN-C19462-SS|IN-C19475-SS,0|0|0|0|1|1|1|1|1|1|1|1,train
IND-S02189,high_demand,india_national_20k,IN-C11050-GEN01,generator,Ludhiana,Punjab,2.4932,1.3632,1.0469,1,29,2,2,8.49,0.00153,1618879,0,2,IN-PUN-HUB|IN-C11050-SS,0|0,train
IND-S02190,cascade_emergency,india_national_20k,IN-C08090-SS,substation,Kurwai,Madhya Pradesh,7.0307,1.4569,1.1639,2,4,1,0,8.98,0.0,0,0,0,,,train
IND-S02191,line_outage,india_national_20k,IN-C15731-SS,substation,Milak,Uttar Pradesh,1.4092,1.1783,1.024,2,10,1,0,0.0,0.0,0,0,0,,,train
IND-S02192,normal_operation,india_national_20k,IN-C15660-SS,substation,Nihtaur,Uttar Pradesh,1.1406,0.9622,0.9894,0,8,1,0,0.0,0.0,0,0,0,,,train
IND-S02193,transformer_overload,india_national_20k,IN-C11057-GEN08,generator,Mohali,Punjab,3.7598,1.2585,1.021,1,22,1,0,0.0,0.0,0,0,0,,,train
IND-S02194,high_demand,india_national_20k,IN-C04131-SS,substation,Solan,Himachal Pradesh,2.4545,1.2645,1.0513,1,45,1,0,0.0,0.0,0,0,0,,,train
IND-S02195,high_demand,india_national_20k,IN-C05536-FD021,feeder,Davangere,Karnataka,2.6573,1.2844,1.0645,1,8,1,0,0.0,0.0,0,0,0,,,test
IND-S02196,normal_operation,india_national_20k,IN-C00017-GEN01,generator,Rasapūdipalem,Andhra Pradesh,1.0616,0.9718,1.0185,0,47,1,0,0.0,0.0,0,0,0,,,test
IND-S02197,normal_operation,india_national_20k,IN-C12958-SS,substation,Avalpūndurai,Tamil Nadu,1.1385,0.9839,1.0006,0,5,1,0,0.0,0.0,0,0,0,,,train
IND-S02198,cascade_emergency,india_national_20k,IN-C09293-FD011,feeder,Sholapur,Maharashtra,8.1915,1.3788,1.1548,3,8,4,68,10.61,0.01802,20757853,0,4,IN-WR-HUB|IN-SR-HUB|IN-ER-HUB|IN-MAH-HUB|IN-C09293-SS|IN-C09293-TR01|IN-C09293-FD011|IN-ASS-HUB|IN-C01122-SS|IN-JHA-HUB|IN-C04828-SS|IN-C04829-SS,0|0|0|0|0|0|0|1|1|1|1|1,train
IND-S02199,cascade_emergency,india_national_20k,IN-C01383-GEN10,generator,Katihar,Bihar,7.3885,1.4026,1.1356,2,37,1,0,8.75,0.0,0,0,0,,,val
IND-S02200,transformer_overload,india_national_20k,IN-C00023-GEN07,generator,Kākināda,Andhra Pradesh,3.7091,1.252,1.059,0,40,1,0,0.0,0.0,0,0,0,,,test
IND-S02201,heatwave,india_national_20k,IN-C14848-FD011,feeder,Nizāmābād,Telangana,2.2439,1.3018,1.1512,2,8,2,3,8.62,0.00101,311152,0,3,IN-C14848-SS|IN-C14848-TR01|IN-C14848-FD011,0|0|0,train
IND-S02202,heatwave,india_national_20k,IN-C11051-FD011,feeder,Amritsar,Punjab,2.9919,1.1857,1.1866,2,10,2,3,8.47,0.00205,1159227,0,3,IN-C11051-SS|IN-C11051-TR01|IN-C11051-FD011,0|0|0,train
IND-S02203,transformer_overload,india_national_20k,IN-C09288-FD022,feeder,Pimpri,Maharashtra,3.9491,1.0807,1.0289,1,10,1,0,0.0,0.0,0,0,0,,,train
IND-S02204,high_demand,india_national_20k,IN-C15549-GEN04,generator,Meerut,Uttar Pradesh,1.9749,1.4024,1.089,0,119,4,35,9.38,0.00443,13187079,0,5,IN-NR-HUB|IN-WR-HUB|IN-NER-HUB|IN-C15549-SS|IN-UTT-HUB|IN-DEL-HUB|IN-C03058-SS|IN-C10290-SS|IN-C10346-SS|IN-C10353-SS|IN-C10360-SS|IN-C10362-SS,0|0|0|0|0|1|1|1|1|1|1|1,train
IND-S02205,line_outage,india_national_20k,IN-C15548-SS,substation,Agra,Uttar Pradesh,1.7803,1.1321,1.0094,3,260,1,0,0.0,0.0,0,0,0,,,train
IND-S02206,transformer_overload,india_national_20k,IN-C15548-GEN03,generator,Agra,Uttar Pradesh,3.4355,1.1276,1.0716,1,122,3,5,0.18,0.00175,1514701,0,3,IN-C15548-SS|IN-UTT-HUB|IN-C19438-SS|IN-C19462-SS|IN-C19475-SS,0|0|1|1|1,train
IND-S02207,high_demand,india_national_20k,IN-C04826-FD011,feeder,Mango,Jharkhand,1.7579,1.3315,1.0825,1,7,1,0,8.41,0.0,0,0,0,,,train
IND-S02208,transformer_overload,india_national_20k,IN-C12586-SS,substation,Parangipettai,Tamil Nadu,2.7808,1.1436,1.0282,1,4,1,0,0.0,0.0,0,0,0,,,train
IND-S02209,high_demand,india_national_20k,IN-C19731-GEN03,generator,Durgapur,West Bengal,2.8498,1.4588,1.0323,1,20,2,6,8.68,0.00104,1331410,0,5,IN-C19731-SS|IN-C19733-SS|IN-C19755-SS|IN-C19766-SS|IN-C19864-SS|IN-C19963-SS,0|0|0|0|0|0,val
IND-S02210,cascade_emergency,india_national_20k,IN-C15562-FD011,feeder,Mathura,Uttar Pradesh,6.3951,1.3512,1.1481,5,7,6,44,9.74,0.00902,17662541,0,6,IN-C15562-SS|IN-C15637-SS|IN-C16117-SS|IN-C16601-SS|IN-C16908-SS|IN-C17262-SS|IN-C15562-TR01|IN-C15562-FD011|IN-UTT-HUB|IN-WR-HUB|IN-C01444-SS|IN-MAH-HUB,0|0|0|0|0|0|0|0|0|1|1|1,train
IND-S02211,high_demand,india_national_20k,IN-C11560-FD032,feeder,Jaipur,Rajasthan,2.2633,1.2662,1.0949,0,10,4,60,1.73,0.01167,21594957,0,4,IN-C11560-SS|IN-C11560-TR03|IN-C11560-FD032|IN-NR-HUB|IN-RAJ-HUB|IN-DEL-HUB|IN-C03058-SS|IN-C15549-SS|IN-C15550-SS|IN-C15552-SS|IN-C15553-SS|IN-C15554-SS,0|0|0|1|1|2|2|2|2|2|2|2,train
IND-S02212,line_outage,india_national_20k,IN-C09302-SS,substation,Malegaon,Maharashtra,1.7928,1.1095,1.0405,2,148,2,1,0.02,0.00015,49192,0,1,IN-C09387-SS,0,train
IND-S02213,normal_operation,india_national_20k,IN-WES-HUB-GEN,generator,West Bengal Hub Generation,West Bengal,1.1256,0.8632,1.0025,0,44,1,0,0.0,0.0,0,0,0,,,val
IND-S02214,transformer_overload,india_national_20k,IN-C19729-FD011,feeder,Kolkata,West Bengal,5.0219,1.1521,1.0344,1,10,1,0,0.0,0.0,0,0,0,,,val
IND-S02215,high_demand,india_national_20k,IN-C09304-FD011,feeder,Akola,Maharashtra,2.0969,1.3474,1.0764,1,7,1,0,8.43,0.0,0,0,0,,,train
IND-S02216,high_demand,india_national_20k,IN-C15956-SS,substation,Baldev,Uttar Pradesh,2.3303,1.4247,1.0582,1,7,1,0,8.55,0.0,0,0,0,,,train
IND-S02217,line_outage,india_national_20k,IN-C17115-SS,substation,Akbarpur Dānda,Uttar Pradesh,1.6252,1.2078,1.0536,4,7,2,1,0.02,0.0,500,0,0,IN-C11407-SS,0,train
IND-S02218,normal_operation,india_national_20k,IN-C14854-SS,substation,Secunderabad,Telangana,1.1616,0.8546,1.0179,0,95,1,0,0.0,0.0,0,0,0,,,train
IND-S02219,line_outage,india_national_20k,IN-C15546-GEN01,generator,Kanpur,Uttar Pradesh,2.2246,1.2702,1.05,4,120,3,9,0.33,0.00277,3196858,0,6,IN-C12721-SS|IN-C15546-SS|IN-C15583-SS|IN-C15601-SS|IN-C19257-SS|IN-UTT-HUB|IN-C19438-SS|IN-C19462-SS|IN-C19475-SS,0|0|0|0|0|0|1|1|1,train
IND-S02220,heatwave,india_national_20k,IN-C03283-SS,substation,Rājkot,Gujarat,3.3597,1.2116,1.2026,1,89,1,0,8.45,0.0,0,0,0,,,train
IND-S02221,cascade_emergency,india_national_20k,IN-C19729-FD032,feeder,Kolkata,West Bengal,6.1107,1.509,1.0795,2,10,3,8,9.41,0.0131,5807089,0,5,IN-WES-HUB|IN-C19729-SS|IN-C19730-SS|IN-C19729-TR03|IN-C19729-FD032|IN-C19766-SS|IN-C19864-SS|IN-C19963-SS,0|0|0|0|0|1|1|1,val
IND-S02222,transformer_overload,india_national_20k,IN-C00024-FD021,feeder,Rajamahendravaram,Andhra Pradesh,3.7248,1.051,1.0655,0,8,2,3,0.12,0.00188,376333,0,3,IN-C00024-SS|IN-C00024-TR02|IN-C00024-FD021,0|0|0,test
IND-S02223,cascade_emergency,india_national_20k,IN-C19747-FD011,feeder,Kharagpur,West Bengal,8.5442,1.4799,1.0848,2,5,6,48,9.83,0.0071,18182443,0,0,IN-C15553-SS|IN-UTT-HUB|IN-WR-HUB|IN-C01444-SS|IN-DEL-HUB|IN-C03058-SS|IN-MAH-HUB|IN-C10278-SS|IN-TAM-HUB|IN-C12372-SS|IN-C12378-SS|IN-C12392-SS,0|0|1|1|1|1|1|1|1|1|1|1,val
IND-S02224,cascade_emergency,india_national_20k,IN-C07051-GEN07,generator,Alappuzha,Kerala,4.2938,1.5995,1.159,4,29,6,894,29.85,0.14481,61744026,0,8,IN-ER-HUB|IN-KER-HUB|IN-C07051-SS|IN-C00037-SS|IN-C00715-SS|IN-C00747-SS|IN-C00866-SS|IN-BIH-HUB|IN-C01374-SS|IN-C01394-SS|IN-C01444-SS|IN-C01445-SS,0|0|0|1|1|1|1|1|1|1|1|1,train
IND-S02225,line_outage,india_national_20k,IN-C07055-GEN11,generator,Malappuram,Kerala,1.5179,1.0825,1.0273,3,27,1,0,0.0,0.0,0,0,0,,,train
IND-S02226,heatwave,india_national_20k,IN-C11571-GEN12,generator,Pāli,Rajasthan,1.984,1.1618,1.1966,1,30,1,0,0.03,0.0,0,0,0,,,train
IND-S02227,cascade_emergency,india_national_20k,IN-C19775-FD011,feeder,Baidyabāti,West Bengal,8.7986,1.4901,1.1663,2,4,7,131,12.25,0.02617,55261894,0,4,IN-WES-HUB|IN-C19734-SS|IN-C19736-SS|IN-C19748-SS|IN-C19773-SS|IN-C19775-SS|IN-C19775-TR01|IN-C19775-FD011|IN-SR-HUB|IN-KER-HUB|IN-C07054-SS|IN-C10346-SS,0|0|0|0|0|0|0|0|1|1|1|1,val
IND-S02228,cascade_emergency,india_national_20k,IN-C15094-SS,substation,Agemalla,Telangana,6.0788,1.4133,1.0879,3,4,1,0,8.58,0.0,0,0,0,,,train
IND-S02229,transformer_overload,india_national_20k,IN-C14709-SS,substation,Asanallipālaiyam,Tamil Nadu,3.5176,1.1673,1.0296,0,5,1,0,0.0,0.0,0,0,0,,,train
IND-S02230,heatwave,india_national_20k,IN-C12345-FD012,feeder,Tiruchirappalli,Tamil Nadu,3.0064,1.2673,1.1767,1,10,1,0,8.52,0.0,0,0,0,,,train
IND-S02231,transformer_overload,india_national_20k,IN-C09283-FD032,feeder,Pune,Maharashtra,4.3324,1.2059,1.073,1,10,1,0,0.0,0.0,0,0,0,,,train
IND-S02232,cascade_emergency,india_national_20k,IN-C05531-FD021,feeder,Hubballi,Karnataka,6.7595,1.5484,1.144,2,8,6,771,27.23,0.13215,77334802,0,4,IN-SR-HUB|IN-ER-HUB|IN-KAR-HUB|IN-C05531-SS|IN-C05531-TR02|IN-C05531-FD021|IN-KER-HUB|IN-C07054-SS|IN-C10346-SS|IN-C10362-SS|IN-C15600-SS|IN-UTT-HUB,0|0|0|0|0|0|0|0|0|0|0|0,test
IND-S02233,transformer_overload,india_national_20k,IN-C19732-GEN04,generator,Siliguri,West Bengal,5.748,1.1291,1.0038,1,17,1,0,0.0,0.0,0,0,0,,,val
IND-S02234,transformer_overload,india_national_20k,IN-C15582-SS,substation,Sītāpur,Uttar Pradesh,5.8035,1.2495,1.0317,0,260,3,6,0.18,0.00094,291206,0,4,IN-C15582-SS|IN-C15676-SS|IN-UTT-HUB|IN-C19438-SS|IN-C19462-SS|IN-C19475-SS,0|0|0|1|1|1,train
IND-S02235,line_outage,india_national_20k,IN-C07050-GEN06,generator,Thrissur,Kerala,1.3599,1.0318,1.0092,1,29,1,0,0.0,0.0,0,0,0,,,train
IND-S02236,transformer_overload,india_national_20k,IN-C12421-FD011,feeder,Chidambaram,Tamil Nadu,3.5268,1.1311,1.0479,0,5,1,0,0.0,0.0,0,0,0,,,train
IND-S02237,heatwave,india_national_20k,IN-C11560-FD022,feeder,Jaipur,Rajasthan,2.9877,1.3658,1.1766,2,10,2,4,9.03,0.00537,3046163,0,4,IN-RAJ-HUB|IN-C11560-SS|IN-C11560-TR02|IN-C11560-FD022,0|0|0|0,train
IND-S02238,line_outage,india_national_20k,IN-C08077-SS,substation,Dharampuri,Madhya Pradesh,1.552,1.1066,1.0257,3,6,1,0,0.0,0.0,0,0,0,,,train
IND-S02239,transformer_overload,india_national_20k,IN-C07050-GEN06,generator,Thrissur,Kerala,4.8277,1.0999,1.0006,0,29,1,0,0.0,0.0,0,0,0,,,train
IND-S02240,normal_operation,india_national_20k,IN-C09290-FD032,feeder,Dombivali,Maharashtra,1.0377,0.9489,1.003,0,9,1,0,0.0,0.0,0,0,0,,,train
IND-S02241,cascade_emergency,india_national_20k,IN-C11568-FD021,feeder,Bharatpur,Rajasthan,4.1552,1.4142,1.1531,1,8,6,114,11.26,0.01163,18863786,0,2,IN-RAJ-HUB|IN-C11568-SS|IN-WR-HUB|IN-NER-HUB|IN-C01444-SS|IN-CHH-HUB|IN-C02530-SS|IN-C02531-SS|IN-C02533-SS|IN-DEL-HUB|IN-C03059-SS|IN-HAR-HUB,0|0|1|1|2|2|2|2|2|2|2|2,train
IND-S02242,cascade_emergency,india_national_20k,IN-C09282-GEN01,generator,Mumbai,Maharashtra,4.4622,1.3725,1.1678,2,41,4,80,10.78,0.01641,36897501,0,7,IN-WR-HUB|IN-SR-HUB|IN-ER-HUB|IN-MAH-HUB|IN-C09282-SS|IN-C09285-SS|IN-C09328-SS|IN-C09548-SS|IN-C10093-SS|IN-C10362-SS|IN-ASS-HUB|IN-C01122-SS,0|0|0|0|0|0|0|0|0|0|1|1,train
IND-S02243,transformer_overload,india_national_20k,IN-C12345-GEN06,generator,Tiruchirappalli,Tamil Nadu,2.8889,1.1154,1.0558,1,80,2,2,0.08,0.00106,1022518,0,2,IN-TAM-HUB|IN-C12345-SS,0|0,train
IND-S02244,cascade_emergency,india_national_20k,IN-MAD-HUB-GEN,generator,Madhya Pradesh Hub Generation,Madhya Pradesh,6.4792,1.3661,1.1024,1,175,1,0,8.54,0.0,0,0,0,,,train
IND-S02245,cascade_emergency,india_national_20k,IN-C00023-FD021,feeder,Kākināda,Andhra Pradesh,7.4176,1.382,1.1119,1,8,1,0,8.59,0.0,0,0,0,,,test
IND-S02246,transformer_overload,india_national_20k,IN-C08893-SS,substation,Amthera,Madhya Pradesh,4.1871,1.1923,1.0752,1,2,1,0,0.0,0.0,0,0,0,,,train
IND-S02247,high_demand,india_national_20k,IN-C15614-FD011,feeder,Najībābād,Uttar Pradesh,1.9353,1.5095,1.0966,0,6,2,3,8.96,0.00043,84006,0,3,IN-C15614-SS|IN-C15614-TR01|IN-C15614-FD011,0|0|0,train
IND-S02248,cascade_emergency,india_national_20k,IN-C10324-SS,substation,Mankāchar,Meghalaya,7.6106,1.4443,1.1276,3,8,2,5,8.92,0.00061,106949,0,5,IN-MEG-HUB|IN-C10320-SS|IN-C10324-SS|IN-C10337-SS|IN-C10339-SS,0|0|0|0|0,val
IND-S02249,line_outage,india_national_20k,IN-C03281-FD012,feeder,Surat,Gujarat,2.0366,1.2377,1.0341,4,10,2,3,0.27,0.00579,4591246,0,3,IN-C03281-SS|IN-C03281-TR01|IN-C03281-FD012,0|0|0,train
IND-S02250,heatwave,india_national_20k,IN-C04823-FD031,feeder,Dhanbad,Jharkhand,2.3923,1.4229,1.0871,2,10,2,7,8.82,0.00189,1284152,0,5,IN-JHA-HUB|IN-C04823-SS|IN-C04836-SS|IN-C04823-TR03|IN-C04823-FD031|IN-C17443-SS|IN-C18843-SS,0|0|0|0|0|0|0,train
IND-S02251,heatwave,india_national_20k,IN-C16995-SS,substation,Ajitpur,Uttar Pradesh,2.9788,1.4341,1.1498,1,5,1,0,8.85,0.0,0,0,0,,,train
IND-S02252,cascade_emergency,india_national_20k,IN-C12874-SS,substation,Chittayankottai,Tamil Nadu,4.5103,1.4101,1.1218,4,10,4,11,8.91,0.00056,719183,0,0,IN-TEL-HUB|IN-C14848-SS|IN-C14852-SS|IN-C14935-SS|IN-C14966-SS|IN-C14985-SS|IN-C15208-SS|IN-C15271-SS|IN-C15478-SS|IN-C14865-SS|IN-C14916-SS,0|0|1|1|1|1|1|1|1|2|2,train
IND-S02253,transformer_overload,india_national_20k,IN-C11056-FD011,feeder,Hoshiārpur,Punjab,4.2284,1.0682,1.0392,1,7,1,0,0.0,0.0,0,0,0,,,train
IND-S02254,heatwave,india_national_20k,IN-C09576-SS,substation,Khed,Maharashtra,1.6618,1.2962,1.1973,1,8,1,0,8.64,0.0,0,0,0,,,train
IND-S02255,transformer_overload,india_national_20k,IN-C15552-GEN07,generator,Prayagraj,Uttar Pradesh,2.6226,1.0981,1.035,1,119,1,0,0.01,0.0,0,0,0,,,train
IND-S02256,heatwave,india_national_20k,IN-C15575-SS,substation,Bulandshahr,Uttar Pradesh,1.6171,1.3876,1.1809,1,260,1,0,8.81,0.0,0,0,0,,,train
IND-S02257,cascade_emergency,india_national_20k,IN-C12348-GEN09,generator,Erode,Tamil Nadu,4.951,1.3942,1.1717,2,73,5,74,10.5,0.00973,21881698,0,5,IN-SR-HUB|IN-ER-HUB|IN-TAM-HUB|IN-C12364-SS|IN-C12393-SS|IN-C12401-SS|IN-C01444-SS|IN-JHA-HUB|IN-C04828-SS|IN-C04829-SS|IN-C04830-SS|IN-C04832-SS,0|0|0|0|0|0|1|1|1|1|1|1,train
IND-S02258,cascade_emergency,india_national_20k,IN-C15551-FD012,feeder,Varanasi,Uttar Pradesh,7.6375,1.5647,1.0648,5,10,5,62,10.46,0.01417,24444654,0,4,IN-NR-HUB|IN-WR-HUB|IN-NER-HUB|IN-C15551-SS|IN-C15600-SS|IN-C15551-TR01|IN-C15551-FD012|IN-UTT-HUB|IN-C01444-SS|IN-C01445-SS|IN-CHH-HUB|IN-C02530-SS,0|0|0|0|0|0|0|0|1|1|1|1,train
IND-S02259,high_demand,india_national_20k,IN-C01408-FD011,feeder,Benipur,Bihar,1.9019,1.3472,1.0457,1,5,1,0,8.35,0.0,0,0,0,,,val
IND-S02260,high_demand,india_national_20k,IN-C12347-FD021,feeder,Salem,Tamil Nadu,1.5204,1.3783,1.0454,1,8,2,2,8.47,0.00054,917414,0,2,IN-TAM-HUB|IN-C12347-SS,0|0,train
IND-S02261,cascade_emergency,india_national_20k,IN-C19729-FD012,feeder,Kolkata,West Bengal,6.1167,1.5919,1.0519,4,10,6,77,11.15,0.02444,38869090,0,5,IN-SR-HUB|IN-KER-HUB|IN-C07054-SS|IN-C10346-SS|IN-C10362-SS|IN-C15600-SS|IN-UTT-HUB|IN-WES-HUB|IN-C19729-SS|IN-C19730-SS|IN-C19729-TR01|IN-C19729-FD012,0|0|0|0|0|0|0|0|0|0|0|0,val
IND-S02262,transformer_overload,india_national_20k,IN-C14982-SS,substation,Kottapalli,Telangana,2.8068,1.0591,1.0357,1,8,1,0,0.0,0.0,0,0,0,,,train
IND-S02263,high_demand,india_national_20k,IN-C11620-SS,substation,Dūngarpur,Rajasthan,1.5146,1.267,1.0254,1,3,1,0,0.0,0.0,0,0,0,,,train
IND-S02264,transformer_overload,india_national_20k,IN-C05531-GEN02,generator,Hubballi,Karnataka,4.4398,1.1752,1.0328,1,49,2,2,0.09,0.00132,943788,0,2,IN-KAR-HUB|IN-C05531-SS,0|0,test
IND-S02265,normal_operation,india_national_20k,IN-C09303-SS,substation,Jalgaon,Maharashtra,1.1478,0.897,1.0083,0,148,1,0,0.0,0.0,0,0,0,,,train
IND-S02266,normal_operation,india_national_20k,IN-C15547-GEN02,generator,Lucknow,Uttar Pradesh,1.19,0.8505,0.9983,0,120,1,0,0.0,0.0,0,0,0,,,train
IND-S02267,line_outage,india_national_20k,IN-C15708-SS,substation,Muhammadābād,Uttar Pradesh,1.9029,1.1834,1.0122,3,5,1,0,0.0,0.0,0,0,0,,,train
IND-S02268,cascade_emergency,india_national_20k,IN-C15789-SS,substation,Sahāwar,Uttar Pradesh,7.1552,1.4615,1.1688,5,5,1,0,8.99,0.0,0,0,0,,,train
IND-S02269,high_demand,india_national_20k,IN-C03280-FD032,feeder,Ahmedabad,Gujarat,2.4548,1.3784,1.0561,0,10,2,4,8.74,0.00647,6357693,0,4,IN-GUJ-HUB|IN-C03280-SS|IN-C03280-TR03|IN-C03280-FD032,0|0|0|0,train
IND-S02270,heatwave,india_national_20k,IN-C12702-SS,substation,Tiruvattār,Tamil Nadu,2.5646,1.197,1.158,0,7,1,0,0.0,0.0,0,0,0,,,train
IND-S02271,normal_operation,india_national_20k,IN-C05539-GEN10,generator,Shivamogga,Karnataka,1.0745,1.0267,0.9966,0,48,1,0,0.0,0.0,0,0,0,,,test
IND-S02272,high_demand,india_national_20k,IN-C15551-FD021,feeder,Varanasi,Uttar Pradesh,2.1386,1.5151,1.0309,0,10,2,3,8.74,0.00167,1164404,0,3,IN-C15551-SS|IN-C15551-TR02|IN-C15551-FD021,0|0|0,train
IND-S02273,normal_operation,india_national_20k,IN-C09293-GEN12,generator,Sholapur,Maharashtra,1.1915,0.9814,1.005,0,37,1,0,0.0,0.0,0,0,0,,,train
IND-S02274,transformer_overload,india_national_20k,IN-C15556-GEN11,generator,Gorakhpur,Uttar Pradesh,3.8861,1.0801,1.079,0,116,1,0,0.0,0.0,0,0,0,,,train
IND-S02275,line_outage,india_national_20k,IN-C07045-GEN01,generator,Kanayannur,Kerala,1.2454,1.0535,1.0486,1,29,2,2,0.04,6e-05,24217,0,2,IN-C07291-SS|IN-C07643-SS,0|0,train
IND-S02276,cascade_emergency,india_national_20k,IN-C01393-FD011,feeder,Bettiah,Bihar,7.0797,1.516,1.1308,3,6,3,24,9.55,0.0038,1643170,0,4,IN-BIH-HUB|IN-C01393-SS|IN-C01393-TR01|IN-C01393-FD011|IN-TAM-HUB|IN-C12348-SS|IN-C12364-SS|IN-C12393-SS|IN-C12555-SS|IN-C12601-SS|IN-C12603-SS|IN-C01377-SS,0|0|0|0|0|0|0|0|0|0|0|1,val
IND-S02277,cascade_emergency,india_national_20k,IN-C05537-GEN08,generator,Ballari,Karnataka,6.2983,1.4908,1.0908,4,48,5,71,10.42,0.00932,21806826,0,2,IN-SR-HUB|IN-KAR-HUB|IN-TRI-HUB|IN-C15502-SS|IN-C15504-SS|IN-C15516-SS|IN-C15523-SS|IN-C15532-SS|IN-C19673-SS|IN-ER-HUB|IN-NER-HUB|IN-C11034-SS,0|0|0|0|0|0|0|0|0|1|1|1,test
IND-S02278,high_demand,india_national_20k,IN-C01376-FD011,feeder,Bhāgalpur,Bihar,1.5511,1.2692,1.0299,0,8,2,2,0.07,0.00073,0,0,2,IN-C01376-TR01|IN-C01376-FD011,0|0,val
IND-S02279,line_outage,india_national_20k,IN-C15501-GEN01,generator,Agartala,Tripura,1.6446,1.1283,1.036,3,15,3,8,0.18,0.00019,80343,0,1,IN-TRI-HUB|IN-C15506-SS|IN-C15525-SS|IN-C15529-SS|IN-C15543-SS|IN-C15507-SS|IN-C15530-SS|IN-C15541-SS,0|0|0|0|0|1|1|1,train
IND-S02280,line_outage,india_national_20k,IN-C07895-SS,substation,Ashoknagar,Madhya Pradesh,1.2145,1.2659,1.0586,1,11,1,0,0.0,0.0,0,0,0,,,train
IND-S02281,normal_operation,india_national_20k,IN-C12398-FD011,feeder,Bodināyakkanūr,Tamil Nadu,1.1146,0.8688,1.0173,0,6,1,0,0.0,0.0,0,0,0,,,train
IND-S02282,heatwave,india_national_20k,IN-C03059-GEN02,generator,Najafgarh,Delhi,3.4281,1.1879,1.1437,1,20,4,72,1.82,0.00506,7763093,0,2,IN-NR-HUB|IN-WR-HUB|IN-NER-HUB|IN-DEL-HUB|IN-C10290-SS|IN-C10346-SS|IN-C10353-SS|IN-C10360-SS|IN-C10362-SS|IN-C10384-SS|IN-NAG-HUB|IN-C10388-SS,0|0|0|0|1|1|1|1|1|1|1|1,train
IND-S02283,transformer_overload,india_national_20k,IN-C19739-FD011,feeder,Kāmārhāti,West Bengal,4.2885,1.0778,1.0621,0,6,1,0,0.0,0.0,0,0,0,,,val
IND-S02284,cascade_emergency,india_national_20k,IN-C15551-GEN06,generator,Varanasi,Uttar Pradesh,8.6649,1.5717,1.1331,5,120,7,1051,34.89,0.21118,83807718,0,19,IN-NR-HUB|IN-WR-HUB|IN-SR-HUB|IN-ER-HUB|IN-NER-HUB|IN-KER-HUB|IN-C07054-SS|IN-C10346-SS|IN-C10353-SS|IN-C10362-SS|IN-C15551-SS|IN-C15600-SS,0|0|0|0|0|0|0|0|0|0|0|0,train
IND-S02285,transformer_overload,india_national_20k,IN-C11055-FD011,feeder,Pathānkot,Punjab,5.6212,1.1473,1.0443,1,7,1,0,0.0,0.0,0,0,0,,,train
IND-S02286,heatwave,india_national_20k,IN-C02518-FD021,feeder,Chandigarh,Chandigarh,1.5972,1.3424,1.1549,1,8,1,0,8.63,0.0,0,0,0,,,train
IND-S02287,line_outage,india_national_20k,IN-C05535-GEN06,generator,Belagavi,Karnataka,1.2673,1.2042,1.0253,3,52,1,0,0.0,0.0,0,0,0,,,test
IND-S02288,transformer_overload,india_national_20k,IN-C11572-FD011,feeder,Sūjāngarh,Rajasthan,2.529,1.0582,1.0571,0,6,2,4,0.12,0.00121,183808,0,4,IN-RAJ-HUB|IN-C11572-SS|IN-C11572-TR01|IN-C11572-FD011,0|0|0|0,train
IND-S02289,transformer_overload,india_national_20k,IN-C15594-FD011,feeder,Lalitpur,Uttar Pradesh,4.9533,1.2788,1.0705,0,6,3,7,0.29,0.00163,211121,0,4,IN-C15594-SS|IN-C15594-TR01|IN-C15594-FD011|IN-UTT-HUB|IN-C19438-SS|IN-C19462-SS|IN-C19475-SS,0|0|0|0|1|1|1,train
IND-S02290,transformer_overload,india_national_20k,IN-C11564-SS,substation,Ajmer,Rajasthan,3.5148,1.2091,1.0279,0,118,1,0,0.0,0.0,0,0,0,,,train
IND-S02291,normal_operation,india_national_20k,IN-C12346-GEN07,generator,Tiruppur,Tamil Nadu,1.0168,0.9699,1.0143,0,75,1,0,0.0,0.0,0,0,0,,,train
IND-S02292,heatwave,india_national_20k,IN-C07864-FD011,feeder,Satna,Madhya Pradesh,1.9172,1.4268,1.1593,0,8,2,3,9.0,0.00081,282977,0,3,IN-C07864-SS|IN-C07864-TR01|IN-C07864-FD011,0|0|0,train
IND-S02293,line_outage,india_national_20k,IN-C19434-GEN03,generator,Rudrapur,Uttarakhand,1.4795,1.1327,1.0065,2,113,1,0,0.0,0.0,0,0,0,,,train
IND-S02294,high_demand,india_national_20k,IN-C05539-GEN10,generator,Shivamogga,Karnataka,2.5344,1.4916,1.0902,0,48,5,79,10.61,0.01023,23314310,0,7,IN-SR-HUB|IN-ER-HUB|IN-NER-HUB|IN-KAR-HUB|IN-C05536-SS|IN-C05537-SS|IN-C05540-SS|IN-C05541-SS|IN-C05556-SS|IN-C05639-SS|IN-C05722-SS|IN-C06290-SS,0|1|1|1|1|1|1|1|1|1|1|1,test
IND-S02295,heatwave,india_national_20k,IN-C03059-GEN02,generator,Najafgarh,Delhi,2.8965,1.2615,1.1791,0,20,4,81,10.16,0.00549,8172854,0,2,IN-NR-HUB|IN-WR-HUB|IN-NER-HUB|IN-DEL-HUB|IN-C10290-SS|IN-C10346-SS|IN-C10353-SS|IN-C10360-SS|IN-C10362-SS|IN-C10384-SS|IN-NAG-HUB|IN-C10388-SS,0|0|0|0|1|1|1|1|1|1|1|1,train
IND-S02296,transformer_overload,india_national_20k,IN-C11560-FD021,feeder,Jaipur,Rajasthan,2.5021,1.0509,1.0492,1,10,1,0,0.0,0.0,0,0,0,,,train
IND-S02297,heatwave,india_national_20k,IN-C12363-SS,substation,Kanchipuram,Tamil Nadu,2.7433,1.3692,1.1912,1,260,2,2,8.86,0.00036,221715,0,2,IN-TAM-HUB|IN-C12363-SS,0|0,train
IND-S02298,normal_operation,india_national_20k,IN-C10356-SS,substation,Tlabung,Mizoram,1.1498,0.8934,0.9905,0,12,1,0,0.0,0.0,0,0,0,,,train
IND-S02299,transformer_overload,india_national_20k,IN-C10341-GEN01,generator,Aizawl,Mizoram,3.4647,1.1998,1.0488,1,15,2,11,0.23,0.00034,145287,0,5,IN-MIZ-HUB|IN-C10342-SS|IN-C10343-SS|IN-C10346-SS|IN-C10350-SS|IN-C10353-SS|IN-C10354-SS|IN-C10359-SS|IN-C10360-SS|IN-C10362-SS|IN-C10384-SS,0|0|0|0|0|0|0|0|0|0|0,train
IND-S02300,high_demand,india_national_20k,IN-C04491-SS,substation,Kathua,Jammu and Kashmir,2.6511,1.4492,1.0305,1,54,2,2,8.57,0.00037,59866,0,2,IN-JAM-HUB|IN-C04491-SS,0|0,train
IND-S02301,transformer_overload,india_national_20k,IN-UTT-HUB-GEN,generator,Uttarakhand Hub Generation,Uttarakhand,3.3054,1.006,1.0113,0,1,1,0,0.0,0.0,0,0,0,,,train
IND-S02302,line_outage,india_national_20k,IN-C15424-SS,substation,Appājīpalli,Telangana,1.7856,1.2517,1.0029,1,7,1,0,0.0,0.0,0,0,0,,,train
IND-S02303,heatwave,india_national_20k,IN-C11569-GEN10,generator,Sīkar,Rajasthan,3.2057,1.2322,1.1501,1,27,1,0,8.36,0.0,0,0,0,,,train
IND-S02304,high_demand,india_national_20k,IN-C03280-FD011,feeder,Ahmedabad,Gujarat,2.7237,1.3434,1.0275,1,10,1,0,0.0,0.0,0,0,0,,,train
IND-S02305,heatwave,india_national_20k,IN-C15558-FD011,feeder,Sahāranpur,Uttar Pradesh,3.2841,1.2336,1.1698,2,7,3,10,8.69,0.00237,779381,0,4,IN-C15558-SS|IN-C15558-TR01|IN-C15558-FD011|IN-UTT-HUB|IN-TAM-HUB|IN-C12372-SS|IN-C12392-SS|IN-C19438-SS|IN-C19462-SS|IN-C19475-SS,0|0|0|0|1|1|1|1|1|1,train
IND-S02306,line_outage,india_national_20k,IN-C15548-GEN03,generator,Agra,Uttar Pradesh,1.334,1.2785,1.0293,1,122,3,5,0.19,0.00104,1514701,0,3,IN-C15548-SS|IN-UTT-HUB|IN-C19438-SS|IN-C19462-SS|IN-C19475-SS,0|0|1|1|1,train
IND-S02307,cascade_emergency,india_national_20k,IN-C11050-GEN01,generator,Ludhiana,Punjab,7.3572,1.5319,1.0587,4,29,6,104,11.24,0.01664,30148746,0,3,IN-NR-HUB|IN-WR-HUB|IN-NER-HUB|IN-PUN-HUB|IN-C11050-SS|IN-C13384-SS|IN-C01444-SS|IN-CHH-HUB|IN-C02530-SS|IN-C02531-SS|IN-C02533-SS|IN-DEL-HUB,0|0|0|0|0|0|1|1|1|1|1|1,train
IND-S02308,high_demand,india_national_20k,IN-C11576-SS,substation,Beāwar,Rajasthan,2.3287,1.4323,1.069,0,118,1,0,8.59,0.0,0,0,0,,,train
IND-S02309,normal_operation,india_national_20k,IN-C11072-FD011,feeder,Farīdkot,Punjab,1.0628,0.9103,0.9877,0,4,1,0,0.0,0.0,0,0,0,,,train
IND-S02310,heatwave,india_national_20k,IN-C19734-FD021,feeder,Bhātpāra,West Bengal,2.7555,1.4336,1.2037,0,7,7,119,11.96,0.02395,53032489,0,4,IN-WES-HUB|IN-C19734-SS|IN-C19734-TR02|IN-C19734-FD021|IN-SR-HUB|IN-KER-HUB|IN-C07054-SS|IN-C10346-SS|IN-C10353-SS|IN-C10362-SS|IN-C15600-SS|IN-UTT-HUB,0|0|0|0|1|1|1|1|1|1|1|1,val
IND-S02311,transformer_overload,india_national_20k,IN-C03280-SS,substation,Ahmedabad,Gujarat,2.8463,1.0289,1.0466,0,88,1,0,0.0,0.0,0,0,0,,,train
IND-S02312,cascade_emergency,india_national_20k,IN-C11052-FD011,feeder,Jalandhar,Punjab,5.7981,1.5954,1.1739,2,8,7,1075,34.28,0.17982,69786466,0,4,IN-NR-HUB|IN-WR-HUB|IN-SR-HUB|IN-ER-HUB|IN-NER-HUB|IN-C10346-SS|IN-C10362-SS|IN-PUN-HUB|IN-C11052-SS|IN-C11052-TR01|IN-C11052-FD011|IN-TRI-HUB,0|0|0|0|0|0|0|0|0|0|0|0,train
IND-S02313,cascade_emergency,india_national_20k,IN-C11028-GEN01,generator,Puducherry,Puducherry,8.4001,1.3194,1.122,4,17,5,26,8.99,0.00085,686304,0,5,IN-SR-HUB|IN-PUD-HUB|IN-C11029-SS|IN-C11032-SS|IN-C11047-SS|IN-NER-HUB|IN-C01444-SS|IN-C10290-SS|IN-C10346-SS|IN-C10353-SS|IN-C10360-SS|IN-C10362-SS,0|0|0|0|0|1|2|2|2|2|2|2,train
IND-S02314,transformer_overload,india_national_20k,IN-C01164-SS,substation,Khārupatia,Assam,3.6926,1.2438,1.0491,0,7,1,0,0.0,0.0,0,0,0,,,val
IND-S02315,high_demand,india_national_20k,IN-C00047-FD011,feeder,Tadpatri,Andhra Pradesh,2.7593,1.2939,1.0442,1,5,1,0,0.0,0.0,0,0,0,,,test
IND-S02316,cascade_emergency,india_national_20k,IN-WES-HUB-GEN,generator,West Bengal Hub Generation,West Bengal,7.9133,1.5188,1.1186,3,44,3,5,9.07,0.00017,69890,0,0,IN-C10346-SS|IN-C10362-SS|IN-C13203-SS|IN-C13273-SS|IN-C10343-SS,0|0|0|0|1,val
IND-S02317,cascade_emergency,india_national_20k,IN-C19778-FD011,feeder,Navadwīp,West Bengal,5.6149,1.3723,1.0798,2,5,1,0,8.51,0.0,0,0,0,,,val
IND-S02318,high_demand,india_national_20k,IN-C01374-FD021,feeder,Patna,Bihar,1.6555,1.3331,1.0822,0,10,7,28,9.21,0.00842,19070861,0,3,IN-C01374-SS|IN-C01374-TR02|IN-C01374-FD021|IN-ER-HUB|IN-WR-HUB|IN-C01444-SS|IN-C01445-SS|IN-WES-HUB|IN-C19729-SS|IN-C19730-SS|IN-C19963-SS|IN-C10346-SS,0|0|0|1|2|2|2|2|2|2|2|3,val
IND-S02319,transformer_overload,india_national_20k,IN-C09282-FD031,feeder,Mumbai,Maharashtra,4.6265,1.2366,1.0246,0,10,5,27,1.19,0.01398,19638059,0,6,IN-WR-HUB|IN-MAH-HUB|IN-C09282-SS|IN-C09285-SS|IN-C09328-SS|IN-C09548-SS|IN-C10093-SS|IN-C09282-TR03|IN-C09282-FD031|IN-ER-HUB|IN-NER-HUB|IN-C10346-SS,0|0|0|0|0|0|0|0|0|1|1|2,train
IND-S02320,transformer_overload,india_national_20k,IN-C11560-FD021,feeder,Jaipur,Rajasthan,3.8035,1.278,1.0786,1,10,1,0,0.0,0.0,0,0,0,,,train
IND-S02321,heatwave,india_national_20k,IN-C15550-GEN05,generator,Ghāziābād,Uttar Pradesh,1.773,1.3463,1.1078,2,123,5,35,9.38,0.00698,18033353,0,8,IN-NR-HUB|IN-JHA-HUB|IN-C04827-SS|IN-C15550-SS|IN-C15557-SS|IN-C16428-SS|IN-C19118-SS|IN-C19203-SS|IN-UTT-HUB|IN-SR-HUB|IN-DEL-HUB|IN-C03058-SS,0|0|0|0|0|0|0|0|0|1|1|1,train
IND-S02322,heatwave,india_national_20k,IN-C12341-FD031,feeder,Coimbatore,Tamil Nadu,3.2389,1.3178,1.2097,2,10,2,6,9.0,0.00411,2356507,0,6,IN-TAM-HUB|IN-C12341-SS|IN-C12372-SS|IN-C12378-SS|IN-C12341-TR03|IN-C12341-FD031,0|0|0|0|0|0,train
IND-S02323,transformer_overload,india_national_20k,IN-C09283-GEN02,generator,Pune,Maharashtra,4.9449,1.2928,1.0009,0,42,5,23,0.98,0.00817,9141192,0,3,IN-WR-HUB|IN-MAH-HUB|IN-C09283-SS|IN-ER-HUB|IN-NER-HUB|IN-C10346-SS|IN-C10353-SS|IN-C10360-SS|IN-C10362-SS|IN-C10384-SS|IN-NAG-HUB|IN-C10388-SS,0|0|0|1|1|2|2|2|2|2|2|2,train
IND-S02324,line_outage,india_national_20k,IN-C05530-SS,substation,Bengaluru,Karnataka,2.2627,1.0135,1.0216,2,191,1,0,0.0,0.0,0,0,0,,,test
IND-S02325,transformer_overload,india_national_20k,IN-C11051-FD011,feeder,Amritsar,Punjab,4.0904,1.2946,1.0599,0,10,2,3,0.15,0.00255,1159227,0,3,IN-C11051-SS|IN-C11051-TR01|IN-C11051-FD011,0|0|0,train
IND-S02326,cascade_emergency,india_national_20k,IN-C03283-FD021,feeder,Rājkot,Gujarat,7.808,1.4655,1.1426,4,10,6,79,10.87,0.01543,24551741,0,4,IN-WR-HUB|IN-SR-HUB|IN-GUJ-HUB|IN-C03283-SS|IN-C03283-TR02|IN-C03283-FD021|IN-C09388-SS|IN-C09950-SS|IN-ER-HUB|IN-NER-HUB|IN-CHH-HUB|IN-C02530-SS,0|0|0|0|0|0|0|0|1|1|1|1,train
IND-S02327,heatwave,india_national_20k,IN-C03395-SS,substation,Jhālod,Gujarat,2.7904,1.3713,1.1581,0,3,1,0,8.74,0.0,0,0,0,,,train
IND-S02328,cascade_emergency,india_national_20k,IN-C12300-SS,substation,Atbara,Rajasthan,7.6011,1.4956,1.1438,2,5,1,0,9.0,0.0,0,0,0,,,train
IND-S02329,transformer_overload,india_national_20k,IN-C15591-SS,substation,Pīlibhīt,Uttar Pradesh,5.5735,1.1954,1.0479,1,260,1,0,0.0,0.0,0,0,0,,,train
IND-S02330,line_outage,india_national_20k,IN-C11051-FD021,feeder,Amritsar,Punjab,1.3064,1.0334,1.0596,1,10,1,0,0.0,0.0,0,0,0,,,train
IND-S02331,transformer_overload,india_national_20k,IN-C07140-SS,substation,Kotamangalam,Kerala,3.0061,1.1938,1.0378,1,5,1,0,0.0,0.0,0,0,0,,,train
IND-S02332,line_outage,india_national_20k,IN-C00017-FD031,feeder,Rasapūdipalem,Andhra Pradesh,1.8275,1.0166,1.0496,4,10,2,2,0.08,0.00124,0,0,2,IN-C00017-TR03|IN-C00017-FD031,0|0,test
IND-S02333,high_demand,india_national_20k,IN-C09564-SS,substation,Durgāpur,Maharashtra,2.9288,1.2765,1.0661,0,10,1,0,0.0,0.0,0,0,0,,,train
IND-S02334,transformer_overload,india_national_20k,IN-C11648-SS,substation,Lālsot,Rajasthan,5.457,1.2363,1.0748,1,7,1,0,0.0,0.0,0,0,0,,,train
IND-S02335,line_outage,india_national_20k,IN-C15552-GEN07,generator,Prayagraj,Uttar Pradesh,1.493,1.1751,1.0459,3,119,1,0,0.0,0.0,0,0,0,,,train
IND-S02336,heatwave,india_national_20k,IN-C03281-GEN02,generator,Surat,Gujarat,3.0582,1.3602,1.1054,0,29,5,38,9.5,0.00806,16551781,0,3,IN-WR-HUB|IN-SR-HUB|IN-GUJ-HUB|IN-C03281-SS|IN-NER-HUB|IN-C11034-SS|IN-C11047-SS|IN-C01444-SS|IN-C10290-SS|IN-C10346-SS|IN-C10353-SS|IN-C10360-SS,0|0|0|0|1|1|1|2|2|2|2|2,train
IND-S02337,cascade_emergency,india_national_20k,IN-C09615-SS,substation,Tikādi,Maharashtra,6.7193,1.5914,1.1354,3,6,1,0,9.02,0.0,0,0,0,,,train
IND-S02338,normal_operation,india_national_20k,IN-C05535-GEN06,generator,Belagavi,Karnataka,1.0689,0.9561,1.0076,0,52,1,0,0.0,0.0,0,0,0,,,test
IND-S02339,transformer_overload,india_national_20k,IN-C11052-SS,substation,Jalandhar,Punjab,5.6679,1.0555,1.0527,1,83,2,4,0.1,0.00039,67391,0,4,IN-C11091-SS|IN-C11206-SS|IN-C11247-SS|IN-C11258-SS,0|0|0|0,train
IND-S02340,high_demand,india_national_20k,IN-C12357-FD011,feeder,Sivakasi,Tamil Nadu,1.5511,1.3501,1.0902,1,6,1,0,8.48,0.0,0,0,0,,,train
IND-S02341,heatwave,india_national_20k,IN-C11051-FD031,feeder,Amritsar,Punjab,1.8274,1.3725,1.1545,0,10,2,3,8.82,0.00152,1159227,0,3,IN-C11051-SS|IN-C11051-TR03|IN-C11051-FD031,0|0|0,train
IND-S02342,normal_operation,india_national_20k,IN-C19808-SS,substation,Tamlūk,West Bengal,1.0984,0.999,0.9887,0,3,1,0,0.0,0.0,0,0,0,,,val
IND-S02343,transformer_overload,india_national_20k,IN-C12356-FD011,feeder,Tiruvottiyūr,Tamil Nadu,4.6953,1.0822,1.0597,1,6,1,0,0.0,0.0,0,0,0,,,train
IND-S02344,line_outage,india_national_20k,IN-TAM-HUB-GEN,generator,Tamil Nadu Hub Generation,Tamil Nadu,2.0018,1.1522,1.0464,3,260,1,0,0.0,0.0,0,0,0,,,train
IND-S02345,line_outage,india_national_20k,IN-C10090-SS,substation,Andbori,Maharashtra,2.4445,1.2686,1.0115,4,1,1,0,0.0,0.0,0,0,0,,,train
IND-S02346,heatwave,india_national_20k,IN-C04825-FD011,feeder,Bokāro,Jharkhand,3.2741,1.1599,1.1392,2,8,2,5,0.19,0.00261,713818,0,5,IN-C04825-SS|IN-C04831-SS|IN-C04957-SS|IN-C04825-TR01|IN-C04825-FD011,0|0|0|0|0,train
IND-S02347,high_demand,india_national_20k,IN-C03805-SS,substation,Kaithal,Haryana,1.8068,1.4911,1.0261,1,9,1,0,8.59,0.0,0,0,0,,,train
IND-S02348,transformer_overload,india_national_20k,IN-C05541-FD011,feeder,Rāichūr,Karnataka,3.1092,1.2126,1.0365,0,7,2,3,0.12,0.00185,234073,0,3,IN-C05541-SS|IN-C05541-TR01|IN-C05541-FD011,0|0|0,test
IND-S02349,transformer_overload,india_national_20k,IN-C15548-SS,substation,Agra,Uttar Pradesh,2.3432,1.2299,1.0199,0,260,1,0,0.0,0.0,0,0,0,,,train
IND-S02350,normal_operation,india_national_20k,IN-C09291-GEN10,generator,Virār,Maharashtra,1.1245,0.9655,1.0126,0,40,1,0,0.0,0.0,0,0,0,,,train
IND-S02351,normal_operation,india_national_20k,IN-C07868-FD011,feeder,Murwāra,Madhya Pradesh,1.1727,1.0277,0.9999,0,7,1,0,0.0,0.0,0,0,0,,,train
IND-S02352,high_demand,india_national_20k,IN-C12343-GEN04,generator,Madurai,Tamil Nadu,2.6694,1.5164,1.0875,1,80,6,108,11.31,0.01434,28487464,0,3,IN-SR-HUB|IN-ER-HUB|IN-TAM-HUB|IN-C12343-SS|IN-C01444-SS|IN-JHA-HUB|IN-C04828-SS|IN-C04829-SS|IN-C04830-SS|IN-C04832-SS|IN-KAR-HUB|IN-C05537-SS,0|0|0|0|1|1|1|1|1|1|1|1,train
IND-S02353,line_outage,india_national_20k,IN-C11562-FD011,feeder,Kota,Rajasthan,1.8282,1.0354,1.0493,4,10,2,2,0.07,0.00072,0,0,2,IN-C11562-TR01|IN-C11562-FD011,0|0,train
IND-S02354,normal_operation,india_national_20k,IN-C11203-SS,substation,Halwāra,Punjab,1.1464,0.9535,0.9802,0,6,1,0,0.0,0.0,0,0,0,,,train
IND-S02355,high_demand,india_national_20k,IN-C00100-SS,substation,Kānūru,Andhra Pradesh,2.8896,1.3302,1.0897,1,11,2,3,8.51,0.00048,83683,0,3,IN-C00100-SS|IN-C00130-SS|IN-C00860-SS,0|0|0,test
IND-S02356,normal_operation,india_national_20k,IN-C09333-SS,substation,Khāmgaon,Maharashtra,1.1517,1.0385,1.0008,0,8,1,0,0.0,0.0,0,0,0,,,train
IND-S02357,line_outage,india_national_20k,IN-C00025-GEN09,generator,Kadapa,Andhra Pradesh,1.9588,1.114,1.0545,1,40,1,0,0.0,0.0,0,0,0,,,test
IND-S02358,heatwave,india_national_20k,IN-C15958-SS,substation,Nandgaon,Uttar Pradesh,1.6966,1.2823,1.2051,1,6,1,0,8.63,0.0,0,0,0,,,train
IND-S02359,high_demand,india_national_20k,IN-C15550-FD022,feeder,Ghāziābād,Uttar Pradesh,1.8489,1.5184,1.0518,0,10,7,39,9.74,0.00819,18984608,0,4,IN-C15550-SS|IN-C15550-TR02|IN-C15550-FD022|IN-C15557-SS|IN-UTT-HUB|IN-WR-HUB|IN-C01444-SS|IN-DEL-HUB|IN-C03058-SS|IN-MAH-HUB|IN-C10278-SS|IN-TAM-HUB,0|0|0|1|1|2|2|2|2|2|2|2,train
IND-S02360,high_demand,india_national_20k,IN-C05531-GEN02,generator,Hubballi,Karnataka,2.2907,1.2648,1.0252,0,49,1,0,0.01,0.0,0,0,0,,,test
IND-S02361,transformer_overload,india_national_20k,IN-C11055-FD011,feeder,Pathānkot,Punjab,2.1516,1.0503,1.0168,0,7,2,3,0.09,0.00099,174306,0,3,IN-C11055-SS|IN-C11055-TR01|IN-C11055-FD011,0|0|0,train
IND-S02362,line_outage,india_national_20k,IN-C03795-GEN06,generator,Panipat,Haryana,1.379,1.1793,1.0446,4,21,1,0,0.0,0.0,0,0,0,,,train
IND-S02363,high_demand,india_national_20k,IN-C03285-GEN06,generator,Jamnagar,Gujarat,1.8633,1.3924,1.039,0,24,1,0,8.43,0.0,0,0,0,,,train
IND-S02364,transformer_overload,india_national_20k,IN-C03173-FD011,feeder,Mormugao,Goa,2.6065,1.0382,1.0352,1,7,1,0,0.0,0.0,0,0,0,,,train
IND-S02365,normal_operation,india_national_20k,IN-C09286-GEN05,generator,Pimpri-Chinchwad,Maharashtra,1.0597,0.9605,1.0174,0,44,1,0,0.0,0.0,0,0,0,,,train
IND-S02366,cascade_emergency,india_national_20k,IN-C10456-SS,substation,Joda,Odisha,6.0904,1.5095,1.17,4,10,1,0,9.02,0.0,0,0,0,,,train
IND-S02367,heatwave,india_national_20k,IN-C01398-FD011,feeder,Jahānābād,Bihar,1.7132,1.3845,1.1765,0,6,3,17,9.16,0.00134,734657,0,4,IN-BIH-HUB|IN-C01398-SS|IN-C01398-TR01|IN-C01398-FD011|IN-C01377-SS|IN-C01444-SS|IN-C01445-SS|IN-C01481-SS|IN-C01485-SS|IN-C01486-SS|IN-C01495-SS|IN-C01499-SS,0|0|0|0|1|1|1|1|1|1|1|1,val
IND-S02368,cascade_emergency,india_national_20k,IN-C16899-SS,substation,Ainjhi,Uttar Pradesh,6.2876,1.5989,1.0965,3,4,8,142,12.42,0.0253,49579505,0,0,IN-C07047-SS|IN-C07291-SS|IN-C07643-SS|IN-ER-HUB|IN-WR-HUB|IN-BIH-HUB|IN-C01374-SS|IN-C01394-SS|IN-C01444-SS|IN-C01445-SS|IN-C01481-SS|IN-C02142-SS,0|0|0|1|2|2|2|2|2|2|2|2,train
IND-S02369,cascade_emergency,india_national_20k,IN-C01121-GEN03,generator,Dibrugarh,Assam,4.5553,1.3121,1.1283,3,14,1,0,8.51,0.0,0,0,0,,,val
IND-S02370,line_outage,india_national_20k,IN-C07108-SS,substation,Shōranūr,Kerala,2.0365,1.1956,1.0062,1,3,1,0,0.0,0.0,0,0,0,,,train
IND-S02371,high_demand,india_national_20k,IN-C04484-GEN01,generator,Srinagar,Jammu and Kashmir,2.1106,1.4341,1.0522,0,24,2,2,8.63,0.00103,1206419,0,2,IN-JAM-HUB|IN-C04484-SS,0|0,train
IND-S02372,normal_operation,india_national_20k,IN-GUJ-HUB-GEN,generator,Gujarat Hub Generation,Gujarat,1.1552,0.8997,1.0127,0,80,1,0,0.0,0.0,0,0,0,,,train
IND-S02373,line_outage,india_national_20k,IN-C09283-FD011,feeder,Pune,Maharashtra,2.2017,1.115,1.0143,1,10,1,0,0.0,0.0,0,0,0,,,train
IND-S02374,high_demand,india_national_20k,IN-C09282-FD022,feeder,Mumbai,Maharashtra,2.7141,1.3873,1.0532,0,10,2,8,8.89,0.00808,14653824,0,6,IN-MAH-HUB|IN-C09282-SS|IN-C09285-SS|IN-C09328-SS|IN-C09548-SS|IN-C10093-SS|IN-C09282-TR02|IN-C09282-FD022,0|0|0|0|0|0|0|0,train
IND-S02375,transformer_overload,india_national_20k,IN-C03321-FD011,feeder,Himatnagar,Gujarat,5.3217,1.0286,1.0722,1,5,1,0,0.0,0.0,0,0,0,,,train
IND-S02376,high_demand,india_national_20k,IN-C01123-FD011,feeder,Nagaon,Assam,2.6694,1.3134,1.0653,0,7,2,3,0.16,0.00084,121628,0,3,IN-C01123-SS|IN-C01123-TR01|IN-C01123-FD011,0|0|0,val
IND-S02377,cascade_emergency,india_national_20k,IN-C11561-FD032,feeder,Jodhpur,Rajasthan,4.8916,1.539,1.1074,2,10,5,124,11.7,0.01471,20073020,0,4,IN-WR-HUB|IN-NER-HUB|IN-C11561-SS|IN-C11561-TR03|IN-C11561-FD032|IN-C01444-SS|IN-C01445-SS|IN-C01481-SS|IN-CHH-HUB|IN-C02530-SS|IN-C02531-SS|IN-C02533-SS,0|0|0|0|0|1|1|1|1|1|1|1,train
IND-S02378,heatwave,india_national_20k,IN-C07862-GEN06,generator,Punāsa,Madhya Pradesh,3.0169,1.3617,1.144,0,46,1,0,8.65,0.0,0,0,0,,,train
IND-S02379,heatwave,india_national_20k,IN-C07058-FD011,feeder,Neyyāttinkara,Kerala,1.8402,1.2463,1.2028,0,6,2,4,8.62,0.00043,88104,0,4,IN-KER-HUB|IN-C07058-SS|IN-C07058-TR01|IN-C07058-FD011,0|0|0|0,train
IND-S02380,transformer_overload,india_national_20k,IN-C03794-FD021,feeder,Karnāl,Haryana,2.5337,1.0166,1.0781,0,8,2,3,0.1,0.00108,302140,0,3,IN-C03794-SS|IN-C03794-TR02|IN-C03794-FD021,0|0|0,train
IND-S02381,heatwave,india_national_20k,IN-C12347-GEN08,generator,Salem,Tamil Nadu,2.2046,1.3897,1.2146,1,73,6,132,11.71,0.01202,24207663,0,2,IN-SR-HUB|IN-ER-HUB|IN-C10346-SS|IN-C10362-SS|IN-TAM-HUB|IN-WES-HUB|IN-ASS-HUB|IN-C01122-SS|IN-C01444-SS|IN-CHH-HUB|IN-C02530-SS|IN-C02533-SS,0|0|0|0|0|0|1|1|1|1|1|1,train
IND-S02382,heatwave,india_national_20k,IN-C14784-SS,substation,Attikuppam,Tamil Nadu,2.3645,1.4024,1.0924,1,5,1,0,8.59,0.0,0,0,0,,,train
IND-S02383,line_outage,india_national_20k,IN-MAH-HUB-GEN,generator,Maharashtra Hub Generation,Maharashtra,2.3609,1.1815,1.0015,2,144,5,15,0.36,0.00028,216483,0,2,IN-WR-HUB|IN-MAH-HUB|IN-ER-HUB|IN-NER-HUB|IN-C10346-SS|IN-C10353-SS|IN-C10360-SS|IN-C10362-SS|IN-C15523-SS|IN-C19963-SS|IN-C15525-SS|IN-C15530-SS,0|0|1|1|2|2|2|2|2|2|3|3,train
IND-S02384,high_demand,india_national_20k,IN-C15546-FD031,feeder,Kanpur,Uttar Pradesh,2.7379,1.5084,1.0475,1,10,1,0,8.69,0.0,0,0,0,,,train
IND-S02385,cascade_emergency,india_national_20k,IN-C15548-GEN03,generator,Agra,Uttar Pradesh,4.7342,1.3545,1.0951,3,122,4,34,9.31,0.00541,13207871,0,4,IN-NR-HUB|IN-WR-HUB|IN-NER-HUB|IN-C15548-SS|IN-UTT-HUB|IN-DEL-HUB|IN-C03058-SS|IN-C10290-SS|IN-C10346-SS|IN-C10353-SS|IN-C10360-SS|IN-C10362-SS,0|0|0|0|0|1|1|1|1|1|1|1,train
IND-S02386,normal_operation,india_national_20k,IN-C05530-FD011,feeder,Bengaluru,Karnataka,1.1714,0.9195,0.9841,0,10,1,0,0.0,0.0,0,0,0,,,test
IND-S02387,transformer_overload,india_national_20k,IN-C14847-FD011,feeder,Kukatpally,Telangana,3.9739,1.0515,1.025,1,8,2,4,0.08,0.0,2000,0,1,IN-C15208-SS|IN-C15271-SS|IN-C15287-SS|IN-C15478-SS,0|0|0|0,train
IND-S02388,cascade_emergency,india_national_20k,IN-C07863-GEN07,generator,Dewas,Madhya Pradesh,6.208,1.3459,1.0896,3,46,1,0,8.47,0.0,0,0,0,,,train
IND-S02389,cascade_emergency,india_national_20k,IN-C07054-GEN10,generator,Ponnāni,Kerala,8.3216,1.3095,1.0951,5,30,2,2,8.44,0.00024,105512,0,2,IN-KER-HUB|IN-C07054-SS,0|0,train
IND-S02390,heatwave,india_national_20k,IN-C04633-SS,substation,Aganu,Jammu and Kashmir,2.4325,1.3482,1.1623,1,3,1,0,8.66,0.0,0,0,0,,,train
IND-S02391,line_outage,india_national_20k,IN-C03281-FD021,feeder,Surat,Gujarat,1.479,1.2538,1.0005,3,10,2,2,0.13,0.00242,0,0,2,IN-C03281-TR02|IN-C03281-FD021,0|0,train
IND-S02392,heatwave,india_national_20k,IN-C07858-FD032,feeder,Bhopal,Madhya Pradesh,3.1447,1.1801,1.1516,0,10,2,12,0.38,0.00373,2219224,0,6,IN-MAD-HUB|IN-C07858-SS|IN-C07882-SS|IN-C07888-SS|IN-C07892-SS|IN-C07908-SS|IN-C08007-SS|IN-C08067-SS|IN-C08104-SS|IN-C08742-SS|IN-C07858-TR03|IN-C07858-FD032,0|0|0|0|0|0|0|0|0|0|0|0,train
IND-S02393,cascade_emergency,india_national_20k,IN-C01381-GEN08,generator,Arrah,Bihar,5.693,1.4978,1.1774,3,39,6,927,32.53,0.20482,83759409,0,7,IN-BIH-HUB|IN-C01381-SS|IN-HAR-HUB|IN-WR-HUB|IN-ER-HUB|IN-NER-HUB|IN-C01377-SS|IN-C01378-SS|IN-C01379-SS|IN-C01397-SS|IN-C01444-SS|IN-C01445-SS,0|0|0|1|1|1|1|1|1|1|1|1,val
IND-S02394,high_demand,india_national_20k,IN-C15546-FD011,feeder,Kanpur,Uttar Pradesh,2.8044,1.4907,1.0855,1,10,1,0,8.79,0.0,0,0,0,,,train
IND-S02395,cascade_emergency,india_national_20k,IN-C02526-GEN02,generator,Bhilai,Chhattisgarh,5.4632,1.5928,1.1208,5,23,7,1204,37.42,0.20532,81515815,0,7,IN-WR-HUB|IN-SR-HUB|IN-CHH-HUB|IN-C02526-SS|IN-C02535-SS|IN-C02780-SS|IN-C09282-SS|IN-C09285-SS|IN-C09328-SS|IN-C09548-SS|IN-C10093-SS|IN-NER-HUB,0|0|0|0|0|0|0|0|0|0|0|1,train
IND-S02396,normal_operation,india_national_20k,IN-C09383-SS,substation,Gangākher,Maharashtra,1.0041,1.0276,0.987,0,12,1,0,0.0,0.0,0,0,0,,,train
IND-S02397,high_demand,india_national_20k,IN-C10319-GEN01,generator,Shillong,Meghalaya,2.4383,1.419,1.0772,1,11,2,2,8.62,0.00013,143229,0,2,IN-MEG-HUB|IN-C10319-SS,0|0,val
IND-S02398,normal_operation,india_national_20k,IN-C07050-FD011,feeder,Thrissur,Kerala,1.1093,0.915,1.0104,0,8,1,0,0.0,0.0,0,0,0,,,train
IND-S02399,transformer_overload,india_national_20k,IN-C15501-GEN01,generator,Agartala,Tripura,2.5869,1.2308,1.0147,1,15,2,13,0.27,0.00045,190247,0,3,IN-TRI-HUB|IN-C15502-SS|IN-C15503-SS|IN-C15504-SS|IN-C15506-SS|IN-C15516-SS|IN-C15523-SS|IN-C15525-SS|IN-C15529-SS|IN-C15531-SS|IN-C15532-SS|IN-C15539-SS,0|0|0|0|0|0|0|0|0|0|0|0,train
IND-S02400,high_demand,india_national_20k,IN-C05544-FD011,feeder,Gadag-Betageri,Karnataka,2.456,1.3138,1.0836,1,6,1,0,8.38,0.0,0,0,0,,,test
IND-S02401,cascade_emergency,india_national_20k,IN-C14798-SS,substation,Attimānjeri,Tamil Nadu,7.037,1.5487,1.0786,3,5,1,0,8.94,0.0,0,0,0,,,train
IND-S02402,heatwave,india_national_20k,IN-C00025-FD011,feeder,Kadapa,Andhra Pradesh,2.3554,1.3455,1.1445,2,8,2,3,8.71,0.00116,344893,0,3,IN-C00025-SS|IN-C00025-TR01|IN-C00025-FD011,0|0|0,test
IND-S02403,cascade_emergency,india_national_20k,IN-C03282-GEN03,generator,Vadodara,Gujarat,5.8359,1.5971,1.1687,3,29,7,1002,33.16,0.18495,64725089,0,3,IN-WR-HUB|IN-SR-HUB|IN-ER-HUB|IN-NER-HUB|IN-GUJ-HUB|IN-C03282-SS|IN-KER-HUB|IN-C07054-SS|IN-C10346-SS|IN-C10353-SS|IN-C10362-SS|IN-C15600-SS,0|0|0|0|0|0|0|0|0|0|0|0,train
IND-S02404,cascade_emergency,india_national_20k,IN-C09282-SS,substation,Mumbai,Maharashtra,6.0922,1.3819,1.1239,2,152,4,34,10.01,0.02153,30875622,0,4,IN-WR-HUB|IN-SR-HUB|IN-ER-HUB|IN-MAH-HUB|IN-C09282-SS|IN-C10362-SS|IN-C10343-SS|IN-C11034-SS|IN-C11047-SS|IN-C15523-SS|IN-C15600-SS|IN-C15605-SS,0|0|0|0|0|0|1|1|1|1|1|1,train
IND-S02405,line_outage,india_national_20k,IN-MAH-HUB-GEN,generator,Maharashtra Hub Generation,Maharashtra,2.293,1.0555,1.0105,1,144,5,9,0.22,0.00011,47790,0,2,IN-WR-HUB|IN-MAH-HUB|IN-ER-HUB|IN-NER-HUB|IN-C10346-SS|IN-C10362-SS|IN-C15523-SS|IN-C15525-SS|IN-C15543-SS,0|0|1|1|2|2|2|3|3,train
IND-S02406,heatwave,india_national_20k,IN-C01124-FD011,feeder,Tinsukia,Assam,3.0903,1.3002,1.1586,1,6,1,0,8.54,0.0,0,0,0,,,val
IND-S02407,high_demand,india_national_20k,IN-C01119-FD011,feeder,Guwahati,Assam,1.8747,1.4766,1.053,1,8,1,0,8.64,0.0,0,0,0,,,val
IND-S02408,cascade_emergency,india_national_20k,IN-C00026-GEN10,generator,Tirupati,Andhra Pradesh,6.2484,1.4084,1.0638,3,40,1,0,8.53,0.0,0,0,0,,,test
IND-S02409,cascade_emergency,india_national_20k,IN-C00017-GEN01,generator,Rasapūdipalem,Andhra Pradesh,8.9045,1.5508,1.0779,2,47,7,102,11.43,0.01965,33292199,0,8,IN-ER-HUB|IN-AND-HUB|IN-C00017-SS|IN-C00019-SS|IN-C00028-SS|IN-C00260-SS|IN-C00527-SS|IN-WR-HUB|IN-SR-HUB|IN-C00037-SS|IN-C00715-SS|IN-C00747-SS,0|0|0|0|0|0|0|1|1|1|1|1,test
IND-S02410,transformer_overload,india_national_20k,IN-C07238-SS,substation,Ezhupunna,Kerala,4.5159,1.0441,1.0095,1,6,1,0,0.0,0.0,0,0,0,,,train
IND-S02411,heatwave,india_national_20k,IN-C07049-FD021,feeder,Kollam,Kerala,2.5147,1.2086,1.1072,0,8,2,3,0.1,0.00131,367107,0,3,IN-C07049-SS|IN-C07049-TR02|IN-C07049-FD021,0|0|0,train
IND-S02412,high_demand,india_national_20k,IN-C02525-FD022,feeder,Raipur,Chhattisgarh,2.5018,1.3702,1.0737,1,10,1,0,8.48,0.0,0,0,0,,,train
IND-S02413,cascade_emergency,india_national_20k,IN-C01325-SS,substation,Bhairabi,Assam,8.4665,1.3806,1.0555,2,1,1,0,8.46,0.0,0,0,0,,,val
IND-S02414,line_outage,india_national_20k,IN-C14844-FD031,feeder,Hyderabad,Telangana,2.229,1.1801,1.0587,1,10,1,0,0.0,0.0,0,0,0,,,train
IND-S02415,line_outage,india_national_20k,IN-C00020-GEN04,generator,Guntur,Andhra Pradesh,2.2653,1.0664,1.0106,1,40,2,2,0.05,0.0001,164937,0,2,IN-AND-HUB|IN-C00037-SS,0|0,test
IND-S02416,transformer_overload,india_national_20k,IN-C05575-FD011,feeder,Chik Ballāpur,Karnataka,3.2111,1.178,1.0601,0,5,1,0,0.0,0.0,0,0,0,,,test
IND-S02417,cascade_emergency,india_national_20k,IN-C01381-GEN08,generator,Arrah,Bihar,4.7519,1.477,1.0628,5,39,4,15,9.03,0.00325,12187917,0,0,IN-TAM-HUB|IN-C12390-SS|IN-C12474-SS|IN-C14168-SS|IN-C14310-SS|IN-C15553-SS|IN-C18944-SS|IN-NR-HUB|IN-UTT-HUB|IN-DEL-HUB|IN-C03058-SS|IN-C19433-SS,0|0|0|0|0|0|0|1|1|2|2|2,val
IND-S02418,high_demand,india_national_20k,IN-C15546-FD012,feeder,Kanpur,Uttar Pradesh,1.9706,1.475,1.0802,0,10,6,41,9.84,0.01031,20363289,0,6,IN-C15546-SS|IN-C15583-SS|IN-C15601-SS|IN-C19257-SS|IN-C15546-TR01|IN-C15546-FD012|IN-UTT-HUB|IN-WR-HUB|IN-C01444-SS|IN-DEL-HUB|IN-C03058-SS|IN-MAH-HUB,0|0|0|0|0|0|0|1|1|1|1|1,train
IND-S02419,high_demand,india_national_20k,IN-C11570-GEN11,generator,Sri Ganganagar,Rajasthan,1.9116,1.3855,1.0549,0,29,1,0,8.46,0.0,0,0,0,,,train
IND-S02420,heatwave,india_national_20k,IN-C00001-GEN01,generator,Port Blair,Andaman and Nicobar,2.5021,1.2053,1.1706,2,39,1,0,8.35,0.0,0,0,0,,,train
IND-S02421,high_demand,india_national_20k,IN-C05534-FD021,feeder,Mangaluru,Karnataka,1.97,1.4735,1.0305,0,8,2,3,8.67,0.00146,499487,0,3,IN-C05534-SS|IN-C05534-TR02|IN-C05534-FD021,0|0|0,test
IND-S02422,high_demand,india_national_20k,IN-C15559-FD011,feeder,Modīnagar,Uttar Pradesh,1.8902,1.4019,1.0231,1,7,1,0,8.39,0.0,0,0,0,,,train
IND-S02423,cascade_emergency,india_national_20k,IN-C11570-GEN11,generator,Sri Ganganagar,Rajasthan,7.1144,1.5198,1.087,4,29,5,120,11.46,0.01218,19776480,0,6,IN-WR-HUB|IN-NER-HUB|IN-C16903-SS|IN-C17164-SS|IN-C19144-SS|IN-C19336-SS|IN-C01444-SS|IN-CHH-HUB|IN-C02530-SS|IN-C02531-SS|IN-C02533-SS|IN-DEL-HUB,0|0|0|0|0|0|1|1|1|1|1|1,train
IND-S02424,cascade_emergency,india_national_20k,IN-C19733-FD011,feeder,Āsansol,West Bengal,8.0417,1.3883,1.1256,4,8,3,23,9.3,0.00662,2260133,0,4,IN-BIH-HUB|IN-C01378-SS|IN-C19731-SS|IN-C19733-SS|IN-C19755-SS|IN-C19766-SS|IN-C19864-SS|IN-C19963-SS|IN-C19733-TR01|IN-C19733-FD011|IN-C01377-SS|IN-C01444-SS,0|0|0|0|0|0|0|0|0|0|1|1,val
IND-S02425,transformer_overload,india_national_20k,IN-C03349-SS,substation,Jodhpur,Gujarat,2.2836,1.2134,1.0149,0,5,2,8,0.18,0.00053,151793,0,5,IN-C03349-SS|IN-C03383-SS|IN-C03411-SS|IN-C03475-SS|IN-C03494-SS|IN-C03502-SS|IN-C03712-SS|IN-C03735-SS,0|0|0|0|0|0|0|0,train
IND-S02426,transformer_overload,india_national_20k,IN-C05530-FD021,feeder,Bengaluru,Karnataka,5.7648,1.146,1.0209,0,10,2,4,0.49,0.01182,8495492,0,4,IN-KAR-HUB|IN-C05530-SS|IN-C05530-TR02|IN-C05530-FD021,0|0|0|0,test
IND-S02427,transformer_overload,india_national_20k,IN-C00019-FD021,feeder,Visakhapatnam,Andhra Pradesh,3.46,1.033,1.0022,0,10,3,5,0.18,0.00223,1325528,0,5,IN-C00019-SS|IN-C00019-TR02|IN-C00019-FD021|IN-C00028-SS|IN-C00260-SS,0|0|0|1|1,test
IND-S02428,transformer_overload,india_national_20k,IN-C12397-FD011,feeder,Neelankarai,Tamil Nadu,2.2679,1.2036,1.0496,0,6,2,3,0.08,0.00046,76600,0,3,IN-C12397-SS|IN-C12397-TR01|IN-C12397-FD011,0|0|0,train
IND-S02429,cascade_emergency,india_national_20k,IN-C03282-FD022,feeder,Vadodara,Gujarat,7.9713,1.5595,1.1769,5,10,6,1033,32.67,0.15625,48178844,0,4,IN-WR-HUB|IN-SR-HUB|IN-ER-HUB|IN-GUJ-HUB|IN-C03282-SS|IN-C03282-TR02|IN-C03282-FD022|IN-C10346-SS|IN-C10362-SS|IN-TEL-HUB|IN-C14847-SS|IN-C14853-SS,0|0|0|0|0|0|0|0|0|0|0|0,train
IND-S02430,transformer_overload,india_national_20k,IN-UTT-HUB-GEN,generator,Uttarakhand Hub Generation,Uttarakhand,2.6228,1.2331,1.0324,1,1,1,0,0.0,0.0,0,0,0,,,train
IND-S02431,normal_operation,india_national_20k,IN-C12342-FD031,feeder,Kallakurichi,Tamil Nadu,1.1024,1.0301,0.9875,0,10,1,0,0.0,0.0,0,0,0,,,train
IND-S02432,normal_operation,india_national_20k,IN-C03303-FD011,feeder,Valsād,Gujarat,1.0157,1.046,0.9849,0,5,1,0,0.0,0.0,0,0,0,,,train
IND-S02433,transformer_overload,india_national_20k,IN-C14853-FD011,feeder,Quthbullapur,Telangana,2.987,1.0667,1.0538,1,7,2,3,0.06,0.0,1500,0,1,IN-C15271-SS|IN-C15287-SS|IN-C15478-SS,0|0|0,train
IND-S02434,cascade_emergency,india_national_20k,IN-C11698-SS,substation,Mandāwa,Rajasthan,5.4411,1.4794,1.1626,2,9,1,0,9.02,0.0,0,0,0,,,train
IND-S02435,heatwave,india_national_20k,IN-C07869-FD011,feeder,Singrauli,Madhya Pradesh,2.5861,1.3701,1.0885,2,6,3,6,8.67,0.00155,331366,0,4,IN-MAD-HUB|IN-C07869-SS|IN-C07869-TR01|IN-C07869-FD011|IN-C07885-SS|IN-C08275-SS,0|0|0|0|1|1,train
IND-S02436,heatwave,india_national_20k,IN-C11469-SS,substation,Amrāla,Punjab,2.1539,1.1729,1.2096,2,4,1,0,8.38,0.0,0,0,0,,,train
IND-S02437,normal_operation,india_national_20k,IN-C10476-SS,substation,Jaleshwar,Odisha,1.0531,1.0186,1.0073,0,4,1,0,0.0,0.0,0,0,0,,,train
IND-S02438,normal_operation,india_national_20k,IN-MAH-HUB-GEN,generator,Maharashtra Hub Generation,Maharashtra,1.0464,0.8531,1.0048,0,144,1,0,0.0,0.0,0,0,0,,,train
IND-S02439,transformer_overload,india_national_20k,IN-C15602-FD011,feeder,Khurja,Uttar Pradesh,4.2935,1.0628,1.0783,1,6,2,4,0.09,7e-05,107409,0,2,IN-C15602-SS|IN-C16246-SS|IN-C16542-SS|IN-C16864-SS,0|0|0|0,train
IND-S02440,transformer_overload,india_national_20k,IN-C09309-FD011,feeder,Parbhani,Maharashtra,5.8374,1.1273,1.034,1,6,1,0,0.0,0.0,0,0,0,,,train
IND-S02441,line_outage,india_national_20k,IN-C04822-GEN01,generator,Jamshedpur,Jharkhand,1.4103,1.1737,1.0537,1,33,2,3,0.07,0.00023,267061,0,3,IN-JHA-HUB|IN-C04826-SS|IN-C04854-SS,0|0|0,train
IND-S02442,normal_operation,india_national_20k,IN-C09187-SS,substation,Asoni,Madhya Pradesh,1.0011,0.9116,1.0068,0,5,1,0,0.0,0.0,0,0,0,,,train
IND-S02443,transformer_overload,india_national_20k,IN-C15680-SS,substation,Gursahāiganj,Uttar Pradesh,3.9095,1.2008,1.0707,1,3,1,0,0.0,0.0,0,0,0,,,train
IND-S02444,cascade_emergency,india_national_20k,IN-C14849-FD021,feeder,Mulugu,Telangana,6.8353,1.3892,1.0888,4,8,2,3,8.7,0.00257,297671,0,3,IN-C14849-SS|IN-C14849-TR02|IN-C14849-FD021,0|0|0,train
IND-S02445,heatwave,india_national_20k,IN-C05532-GEN03,generator,Mysuru,Karnataka,3.4066,1.1609,1.1295,0,48,2,2,0.08,0.00107,920550,0,2,IN-KAR-HUB|IN-C05532-SS,0|0,test
IND-S02446,cascade_emergency,india_national_20k,IN-C04824-FD012,feeder,Ranchi,Jharkhand,5.3781,1.5696,1.158,4,10,7,1182,38.08,0.23514,62435843,0,4,IN-C00177-SS|IN-JHA-HUB|IN-C04824-SS|IN-C04824-TR01|IN-C04824-FD012|IN-SR-HUB|IN-NER-HUB|IN-C04825-SS|IN-C04828-SS|IN-C04829-SS|IN-C04830-SS|IN-C04831-SS,0|0|0|0|0|1|1|1|1|1|1|1,train
IND-S02447,high_demand,india_national_20k,IN-C03115-SS,substation,Bakarwāla,Delhi,2.2047,1.3267,1.0883,1,10,1,0,8.43,0.0,0,0,0,,,train
IND-S02448,transformer_overload,india_national_20k,IN-C15555-GEN10,generator,Morādābād,Uttar Pradesh,5.2916,1.0796,1.0769,1,117,1,0,0.0,0.0,0,0,0,,,train
IND-S02449,transformer_overload,india_national_20k,IN-C07859-SS,substation,Jabalpur,Madhya Pradesh,2.6592,1.2061,1.0446,0,185,1,0,0.0,0.0,0,0,0,,,train
IND-S02450,cascade_emergency,india_national_20k,IN-C03790-GEN01,generator,Faridabad,Haryana,4.8512,1.4076,1.069,1,24,2,2,8.65,0.00212,1414050,0,2,IN-HAR-HUB|IN-C03790-SS,0|0,train
IND-S02451,heatwave,india_national_20k,IN-C15061-SS,substation,Addesar,Telangana,2.9961,1.2228,1.0997,2,2,1,0,0.0,0.0,0,0,0,,,train
IND-S02452,transformer_overload,india_national_20k,IN-C00170-SS,substation,Srisailam Project RFC Township,Andhra Pradesh,4.6402,1.06,1.0434,1,2,1,0,0.0,0.0,0,0,0,,,test
IND-S02453,normal_operation,india_national_20k,IN-C09298-FD021,feeder,Sāngli,Maharashtra,1.0787,1.0261,1.0089,0,7,1,0,0.0,0.0,0,0,0,,,train
IND-S02454,normal_operation,india_national_20k,IN-C14844-SS,substation,Hyderabad,Telangana,1.1582,0.9827,1.0172,0,100,1,0,0.0,0.0,0,0,0,,,train
IND-S02455,heatwave,india_national_20k,IN-C03287-GEN08,generator,Jūnāgadh,Gujarat,2.2631,1.255,1.1507,1,23,1,0,8.43,0.0,0,0,0,,,train
IND-S02456,high_demand,india_national_20k,IN-C05532-FD021,feeder,Mysuru,Karnataka,2.9123,1.4601,1.0413,1,8,1,0,8.57,0.0,0,0,0,,,test
IND-S02457,cascade_emergency,india_national_20k,IN-C07045-SS,substation,Kanayannur,Kerala,6.5811,1.4438,1.1701,2,105,6,96,11.1,0.01255,21459349,0,8,IN-ER-HUB|IN-KER-HUB|IN-C07045-SS|IN-C07047-SS|IN-C07291-SS|IN-C07643-SS|IN-C10346-SS|IN-C10362-SS|IN-WES-HUB|IN-C00037-SS|IN-C00715-SS|IN-C00747-SS,0|0|0|0|0|0|0|0|0|1|1|1,train
IND-S02458,high_demand,india_national_20k,IN-C15562-FD011,feeder,Mathura,Uttar Pradesh,1.6723,1.313,1.0958,1,7,1,0,8.4,0.0,0,0,0,,,train
IND-S02459,line_outage,india_national_20k,IN-C07369-SS,substation,Chālakilakākara,Kerala,1.8104,1.2021,1.0337,4,5,1,0,0.0,0.0,0,0,0,,,train
IND-S02460,normal_operation,india_national_20k,IN-C15555-FD021,feeder,Morādābād,Uttar Pradesh,1.0087,0.8756,0.9872,0,8,1,0,0.0,0.0,0,0,0,,,train
IND-S02461,transformer_overload,india_national_20k,IN-C07857-FD012,feeder,Indore,Madhya Pradesh,4.6219,1.2678,1.042,0,10,2,4,0.26,0.00479,1994397,0,4,IN-MAD-HUB|IN-C07857-SS|IN-C07857-TR01|IN-C07857-FD012,0|0|0|0,train
IND-S02462,transformer_overload,india_national_20k,IN-C14844-FD021,feeder,Hyderabad,Telangana,2.4419,1.0903,1.0078,1,10,1,0,0.0,0.0,0,0,0,,,train
IND-S02463,transformer_overload,india_national_20k,IN-C10429-FD011,feeder,Raurkela Industrial Township,Odisha,2.5038,1.0302,1.0661,0,7,2,4,0.13,0.00144,232199,0,4,IN-C10429-SS|IN-C10511-SS|IN-C10429-TR01|IN-C10429-FD011,0|0|0|0,train
IND-S02464,high_demand,india_national_20k,IN-C07192-SS,substation,Puthuppariyāram,Kerala,2.8446,1.4623,1.0248,0,8,2,5,8.64,0.0005,234074,0,5,IN-C07052-SS|IN-C07119-SS|IN-C07192-SS|IN-C07227-SS|IN-C07582-SS,0|0|0|0|0,train
IND-S02465,cascade_emergency,india_national_20k,IN-C07865-FD011,feeder,Saugor,Madhya Pradesh,5.4911,1.5018,1.1433,1,8,7,98,11.25,0.01453,38098202,0,2,IN-MAD-HUB|IN-C07865-SS|IN-SR-HUB|IN-C07861-SS|IN-C07885-SS|IN-C07944-SS|IN-C08085-SS|IN-C08275-SS|IN-C09141-SS|IN-C09182-SS|IN-ER-HUB|IN-NER-HUB,0|0|1|1|1|1|1|1|1|1|2|2,train
IND-S02466,line_outage,india_national_20k,IN-C03282-SS,substation,Vadodara,Gujarat,1.9715,1.2871,1.025,2,88,2,3,0.14,0.00212,1822721,0,3,IN-GUJ-HUB|IN-C03282-SS|IN-C03704-SS,0|0|0,train
IND-S02467,heatwave,india_national_20k,IN-C15555-GEN10,generator,Morādābād,Uttar Pradesh,2.8761,1.1828,1.1257,0,117,1,0,0.01,0.0,0,0,0,,,train
IND-S02468,normal_operation,india_national_20k,IN-C11052-SS,substation,Jalandhar,Punjab,1.1996,0.925,0.9865,0,83,1,0,0.0,0.0,0,0,0,,,train
IND-S02469,transformer_overload,india_national_20k,IN-C10319-GEN01,generator,Shillong,Meghalaya,4.2758,1.0689,1.0601,1,11,1,0,0.0,0.0,0,0,0,,,val
IND-S02470,high_demand,india_national_20k,IN-C07858-GEN02,generator,Bhopal,Madhya Pradesh,1.6908,1.4403,1.0738,0,52,3,15,8.97,0.002,2381032,0,8,IN-MAD-HUB|IN-C07858-SS|IN-C07882-SS|IN-C07888-SS|IN-C07892-SS|IN-C07908-SS|IN-C08007-SS|IN-C08067-SS|IN-C08104-SS|IN-C08742-SS|IN-C07885-SS|IN-C07944-SS,0|0|0|0|0|0|0|0|0|0|1|1,train
IND-S02471,line_outage,india_national_20k,IN-C14844-FD011,feeder,Hyderabad,Telangana,1.8621,1.0857,1.0572,1,10,1,0,0.0,0.0,0,0,0,,,train
IND-S02472,normal_operation,india_national_20k,IN-C19740-SS,substation,Kulti,West Bengal,1.1551,0.8713,1.0008,0,26,1,0,0.0,0.0,0,0,0,,,val
IND-S02473,normal_operation,india_national_20k,IN-C10438-FD011,feeder,Parādīp Garh,Odisha,1.1866,0.9236,1.0003,0,6,1,0,0.0,0.0,0,0,0,,,train
IND-S02474,transformer_overload,india_national_20k,IN-C09286-GEN05,generator,Pimpri-Chinchwad,Maharashtra,5.2103,1.0646,1.0443,1,44,5,13,0.42,0.00361,3063125,0,5,IN-WR-HUB|IN-MAH-HUB|IN-C09286-SS|IN-C09288-SS|IN-C09950-SS|IN-ER-HUB|IN-NER-HUB|IN-C10346-SS|IN-C10360-SS|IN-C10362-SS|IN-C15523-SS|IN-C15525-SS,0|0|0|0|0|1|1|2|2|2|2|3,train
IND-S02475,line_outage,india_national_20k,IN-C12378-FD011,feeder,Kuniyamuttūr,Tamil Nadu,2.1127,1.2096,1.0227,2,7,2,3,0.08,0.00054,95924,0,3,IN-C12378-SS|IN-C12378-TR01|IN-C12378-FD011,0|0|0,train
IND-S02476,high_demand,india_national_20k,IN-C10429-SS,substation,Raurkela Industrial Township,Odisha,2.8002,1.3246,1.0245,1,86,3,3,0.09,0.0007,505516,0,3,IN-C10511-SS|IN-C10428-SS|IN-C10429-SS,0|1|1,train
IND-S02477,normal_operation,india_national_20k,IN-C15623-FD011,feeder,Bela,Uttar Pradesh,1.1225,1.0337,1.0026,0,6,1,0,0.0,0.0,0,0,0,,,train
IND-S02478,cascade_emergency,india_national_20k,IN-C12341-FD022,feeder,Coimbatore,Tamil Nadu,6.6256,1.409,1.0504,4,10,2,12,8.96,0.00694,2359507,0,6,IN-TAM-HUB|IN-C12341-SS|IN-C12372-SS|IN-C12378-SS|IN-C12341-TR02|IN-C12341-FD022|IN-C16358-SS|IN-C16557-SS|IN-C16577-SS|IN-C17174-SS|IN-C18477-SS|IN-C19054-SS,0|0|0|0|0|0|0|0|0|0|0|0,train
IND-S02479,line_outage,india_national_20k,IN-C05530-FD031,feeder,Bengaluru,Karnataka,2.4884,1.0141,1.0349,2,10,2,3,0.29,0.00653,8495492,0,3,IN-C05530-SS|IN-C05530-TR03|IN-C05530-FD031,0|0|0,test
IND-S02480,transformer_overload,india_national_20k,IN-C12577-SS,substation,Chinnalapatti,Tamil Nadu,2.4333,1.2403,1.05,1,5,1,0,0.0,0.0,0,0,0,,,train
IND-S02481,transformer_overload,india_national_20k,IN-C03064-FD011,feeder,Bhālswa Jahangirpur,Delhi,5.1904,1.1599,1.0002,1,5,1,0,0.0,0.0,0,0,0,,,train
IND-S02482,line_outage,india_national_20k,IN-C11560-FD011,feeder,Jaipur,Rajasthan,1.2453,1.0106,1.021,3,10,1,0,0.0,0.0,0,0,0,,,train
IND-S02483,transformer_overload,india_national_20k,IN-C12346-SS,substation,Tiruppur,Tamil Nadu,2.1085,1.167,1.0339,0,260,1,0,0.0,0.0,0,0,0,,,train
IND-S02484,transformer_overload,india_national_20k,IN-C09317-FD011,feeder,Beed,Maharashtra,2.8687,1.1693,1.0119,1,5,1,0,0.0,0.0,0,0,0,,,train
IND-S02485,line_outage,india_national_20k,IN-C00048-FD011,feeder,Mangalagiri,Andhra Pradesh,1.9939,1.2251,1.0574,2,5,1,0,0.0,0.0,0,0,0,,,test
IND-S02486,transformer_overload,india_national_20k,IN-C15570-FD011,feeder,Mau,Uttar Pradesh,3.6274,1.0905,1.0593,0,6,3,7,0.23,0.00233,330696,0,4,IN-C15570-SS|IN-C15570-TR01|IN-C15570-FD011|IN-UTT-HUB|IN-C19438-SS|IN-C19462-SS|IN-C19475-SS,0|0|0|0|1|1|1,train
IND-S02487,normal_operation,india_national_20k,IN-C09289-GEN08,generator,Kalyān,Maharashtra,1.09,0.975,1.0092,0,41,1,0,0.0,0.0,0,0,0,,,train
IND-S02488,transformer_overload,india_national_20k,IN-C11647-SS,substation,Rāwatsār,Rajasthan,4.0973,1.0402,1.0705,1,4,1,0,0.0,0.0,0,0,0,,,train
IND-S02489,cascade_emergency,india_national_20k,IN-C12341-FD021,feeder,Coimbatore,Tamil Nadu,5.224,1.4292,1.1003,4,10,2,8,9.02,0.00585,2393011,0,6,IN-C09436-SS|IN-C10246-SS|IN-TAM-HUB|IN-C12341-SS|IN-C12372-SS|IN-C12378-SS|IN-C12341-TR02|IN-C12341-FD021,0|0|0|0|0|0|0|0,train
IND-S02490,cascade_emergency,india_national_20k,IN-C03058-GEN01,generator,Delhi,Delhi,6.5048,1.5354,1.1286,1,21,5,130,12.1,0.02344,37603132,0,3,IN-NR-HUB|IN-WR-HUB|IN-SR-HUB|IN-ER-HUB|IN-NER-HUB|IN-C00037-SS|IN-C00715-SS|IN-C00747-SS|IN-C00866-SS|IN-DEL-HUB|IN-C03058-SS|IN-KER-HUB,0|0|0|0|0|0|0|0|0|0|0|0,train
IND-S02491,transformer_overload,india_national_20k,IN-C11065-FD011,feeder,Firozpur,Punjab,5.0304,1.2564,1.0255,1,5,1,0,0.0,0.0,0,0,0,,,train
IND-S02492,high_demand,india_national_20k,IN-C03818-SS,substation,Jaitpur,Haryana,2.6713,1.454,1.0819,0,5,2,4,8.76,0.00046,80844,0,4,IN-C03818-SS|IN-C03862-SS|IN-C03974-SS|IN-C04001-SS,0|0|0|0,train
IND-S02493,cascade_emergency,india_national_20k,IN-C10426-FD011,feeder,Cuttack,Odisha,8.5216,1.4926,1.0736,3,8,5,82,10.84,0.01733,25496402,0,4,IN-ER-HUB|IN-ODI-HUB|IN-C10426-SS|IN-C10426-TR01|IN-C10426-FD011|IN-WR-HUB|IN-JHA-HUB|IN-C04828-SS|IN-C04829-SS|IN-C04830-SS|IN-WES-HUB|IN-C19729-SS,0|0|0|0|0|1|1|1|1|1|1|1,train
IND-S02494,transformer_overload,india_national_20k,IN-C05535-GEN06,generator,Belagavi,Karnataka,5.286,1.0189,1.0507,0,52,1,0,0.0,0.0,0,0,0,,,test
IND-S02495,transformer_overload,india_national_20k,IN-C03487-SS,substation,Jodiya Bandar,Gujarat,5.2408,1.0046,1.0597,1,5,1,0,0.0,0.0,0,0,0,,,train
IND-S02496,heatwave,india_national_20k,IN-C11562-FD011,feeder,Kota,Rajasthan,2.319,1.1585,1.1922,0,10,2,3,0.12,0.0015,1001694,0,3,IN-C11562-SS|IN-C11562-TR01|IN-C11562-FD011,0|0|0,train
IND-S02497,transformer_overload,india_national_20k,IN-C19748-SS,substation,Chandannagar,West Bengal,3.2074,1.0765,1.0779,0,28,1,0,0.0,0.0,0,0,0,,,val
IND-S02498,normal_operation,india_national_20k,IN-C03353-SS,substation,Limbdi,Gujarat,1.0877,1.0075,1.0154,0,4,1,0,0.0,0.0,0,0,0,,,train
IND-S02499,heatwave,india_national_20k,IN-C19763-FD011,feeder,Hābra,West Bengal,1.5337,1.3359,1.0963,1,5,1,0,8.47,0.0,0,0,0,,,val
IND-S02500,cascade_emergency,india_national_20k,IN-C07017-SS,substation,Attihalli,Karnataka,8.1385,1.4891,1.0631,5,12,2,3,8.73,9e-05,22978,0,3,IN-C05719-SS|IN-C05854-SS|IN-C07017-SS,0|0|0,test
IND-S02501,line_outage,india_national_20k,IN-C07862-GEN06,generator,Punāsa,Madhya Pradesh,2.1264,1.1813,1.0181,4,46,2,1,0.02,0.0,500,0,0,IN-C02516-SS,0,train
IND-S02502,cascade_emergency,india_national_20k,IN-C00018-FD031,feeder,Vijayawada,Andhra Pradesh,8.2969,1.5255,1.1731,4,10,3,69,10.75,0.01512,3543533,0,4,IN-AND-HUB|IN-C00018-SS|IN-C00018-TR03|IN-C00018-FD031|IN-C00011-SS|IN-C00001-TR01|IN-C00001-FD011|IN-C00020-SS|IN-C00023-SS|IN-C00024-SS|IN-C00026-SS|IN-C00037-SS,0|0|0|0|1|1|1|1|1|1|1|1,test
IND-S02503,cascade_emergency,india_national_20k,IN-C07872-FD011,feeder,Morena,Madhya Pradesh,6.6961,1.3512,1.1402,5,6,5,57,9.86,0.00595,3484900,0,4,IN-SR-HUB|IN-MAD-HUB|IN-C07872-SS|IN-C07872-TR01|IN-C07872-FD011|IN-C14852-SS|IN-C14865-SS|IN-C14916-SS|IN-C14935-SS|IN-C14966-SS|IN-C14985-SS|IN-NER-HUB,0|0|0|0|0|0|0|0|0|0|0|1,train
IND-S02504,line_outage,india_national_20k,IN-C09291-GEN10,generator,Virār,Maharashtra,1.8975,1.2274,1.0366,1,40,5,20,0.69,0.00282,4984235,0,2,IN-WR-HUB|IN-MAH-HUB|IN-ER-HUB|IN-NER-HUB|IN-C10346-SS|IN-C10353-SS|IN-C10360-SS|IN-C10362-SS|IN-C10384-SS|IN-NAG-HUB|IN-C10388-SS|IN-C15523-SS,0|0|1|1|2|2|2|2|2|2|2|2,train
IND-S02505,normal_operation,india_national_20k,IN-C03281-FD031,feeder,Surat,Gujarat,1.1064,0.9889,1.0006,0,10,1,0,0.0,0.0,0,0,0,,,train
IND-S02506,line_outage,india_national_20k,IN-C01096-SS,substation,Koloriāng,Arunachal Pradesh,2.2216,1.1492,1.0323,3,1,1,0,0.0,0.0,0,0,0,,,train
IND-S02507,normal_operation,india_national_20k,IN-C13310-SS,substation,Desūr,Tamil Nadu,1.0544,0.9097,1.0197,0,5,1,0,0.0,0.0,0,0,0,,,train
IND-S02508,line_outage,india_national_20k,IN-C09300-FD011,feeder,Kolhāpur,Maharashtra,1.7024,1.0871,1.0004,2,7,2,3,0.11,0.00143,549236,0,3,IN-C09300-SS|IN-C09300-TR01|IN-C09300-FD011,0|0|0,train
IND-S02509,heatwave,india_national_20k,IN-C19729-FD032,feeder,Kolkata,West Bengal,1.5057,1.3525,1.0966,1,10,6,21,8.99,0.00299,11489559,0,1,IN-ER-HUB|IN-WES-HUB|IN-WR-HUB|IN-C19766-SS|IN-C19864-SS|IN-C19963-SS|IN-C10346-SS|IN-C10353-SS|IN-C10362-SS|IN-C15600-SS|IN-UTT-HUB|IN-DEL-HUB,0|0|1|1|1|1|2|2|2|2|2|3,val
IND-S02510,cascade_emergency,india_national_20k,IN-C01795-SS,substation,Ahrātola,Bihar,8.9481,1.4743,1.1013,3,2,2,2,8.84,0.00011,189366,0,0,IN-ODI-HUB|IN-C10431-SS,0|0,val
IND-S02511,transformer_overload,india_national_20k,IN-C09287-FD032,feeder,Nashik,Maharashtra,2.0512,1.2998,1.0266,0,10,2,3,0.13,0.00208,1486053,0,3,IN-C09287-SS|IN-C09287-TR03|IN-C09287-FD032,0|0|0,train
IND-S02512,line_outage,india_national_20k,IN-C12351-GEN12,generator,Thoothukudi,Tamil Nadu,2.1266,1.2666,1.0565,1,73,1,0,0.01,0.0,0,0,0,,,train
IND-S02513,line_outage,india_national_20k,IN-C12415-SS,substation,Chengalpattu,Tamil Nadu,1.2585,1.2151,1.0003,1,5,1,0,0.0,0.0,0,0,0,,,train
IND-S02514,heatwave,india_national_20k,IN-MAH-HUB-GEN,generator,Maharashtra Hub Generation,Maharashtra,2.3578,1.4464,1.1831,2,144,6,107,11.28,0.01175,24516599,0,5,IN-WR-HUB|IN-SR-HUB|IN-ER-HUB|IN-NER-HUB|IN-KER-HUB|IN-C07054-SS|IN-MAH-HUB|IN-C10346-SS|IN-C10353-SS|IN-C10362-SS|IN-C10384-SS|IN-TAM-HUB,0|0|0|0|0|0|0|0|0|0|0|0,train
IND-S02515,normal_operation,india_national_20k,IN-C01235-SS,substation,Maibong,Assam,1.0397,0.981,1.005,0,5,1,0,0.0,0.0,0,0,0,,,val
IND-S02516,transformer_overload,india_national_20k,IN-C19751-FD011,feeder,Haldia,West Bengal,2.3724,1.233,1.0385,1,5,1,0,0.0,0.0,0,0,0,,,val
IND-S02517,line_outage,india_national_20k,IN-C00027-FD021,feeder,Anantapur,Andhra Pradesh,2.1461,1.2315,1.0191,2,8,2,4,0.11,0.00084,267661,0,3,IN-C00027-SS|IN-C00027-TR02|IN-C00027-FD021|IN-C10339-SS,0|0|0|0,test
IND-S02518,line_outage,india_national_20k,IN-C11054-FD021,feeder,Bathinda,Punjab,1.7644,1.2634,1.0431,4,8,2,3,0.09,0.00076,285788,0,3,IN-C11054-SS|IN-C11054-TR02|IN-C11054-FD021,0|0|0,train
IND-S02519,high_demand,india_national_20k,IN-C00032-FD011,feeder,Ongole,Andhra Pradesh,2.6015,1.2892,1.0902,1,6,1,0,8.23,0.0,0,0,0,,,test
IND-S02520,high_demand,india_national_20k,IN-C09283-GEN02,generator,Pune,Maharashtra,2.4031,1.3787,1.0267,1,42,5,37,9.34,0.00921,20615816,0,3,IN-WR-HUB|IN-MAH-HUB|IN-C09283-SS|IN-ER-HUB|IN-NER-HUB|IN-C10290-SS|IN-C10346-SS|IN-C10353-SS|IN-C10360-SS|IN-C10362-SS|IN-C10384-SS|IN-NAG-HUB,0|0|0|1|1|2|2|2|2|2|2|2,train
IND-S02521,cascade_emergency,india_national_20k,IN-C05531-GEN02,generator,Hubballi,Karnataka,5.5642,1.3574,1.179,3,49,5,46,9.82,0.00637,8767703,0,3,IN-SR-HUB|IN-KAR-HUB|IN-C05531-SS|IN-ER-HUB|IN-NER-HUB|IN-C11034-SS|IN-C11047-SS|IN-JHA-HUB|IN-C04828-SS|IN-C04829-SS|IN-C04830-SS|IN-C10290-SS,0|0|0|1|1|1|1|2|2|2|2|2,test
IND-S02522,heatwave,india_national_20k,IN-C07900-FD011,feeder,Harda,Madhya Pradesh,3.4356,1.4204,1.1863,0,5,1,0,8.95,0.0,0,0,0,,,train
IND-S02523,heatwave,india_national_20k,IN-C19730-GEN02,generator,Howrah,West Bengal,2.2466,1.4145,1.1371,0,27,3,6,8.99,0.00349,5807089,0,3,IN-WES-HUB|IN-C19729-SS|IN-C19730-SS|IN-C19766-SS|IN-C19864-SS|IN-C19963-SS,0|0|0|1|1|1,val
IND-S02524,cascade_emergency,india_national_20k,IN-C11565-FD011,feeder,Udaipur,Rajasthan,4.4825,1.4437,1.0565,4,8,2,6,8.78,0.00286,540370,0,3,IN-C07094-SS|IN-C07118-SS|IN-C07717-SS|IN-C11565-SS|IN-C11565-TR01|IN-C11565-FD011,0|0|0|0|0|0,train
IND-S02525,normal_operation,india_national_20k,IN-C11561-GEN02,generator,Jodhpur,Rajasthan,1.1931,0.9808,1.016,0,34,1,0,0.0,0.0,0,0,0,,,train
IND-S02526,cascade_emergency,india_national_20k,IN-C12074-SS,substation,Alīganj,Rajasthan,7.9113,1.3096,1.1056,5,8,1,0,8.44,0.0,0,0,0,,,train
IND-S02527,normal_operation,india_national_20k,IN-C19729-FD012,feeder,Kolkata,West Bengal,1.0202,0.9194,1.0052,0,10,1,0,0.0,0.0,0,0,0,,,val
IND-S02528,line_outage,india_national_20k,IN-C12344-SS,substation,Tirunelveli,Tamil Nadu,2.208,1.2486,1.0108,2,260,1,0,0.0,0.0,0,0,0,,,train
IND-S02529,line_outage,india_national_20k,IN-C03065-FD011,feeder,Sultan Pur Majra,Delhi,1.6142,1.2521,1.0569,3,5,2,1,0.02,0.0001,42877,0,0,IN-C00002-SS,0,train
IND-S02530,transformer_overload,india_national_20k,IN-C07050-GEN06,generator,Thrissur,Kerala,3.7117,1.2829,1.0507,1,29,1,0,0.0,0.0,0,0,0,,,train
IND-S02531,high_demand,india_national_20k,IN-C19890-SS,substation,Bāgnān,West Bengal,1.5887,1.4948,1.0374,0,9,1,0,8.64,0.0,0,0,0,,,val
IND-S02532,transformer_overload,india_national_20k,IN-C15598-FD011,feeder,Chanduasi,Uttar Pradesh,2.0074,1.2223,1.007,0,6,2,3,0.08,0.0006,112635,0,3,IN-C15598-SS|IN-C15598-TR01|IN-C15598-FD011,0|0|0,train
IND-S02533,high_demand,india_national_20k,IN-C15546-FD032,feeder,Kanpur,Uttar Pradesh,2.7339,1.4555,1.0504,1,10,1,0,8.58,0.0,0,0,0,,,train
IND-S02534,transformer_overload,india_national_20k,IN-C11632-SS,substation,Sirohi,Rajasthan,3.9879,1.0234,1.0764,0,6,1,0,0.0,0.0,0,0,0,,,train
IND-S02535,normal_operation,india_national_20k,IN-C15614-FD011,feeder,Najībābād,Uttar Pradesh,1.1154,0.9966,0.9861,0,6,1,0,0.0,0.0,0,0,0,,,train
IND-S02536,line_outage,india_national_20k,IN-C11560-FD021,feeder,Jaipur,Rajasthan,1.5263,1.2104,1.014,2,10,2,3,0.13,0.00184,6611,0,2,IN-C04979-SS|IN-C11560-TR02|IN-C11560-FD021,0|0|0,train
IND-S02537,transformer_overload,india_national_20k,IN-C03794-GEN05,generator,Karnāl,Haryana,5.0574,1.1709,1.0142,0,19,1,0,0.0,0.0,0,0,0,,,train
IND-S02538,high_demand,india_national_20k,IN-C03806-SS,substation,Rewāri,Haryana,2.1383,1.5165,1.0775,0,5,1,0,8.82,0.0,0,0,0,,,train
IND-S02539,transformer_overload,india_national_20k,IN-C03166-SS,substation,Akbarpur Mājra,Delhi,5.0118,1.1704,1.0498,1,5,1,0,0.0,0.0,0,0,0,,,train
IND-S02540,cascade_emergency,india_national_20k,IN-C07113-SS,substation,Perumbaikad,Kerala,8.0037,1.4677,1.0806,2,3,1,0,8.72,0.0,0,0,0,,,train
IND-S02541,transformer_overload,india_national_20k,IN-C12615-SS,substation,Pādiyanallūr,Tamil Nadu,4.8029,1.1366,1.0429,1,5,1,0,0.0,0.0,0,0,0,,,train
IND-S02542,line_outage,india_national_20k,IN-C15552-FD031,feeder,Prayagraj,Uttar Pradesh,1.2987,1.2939,1.002,3,10,1,0,0.01,0.0,0,0,0,,,train
IND-S02543,transformer_overload,india_national_20k,IN-C03280-SS,substation,Ahmedabad,Gujarat,4.8943,1.1737,1.0052,0,88,2,2,0.46,0.01193,6357693,0,2,IN-GUJ-HUB|IN-C03280-SS,0|0,train
IND-S02544,line_outage,india_national_20k,IN-C03283-GEN04,generator,Rājkot,Gujarat,2.458,1.0324,1.0359,3,28,2,2,0.08,0.0013,1390640,0,2,IN-GUJ-HUB|IN-C03283-SS,0|0,train
IND-S02545,line_outage,india_national_20k,IN-C12384-FD011,feeder,Gudiyatham,Tamil Nadu,1.7817,1.1982,1.0219,4,6,2,3,0.08,0.00045,93973,0,3,IN-C12384-SS|IN-C12384-TR01|IN-C12384-FD011,0|0|0,train
IND-S02546,heatwave,india_national_20k,IN-C03793-GEN04,generator,Hisar,Haryana,2.5583,1.3643,1.1294,1,20,1,0,8.62,0.0,0,0,0,,,train
IND-S02547,heatwave,india_national_20k,IN-C03857-SS,substation,Sisauli,Haryana,2.5527,1.213,1.0804,1,9,2,1,0.03,0.00014,22479,0,1,IN-C03857-SS,0,train
IND-S02548,heatwave,india_national_20k,IN-C19733-GEN05,generator,Āsansol,West Bengal,1.862,1.3719,1.2127,2,22,5,114,11.37,0.01278,26024805,0,6,IN-SR-HUB|IN-C19731-SS|IN-C19733-SS|IN-C19755-SS|IN-C19766-SS|IN-C19864-SS|IN-C19963-SS|IN-ASS-HUB|IN-C01122-SS|IN-BIH-HUB|IN-CHH-HUB|IN-C02530-SS,0|0|0|0|0|0|0|1|1|1|1|1,val
IND-S02549,cascade_emergency,india_national_20k,IN-C14844-FD022,feeder,Hyderabad,Telangana,8.9964,1.4877,1.1146,5,10,5,90,11.49,0.02798,39429687,0,4,IN-SR-HUB|IN-ER-HUB|IN-KER-HUB|IN-C07051-SS|IN-C07054-SS|IN-C10346-SS|IN-C10353-SS|IN-C10362-SS|IN-C10384-SS|IN-TAM-HUB|IN-C12390-SS|IN-TEL-HUB,0|0|0|0|0|0|0|0|0|0|0|0,train
IND-S02550,cascade_emergency,india_national_20k,IN-C03791-FD021,feeder,Gurugram,Haryana,5.5202,1.4556,1.0599,2,8,4,95,10.74,0.01168,8955441,0,4,IN-WR-HUB|IN-NER-HUB|IN-HAR-HUB|IN-C03791-SS|IN-C03791-TR02|IN-C03791-FD021|IN-C16095-SS|IN-C16757-SS|IN-C16873-SS|IN-C17184-SS|IN-C17824-SS|IN-C17840-SS,0|0|0|0|0|0|0|0|0|0|0|0,train
IND-S02551,transformer_overload,india_national_20k,IN-C04822-FD031,feeder,Jamshedpur,Jharkhand,5.1923,1.1902,1.0372,0,10,2,6,0.25,0.00375,1606499,0,6,IN-JHA-HUB|IN-C04822-SS|IN-C04826-SS|IN-C04854-SS|IN-C04822-TR03|IN-C04822-FD031,0|0|0|0|0|0,train
IND-S02552,transformer_overload,india_national_20k,IN-C15608-FD011,feeder,Baraut,Uttar Pradesh,5.0903,1.2154,1.0357,1,6,2,9,0.2,0.00022,95203,0,2,IN-C15673-SS|IN-C15813-SS|IN-C15854-SS|IN-C15904-SS|IN-C16297-SS|IN-C16457-SS|IN-C16839-SS|IN-C18589-SS|IN-C18951-SS,0|0|0|0|0|0|0|0|0,train
IND-S02553,heatwave,india_national_20k,IN-C07857-GEN01,generator,Indore,Madhya Pradesh,3.4211,1.4187,1.1836,2,55,6,144,12.08,0.01678,24716490,0,5,IN-WR-HUB|IN-SR-HUB|IN-ER-HUB|IN-MAD-HUB|IN-C07857-SS|IN-ASS-HUB|IN-C01120-SS|IN-C01122-SS|IN-C01444-SS|IN-CHH-HUB|IN-C02530-SS|IN-C02531-SS,0|0|0|0|0|1|1|1|1|1|1|1,train
IND-S02554,line_outage,india_national_20k,IN-C03288-FD021,feeder,Gandhinagar,Gujarat,1.974,1.111,1.0208,2,8,2,3,0.09,0.00086,292797,0,3,IN-C03288-SS|IN-C03288-TR02|IN-C03288-FD021,0|0|0,train
IND-S02555,cascade_emergency,india_national_20k,IN-C04825-GEN04,generator,Bokāro,Jharkhand,4.1433,1.3121,1.1058,1,28,2,3,8.52,0.00085,713818,0,3,IN-C04825-SS|IN-C04831-SS|IN-C04957-SS,0|0|0,train
IND-S02556,line_outage,india_national_20k,IN-C05543-FD011,feeder,Hosapete,Karnataka,2.0694,1.1456,1.0044,4,6,2,4,0.12,0.00113,206167,0,4,IN-KAR-HUB|IN-C05543-SS|IN-C05543-TR01|IN-C05543-FD011,0|0|0|0,test
IND-S02557,heatwave,india_national_20k,IN-C12632-SS,substation,Narasingapuram,Tamil Nadu,3.2228,1.3769,1.155,1,7,1,0,8.74,0.0,0,0,0,,,train
IND-S02558,normal_operation,india_national_20k,IN-C11560-FD032,feeder,Jaipur,Rajasthan,1.0579,0.9,1.019,0,10,1,0,0.0,0.0,0,0,0,,,train
IND-S02559,transformer_overload,india_national_20k,IN-C00052-FD011,feeder,Chīrāla,Andhra Pradesh,5.7976,1.0918,1.0315,1,5,1,0,0.0,0.0,0,0,0,,,test
IND-S02560,line_outage,india_national_20k,IN-C19748-FD011,feeder,Chandannagar,West Bengal,2.1022,1.1421,1.0184,1,5,1,0,0.0,0.0,0,0,0,,,val
IND-S02561,line_outage,india_national_20k,IN-C11051-FD012,feeder,Amritsar,Punjab,1.5308,1.0456,1.0418,3,10,1,0,0.0,0.0,0,0,0,,,train
IND-S02562,high_demand,india_national_20k,IN-TAM-HUB-GEN,generator,Tamil Nadu Hub Generation,Tamil Nadu,2.8895,1.257,1.053,0,260,1,0,0.01,0.0,0,0,0,,,train
IND-S02563,cascade_emergency,india_national_20k,IN-C15556-GEN11,generator,Gorakhpur,Uttar Pradesh,8.0109,1.3888,1.1738,2,116,6,60,10.21,0.00974,22941563,0,4,IN-NR-HUB|IN-WR-HUB|IN-ER-HUB|IN-NER-HUB|IN-UTT-HUB|IN-C01444-SS|IN-CHH-HUB|IN-C02530-SS|IN-C02531-SS|IN-C02533-SS|IN-DEL-HUB|IN-C03058-SS,0|0|0|0|0|1|1|1|1|1|1|1,train
IND-S02564,high_demand,india_national_20k,IN-C14894-SS,substation,Medak,Telangana,2.8254,1.3402,1.0513,0,9,1,0,8.35,0.0,0,0,0,,,train
IND-S02565,line_outage,india_national_20k,IN-C00030-FD011,feeder,Eluru,Andhra Pradesh,2.3232,1.1014,1.012,3,6,2,4,0.12,0.00132,218020,0,4,IN-AND-HUB|IN-C00030-SS|IN-C00030-TR01|IN-C00030-FD011,0|0|0|0,test
IND-S02566,transformer_overload,india_national_20k,IN-C03280-FD031,feeder,Ahmedabad,Gujarat,5.7751,1.1653,1.0293,1,10,1,0,0.0,0.0,0,0,0,,,train
IND-S02567,cascade_emergency,india_national_20k,IN-C12341-FD011,feeder,Coimbatore,Tamil Nadu,5.0894,1.3274,1.0759,1,10,1,0,8.4,0.0,0,0,0,,,train
IND-S02568,transformer_overload,india_national_20k,IN-C02528-FD011,feeder,Bilāspur,Chhattisgarh,2.9186,1.035,1.0302,1,8,1,0,0.0,0.0,0,0,0,,,train
IND-S02569,line_outage,india_national_20k,IN-C15501-GEN01,generator,Agartala,Tripura,1.5302,1.2661,1.0545,2,15,3,9,0.2,0.00022,91754,0,1,IN-TRI-HUB|IN-C15504-SS|IN-C15506-SS|IN-C15525-SS|IN-C15529-SS|IN-C15531-SS|IN-C15543-SS|IN-C15530-SS|IN-C15541-SS,0|0|0|0|0|0|0|1|1,train
IND-S02570,transformer_overload,india_national_20k,IN-C11052-GEN03,generator,Jalandhar,Punjab,2.5636,1.0257,1.0059,0,24,1,0,0.0,0.0,0,0,0,,,train
IND-S02571,high_demand,india_national_20k,IN-C14845-FD011,feeder,Warangal,Telangana,1.8883,1.5301,1.0834,1,8,1,0,8.89,0.0,0,0,0,,,train
IND-S02572,line_outage,india_national_20k,IN-C01461-SS,substation,Bahādurganj,Bihar,2.3898,1.2228,1.0412,1,6,2,4,0.09,0.00027,143775,0,4,IN-C01396-SS|IN-C01461-SS|IN-C01981-SS|IN-C02217-SS,0|0|0|0,val
IND-S02573,transformer_overload,india_national_20k,IN-UTT-HUB-GEN,generator,Uttarakhand Hub Generation,Uttarakhand,5.6911,1.2218,1.0375,1,1,1,0,0.0,0.0,0,0,0,,,train
IND-S02574,normal_operation,india_national_20k,IN-C03067-FD011,feeder,Deoli,Delhi,1.1192,1.0096,1.0179,0,5,1,0,0.0,0.0,0,0,0,,,train
IND-S02575,transformer_overload,india_national_20k,IN-C04825-FD011,feeder,Bokāro,Jharkhand,2.2164,1.2967,1.0625,0,8,3,6,0.19,0.00191,713818,0,6,IN-C04825-SS|IN-C04957-SS|IN-C04825-TR01|IN-C04825-FD011|IN-JHA-HUB|IN-C04831-SS,0|0|0|0|1|1,train
IND-S02576,line_outage,india_national_20k,IN-C10435-SS,substation,Balāngīr,Odisha,1.9308,1.0763,1.0111,3,89,1,0,0.0,0.0,0,0,0,,,train
IND-S02577,transformer_overload,india_national_20k,IN-C12344-FD012,feeder,Tirunelveli,Tamil Nadu,4.2718,1.1597,1.0761,0,10,2,3,0.17,0.00326,1435844,0,3,IN-C12344-SS|IN-C12344-TR01|IN-C12344-FD012,0|0|0,train
IND-S02578,high_demand,india_national_20k,IN-C00002-SS,substation,Diglipur,Andaman and Nicobar,2.6054,1.4008,1.0367,0,148,2,5,8.54,0.00046,108854,0,5,IN-C00002-SS|IN-C00003-SS|IN-C00004-SS|IN-C00009-SS|IN-C00015-SS,0|0|0|0|0,train
IND-S02579,normal_operation,india_national_20k,IN-C13241-SS,substation,Anantapuram,Tamil Nadu,1.1325,0.9831,0.9975,0,4,1,0,0.0,0.0,0,0,0,,,train
IND-S02580,high_demand,india_national_20k,IN-C10344-SS,substation,Saiha,Mizoram,1.8583,1.4056,1.0612,0,4,1,0,8.52,0.0,0,0,0,,,train
IND-S02581,line_outage,india_national_20k,IN-C07866-GEN10,generator,Ratlām,Madhya Pradesh,2.4797,1.2683,1.0145,4,46,1,0,0.0,0.0,0,0,0,,,train
IND-S02582,line_outage,india_national_20k,IN-C19729-GEN01,generator,Kolkata,West Bengal,1.3262,1.2519,1.0297,1,26,3,6,0.24,0.0035,5807089,0,3,IN-WES-HUB|IN-C19729-SS|IN-C19730-SS|IN-C19766-SS|IN-C19864-SS|IN-C19963-SS,0|0|0|1|1|1,val
IND-S02583,normal_operation,india_national_20k,IN-C19729-FD011,feeder,Kolkata,West Bengal,1.1098,1.0261,1.0148,0,10,1,0,0.0,0.0,0,0,0,,,val
IND-S02584,normal_operation,india_national_20k,IN-C04858-SS,substation,Kāro,Jharkhand,1.0674,0.957,0.9829,0,26,1,0,0.0,0.0,0,0,0,,,train
IND-S02585,line_outage,india_national_20k,IN-C14879-FD011,feeder,Tandur,Telangana,1.4251,1.2104,1.0276,2,5,3,16,0.36,0.00106,966824,0,0,IN-BIH-HUB|IN-C01386-SS|IN-C01388-SS|IN-C01377-SS|IN-C01444-SS|IN-C01445-SS|IN-C01481-SS|IN-C01485-SS|IN-C01486-SS|IN-C01495-SS|IN-C01499-SS|IN-C01521-SS,0|0|0|1|1|1|1|1|1|1|1|1,train
IND-S02586,transformer_overload,india_national_20k,IN-C11074-FD011,feeder,Gobindgarh,Punjab,2.3493,1.2469,1.0645,0,5,1,0,0.0,0.0,0,0,0,,,train
IND-S02587,cascade_emergency,india_national_20k,IN-C19729-FD032,feeder,Kolkata,West Bengal,4.2173,1.5851,1.0863,1,10,6,135,11.96,0.01581,27242104,0,1,IN-SR-HUB|IN-ER-HUB|IN-NER-HUB|IN-WES-HUB|IN-C01444-SS|IN-C01445-SS|IN-C01481-SS|IN-CHH-HUB|IN-C02530-SS|IN-C02531-SS|IN-C02533-SS|IN-DEL-HUB,0|0|0|0|1|1|1|1|1|1|1|1,val
IND-S02588,high_demand,india_national_20k,IN-C03280-FD032,feeder,Ahmedabad,Gujarat,2.7262,1.5026,1.0983,0,10,5,61,10.51,0.01511,34745163,0,4,IN-SR-HUB|IN-GUJ-HUB|IN-C03280-SS|IN-C03280-TR03|IN-C03280-FD032|IN-ER-HUB|IN-NER-HUB|IN-KAR-HUB|IN-C05537-SS|IN-C05539-SS|IN-C05540-SS|IN-C07848-SS,0|0|0|0|0|1|1|1|1|1|1|1,train
IND-S02589,normal_operation,india_national_20k,IN-C11575-FD011,feeder,Kishangarh,Rajasthan,1.0546,0.8751,0.986,0,6,1,0,0.0,0.0,0,0,0,,,train
IND-S02590,cascade_emergency,india_national_20k,IN-C12348-SS,substation,Erode,Tamil Nadu,4.2523,1.5953,1.155,5,260,7,920,30.04,0.13733,67061338,0,49,IN-SR-HUB|IN-ER-HUB|IN-KER-HUB|IN-C07054-SS|IN-C10346-SS|IN-C10362-SS|IN-TAM-HUB|IN-C12348-SS|IN-C12364-SS|IN-C12401-SS|IN-C12469-SS|IN-C15600-SS,0|0|0|0|0|0|0|0|0|0|0|0,train
IND-S02591,line_outage,india_national_20k,IN-C00024-GEN08,generator,Rajamahendravaram,Andhra Pradesh,1.8508,1.1021,1.0171,2,41,1,0,0.0,0.0,0,0,0,,,test
IND-S02592,line_outage,india_national_20k,IN-C07858-GEN02,generator,Bhopal,Madhya Pradesh,1.4069,1.2886,1.0134,3,52,3,10,0.27,0.00169,2219224,0,7,IN-C07882-SS|IN-C07888-SS|IN-C07892-SS|IN-C07908-SS|IN-C08007-SS|IN-C08067-SS|IN-C08104-SS|IN-C08742-SS|IN-MAD-HUB|IN-C07858-SS,0|0|0|0|0|0|0|0|1|1,train
IND-S02593,line_outage,india_national_20k,IN-C07864-FD021,feeder,Satna,Madhya Pradesh,2.3376,1.2278,1.0312,3,8,2,3,0.09,0.00095,282977,0,3,IN-C07864-SS|IN-C07864-TR02|IN-C07864-FD021,0|0|0,train
IND-S02594,heatwave,india_national_20k,IN-C12342-GEN03,generator,Kallakurichi,Tamil Nadu,3.2982,1.4393,1.0915,2,81,4,26,9.35,0.00609,8825425,0,3,IN-SR-HUB|IN-ER-HUB|IN-TAM-HUB|IN-C12342-SS|IN-JHA-HUB|IN-C04828-SS|IN-C10346-SS|IN-C10362-SS|IN-C11034-SS|IN-C11047-SS|IN-C15600-SS|IN-UTT-HUB,0|0|0|0|1|1|1|1|1|1|1|1,train
IND-S02595,high_demand,india_national_20k,IN-C07863-FD021,feeder,Dewas,Madhya Pradesh,2.0046,1.4913,1.0724,1,8,3,9,8.94,0.00067,967073,0,2,IN-MAD-HUB|IN-C07863-SS|IN-C07861-SS|IN-C07885-SS|IN-C07944-SS|IN-C08085-SS|IN-C08275-SS|IN-C09141-SS|IN-C09182-SS,0|0|1|1|1|1|1|1|1,train
IND-S02596,transformer_overload,india_national_20k,IN-C11050-FD031,feeder,Ludhiana,Punjab,2.5647,1.1491,1.0467,0,10,2,3,0.15,0.00259,1618879,0,3,IN-C11050-SS|IN-C11050-TR03|IN-C11050-FD031,0|0|0,train
IND-S02597,transformer_overload,india_national_20k,IN-C01383-GEN10,generator,Katihar,Bihar,3.0348,1.1821,1.0745,1,37,1,0,0.0,0.0,0,0,0,,,val
IND-S02598,heatwave,india_national_20k,IN-C12368-FD011,feeder,Cuddalore,Tamil Nadu,2.1605,1.1835,1.2049,0,6,2,4,8.51,0.00099,173636,0,4,IN-TAM-HUB|IN-C12368-SS|IN-C12368-TR01|IN-C12368-FD011,0|0|0|0,train
IND-S02599,normal_operation,india_national_20k,IN-C09284-GEN03,generator,Nagpur,Maharashtra,1.1351,0.914,0.9804,0,43,1,0,0.0,0.0,0,0,0,,,train
IND-S02600,high_demand,india_national_20k,IN-C00021-GEN05,generator,Nellore,Andhra Pradesh,2.1492,1.4974,1.0999,1,40,3,6,9.0,0.00057,714058,0,3,IN-AND-HUB|IN-C00021-SS|IN-C00037-SS|IN-C00715-SS|IN-C00747-SS|IN-C00866-SS,0|0|1|1|1|1,test
IND-S02601,line_outage,india_national_20k,IN-C00020-FD011,feeder,Guntur,Andhra Pradesh,1.8408,1.0829,1.0536,3,8,2,3,0.12,0.00185,670073,0,3,IN-C00020-SS|IN-C00020-TR01|IN-C00020-FD011,0|0|0,test
IND-S02602,line_outage,india_national_20k,IN-C09323-FD011,feeder,Achalpur,Maharashtra,2.3996,1.06,1.0188,2,5,2,9,0.2,0.00075,133591,0,5,IN-C09323-SS|IN-C09559-SS|IN-C09875-SS|IN-C10039-SS|IN-C10058-SS|IN-C10109-SS|IN-C10148-SS|IN-C09323-TR01|IN-C09323-FD011,0|0|0|0|0|0|0|0|0,train
IND-S02603,transformer_overload,india_national_20k,IN-C00018-GEN02,generator,Vijayawada,Andhra Pradesh,3.6758,1.1502,1.0325,0,45,2,2,0.1,0.0014,1143232,0,2,IN-AND-HUB|IN-C00018-SS,0|0,test
IND-S02604,line_outage,india_national_20k,IN-C12302-SS,substation,Athera,Rajasthan,2.3587,1.1949,1.0388,2,29,1,0,0.0,0.0,0,0,0,,,train
IND-S02605,transformer_overload,india_national_20k,IN-C06287-SS,substation,Algūr,Karnataka,2.2024,1.1049,1.0799,0,6,1,0,0.0,0.0,0,0,0,,,test
IND-S02606,cascade_emergency,india_national_20k,IN-C01403-FD011,feeder,Jamūī,Bihar,6.2986,1.4054,1.0762,2,5,1,0,8.52,0.0,0,0,0,,,val
IND-S02607,line_outage,india_national_20k,IN-C15778-SS,substation,Lalganj,Uttar Pradesh,2.3764,1.1446,1.0589,3,4,1,0,0.0,0.0,0,0,0,,,train
IND-S02608,high_demand,india_national_20k,IN-C09288-GEN07,generator,Pimpri,Maharashtra,2.352,1.5189,1.0422,0,44,5,92,10.77,0.01098,17241855,0,5,IN-WR-HUB|IN-SR-HUB|IN-MAH-HUB|IN-C09286-SS|IN-C09288-SS|IN-C09950-SS|IN-ER-HUB|IN-NER-HUB|IN-KAR-HUB|IN-C05537-SS|IN-C11034-SS|IN-C11047-SS,0|0|0|0|0|0|1|1|1|1|1|1,train
IND-S02609,heatwave,india_national_20k,IN-C09292-GEN11,generator,Aurangabad,Maharashtra,2.481,1.2398,1.1226,0,42,5,35,1.62,0.00741,18652886,0,3,IN-WR-HUB|IN-MAH-HUB|IN-C09292-SS|IN-ER-HUB|IN-NER-HUB|IN-C10290-SS|IN-C10346-SS|IN-C10353-SS|IN-C10360-SS|IN-C10362-SS|IN-C10384-SS|IN-NAG-HUB,0|0|0|1|1|2|2|2|2|2|2|2,train
IND-S02610,heatwave,india_national_20k,IN-C09283-FD031,feeder,Pune,Maharashtra,1.8077,1.378,1.1729,1,10,1,0,8.79,0.0,0,0,0,,,train
IND-S02611,cascade_emergency,india_national_20k,IN-C09282-GEN01,generator,Mumbai,Maharashtra,7.2721,1.4438,1.1385,4,41,4,62,10.53,0.01556,30459653,0,7,IN-WR-HUB|IN-SR-HUB|IN-ER-HUB|IN-NER-HUB|IN-KER-HUB|IN-C07054-SS|IN-MAH-HUB|IN-C09282-SS|IN-C09285-SS|IN-C09328-SS|IN-C09548-SS|IN-C10093-SS,0|0|0|0|0|0|0|0|0|0|0|0,train
IND-S02612,high_demand,india_national_20k,IN-C09284-FD032,feeder,Nagpur,Maharashtra,2.5671,1.288,1.0461,0,10,2,3,0.2,0.00385,2405665,0,3,IN-C09284-SS|IN-C09284-TR03|IN-C09284-FD032,0|0|0,train
IND-S02613,transformer_overload,india_national_20k,IN-C00021-FD011,feeder,Nellore,Andhra Pradesh,5.0236,1.0682,1.0666,0,8,2,3,0.18,0.00356,547621,0,3,IN-C00021-SS|IN-C00021-TR01|IN-C00021-FD011,0|0|0,test
IND-S02614,cascade_emergency,india_national_20k,IN-C03280-FD011,feeder,Ahmedabad,Gujarat,7.5443,1.4381,1.1695,5,10,4,102,11.61,0.02431,27629880,0,4,IN-WR-HUB|IN-SR-HUB|IN-ER-HUB|IN-GUJ-HUB|IN-C03280-SS|IN-C03280-TR01|IN-C03280-FD011|IN-KER-HUB|IN-C07054-SS|IN-MAH-HUB|IN-C09292-SS|IN-C10346-SS,0|0|0|0|0|0|0|0|0|0|0|0,train
IND-S02615,cascade_emergency,india_national_20k,IN-C03296-FD011,feeder,Navsari,Gujarat,7.217,1.4353,1.0636,1,5,1,0,8.58,0.0,0,0,0,,,train
IND-S02616,transformer_overload,india_national_20k,IN-C12344-GEN05,generator,Tirunelveli,Tamil Nadu,4.9158,1.0615,1.0381,0,79,2,2,0.12,0.00217,1435844,0,2,IN-TAM-HUB|IN-C12344-SS,0|0,train
IND-S02617,normal_operation,india_national_20k,IN-C12340-FD022,feeder,Chennai,Tamil Nadu,1.1587,1.0287,1.0154,0,10,1,0,0.0,0.0,0,0,0,,,train
IND-S02618,transformer_overload,india_national_20k,IN-C04751-SS,substation,Aramdakī,Jammu and Kashmir,5.5864,1.0438,1.0047,1,7,1,0,0.0,0.0,0,0,0,,,train
IND-S02619,heatwave,india_national_20k,IN-C12575-SS,substation,Kallidaikurichi,Tamil Nadu,3.4741,1.2579,1.1186,2,11,1,0,8.35,0.0,0,0,0,,,train
IND-S02620,transformer_overload,india_national_20k,IN-C19768-SS,substation,Hālīsahar,West Bengal,4.0502,1.2349,1.0662,1,16,1,0,0.01,0.0,0,0,0,,,val
IND-S02621,heatwave,india_national_20k,IN-C07047-FD021,feeder,Kochi,Kerala,3.1219,1.3972,1.1593,1,7,5,69,10.37,0.00962,22317159,0,2,IN-SR-HUB|IN-KER-HUB|IN-C07045-SS|IN-C07291-SS|IN-C07643-SS|IN-ER-HUB|IN-NER-HUB|IN-KAR-HUB|IN-C05537-SS|IN-C05539-SS|IN-C05540-SS|IN-C11034-SS,0|0|0|0|0|1|1|1|1|1|1|1,train
IND-S02622,transformer_overload,india_national_20k,IN-C19743-FD021,feeder,Bāli,West Bengal,5.7879,1.1859,1.0787,1,5,1,0,0.0,0.0,0,0,0,,,val
IND-S02623,line_outage,india_national_20k,IN-C09556-SS,substation,Manchar,Maharashtra,1.2597,1.1647,1.04,3,7,1,0,0.0,0.0,0,0,0,,,train
IND-S02624,heatwave,india_national_20k,IN-C19730-GEN02,generator,Howrah,West Bengal,2.0064,1.4024,1.1041,2,27,3,14,8.99,0.00355,5860646,0,3,IN-C02545-SS|IN-C02633-SS|IN-C02695-SS|IN-C02783-SS|IN-C02795-SS|IN-C02880-SS|IN-C02999-SS|IN-C03013-SS|IN-WES-HUB|IN-C19729-SS|IN-C19730-SS|IN-C19766-SS,0|0|0|0|0|0|0|0|0|0|0|1,val
IND-S02625,line_outage,india_national_20k,IN-C14911-SS,substation,Pīrzādagūda,Telangana,1.5673,1.064,1.0329,3,6,1,0,0.0,0.0,0,0,0,,,train
IND-S02626,transformer_overload,india_national_20k,IN-C05543-FD011,feeder,Hosapete,Karnataka,5.062,1.0362,1.0489,1,6,1,0,0.0,0.0,0,0,0,,,test
IND-S02627,high_demand,india_national_20k,IN-C09285-FD031,feeder,Thāne,Maharashtra,2.4958,1.5055,1.033,1,10,1,0,8.64,0.0,0,0,0,,,train
IND-S02628,heatwave,india_national_20k,IN-C01122-GEN04,generator,Jorhat,Assam,2.4642,1.3034,1.1077,2,16,1,0,8.42,0.0,0,0,0,,,val
IND-S02629,normal_operation,india_national_20k,IN-C10389-FD011,feeder,Kohima,Nagaland,1.0311,1.0117,1.016,0,6,1,0,0.0,0.0,0,0,0,,,val
IND-S02630,transformer_overload,india_national_20k,IN-C03459-SS,substation,Talod,Gujarat,3.6384,1.2645,1.032,0,9,2,6,0.14,0.00045,115695,0,5,IN-C03386-SS|IN-C03421-SS|IN-C03422-SS|IN-C03459-SS|IN-C03469-SS|IN-C03648-SS,0|0|0|0|0|0,train
IND-S02631,cascade_emergency,india_national_20k,IN-C09292-FD011,feeder,Aurangabad,Maharashtra,5.7119,1.5681,1.1706,1,10,6,782,27.92,0.14399,74246388,0,2,IN-MAH-HUB|IN-C09292-SS|IN-NR-HUB|IN-C01444-SS|IN-DEL-HUB|IN-C03058-SS|IN-C09286-SS|IN-C09287-SS|IN-C09288-SS|IN-C09289-SS|IN-C09290-SS|IN-C09291-SS,0|0|1|1|1|1|1|1|1|1|1|1,train
IND-S02632,line_outage,india_national_20k,IN-C05530-FD022,feeder,Bengaluru,Karnataka,1.8274,1.0658,1.0287,3,10,2,2,0.15,0.00299,0,0,2,IN-C05530-TR02|IN-C05530-FD022,0|0,test
IND-S02633,cascade_emergency,india_national_20k,IN-C15725-SS,substation,Jewar,Uttar Pradesh,4.4307,1.3635,1.1191,4,3,2,2,8.62,0.0,1735,0,0,IN-C12332-SS|IN-C12335-SS,0|0,train
IND-S02634,normal_operation,india_national_20k,IN-C09298-FD021,feeder,Sāngli,Maharashtra,1.1954,0.9857,0.9864,0,7,1,0,0.0,0.0,0,0,0,,,train
IND-S02635,line_outage,india_national_20k,IN-C15614-FD011,feeder,Najībābād,Uttar Pradesh,1.2705,1.1914,1.0433,3,6,1,0,0.01,0.0,0,0,0,,,train
IND-S02636,transformer_overload,india_national_20k,IN-C01119-SS,substation,Guwahati,Assam,2.3329,1.1373,1.0032,0,46,1,0,0.0,0.0,0,0,0,,,val
IND-S02637,cascade_emergency,india_national_20k,IN-C00017-FD011,feeder,Rasapūdipalem,Andhra Pradesh,8.0501,1.5944,1.0539,4,10,7,107,11.59,0.02167,32976732,0,5,IN-ER-HUB|IN-AND-HUB|IN-C00017-SS|IN-C00019-SS|IN-C00028-SS|IN-C00260-SS|IN-C00527-SS|IN-C00017-TR01|IN-C00017-FD011|IN-WR-HUB|IN-SR-HUB|IN-C00037-SS,0|0|0|0|0|0|0|0|0|1|1|1,test
IND-S02638,cascade_emergency,india_national_20k,IN-C13353-SS,substation,Korampallam,Tamil Nadu,5.4623,1.3673,1.1166,3,12,1,0,8.57,0.0,0,0,0,,,train
IND-S02639,transformer_overload,india_national_20k,IN-C15811-SS,substation,Siswā Bāzār,Uttar Pradesh,4.8201,1.0994,1.019,1,8,1,0,0.0,0.0,0,0,0,,,train
IND-S02640,normal_operation,india_national_20k,IN-C11054-GEN05,generator,Bathinda,Punjab,1.0218,1.042,0.9912,0,25,1,0,0.0,0.0,0,0,0,,,train
IND-S02641,normal_operation,india_national_20k,IN-C18397-SS,substation,Antahia,Uttar Pradesh,1.0735,0.9186,0.9847,0,3,1,0,0.0,0.0,0,0,0,,,train
IND-S02642,high_demand,india_national_20k,IN-C07424-SS,substation,Karikād,Kerala,2.7345,1.4392,1.0904,0,8,6,44,9.62,0.00427,6436935,0,2,IN-C07173-SS|IN-C07178-SS|IN-C07263-SS|IN-C07434-SS|IN-SR-HUB|IN-KER-HUB|IN-C07054-SS|IN-NER-HUB|IN-C11034-SS|IN-C11047-SS|IN-C01444-SS|IN-C10290-SS,0|0|0|0|1|1|1|2|2|2|3|3,train
IND-S02643,heatwave,india_national_20k,IN-C12650-SS,substation,Marakkanam,Tamil Nadu,2.4252,1.3566,1.1729,1,6,1,0,8.74,0.0,0,0,0,,,train
IND-S02644,high_demand,india_national_20k,IN-C04822-SS,substation,Jamshedpur,Jharkhand,2.3127,1.2834,1.0218,0,95,2,2,0.05,0.0002,223805,0,2,IN-JHA-HUB|IN-C04826-SS,0|0,train
IND-S02645,normal_operation,india_national_20k,IN-C03295-SS,substation,Verāval,Gujarat,1.004,0.8765,1.0024,0,11,1,0,0.0,0.0,0,0,0,,,train
IND-S02646,line_outage,india_national_20k,IN-C19785-FD011,feeder,Kātoya,West Bengal,2.2513,1.044,1.025,4,5,1,0,0.0,0.0,0,0,0,,,val
IND-S02647,high_demand,india_national_20k,IN-C07346-SS,substation,Kadikkād,Kerala,2.5576,1.3368,1.0868,1,2,1,0,8.44,0.0,0,0,0,,,train
IND-S02648,transformer_overload,india_national_20k,IN-C12351-GEN12,generator,Thoothukudi,Tamil Nadu,5.2537,1.1472,1.007,1,73,1,0,0.0,0.0,0,0,0,,,train
IND-S02649,heatwave,india_national_20k,IN-C07858-FD032,feeder,Bhopal,Madhya Pradesh,1.9161,1.338,1.1412,0,10,6,60,9.99,0.0097,20363944,0,5,IN-C07858-SS|IN-C07882-SS|IN-C07888-SS|IN-C07892-SS|IN-C07908-SS|IN-C08007-SS|IN-C08067-SS|IN-C08104-SS|IN-C08742-SS|IN-C07858-TR03|IN-C07858-FD032|IN-WR-HUB,0|0|0|0|0|0|0|0|0|0|0|1,train
IND-S02650,cascade_emergency,india_national_20k,IN-C03793-GEN04,generator,Hisar,Haryana,6.5548,1.5002,1.065,1,20,6,110,11.14,0.01175,19047227,0,3,IN-WR-HUB|IN-NER-HUB|IN-C01444-SS|IN-DEL-HUB|IN-C03059-SS|IN-HAR-HUB|IN-C03794-SS|IN-C03795-SS|IN-JAM-HUB|IN-C04486-SS|IN-C04487-SS|IN-C04488-SS,0|0|1|1|1|1|1|1|1|1|1|1,train
IND-S02651,heatwave,india_national_20k,IN-C11561-FD012,feeder,Jodhpur,Rajasthan,2.4875,1.3085,1.2137,0,10,2,3,8.85,0.00166,1056191,0,3,IN-C11561-SS|IN-C11561-TR01|IN-C11561-FD012,0|0|0,train
IND-S02652,normal_operation,india_national_20k,IN-C07057-FD011,feeder,Manjeri,Kerala,1.1034,1.034,1.0127,0,6,1,0,0.0,0.0,0,0,0,,,train
IND-S02653,line_outage,india_national_20k,IN-C15561-FD011,feeder,Muzaffarnagar,Uttar Pradesh,1.6916,1.0814,1.0366,4,7,2,3,0.1,0.0009,349706,0,3,IN-C15561-SS|IN-C15561-TR01|IN-C15561-FD011,0|0|0,train
IND-S02654,cascade_emergency,india_national_20k,IN-C04822-FD022,feeder,Jamshedpur,Jharkhand,6.5501,1.5173,1.0706,4,10,7,124,11.57,0.0163,20131728,0,6,IN-ER-HUB|IN-JHA-HUB|IN-C04822-SS|IN-C04826-SS|IN-C04854-SS|IN-C04822-TR02|IN-C04822-FD022|IN-C11636-SS|IN-C15639-SS|IN-C16903-SS|IN-C16911-SS|IN-C17164-SS,0|0|0|0|0|0|0|0|0|0|0|0,train
IND-S02655,line_outage,india_national_20k,IN-C03281-FD012,feeder,Surat,Gujarat,1.454,1.2357,1.0561,4,10,2,2,0.13,0.00238,0,0,2,IN-C03281-TR01|IN-C03281-FD012,0|0,train
IND-S02656,line_outage,india_national_20k,IN-C07859-GEN03,generator,Jabalpur,Madhya Pradesh,1.6382,1.1397,1.0386,3,52,2,3,0.06,5e-05,19546,0,0,IN-C11206-SS|IN-C11247-SS|IN-C11258-SS,0|0|0,train
IND-S02657,line_outage,india_national_20k,IN-C09288-GEN07,generator,Pimpri,Maharashtra,1.3439,1.0461,1.0318,2,44,1,0,0.0,0.0,0,0,0,,,train
IND-S02658,line_outage,india_national_20k,IN-C03288-GEN09,generator,Gandhinagar,Gujarat,2.0533,1.1182,1.0095,3,24,1,0,0.0,0.0,0,0,0,,,train
IND-S02659,transformer_overload,india_national_20k,IN-C15552-FD012,feeder,Prayagraj,Uttar Pradesh,5.2636,1.0312,1.0425,1,10,1,0,0.0,0.0,0,0,0,,,train
IND-S02660,high_demand,india_national_20k,IN-C09290-FD011,feeder,Dombivali,Maharashtra,2.0854,1.5332,1.0761,0,9,6,118,11.43,0.01245,17930494,0,5,IN-C09290-SS|IN-C09473-SS|IN-C09290-TR01|IN-C09290-FD011|IN-WR-HUB|IN-SR-HUB|IN-C09289-SS|IN-C09301-SS|IN-C09312-SS|IN-ER-HUB|IN-NER-HUB|IN-CHH-HUB,0|0|0|0|1|1|1|1|1|2|2|2,train
IND-S02661,cascade_emergency,india_national_20k,IN-C14846-GEN03,generator,Rāmgundam,Telangana,7.6282,1.4938,1.1653,5,29,5,146,12.43,0.02425,47189464,0,9,IN-SR-HUB|IN-ER-HUB|IN-TAM-HUB|IN-C12390-SS|IN-C12474-SS|IN-C14168-SS|IN-C14310-SS|IN-TEL-HUB|IN-C14846-SS|IN-C14852-SS|IN-C14865-SS|IN-C14916-SS,0|0|0|0|0|0|0|0|0|0|0|0,train
IND-S02662,high_demand,india_national_20k,IN-C09291-GEN10,generator,Virār,Maharashtra,1.7967,1.4047,1.0474,1,40,5,38,9.42,0.00733,18728506,0,3,IN-WR-HUB|IN-MAH-HUB|IN-C09291-SS|IN-ER-HUB|IN-NER-HUB|IN-C10290-SS|IN-C10346-SS|IN-C10353-SS|IN-C10360-SS|IN-C10362-SS|IN-C10384-SS|IN-NAG-HUB,0|0|0|1|1|2|2|2|2|2|2|2,train
IND-S02663,high_demand,india_national_20k,IN-C11109-SS,substation,Patran,Punjab,2.249,1.3258,1.0621,1,6,1,0,8.35,0.0,0,0,0,,,train
IND-S02664,cascade_emergency,india_national_20k,IN-C15580-FD011,feeder,Jaunpur,Uttar Pradesh,7.7962,1.3959,1.055,4,6,6,19,9.05,0.00609,11590785,0,4,IN-C15580-SS|IN-C15580-TR01|IN-C15580-FD011|IN-UTT-HUB|IN-TAM-HUB|IN-C12372-SS|IN-C12392-SS|IN-C19438-SS|IN-C19462-SS|IN-C19475-SS|IN-WR-HUB|IN-MAH-HUB,0|0|0|0|1|1|1|1|1|1|2|2,train
IND-S02665,line_outage,india_national_20k,IN-C03059-GEN02,generator,Najafgarh,Delhi,2.4975,1.28,1.059,3,20,4,33,1.05,0.0008,771530,0,0,IN-WR-HUB|IN-NER-HUB|IN-C02948-SS|IN-C02545-SS|IN-C10290-SS|IN-C10346-SS|IN-C10353-SS|IN-C10360-SS|IN-C10362-SS|IN-C10384-SS|IN-NAG-HUB|IN-C10388-SS,0|0|0|1|1|1|1|1|1|1|1|1,train
IND-S02666,high_demand,india_national_20k,IN-C07865-GEN09,generator,Saugor,Madhya Pradesh,2.275,1.2616,1.0689,0,46,1,0,0.0,0.0,0,0,0,,,train
IND-S02667,normal_operation,india_national_20k,IN-C03341-SS,substation,Petlād,Gujarat,1.1036,0.9622,0.9937,0,13,1,0,0.0,0.0,0,0,0,,,train
IND-S02668,normal_operation,india_national_20k,IN-C12362-FD011,feeder,Nāgercoil,Tamil Nadu,1.0486,0.9789,1.0024,0,6,1,0,0.0,0.0,0,0,0,,,train
IND-S02669,line_outage,india_national_20k,IN-C10424-GEN01,generator,Nowrangapur,Odisha,2.1036,1.1717,1.0335,4,34,2,5,0.14,0.00117,1393190,0,2,IN-C03323-SS|IN-C03324-SS|IN-C03472-SS|IN-ODI-HUB|IN-C10424-SS,0|0|0|0|0,train
IND-S02670,line_outage,india_national_20k,IN-C03284-GEN05,generator,Bhavnagar,Gujarat,2.1423,1.0399,1.0545,2,24,2,1,0.03,5e-05,22176,0,0,IN-C12647-SS,0,train
IND-S02671,high_demand,india_national_20k,IN-C07045-FD011,feeder,Kanayannur,Kerala,2.8946,1.5308,1.0877,0,8,2,6,9.17,0.00384,1509176,0,5,IN-C07045-SS|IN-C07047-SS|IN-C07291-SS|IN-C07643-SS|IN-C07045-TR01|IN-C07045-FD011,0|0|0|0|0|0,train
IND-S02672,high_demand,india_national_20k,IN-C15552-GEN07,generator,Prayagraj,Uttar Pradesh,2.4747,1.5125,1.0328,1,119,4,37,9.49,0.00512,14212449,0,5,IN-NR-HUB|IN-WR-HUB|IN-NER-HUB|IN-C15552-SS|IN-UTT-HUB|IN-C01444-SS|IN-DEL-HUB|IN-C03058-SS|IN-MAH-HUB|IN-C09292-SS|IN-C10290-SS|IN-C10346-SS,0|0|0|0|0|1|1|1|1|1|1|1,train
IND-S02673,high_demand,india_national_20k,IN-C05530-FD011,feeder,Bengaluru,Karnataka,2.9967,1.4561,1.0927,1,10,1,0,8.72,0.0,0,0,0,,,test
IND-S02674,normal_operation,india_national_20k,IN-C09290-GEN09,generator,Dombivali,Maharashtra,1.1425,0.8527,1.0105,0,40,1,0,0.0,0.0,0,0,0,,,train
IND-S02675,high_demand,india_national_20k,IN-C04824-FD022,feeder,Ranchi,Jharkhand,2.5334,1.2893,1.0859,1,10,1,0,0.01,0.0,0,0,0,,,train
IND-S02676,line_outage,india_national_20k,IN-C09297-FD011,feeder,Borivli,Maharashtra,1.7227,1.1036,1.0524,4,7,2,3,0.11,0.0016,609617,0,3,IN-C09297-SS|IN-C09297-TR01|IN-C09297-FD011,0|0|0,train
IND-S02677,heatwave,india_national_20k,IN-C03453-SS,substation,Amod,Gujarat,2.0095,1.1812,1.1024,1,10,1,0,0.0,0.0,0,0,0,,,train
IND-S02678,heatwave,india_national_20k,IN-C09286-GEN05,generator,Pimpri-Chinchwad,Maharashtra,1.6066,1.3375,1.1913,1,44,5,105,11.04,0.01188,18988529,0,5,IN-WR-HUB|IN-SR-HUB|IN-MAH-HUB|IN-C09286-SS|IN-C09288-SS|IN-C09950-SS|IN-ER-HUB|IN-NER-HUB|IN-KAR-HUB|IN-C05537-SS|IN-C05540-SS|IN-C11034-SS,0|0|0|0|0|0|1|1|1|1|1|1,train
IND-S02679,line_outage,india_national_20k,IN-C03793-GEN04,generator,Hisar,Haryana,2.1931,1.0072,1.0489,1,20,1,0,0.0,0.0,0,0,0,,,train
IND-S02680,cascade_emergency,india_national_20k,IN-C01376-GEN03,generator,Bhāgalpur,Bihar,4.5388,1.5618,1.1118,5,38,3,14,9.29,0.00086,631455,0,2,IN-BIH-HUB|IN-C01377-SS|IN-C01444-SS|IN-C01445-SS|IN-C01481-SS|IN-C01485-SS|IN-C01486-SS|IN-C01495-SS|IN-C01499-SS|IN-C01521-SS|IN-C01530-SS|IN-C01539-SS,0|1|1|1|1|1|1|1|1|1|1|1,val
IND-S02681,high_demand,india_national_20k,IN-C09945-SS,substation,Akpuri Chauki,Maharashtra,2.9413,1.4566,1.0246,1,4,1,0,8.52,0.0,0,0,0,,,train
IND-S02682,normal_operation,india_national_20k,IN-C05530-FD022,feeder,Bengaluru,Karnataka,1.1231,0.8931,0.9815,0,10,1,0,0.0,0.0,0,0,0,,,test
IND-S02683,high_demand,india_national_20k,IN-C04832-GEN11,generator,Giridih,Jharkhand,2.2994,1.3283,1.0749,1,28,1,0,8.39,0.0,0,0,0,,,train
IND-S02684,cascade_emergency,india_national_20k,IN-C01408-FD011,feeder,Benipur,Bihar,7.9316,1.3468,1.0928,2,5,1,0,8.49,0.0,0,0,0,,,val
IND-S02685,normal_operation,india_national_20k,IN-C12345-GEN06,generator,Tiruchirappalli,Tamil Nadu,1.1587,1.0494,1.0174,0,80,1,0,0.0,0.0,0,0,0,,,train
IND-S02686,line_outage,india_national_20k,IN-C03059-FD031,feeder,Najafgarh,Delhi,1.2139,1.1595,1.0516,4,10,1,0,0.0,0.0,0,0,0,,,train
IND-S02687,line_outage,india_national_20k,IN-C12342-FD011,feeder,Kallakurichi,Tamil Nadu,1.8013,1.1119,1.0265,1,10,1,0,0.0,0.0,0,0,0,,,train
IND-S02688,heatwave,india_national_20k,IN-C07863-GEN07,generator,Dewas,Madhya Pradesh,2.0352,1.1917,1.0802,2,46,2,1,0.02,0.0,500,0,0,IN-C06344-SS,0,train
IND-S02689,high_demand,india_national_20k,IN-C14846-GEN03,generator,Rāmgundam,Telangana,2.6054,1.467,1.0995,0,29,5,76,10.54,0.01059,23778905,0,15,IN-SR-HUB|IN-C14852-SS|IN-C14865-SS|IN-C14916-SS|IN-C14935-SS|IN-C14966-SS|IN-C14985-SS|IN-ER-HUB|IN-NER-HUB|IN-KAR-HUB|IN-C05537-SS|IN-C05539-SS,0|0|0|0|0|0|0|1|1|1|1|1,train
IND-S02690,cascade_emergency,india_national_20k,IN-C05433-SS,substation,Arā Chaukī,Jharkhand,4.7255,1.346,1.1664,5,7,1,0,8.65,0.0,0,0,0,,,train
IND-S02691,heatwave,india_national_20k,IN-C10341-FD011,feeder,Aizawl,Mizoram,3.2021,1.1754,1.2003,0,8,2,14,8.66,0.00162,438703,0,5,IN-MIZ-HUB|IN-C10341-SS|IN-C10342-SS|IN-C10343-SS|IN-C10346-SS|IN-C10350-SS|IN-C10353-SS|IN-C10354-SS|IN-C10359-SS|IN-C10360-SS|IN-C10362-SS|IN-C10384-SS,0|0|0|0|0|0|0|0|0|0|0|0,train
IND-S02692,transformer_overload,india_national_20k,IN-C19769-FD011,feeder,Titāgarh,West Bengal,5.7589,1.2537,1.0729,1,5,1,0,0.0,0.0,0,0,0,,,val
IND-S02693,line_outage,india_national_20k,IN-C03870-SS,substation,Kalāyat,Haryana,1.4378,1.2621,1.0496,4,5,4,10,0.34,0.00354,6295762,0,0,IN-C19735-SS|IN-C19833-SS|IN-C19871-SS|IN-ER-HUB|IN-WES-HUB|IN-C19729-SS|IN-C19730-SS|IN-C19766-SS|IN-C19864-SS|IN-C19963-SS,0|0|0|1|1|1|1|2|2|2,train
IND-S02694,transformer_overload,india_national_20k,IN-C09283-FD012,feeder,Pune,Maharashtra,5.0712,1.052,1.0732,1,10,1,0,0.0,0.0,0,0,0,,,train
IND-S02695,transformer_overload,india_national_20k,IN-C15560-FD021,feeder,Jhānsi,Uttar Pradesh,4.3945,1.2199,1.0308,1,7,1,0,0.0,0.0,0,0,0,,,train
IND-S02696,line_outage,india_national_20k,IN-C00858-SS,substation,Anukulapālem,Andhra Pradesh,1.8993,1.2282,1.0581,2,3,1,0,0.0,0.0,0,0,0,,,test
IND-S02697,cascade_emergency,india_national_20k,IN-C03059-GEN02,generator,Najafgarh,Delhi,4.2056,1.5247,1.1678,1,20,7,1025,33.39,0.18107,59515196,0,2,IN-NR-HUB|IN-WR-HUB|IN-SR-HUB|IN-ER-HUB|IN-NER-HUB|IN-DEL-HUB|IN-KER-HUB|IN-C07054-SS|IN-C10346-SS|IN-C10353-SS|IN-C10360-SS|IN-C10362-SS,0|0|0|0|0|0|0|0|0|0|0|0,train
IND-S02698,cascade_emergency,india_national_20k,IN-C14854-GEN11,generator,Secunderabad,Telangana,5.0245,1.3462,1.0577,3,25,2,7,8.52,0.00056,476560,0,5,IN-C14853-SS|IN-C14854-SS|IN-C14897-SS|IN-C15208-SS|IN-C15271-SS|IN-C15287-SS|IN-C15478-SS,0|0|0|0|0|0|0,train
IND-S02699,line_outage,india_national_20k,IN-MAH-HUB-GEN,generator,Maharashtra Hub Generation,Maharashtra,2.1398,1.1243,1.0191,3,144,5,13,0.31,0.00024,198352,0,2,IN-WR-HUB|IN-MAH-HUB|IN-ER-HUB|IN-NER-HUB|IN-C10346-SS|IN-C10360-SS|IN-C10362-SS|IN-C15523-SS|IN-C19963-SS|IN-C15525-SS|IN-C15543-SS|IN-C19766-SS,0|0|1|1|2|2|2|2|2|3|3|3,train
IND-S02700,normal_operation,india_national_20k,IN-C19736-SS,substation,Shyamnagar,West Bengal,1.1511,0.8902,1.0026,0,18,1,0,0.0,0.0,0,0,0,,,val
IND-S02701,high_demand,india_national_20k,IN-C03058-FD012,feeder,Delhi,Delhi,1.7875,1.537,1.0606,0,10,6,120,11.56,0.01699,29850468,0,4,IN-DEL-HUB|IN-C03058-SS|IN-C03058-TR01|IN-C03058-FD012|IN-WR-HUB|IN-NER-HUB|IN-C01444-SS|IN-CHH-HUB|IN-C02530-SS|IN-C02531-SS|IN-C02533-SS|IN-HAR-HUB,0|0|0|0|1|1|2|2|2|2|2|2,train
IND-S02702,heatwave,india_national_20k,IN-C09282-FD031,feeder,Mumbai,Maharashtra,2.7768,1.2393,1.0881,0,10,2,8,0.46,0.00818,14653824,0,6,IN-MAH-HUB|IN-C09282-SS|IN-C09285-SS|IN-C09328-SS|IN-C09548-SS|IN-C10093-SS|IN-C09282-TR03|IN-C09282-FD031,0|0|0|0|0|0|0|0,train
IND-S02703,transformer_overload,india_national_20k,IN-C19751-FD011,feeder,Haldia,West Bengal,4.4944,1.2493,1.0017,1,5,1,0,0.0,0.0,0,0,0,,,val
IND-S02704,line_outage,india_national_20k,IN-C11561-GEN02,generator,Jodhpur,Rajasthan,1.6657,1.1863,1.0021,4,34,1,0,0.0,0.0,0,0,0,,,train
IND-S02705,cascade_emergency,india_national_20k,IN-C04876-SS,substation,Barki Saria,Jharkhand,6.9119,1.5517,1.147,1,5,1,0,9.02,0.0,0,0,0,,,train
IND-S02706,high_demand,india_national_20k,IN-C09286-GEN05,generator,Pimpri-Chinchwad,Maharashtra,2.0251,1.4761,1.0971,0,44,5,115,11.3,0.01304,20050935,0,5,IN-WR-HUB|IN-SR-HUB|IN-ER-HUB|IN-MAH-HUB|IN-C09286-SS|IN-C09288-SS|IN-C09950-SS|IN-ASS-HUB|IN-C01120-SS|IN-C01122-SS|IN-C01444-SS|IN-CHH-HUB,0|0|0|0|0|0|0|1|1|1|1|1,train
IND-S02707,transformer_overload,india_national_20k,IN-C03059-GEN02,generator,Najafgarh,Delhi,4.9389,1.1363,1.0636,1,20,1,0,0.01,0.0,0,0,0,,,train
IND-S02708,normal_operation,india_national_20k,IN-C12702-SS,substation,Tiruvattār,Tamil Nadu,1.1989,0.869,1.0146,0,7,1,0,0.0,0.0,0,0,0,,,train
IND-S02709,line_outage,india_national_20k,IN-C00018-FD012,feeder,Vijayawada,Andhra Pradesh,1.863,1.0837,1.0416,1,10,1,0,0.0,0.0,0,0,0,,,test
IND-S02710,transformer_overload,india_national_20k,IN-C09284-FD032,feeder,Nagpur,Maharashtra,2.8023,1.2484,1.074,1,10,1,0,0.0,0.0,0,0,0,,,train
IND-S02711,line_outage,india_national_20k,IN-C19729-GEN01,generator,Kolkata,West Bengal,1.3848,1.2426,1.034,2,26,3,6,0.24,0.00356,5807089,0,3,IN-WES-HUB|IN-C19729-SS|IN-C19730-SS|IN-C19766-SS|IN-C19864-SS|IN-C19963-SS,0|0|0|1|1|1,val
IND-S02712,transformer_overload,india_national_20k,IN-C05572-FD011,feeder,Basavakalyan,Karnataka,2.0665,1.051,1.0796,0,5,1,0,0.0,0.0,0,0,0,,,test
IND-S02713,transformer_overload,india_national_20k,IN-C00019-FD032,feeder,Visakhapatnam,Andhra Pradesh,3.1142,1.1225,1.0438,1,10,1,0,0.0,0.0,0,0,0,,,test
IND-S02714,heatwave,india_national_20k,IN-C14854-GEN11,generator,Secunderabad,Telangana,1.9263,1.3895,1.1306,0,25,6,54,9.85,0.0055,8569229,0,13,IN-C14853-SS|IN-C14854-SS|IN-C14897-SS|IN-C15208-SS|IN-C15271-SS|IN-C15287-SS|IN-C15478-SS|IN-SR-HUB|IN-NER-HUB|IN-C11034-SS|IN-C11047-SS|IN-TEL-HUB,0|0|0|0|0|0|0|1|2|2|2|2,train
IND-S02715,line_outage,india_national_20k,IN-UTT-HUB-GEN,generator,Uttarakhand Hub Generation,Uttarakhand,2.3595,1.1125,1.0293,1,1,1,0,0.0,0.0,0,0,0,,,train
IND-S02716,line_outage,india_national_20k,IN-C12343-SS,substation,Madurai,Tamil Nadu,1.3205,1.276,1.0431,4,260,2,3,0.07,0.0002,79866,0,3,IN-C12462-SS|IN-C12553-SS|IN-C13217-SS,0|0|0,train
IND-S02717,high_demand,india_national_20k,IN-C15546-FD021,feeder,Kanpur,Uttar Pradesh,2.9522,1.3343,1.072,0,10,3,10,8.76,0.00518,3178600,0,6,IN-C15546-SS|IN-C15583-SS|IN-C15601-SS|IN-C19257-SS|IN-C15546-TR02|IN-C15546-FD021|IN-UTT-HUB|IN-C19438-SS|IN-C19462-SS|IN-C19475-SS,0|0|0|0|0|0|0|1|1|1,train
IND-S02718,cascade_emergency,india_national_20k,IN-C01563-SS,substation,Tola Mansārāut,Bihar,6.5181,1.5621,1.0504,5,9,8,127,11.62,0.01553,31173830,0,5,IN-BIH-HUB|IN-C01393-SS|IN-C01531-SS|IN-C01541-SS|IN-C01563-SS|IN-RAJ-HUB|IN-C11570-SS|IN-WR-HUB|IN-C01377-SS|IN-C01444-SS|IN-C01445-SS|IN-C01481-SS,0|0|0|0|0|0|0|1|1|1|1|1,val
IND-S02719,heatwave,india_national_20k,IN-C04827-GEN06,generator,Deoghar,Jharkhand,3.1485,1.2758,1.086,0,27,2,2,0.05,0.00022,203123,0,2,IN-JHA-HUB|IN-C04827-SS,0|0,train
IND-S02720,cascade_emergency,india_national_20k,IN-C12350-GEN11,generator,Ambattur,Tamil Nadu,5.7391,1.381,1.1266,4,73,5,35,9.41,0.00427,6015728,0,5,IN-SR-HUB|IN-TAM-HUB|IN-C12340-SS|IN-C12350-SS|IN-C12392-SS|IN-NER-HUB|IN-C11034-SS|IN-C11047-SS|IN-C01444-SS|IN-C10290-SS|IN-C10346-SS|IN-C10353-SS,0|0|0|0|0|1|1|1|2|2|2|2,train
IND-S02721,heatwave,india_national_20k,IN-C07056-GEN12,generator,Tellicherry,Kerala,1.6701,1.4309,1.1029,2,30,1,0,8.69,0.0,0,0,0,,,train
IND-S02722,transformer_overload,india_national_20k,IN-C15552-GEN07,generator,Prayagraj,Uttar Pradesh,4.6342,1.0568,1.0474,1,119,3,3,0.12,0.00158,1086496,0,2,IN-C15552-SS|IN-UTT-HUB|IN-C19462-SS,0|0|1,train
IND-S02723,cascade_emergency,india_national_20k,IN-AND-HUB-GEN,generator,Andhra Pradesh Hub Generation,Andhra Pradesh,6.6489,1.319,1.1404,1,148,1,0,8.54,0.0,0,0,0,,,test
IND-S02724,cascade_emergency,india_national_20k,IN-C07046-GEN02,generator,Thiruvananthapuram,Kerala,5.1845,1.3363,1.1636,5,30,2,4,8.76,0.00128,801992,0,2,IN-KER-HUB|IN-C07046-SS|IN-C13203-SS|IN-C13273-SS,0|0|0|0,train
IND-S02725,high_demand,india_national_20k,IN-C15551-GEN06,generator,Varanasi,Uttar Pradesh,2.9545,1.4251,1.0837,1,120,4,49,9.62,0.00361,12124322,0,8,IN-NR-HUB|IN-WR-HUB|IN-NER-HUB|IN-C15600-SS|IN-C15672-SS|IN-C16266-SS|IN-C16924-SS|IN-C17022-SS|IN-C17187-SS|IN-C17213-SS|IN-C17279-SS|IN-C17309-SS,0|0|0|0|0|0|0|0|0|0|0|0,train
IND-S02726,high_demand,india_national_20k,IN-C07860-GEN04,generator,Gwalior,Madhya Pradesh,1.586,1.4653,1.076,1,51,3,9,8.9,0.00127,1731943,0,4,IN-MAD-HUB|IN-C07860-SS|IN-C07861-SS|IN-C07885-SS|IN-C07944-SS|IN-C08085-SS|IN-C08275-SS|IN-C09141-SS|IN-C09182-SS,0|0|1|1|1|1|1|1|1,train
IND-S02727,transformer_overload,india_national_20k,IN-C12345-FD032,feeder,Tiruchirappalli,Tamil Nadu,2.5988,1.2073,1.0574,0,10,2,3,0.12,0.00165,1022518,0,3,IN-C12345-SS|IN-C12345-TR03|IN-C12345-FD032,0|0|0,train
IND-S02728,line_outage,india_national_20k,IN-C04487-FD011,feeder,Soyībug,Jammu and Kashmir,1.685,1.1078,1.0364,2,7,2,2,0.06,0.00041,0,0,2,IN-C04487-TR01|IN-C04487-FD011,0|0,train
IND-S02729,normal_operation,india_national_20k,IN-C12343-FD021,feeder,Madurai,Tamil Nadu,1.0628,1.0177,0.983,0,10,1,0,0.0,0.0,0,0,0,,,train
IND-S02730,high_demand,india_national_20k,IN-C09289-GEN08,generator,Kalyān,Maharashtra,1.9898,1.5411,1.0286,0,41,5,94,10.81,0.01102,17509198,0,6,IN-WR-HUB|IN-SR-HUB|IN-MAH-HUB|IN-C09289-SS|IN-C09290-SS|IN-C09301-SS|IN-C09312-SS|IN-ER-HUB|IN-NER-HUB|IN-KAR-HUB|IN-C05537-SS|IN-C11034-SS,0|0|0|0|0|0|0|1|1|1|1|1,train
IND-S02731,high_demand,india_national_20k,IN-C09304-FD021,feeder,Akola,Maharashtra,1.8967,1.3413,1.0326,0,7,2,3,0.11,0.00121,428857,0,3,IN-C09304-SS|IN-C09304-TR02|IN-C09304-FD021,0|0|0,train
IND-S02732,cascade_emergency,india_national_20k,IN-C10273-GEN01,generator,Imphal,Manipur,5.2242,1.418,1.1679,1,16,5,122,11.53,0.01294,19986985,0,6,IN-NER-HUB|IN-MAN-HUB|IN-C10273-SS|IN-C10275-SS|IN-C10278-SS|IN-C10281-SS|IN-C10289-SS|IN-C10290-SS|IN-C10293-SS|IN-C10295-SS|IN-C10304-SS|IN-WR-HUB,0|0|0|0|0|0|0|0|0|0|0|1,train
IND-S02733,normal_operation,india_national_20k,IN-C11565-FD021,feeder,Udaipur,Rajasthan,1.0306,0.8922,1.0146,0,8,1,0,0.0,0.0,0,0,0,,,train
IND-S02734,cascade_emergency,india_national_20k,IN-C01388-FD011,feeder,Dinapore,Bihar,8.3696,1.5185,1.1508,5,6,3,19,9.48,0.00414,995547,0,6,IN-BIH-HUB|IN-C01386-SS|IN-C01388-SS|IN-C01483-SS|IN-C01388-TR01|IN-C01388-FD011|IN-C01377-SS|IN-C01444-SS|IN-C01445-SS|IN-C01481-SS|IN-C01485-SS|IN-C01486-SS,0|0|0|0|0|0|1|1|1|1|1|1,val
IND-S02735,transformer_overload,india_national_20k,IN-C14851-GEN08,generator,Lal Bahadur Nagar,Telangana,2.3308,1.1301,1.0619,1,28,1,0,0.0,0.0,0,0,0,,,train
IND-S02736,transformer_overload,india_national_20k,IN-C03814-FD011,feeder,Gohāna,Haryana,3.0502,1.2141,1.0229,0,5,1,0,0.0,0.0,0,0,0,,,train
IND-S02737,high_demand,india_national_20k,IN-C19435-FD011,feeder,Haldwani,Uttarakhand,2.6915,1.3056,1.0906,0,7,2,3,8.47,0.00097,139497,0,3,IN-C19435-SS|IN-C19435-TR01|IN-C19435-FD011,0|0|0,train
IND-S02738,cascade_emergency,india_national_20k,IN-C12367-FD011,feeder,Tambaram,Tamil Nadu,6.5845,1.3209,1.1425,1,6,3,4,8.64,0.00031,439473,0,3,IN-C12367-SS|IN-C12536-SS|IN-TAM-HUB|IN-C12359-SS,0|0|1|1,train
IND-S02739,transformer_overload,india_national_20k,IN-C00185-SS,substation,Tirumala,Andhra Pradesh,2.9242,1.1817,1.009,1,4,1,0,0.0,0.0,0,0,0,,,test
IND-S02740,heatwave,india_national_20k,IN-C05539-FD011,feeder,Shivamogga,Karnataka,1.664,1.1919,1.1301,1,8,1,0,0.0,0.0,0,0,0,,,test
IND-S02741,heatwave,india_national_20k,IN-C11608-SS,substation,Nīmbāhera,Rajasthan,3.2358,1.4483,1.1084,0,8,1,0,8.77,0.0,0,0,0,,,train
IND-S02742,line_outage,india_national_20k,IN-C09289-FD012,feeder,Kalyān,Maharashtra,1.6233,1.1028,1.0406,3,10,2,2,0.08,0.00081,0,0,2,IN-C09289-TR01|IN-C09289-FD012,0|0,train
IND-S02743,high_demand,india_national_20k,IN-C12352-FD021,feeder,Avadi,Tamil Nadu,2.3379,1.2511,1.0426,0,7,2,4,0.13,0.00116,345996,0,4,IN-TAM-HUB|IN-C12352-SS|IN-C12352-TR02|IN-C12352-FD021,0|0|0|0,train
IND-S02744,heatwave,india_national_20k,IN-C12359-FD011,feeder,Pallāvaram,Tamil Nadu,1.5208,1.2911,1.1412,2,6,2,5,8.62,0.00115,439473,0,4,IN-C12359-SS|IN-C12367-SS|IN-C12536-SS|IN-C12359-TR01|IN-C12359-FD011,0|0|0|0|0,train
IND-S02745,high_demand,india_national_20k,IN-C19751-SS,substation,Haldia,West Bengal,2.0576,1.3512,1.0223,0,8,1,0,0.0,0.0,0,0,0,,,val
IND-S02746,cascade_emergency,india_national_20k,IN-C19760-FD011,feeder,Bārākpur,West Bengal,4.0282,1.5702,1.0726,1,5,1,0,8.95,0.0,0,0,0,,,val
IND-S02747,high_demand,india_national_20k,IN-RAJ-HUB-GEN,generator,Rajasthan Hub Generation,Rajasthan,2.0386,1.4087,1.0702,1,114,1,0,8.55,0.0,0,0,0,,,train
IND-S02748,cascade_emergency,india_national_20k,IN-C03281-GEN02,generator,Surat,Gujarat,4.0517,1.5833,1.1058,1,29,5,115,11.76,0.02039,34493234,0,3,IN-WR-HUB|IN-SR-HUB|IN-ER-HUB|IN-NER-HUB|IN-GUJ-HUB|IN-C03281-SS|IN-KER-HUB|IN-C07054-SS|IN-C10346-SS|IN-C10353-SS|IN-C10362-SS|IN-C10384-SS,0|0|0|0|0|0|0|0|0|0|0|0,train
IND-S02749,line_outage,india_national_20k,IN-C04825-FD011,feeder,Bokāro,Jharkhand,1.2336,1.0794,1.0236,1,8,1,0,0.0,0.0,0,0,0,,,train
IND-S02750,line_outage,india_national_20k,IN-C15554-FD011,feeder,Bareilly,Uttar Pradesh,2.3847,1.0951,1.0576,3,8,2,3,0.15,0.00254,745435,0,3,IN-C15554-SS|IN-C15554-TR01|IN-C15554-FD011,0|0|0,train
IND-S02751,transformer_overload,india_national_20k,IN-C03300-FD011,feeder,Bhuj,Gujarat,5.6346,1.1521,1.0712,1,5,1,0,0.0,0.0,0,0,0,,,train
IND-S02752,heatwave,india_national_20k,IN-C03285-GEN06,generator,Jamnagar,Gujarat,2.2695,1.4403,1.0827,0,24,5,56,9.84,0.00465,13628790,0,5,IN-WR-HUB|IN-SR-HUB|IN-NER-HUB|IN-GUJ-HUB|IN-C03286-SS|IN-C03287-SS|IN-C03288-SS|IN-C11034-SS|IN-C11047-SS|IN-C01444-SS|IN-C10290-SS|IN-C10346-SS,0|0|1|1|1|1|1|1|1|2|2|2,train
IND-S02753,cascade_emergency,india_national_20k,IN-C02562-SS,substation,Akaltara,Chhattisgarh,5.36,1.4641,1.1597,4,5,8,99,11.28,0.01585,32274808,0,0,IN-C19855-SS|IN-C19871-SS|IN-ER-HUB|IN-NER-HUB|IN-WES-HUB|IN-C19729-SS|IN-C19730-SS|IN-C19735-SS|IN-C19833-SS|IN-WR-HUB|IN-SR-HUB|IN-C01444-SS,0|0|1|1|1|1|1|1|1|2|2|2,train
IND-S02754,transformer_overload,india_national_20k,IN-C03288-GEN09,generator,Gandhinagar,Gujarat,5.3605,1.0081,1.0663,0,24,1,0,0.0,0.0,0,0,0,,,train
IND-S02755,cascade_emergency,india_national_20k,IN-PUN-HUB-GEN,generator,Punjab Hub Generation,Punjab,7.1268,1.3447,1.1239,2,78,1,0,8.56,0.0,0,0,0,,,train
IND-S02756,high_demand,india_national_20k,IN-C00017-SS,substation,Rasapūdipalem,Andhra Pradesh,1.9146,1.4468,1.0564,0,156,2,4,8.73,0.00211,1990978,0,4,IN-C00017-SS|IN-C00028-SS|IN-C00260-SS|IN-C00527-SS,0|0|0|0,test
IND-S02757,normal_operation,india_national_20k,IN-C04822-FD022,feeder,Jamshedpur,Jharkhand,1.1098,0.9569,0.9852,0,10,1,0,0.0,0.0,0,0,0,,,train
IND-S02758,high_demand,india_national_20k,IN-WES-HUB-GEN,generator,West Bengal Hub Generation,West Bengal,2.3773,1.4083,1.0698,0,44,1,0,8.54,0.0,0,0,0,,,val
IND-S02759,cascade_emergency,india_national_20k,IN-C19739-SS,substation,Kāmārhāti,West Bengal,4.2052,1.3615,1.065,3,14,1,0,8.44,0.0,0,0,0,,,val
IND-S02760,normal_operation,india_national_20k,IN-C11063-SS,substation,Muktsar,Punjab,1.0551,0.9441,0.9977,0,8,1,0,0.0,0.0,0,0,0,,,train
IND-S02761,heatwave,india_national_20k,IN-C09290-FD031,feeder,Dombivali,Maharashtra,2.3424,1.3691,1.2096,0,9,6,63,10.35,0.00891,19004737,0,5,IN-C09290-SS|IN-C09473-SS|IN-C09290-TR03|IN-C09290-FD031|IN-WR-HUB|IN-SR-HUB|IN-MAH-HUB|IN-C09289-SS|IN-C09301-SS|IN-C09312-SS|IN-ER-HUB|IN-NER-HUB,0|0|0|0|1|1|1|1|1|1|2|2,train
IND-S02762,heatwave,india_national_20k,IN-C09286-FD032,feeder,Pimpri-Chinchwad,Maharashtra,3.3004,1.2959,1.2102,2,10,2,3,8.83,0.00326,1727692,0,3,IN-C09286-SS|IN-C09286-TR03|IN-C09286-FD032,0|0|0,train
IND-S02763,normal_operation,india_national_20k,IN-C12355-FD021,feeder,Rānipet,Tamil Nadu,1.1372,0.9704,1.019,0,7,1,0,0.0,0.0,0,0,0,,,train
IND-S02764,high_demand,india_national_20k,IN-C07105-SS,substation,Kōttakkal,Kerala,2.3474,1.2585,1.0663,0,5,1,0,0.0,0.0,0,0,0,,,train
IND-S02765,cascade_emergency,india_national_20k,IN-C00057-SS,substation,Palakollu,Andhra Pradesh,8.2265,1.5406,1.0638,2,9,1,0,8.83,0.0,0,0,0,,,test
IND-S02766,line_outage,india_national_20k,IN-C03793-GEN04,generator,Hisar,Haryana,1.5745,1.1837,1.0148,3,20,1,0,0.0,0.0,0,0,0,,,train
IND-S02767,heatwave,india_national_20k,IN-C19729-FD022,feeder,Kolkata,West Bengal,1.5116,1.2233,1.1721,0,10,6,35,9.31,0.00811,16303444,0,4,IN-C19729-SS|IN-C19729-TR02|IN-C19729-FD022|IN-ER-HUB|IN-NER-HUB|IN-WES-HUB|IN-WR-HUB|IN-C10290-SS|IN-C10346-SS|IN-C10353-SS|IN-C10360-SS|IN-C10362-SS,0|0|0|1|1|1|2|2|2|2|2|2,val
IND-S02768,normal_operation,india_national_20k,IN-C12350-GEN11,generator,Ambattur,Tamil Nadu,1.0094,0.9588,1.0025,0,73,1,0,0.0,0.0,0,0,0,,,train
IND-S02769,high_demand,india_national_20k,IN-C05535-FD011,feeder,Belagavi,Karnataka,1.5354,1.5167,1.0943,0,8,2,3,9.02,0.00118,490045,0,3,IN-C05535-SS|IN-C05535-TR01|IN-C05535-FD011,0|0|0,test
IND-S02770,line_outage,india_national_20k,IN-C00020-FD021,feeder,Guntur,Andhra Pradesh,1.9551,1.0948,1.0109,3,8,2,3,0.13,0.00194,670073,0,3,IN-C00020-SS|IN-C00020-TR02|IN-C00020-FD021,0|0|0,test
IND-S02771,transformer_overload,india_national_20k,IN-C15588-SS,substation,Lakhīmpur,Uttar Pradesh,3.9813,1.1283,1.0117,0,260,3,7,0.16,0.00056,252676,0,5,IN-C15588-SS|IN-C15746-SS|IN-C16040-SS|IN-UTT-HUB|IN-C19438-SS|IN-C19462-SS|IN-C19475-SS,0|0|0|0|1|1|1,train
IND-S02772,normal_operation,india_national_20k,IN-C03808-FD011,feeder,Jagādhri,Haryana,1.1243,0.9905,1.012,0,4,1,0,0.0,0.0,0,0,0,,,train
IND-S02773,line_outage,india_national_20k,IN-C07086-SS,substation,Perintalmanna,Kerala,1.5751,1.1704,1.0209,4,7,1,0,0.0,0.0,0,0,0,,,train
IND-S02774,transformer_overload,india_national_20k,IN-C15552-GEN07,generator,Prayagraj,Uttar Pradesh,4.9414,1.1734,1.0529,0,119,3,5,0.18,0.00171,1158084,0,3,IN-C15552-SS|IN-UTT-HUB|IN-C19438-SS|IN-C19462-SS|IN-C19475-SS,0|0|1|1|1,train
IND-S02775,normal_operation,india_national_20k,IN-C14850-FD021,feeder,Karīmnagar,Telangana,1.05,1.0412,0.9893,0,8,1,0,0.0,0.0,0,0,0,,,train
IND-S02776,high_demand,india_national_20k,IN-C09287-GEN06,generator,Nashik,Maharashtra,1.7147,1.3589,1.0825,0,41,5,38,9.43,0.0075,18992169,0,3,IN-WR-HUB|IN-MAH-HUB|IN-C09287-SS|IN-ER-HUB|IN-NER-HUB|IN-C10290-SS|IN-C10346-SS|IN-C10353-SS|IN-C10360-SS|IN-C10362-SS|IN-C10384-SS|IN-NAG-HUB,0|0|0|1|1|2|2|2|2|2|2|2,train
IND-S02777,cascade_emergency,india_national_20k,IN-C05643-SS,substation,Tālīkota,Karnataka,7.1336,1.4857,1.1112,2,8,1,0,8.88,0.0,0,0,0,,,test
IND-S02778,heatwave,india_national_20k,IN-C11069-FD011,feeder,Rajpura,Punjab,2.62,1.332,1.1363,2,5,1,0,8.56,0.0,0,0,0,,,train
IND-S02779,high_demand,india_national_20k,IN-C15555-GEN10,generator,Morādābād,Uttar Pradesh,1.5386,1.4132,1.0402,1,117,5,16,8.88,0.00288,11260388,0,3,IN-NR-HUB|IN-UTT-HUB|IN-SR-HUB|IN-DEL-HUB|IN-C03058-SS|IN-C19438-SS|IN-C19462-SS|IN-C19475-SS|IN-C01444-SS|IN-C10278-SS|IN-C11034-SS|IN-C11047-SS,0|0|1|1|1|1|1|1|2|2|2|2,train
IND-S02780,heatwave,india_national_20k,IN-C12347-FD021,feeder,Salem,Tamil Nadu,2.9498,1.3837,1.0902,1,8,2,2,8.61,0.00054,917414,0,2,IN-TAM-HUB|IN-C12347-SS,0|0,train
IND-S02781,line_outage,india_national_20k,IN-JAM-HUB-GEN,generator,Jammu and Kashmir Hub Generation,Jammu and Kashmir,2.3977,1.2349,1.0065,1,54,1,0,0.0,0.0,0,0,0,,,train
IND-S02782,line_outage,india_national_20k,IN-C19732-FD021,feeder,Siliguri,West Bengal,1.3426,1.1704,1.0205,1,8,1,0,0.0,0.0,0,0,0,,,val
IND-S02783,high_demand,india_national_20k,IN-C11561-FD022,feeder,Jodhpur,Rajasthan,1.8609,1.4857,1.0273,1,10,1,0,8.58,0.0,0,0,0,,,train
IND-S02784,transformer_overload,india_national_20k,IN-C10443-FD011,feeder,Bhawānipatna,Odisha,3.3892,1.1829,1.0214,1,5,1,0,0.0,0.0,0,0,0,,,train
IND-S02785,high_demand,india_national_20k,IN-C00131-SS,substation,Nagalapuram,Andhra Pradesh,2.0617,1.4979,1.057,0,8,1,0,8.7,0.0,0,0,0,,,test
IND-S02786,high_demand,india_national_20k,IN-C07865-GEN09,generator,Saugor,Madhya Pradesh,2.8006,1.371,1.0954,0,46,1,0,8.54,0.0,0,0,0,,,train
IND-S02787,cascade_emergency,india_national_20k,IN-C07890-FD011,feeder,Dhār,Madhya Pradesh,5.829,1.503,1.1482,1,6,8,110,11.68,0.02054,50732731,0,3,IN-C07890-SS|IN-C08245-SS|IN-C08379-SS|IN-C08599-SS|IN-C09037-SS|IN-MAD-HUB|IN-C07881-SS|IN-SR-HUB|IN-C07861-SS|IN-C07885-SS|IN-C07944-SS|IN-C08085-SS,0|0|0|0|0|1|1|2|2|2|2|2,train
IND-S02788,transformer_overload,india_national_20k,IN-C03059-GEN02,generator,Najafgarh,Delhi,5.0428,1.2143,1.0151,0,20,1,0,0.01,0.0,0,0,0,,,train
IND-S02789,high_demand,india_national_20k,IN-C12343-GEN04,generator,Madurai,Tamil Nadu,2.9205,1.3036,1.0443,1,80,2,2,0.13,0.00153,1465625,0,2,IN-TAM-HUB|IN-C12343-SS,0|0,train
IND-S02790,high_demand,india_national_20k,IN-C03062-FD021,feeder,Kirāri Sulemānnagar,Delhi,1.7901,1.4841,1.0634,0,6,1,0,8.69,0.0,0,0,0,,,train
IND-S02791,transformer_overload,india_national_20k,IN-C07896-SS,substation,Mhow,Madhya Pradesh,2.538,1.1088,1.032,0,46,1,0,0.01,0.0,0,0,0,,,train
IND-S02792,normal_operation,india_national_20k,IN-C15556-FD011,feeder,Gorakhpur,Uttar Pradesh,1.1775,0.8505,1.0056,0,8,1,0,0.0,0.0,0,0,0,,,train
IND-S02793,normal_operation,india_national_20k,IN-C14854-FD011,feeder,Secunderabad,Telangana,1.1759,0.9733,1.0045,0,7,1,0,0.01,0.0,0,0,0,,,train
IND-S02794,line_outage,india_national_20k,IN-C04158-SS,substation,Dalhousie,Himachal Pradesh,1.8491,1.0401,1.0403,1,7,1,0,0.0,0.0,0,0,0,,,train
IND-S02795,transformer_overload,india_national_20k,IN-C10435-FD011,feeder,Balāngīr,Odisha,5.1813,1.1766,1.0424,0,6,2,4,0.12,0.00126,98238,0,4,IN-ODI-HUB|IN-C10435-SS|IN-C10435-TR01|IN-C10435-FD011,0|0|0|0,train
IND-S02796,cascade_emergency,india_national_20k,IN-C00232-SS,substation,Yerrabalem,Andhra Pradesh,7.0837,1.4229,1.0752,1,8,1,0,8.59,0.0,0,0,0,,,test
IND-S02797,line_outage,india_national_20k,IN-C05536-GEN07,generator,Davangere,Karnataka,1.4197,1.2993,1.0514,4,49,1,0,0.01,0.0,0,0,0,,,test
IND-S02798,line_outage,india_national_20k,IN-C02527-FD011,feeder,Korba,Chhattisgarh,1.9242,1.2732,1.0205,4,8,2,4,0.12,0.0012,419646,0,3,IN-C02516-SS|IN-C02527-SS|IN-C02527-TR01|IN-C02527-FD011,0|0|0|0,train
IND-S02799,high_demand,india_national_20k,IN-C03799-FD011,feeder,Bhiwāni,Haryana,1.7661,1.2839,1.0256,1,5,1,0,0.0,0.0,0,0,0,,,train
IND-S02800,cascade_emergency,india_national_20k,IN-C03058-FD012,feeder,Delhi,Delhi,7.5031,1.4238,1.0546,3,10,4,86,10.79,0.02011,19236019,0,4,IN-NR-HUB|IN-WR-HUB|IN-NER-HUB|IN-DEL-HUB|IN-C03058-SS|IN-C03058-TR01|IN-C03058-FD012|IN-C07234-SS|IN-C07588-SS|IN-C10290-SS|IN-C10346-SS|IN-C10353-SS,0|0|0|0|0|0|0|0|0|1|1|1,train
IND-S02801,line_outage,india_national_20k,IN-C11562-GEN03,generator,Kota,Rajasthan,2.3941,1.0734,1.0564,3,37,1,0,0.0,0.0,0,0,0,,,train
IND-S02802,heatwave,india_national_20k,IN-RAJ-HUB-GEN,generator,Rajasthan Hub Generation,Rajasthan,3.4417,1.3629,1.1378,0,114,1,0,8.64,0.0,0,0,0,,,train
IND-S02803,cascade_emergency,india_national_20k,IN-C19729-FD031,feeder,Kolkata,West Bengal,7.9583,1.467,1.1573,3,10,7,96,11.93,0.03594,56151594,0,5,IN-SR-HUB|IN-KER-HUB|IN-C07054-SS|IN-C10346-SS|IN-C10353-SS|IN-C10360-SS|IN-C10362-SS|IN-C10384-SS|IN-TAM-HUB|IN-C12390-SS|IN-C15523-SS|IN-C15600-SS,0|0|0|0|0|0|0|0|0|0|0|0,val
IND-S02804,high_demand,india_national_20k,IN-C03302-FD011,feeder,Pālanpur,Gujarat,1.7167,1.5378,1.0897,1,5,1,0,8.94,0.0,0,0,0,,,train
IND-S02805,cascade_emergency,india_national_20k,IN-C09294-FD011,feeder,Bhiwandi,Maharashtra,8.4387,1.3488,1.0738,4,7,5,39,9.65,0.01545,18365390,0,4,IN-WR-HUB|IN-MAH-HUB|IN-C09294-SS|IN-C09294-TR01|IN-C09294-FD011|IN-ER-HUB|IN-NER-HUB|IN-C10290-SS|IN-C10346-SS|IN-C10353-SS|IN-C10360-SS|IN-C10362-SS,0|0|0|0|0|1|1|2|2|2|2|2,train
IND-S02806,normal_operation,india_national_20k,IN-C12341-FD021,feeder,Coimbatore,Tamil Nadu,1.0176,1.0195,0.9881,0,10,1,0,0.0,0.0,0,0,0,,,train
IND-S02807,heatwave,india_national_20k,IN-C10427-GEN04,generator,Brahmapur,Odisha,2.2712,1.2303,1.088,2,26,2,3,0.07,0.00034,367209,0,2,IN-ODI-HUB|IN-C10427-SS|IN-C14978-SS,0|0|0,train
IND-S02808,transformer_overload,india_national_20k,IN-C12351-FD011,feeder,Thoothukudi,Tamil Nadu,2.8501,1.0669,1.0272,0,8,2,3,0.12,0.00162,410760,0,3,IN-C12351-SS|IN-C12351-TR01|IN-C12351-FD011,0|0|0,train
IND-S02809,line_outage,india_national_20k,IN-C09304-FD011,feeder,Akola,Maharashtra,2.0639,1.1766,1.0289,2,7,2,3,0.1,0.0013,428857,0,3,IN-C09304-SS|IN-C09304-TR01|IN-C09304-FD011,0|0|0,train
IND-S02810,heatwave,india_national_20k,IN-C05537-FD021,feeder,Ballari,Karnataka,3.1992,1.3258,1.1688,0,8,2,3,8.75,0.00179,410445,0,3,IN-C05537-SS|IN-C05537-TR02|IN-C05537-FD021,0|0|0,test
IND-S02811,cascade_emergency,india_national_20k,IN-C07893-FD011,feeder,Sārni,Madhya Pradesh,6.1348,1.5679,1.1286,3,5,7,952,32.33,0.18586,99642401,0,4,IN-MAD-HUB|IN-C07886-SS|IN-C07893-SS|IN-C07965-SS|IN-C08181-SS|IN-C08739-SS|IN-C08837-SS|IN-C08839-SS|IN-C08972-SS|IN-C09031-SS|IN-C07893-TR01|IN-C07893-FD011,0|0|0|0|0|0|0|0|0|0|0|0,train
IND-S02812,heatwave,india_national_20k,IN-C04839-FD011,feeder,Bagbera,Jharkhand,1.5115,1.1558,1.217,0,5,1,0,8.35,0.0,0,0,0,,,train
IND-S02813,high_demand,india_national_20k,IN-C09287-FD012,feeder,Nashik,Maharashtra,2.8768,1.3555,1.0836,1,10,1,0,8.47,0.0,0,0,0,,,train
IND-S02814,line_outage,india_national_20k,IN-C12347-GEN08,generator,Salem,Tamil Nadu,2.4555,1.0602,1.0011,3,73,1,0,0.0,0.0,0,0,0,,,train
IND-S02815,transformer_overload,india_national_20k,IN-C15706-SS,substation,Thāna Bhawan,Uttar Pradesh,4.8848,1.286,1.038,1,9,2,19,0.4,0.00078,331679,0,4,IN-C15606-SS|IN-C15615-SS|IN-C15673-SS|IN-C15706-SS|IN-C15794-SS|IN-C15813-SS|IN-C15854-SS|IN-C15904-SS|IN-C16110-SS|IN-C16144-SS|IN-C16297-SS|IN-C16457-SS,0|0|0|0|0|0|0|0|0|0|0|0,train
IND-S02816,line_outage,india_national_20k,IN-C11050-GEN01,generator,Ludhiana,Punjab,2.0764,1.1469,1.0338,4,29,2,2,0.09,0.00137,1618879,0,2,IN-PUN-HUB|IN-C11050-SS,0|0,train
IND-S02817,heatwave,india_national_20k,IN-C05530-FD011,feeder,Bengaluru,Karnataka,2.0437,1.358,1.1101,0,10,2,4,8.82,0.0058,8495492,0,4,IN-KAR-HUB|IN-C05530-SS|IN-C05530-TR01|IN-C05530-FD011,0|0|0|0,test
IND-S02818,cascade_emergency,india_national_20k,IN-C19731-GEN03,generator,Durgapur,West Bengal,6.2905,1.4204,1.0603,1,20,2,6,8.69,0.00146,1331410,0,5,IN-C19731-SS|IN-C19733-SS|IN-C19755-SS|IN-C19766-SS|IN-C19864-SS|IN-C19963-SS,0|0|0|0|0|0,val
IND-S02819,transformer_overload,india_national_20k,IN-C15557-GEN12,generator,Loni,Uttar Pradesh,5.9624,1.0367,1.0546,1,117,1,0,0.0,0.0,0,0,0,,,train
IND-S02820,line_outage,india_national_20k,IN-C09286-GEN05,generator,Pimpri-Chinchwad,Maharashtra,1.4334,1.2171,1.01,3,44,1,0,0.01,0.0,0,0,0,,,train
IND-S02821,cascade_emergency,india_national_20k,IN-C12350-FD021,feeder,Ambattur,Tamil Nadu,6.7042,1.4208,1.1101,5,8,2,5,8.91,0.004,552400,0,5,IN-TAM-HUB|IN-C12350-SS|IN-C12392-SS|IN-C12350-TR02|IN-C12350-FD021,0|0|0|0|0,train
IND-S02822,line_outage,india_national_20k,IN-C15562-FD011,feeder,Mathura,Uttar Pradesh,1.516,1.0094,1.0377,1,7,1,0,0.0,0.0,0,0,0,,,train
IND-S02823,cascade_emergency,india_national_20k,IN-C07905-FD011,feeder,Rāghogarh,Madhya Pradesh,4.678,1.3989,1.1011,3,5,3,12,8.87,0.00105,407616,0,5,IN-MAD-HUB|IN-C07874-SS|IN-C07905-SS|IN-C08373-SS|IN-C08939-SS|IN-C07905-TR01|IN-C07905-FD011|IN-C07885-SS|IN-C07944-SS|IN-C08085-SS|IN-C08275-SS|IN-C09141-SS,0|0|0|0|0|0|0|1|1|1|1|1,train
IND-S02824,cascade_emergency,india_national_20k,IN-C07857-GEN01,generator,Indore,Madhya Pradesh,7.2578,1.3687,1.1542,3,55,5,95,10.9,0.01346,17036056,0,5,IN-WR-HUB|IN-SR-HUB|IN-MAD-HUB|IN-C07857-SS|IN-ER-HUB|IN-NER-HUB|IN-C07861-SS|IN-C07885-SS|IN-C07944-SS|IN-C08085-SS|IN-C08275-SS|IN-C09141-SS,0|0|0|0|1|1|1|1|1|1|1|1,train
IND-S02825,normal_operation,india_national_20k,IN-C05542-FD011,feeder,Bidar,Karnataka,1.0424,1.0285,0.9906,0,6,1,0,0.0,0.0,0,0,0,,,test
IND-S02826,cascade_emergency,india_national_20k,IN-C09288-FD031,feeder,Pimpri,Maharashtra,5.1053,1.4174,1.0738,2,10,6,49,9.87,0.01209,22725189,0,4,IN-C09288-SS|IN-C09288-TR03|IN-C09288-FD031|IN-WR-HUB|IN-ER-HUB|IN-NER-HUB|IN-MAH-HUB|IN-C09291-SS|IN-C09292-SS|IN-C09293-SS|IN-C10290-SS|IN-C10346-SS,0|0|0|1|2|2|2|2|2|2|3|3,train
IND-S02827,cascade_emergency,india_national_20k,IN-C00026-GEN10,generator,Tirupati,Andhra Pradesh,5.498,1.342,1.1391,1,40,1,0,8.58,0.0,0,0,0,,,test
IND-S02828,line_outage,india_national_20k,IN-C19432-FD011,feeder,Dehradun,Uttarakhand,1.676,1.0122,1.0457,2,8,2,2,0.08,0.00103,0,0,2,IN-C19432-TR01|IN-C19432-FD011,0|0,train
IND-S02829,line_outage,india_national_20k,IN-C12351-FD011,feeder,Thoothukudi,Tamil Nadu,1.4224,1.2999,1.0104,4,8,2,2,0.07,0.00069,0,0,2,IN-C12351-TR01|IN-C12351-FD011,0|0,train
IND-S02830,cascade_emergency,india_national_20k,IN-C09283-FD022,feeder,Pune,Maharashtra,6.1441,1.5501,1.1253,1,10,1,0,9.02,0.0,0,0,0,,,train
IND-S02831,transformer_overload,india_national_20k,IN-C09289-SS,substation,Kalyān,Maharashtra,3.4778,1.1996,1.0157,1,154,1,0,0.0,0.0,0,0,0,,,train
IND-S02832,cascade_emergency,india_national_20k,IN-C09288-GEN07,generator,Pimpri,Maharashtra,8.4802,1.3698,1.1072,3,44,5,40,9.53,0.00762,14973333,0,5,IN-WR-HUB|IN-SR-HUB|IN-MAH-HUB|IN-C09286-SS|IN-C09288-SS|IN-C09950-SS|IN-NER-HUB|IN-C11034-SS|IN-C11047-SS|IN-C01444-SS|IN-C10290-SS|IN-C10346-SS,0|0|0|0|0|0|1|1|1|2|2|2,train
IND-S02833,transformer_overload,india_national_20k,IN-C09314-FD011,feeder,Bhusawal,Maharashtra,2.5551,1.1888,1.0664,1,5,1,0,0.0,0.0,0,0,0,,,train
IND-S02834,normal_operation,india_national_20k,IN-C09449-SS,substation,Jāmkhed,Maharashtra,1.0985,0.9941,0.983,0,7,1,0,0.0,0.0,0,0,0,,,train
IND-S02835,line_outage,india_national_20k,IN-TAM-HUB-GEN,generator,Tamil Nadu Hub Generation,Tamil Nadu,1.8918,1.225,1.0218,1,260,1,0,0.0,0.0,0,0,0,,,train
IND-S02836,normal_operation,india_national_20k,IN-C01378-GEN05,generator,Bihār Sharīf,Bihar,1.1057,0.9442,1.0055,0,38,1,0,0.0,0.0,0,0,0,,,val
IND-S02837,transformer_overload,india_national_20k,IN-C03821-SS,substation,Hodal,Haryana,4.9964,1.0875,1.0582,1,5,1,0,0.0,0.0,0,0,0,,,train
IND-S02838,normal_operation,india_national_20k,IN-C14556-SS,substation,Ariyalūrtirukkai,Tamil Nadu,1.1759,1.0133,0.9804,0,7,1,0,0.0,0.0,0,0,0,,,train
IND-S02839,high_demand,india_national_20k,IN-C15549-GEN04,generator,Meerut,Uttar Pradesh,2.3981,1.3371,1.0356,1,119,3,5,0.47,0.00121,1307830,0,3,IN-C15549-SS|IN-UTT-HUB|IN-C19438-SS|IN-C19462-SS|IN-C19475-SS,0|0|1|1|1,train
IND-S02840,high_demand,india_national_20k,IN-C12346-GEN07,generator,Tiruppur,Tamil Nadu,2.8689,1.5217,1.0471,1,75,5,51,9.85,0.00528,8517054,0,5,IN-SR-HUB|IN-TAM-HUB|IN-C12390-SS|IN-C12474-SS|IN-C14168-SS|IN-C14310-SS|IN-ER-HUB|IN-NER-HUB|IN-KAR-HUB|IN-C05537-SS|IN-C05540-SS|IN-C11034-SS,0|0|0|0|0|0|1|1|1|1|1|1,train
IND-S02841,normal_operation,india_national_20k,IN-C01382-GEN09,generator,Begusarai,Bihar,1.0143,1.0354,0.9861,0,38,1,0,0.0,0.0,0,0,0,,,val
IND-S02842,line_outage,india_national_20k,IN-C07864-GEN08,generator,Satna,Madhya Pradesh,1.6222,1.1613,1.0002,3,47,1,0,0.0,0.0,0,0,0,,,train
IND-S02843,heatwave,india_national_20k,IN-C16291-SS,substation,Achākpur,Uttar Pradesh,2.2526,1.1923,1.1361,2,7,1,0,0.0,0.0,0,0,0,,,train
IND-S02844,transformer_overload,india_national_20k,IN-C03280-FD032,feeder,Ahmedabad,Gujarat,5.7773,1.285,1.0119,0,10,2,4,0.5,0.01184,6357693,0,4,IN-GUJ-HUB|IN-C03280-SS|IN-C03280-TR03|IN-C03280-FD032,0|0|0|0,train
IND-S02845,line_outage,india_national_20k,IN-C09288-FD022,feeder,Pimpri,Maharashtra,1.8483,1.2905,1.0111,4,10,2,3,0.12,0.00169,1284606,0,3,IN-C09288-SS|IN-C09288-TR02|IN-C09288-FD022,0|0|0,train
IND-S02846,heatwave,india_national_20k,IN-C15554-GEN09,generator,Bareilly,Uttar Pradesh,3.0077,1.3696,1.1155,1,116,4,34,9.33,0.00342,11963895,0,4,IN-NR-HUB|IN-WR-HUB|IN-NER-HUB|IN-UTT-HUB|IN-DEL-HUB|IN-C03058-SS|IN-C10290-SS|IN-C10346-SS|IN-C10353-SS|IN-C10360-SS|IN-C10362-SS|IN-C10384-SS,0|0|0|0|1|1|1|1|1|1|1|1,train
IND-S02847,cascade_emergency,india_national_20k,IN-C09282-FD021,feeder,Mumbai,Maharashtra,6.0873,1.4506,1.1012,1,10,1,0,8.75,0.0,0,0,0,,,train
IND-S02848,line_outage,india_national_20k,IN-C03810-FD011,feeder,Hānsi,Haryana,2.4064,1.2783,1.0298,3,5,1,0,0.0,0.0,0,0,0,,,train
IND-S02849,cascade_emergency,india_national_20k,IN-C11569-SS,substation,Sīkar,Rajasthan,7.8126,1.4238,1.1029,2,115,4,97,10.72,0.00835,10543933,0,11,IN-WR-HUB|IN-NER-HUB|IN-RAJ-HUB|IN-C11569-SS|IN-C11613-SS|IN-C11848-SS|IN-C01444-SS|IN-DEL-HUB|IN-C03059-SS|IN-HAR-HUB|IN-C03793-SS|IN-C03794-SS,0|0|0|0|0|0|1|1|1|1|1|1,train
IND-S02850,transformer_overload,india_national_20k,IN-C09289-FD022,feeder,Kalyān,Maharashtra,2.4584,1.1941,1.0313,1,10,1,0,0.0,0.0,0,0,0,,,train
IND-S02851,heatwave,india_national_20k,IN-C09282-GEN01,generator,Mumbai,Maharashtra,1.759,1.1532,1.1097,0,41,5,27,1.01,0.00783,20670558,0,7,IN-WR-HUB|IN-MAH-HUB|IN-C09282-SS|IN-C09285-SS|IN-C09328-SS|IN-C09548-SS|IN-C10093-SS|IN-ER-HUB|IN-NER-HUB|IN-C10346-SS|IN-C10353-SS|IN-C10360-SS,0|0|0|0|0|0|0|1|1|2|2|2,train
IND-S02852,cascade_emergency,india_national_20k,IN-C05541-GEN12,generator,Rāichūr,Karnataka,6.6796,1.372,1.1645,4,45,4,58,10.06,0.00883,21363301,0,7,IN-NR-HUB|IN-SR-HUB|IN-ER-HUB|IN-NER-HUB|IN-C15552-SS|IN-UTT-HUB|IN-DEL-HUB|IN-C03058-SS|IN-JHA-HUB|IN-C04828-SS|IN-C04829-SS|IN-C04830-SS,0|0|0|0|0|0|1|1|1|1|1|1,test
IND-S02853,cascade_emergency,india_national_20k,IN-C04123-SS,substation,Atāil,Haryana,7.3524,1.5816,1.1505,3,6,1,0,9.02,0.0,0,0,0,,,train
IND-S02854,cascade_emergency,india_national_20k,IN-C08067-SS,substation,Budhni,Madhya Pradesh,8.5063,1.4293,1.1484,5,47,3,11,9.05,0.00118,912893,0,6,IN-MAD-HUB|IN-C07882-SS|IN-C07888-SS|IN-C08067-SS|IN-C07861-SS|IN-C07885-SS|IN-C07944-SS|IN-C08085-SS|IN-C08275-SS|IN-C09141-SS|IN-C09182-SS,0|0|0|0|1|1|1|1|1|1|1,train
IND-S02855,high_demand,india_national_20k,IN-C04825-SS,substation,Bokāro,Jharkhand,2.8161,1.5261,1.091,0,91,3,3,9.02,0.00111,713818,0,3,IN-C04957-SS|IN-C04825-SS|IN-C04831-SS,0|1|1,train
IND-S02856,cascade_emergency,india_national_20k,IN-C15551-FD021,feeder,Varanasi,Uttar Pradesh,4.5213,1.5943,1.1213,4,10,6,862,30.25,0.17245,89497485,0,4,IN-NR-HUB|IN-WR-HUB|IN-NER-HUB|IN-C15551-SS|IN-C15551-TR02|IN-C15551-FD021|IN-UTT-HUB|IN-C10362-SS|IN-C10346-SS|IN-C19462-SS|IN-C19475-SS|IN-C19438-SS,0|0|0|0|0|0|0|1|1|1|1|1,train
IND-S02857,normal_operation,india_national_20k,IN-C04826-FD011,feeder,Mango,Jharkhand,1.1372,1.0226,0.9801,0,7,1,0,0.0,0.0,0,0,0,,,train
IND-S02858,transformer_overload,india_national_20k,IN-C11568-GEN09,generator,Bharatpur,Rajasthan,3.1345,1.0425,1.0066,0,29,1,0,0.0,0.0,0,0,0,,,train
IND-S02859,high_demand,india_national_20k,IN-C10432-GEN09,generator,Balasore,Odisha,2.7879,1.3445,1.0309,0,23,1,0,0.0,0.0,0,0,0,,,train
IND-S02860,cascade_emergency,india_national_20k,IN-C07537-SS,substation,Kizhuppillikkara,Kerala,8.3267,1.5288,1.1685,4,4,2,1,9.04,2e-05,6381,0,0,IN-C04984-SS,0,train
IND-S02861,cascade_emergency,india_national_20k,IN-C09451-SS,substation,Gevrai,Maharashtra,4.2979,1.32,1.1278,4,7,1,0,8.52,0.0,0,0,0,,,train
IND-S02862,cascade_emergency,india_national_20k,IN-C15551-SS,substation,Varanasi,Uttar Pradesh,4.9967,1.5033,1.1602,3,260,5,115,12.05,0.02899,64567996,0,9,IN-NR-HUB|IN-WR-HUB|IN-NER-HUB|IN-UTT-HUB|IN-BIH-HUB|IN-C01374-SS|IN-C01394-SS|IN-C01444-SS|IN-C01445-SS|IN-C01481-SS|IN-C02142-SS|IN-CHH-HUB,0|0|0|0|1|1|1|1|1|1|1|1,train
IND-S02863,high_demand,india_national_20k,IN-C11561-GEN02,generator,Jodhpur,Rajasthan,1.9087,1.5419,1.0383,0,34,2,2,8.83,0.00085,1056191,0,2,IN-RAJ-HUB|IN-C11561-SS,0|0,train
IND-S02864,cascade_emergency,india_national_20k,IN-C07858-GEN02,generator,Bhopal,Madhya Pradesh,4.0028,1.463,1.1317,2,52,5,76,10.65,0.01104,21987168,0,10,IN-WR-HUB|IN-SR-HUB|IN-MAD-HUB|IN-C07858-SS|IN-C07882-SS|IN-C07888-SS|IN-C07892-SS|IN-C07908-SS|IN-C08007-SS|IN-C08067-SS|IN-C08104-SS|IN-C08742-SS,0|0|0|0|0|0|0|0|0|0|0|0,train
IND-S02865,normal_operation,india_national_20k,IN-C15555-GEN10,generator,Morādābād,Uttar Pradesh,1.1131,0.9043,1.016,0,117,1,0,0.0,0.0,0,0,0,,,train
IND-S02866,transformer_overload,india_national_20k,IN-C01385-GEN12,generator,Chāpra,Bihar,4.14,1.1875,1.0409,1,39,1,0,0.0,0.0,0,0,0,,,val
IND-S02867,transformer_overload,india_national_20k,IN-C19731-GEN03,generator,Durgapur,West Bengal,2.0774,1.0356,1.0149,1,20,2,6,0.15,0.00095,1331410,0,5,IN-C19731-SS|IN-C19733-SS|IN-C19755-SS|IN-C19766-SS|IN-C19864-SS|IN-C19963-SS,0|0|0|0|0|0,val
IND-S02868,normal_operation,india_national_20k,IN-C07868-GEN12,generator,Murwāra,Madhya Pradesh,1.1731,1.0142,1.0098,0,43,1,0,0.0,0.0,0,0,0,,,train
IND-S02869,normal_operation,india_national_20k,IN-C15547-FD022,feeder,Lucknow,Uttar Pradesh,1.0793,0.9963,1.0091,0,10,1,0,0.0,0.0,0,0,0,,,train
IND-S02870,transformer_overload,india_national_20k,IN-C09306-FD011,feeder,Dhule,Maharashtra,5.7047,1.0789,1.0572,1,6,1,0,0.0,0.0,0,0,0,,,train
IND-S02871,line_outage,india_national_20k,IN-C07875-SS,substation,Shivpuri,Madhya Pradesh,1.7883,1.2427,1.0264,4,182,1,0,0.0,0.0,0,0,0,,,train
IND-S02872,cascade_emergency,india_national_20k,IN-C11028-GEN01,generator,Puducherry,Puducherry,8.8028,1.5061,1.1747,4,17,7,995,33.6,0.20162,86689456,0,5,IN-SR-HUB|IN-ER-HUB|IN-C05558-SS|IN-C06822-SS|IN-PUD-HUB|IN-C11029-SS|IN-C11032-SS|IN-C11043-SS|IN-C11047-SS|IN-C19963-SS|IN-WES-HUB|IN-C19729-SS,0|0|0|0|0|0|0|0|0|1|1|1,train
IND-S02873,line_outage,india_national_20k,IN-C12426-FD011,feeder,Panruti,Tamil Nadu,2.0194,1.1032,1.0239,1,5,1,0,0.0,0.0,0,0,0,,,train
IND-S02874,transformer_overload,india_national_20k,IN-C03790-FD011,feeder,Faridabad,Haryana,4.1501,1.2345,1.0335,0,10,2,3,0.17,0.00314,1414050,0,3,IN-C03790-SS|IN-C03790-TR01|IN-C03790-FD011,0|0|0,train
IND-S02875,line_outage,india_national_20k,IN-C11562-FD022,feeder,Kota,Rajasthan,1.4044,1.1142,1.0125,4,10,1,0,0.0,0.0,0,0,0,,,train
IND-S02876,cascade_emergency,india_national_20k,IN-C12342-FD022,feeder,Kallakurichi,Tamil Nadu,8.7143,1.504,1.0954,1,10,1,0,8.85,0.0,0,0,0,,,train
IND-S02877,normal_operation,india_national_20k,IN-C04829-FD011,feeder,Bhetia,Jharkhand,1.0274,0.9238,1.0081,0,6,1,0,0.0,0.0,0,0,0,,,train
IND-S02878,high_demand,india_national_20k,IN-C05539-FD011,feeder,Shivamogga,Karnataka,2.2628,1.315,1.0602,0,8,2,3,0.14,0.00105,322650,0,3,IN-C05539-SS|IN-C05539-TR01|IN-C05539-FD011,0|0|0,test
IND-S02879,line_outage,india_national_20k,IN-C06363-SS,substation,Amarāvādgi,Karnataka,1.5373,1.2939,1.0322,2,4,1,0,0.0,0.0,0,0,0,,,test
IND-S02880,transformer_overload,india_national_20k,IN-C07328-SS,substation,Patuvilāyi,Kerala,5.8639,1.0526,1.0243,0,7,2,8,0.2,0.00067,146369,0,5,IN-C07096-SS|IN-C07328-SS|IN-C07330-SS|IN-C07358-SS|IN-C07422-SS|IN-C07427-SS|IN-C07440-SS|IN-C07713-SS,0|0|0|0|0|0|0|0,train
IND-S02881,cascade_emergency,india_national_20k,IN-C09284-FD031,feeder,Nagpur,Maharashtra,5.592,1.4903,1.1145,1,10,1,0,8.92,0.0,0,0,0,,,train
IND-S02882,normal_operation,india_national_20k,IN-C14845-SS,substation,Warangal,Telangana,1.0558,1.0113,1.0139,0,100,1,0,0.0,0.0,0,0,0,,,train
IND-S02883,cascade_emergency,india_national_20k,IN-C15547-FD032,feeder,Lucknow,Uttar Pradesh,7.5906,1.3427,1.0567,5,10,5,17,9.08,0.01156,13695593,0,4,IN-NR-HUB|IN-C15547-SS|IN-C15547-TR03|IN-C15547-FD032|IN-UTT-HUB|IN-SR-HUB|IN-DEL-HUB|IN-C03058-SS|IN-C19438-SS|IN-C19462-SS|IN-C19475-SS|IN-C01444-SS,0|0|0|0|0|1|1|1|1|1|1|2,train
IND-S02884,cascade_emergency,india_national_20k,IN-C09083-SS,substation,Arandiya,Madhya Pradesh,7.9286,1.5224,1.1785,4,8,1,0,9.02,0.0,0,0,0,,,train
IND-S02885,heatwave,india_national_20k,IN-C14864-FD011,feeder,Jagtiāl,Telangana,3.0865,1.3707,1.1852,2,5,1,0,8.8,0.0,0,0,0,,,train
IND-S02886,line_outage,india_national_20k,IN-C00044-FD011,feeder,Gudivāda,Andhra Pradesh,1.2503,1.134,1.0501,4,5,1,0,0.0,0.0,0,0,0,,,test
IND-S02887,cascade_emergency,india_national_20k,IN-C11649-SS,substation,Shāhpura,Rajasthan,4.699,1.4087,1.1222,3,3,1,0,8.69,0.0,0,0,0,,,train
IND-S02888,normal_operation,india_national_20k,IN-C03791-SS,substation,Gurugram,Haryana,1.0784,0.9093,0.9963,0,67,1,0,0.0,0.0,0,0,0,,,train
IND-S02889,normal_operation,india_national_20k,IN-C01425-SS,substation,Daudnagar,Bihar,1.1677,0.8705,1.013,0,8,1,0,0.0,0.0,0,0,0,,,val
IND-S02890,transformer_overload,india_national_20k,IN-C05530-FD032,feeder,Bengaluru,Karnataka,2.403,1.004,1.0284,1,10,1,0,0.0,0.0,0,0,0,,,test
IND-S02891,cascade_emergency,india_national_20k,IN-C15552-GEN07,generator,Prayagraj,Uttar Pradesh,4.3079,1.3093,1.0706,3,119,5,12,1.15,0.00413,12241676,0,4,IN-NR-HUB|IN-C15552-SS|IN-UTT-HUB|IN-SR-HUB|IN-DEL-HUB|IN-C03058-SS|IN-C19438-SS|IN-C19462-SS|IN-C19475-SS|IN-C11034-SS|IN-C11047-SS|IN-C11032-SS,0|0|0|1|1|1|1|1|1|2|2|3,train
IND-S02892,cascade_emergency,india_national_20k,IN-C15551-FD022,feeder,Varanasi,Uttar Pradesh,7.3514,1.3492,1.0995,3,10,6,21,9.11,0.00704,12791191,0,4,IN-C15551-SS|IN-C15600-SS|IN-C15551-TR02|IN-C15551-FD022|IN-UTT-HUB|IN-TAM-HUB|IN-C12372-SS|IN-C12378-SS|IN-C12392-SS|IN-C19438-SS|IN-C19462-SS|IN-C19475-SS,0|0|0|0|0|1|1|1|1|1|1|1,train
IND-S02893,transformer_overload,india_national_20k,IN-C15593-FD011,feeder,Hāthras,Uttar Pradesh,3.8513,1.2385,1.0041,1,6,1,0,0.0,0.0,0,0,0,,,train
IND-S02894,normal_operation,india_national_20k,IN-C12340-FD032,feeder,Chennai,Tamil Nadu,1.0159,0.9177,1.0113,0,10,1,0,0.0,0.0,0,0,0,,,train
IND-S02895,heatwave,india_national_20k,IN-C11783-SS,substation,Hamīrgarh,Rajasthan,2.888,1.3454,1.1698,1,5,1,0,8.68,0.0,0,0,0,,,train
IND-S02896,line_outage,india_national_20k,IN-C00034-FD011,feeder,Adoni,Andhra Pradesh,1.7744,1.0136,1.0281,4,6,2,3,0.09,0.00088,184625,0,3,IN-C00034-SS|IN-C00034-TR01|IN-C00034-FD011,0|0|0,test
IND-S02897,high_demand,india_national_20k,IN-C15554-GEN09,generator,Bareilly,Uttar Pradesh,1.9308,1.3286,1.0347,0,116,1,0,0.03,0.0,0,0,0,,,train
IND-S02898,transformer_overload,india_national_20k,IN-C15548-FD031,feeder,Agra,Uttar Pradesh,3.2172,1.1473,1.0424,1,10,1,0,0.0,0.0,0,0,0,,,train
IND-S02899,transformer_overload,india_national_20k,IN-C12351-FD011,feeder,Thoothukudi,Tamil Nadu,4.7683,1.2282,1.0485,0,8,2,3,0.15,0.00255,410760,0,3,IN-C12351-SS|IN-C12351-TR01|IN-C12351-FD011,0|0|0,train
IND-S02900,line_outage,india_national_20k,IN-C12340-FD022,feeder,Chennai,Tamil Nadu,1.6901,1.1312,1.0098,2,10,2,4,0.18,0.00282,86195,0,3,IN-TAM-HUB|IN-C12392-SS|IN-C12340-TR02|IN-C12340-FD022,0|0|0|0,train
IND-S02901,cascade_emergency,india_national_20k,IN-C03058-GEN01,generator,Delhi,Delhi,5.9149,1.3713,1.0878,1,21,4,85,10.59,0.01575,24843642,0,3,IN-NR-HUB|IN-WR-HUB|IN-SR-HUB|IN-ER-HUB|IN-NER-HUB|IN-DEL-HUB|IN-C03058-SS|IN-C10362-SS|IN-C10290-SS|IN-C10343-SS|IN-NAG-HUB|IN-C10388-SS,0|0|0|0|0|0|0|0|1|1|1|1,train
IND-S02902,transformer_overload,india_national_20k,IN-C12340-FD032,feeder,Chennai,Tamil Nadu,2.707,1.0792,1.0081,0,10,2,5,0.35,0.00693,4767282,0,4,IN-TAM-HUB|IN-C12340-SS|IN-C12392-SS|IN-C12340-TR03|IN-C12340-FD032,0|0|0|0|0,train
IND-S02903,cascade_emergency,india_national_20k,IN-C07054-GEN10,generator,Ponnāni,Kerala,7.8867,1.4385,1.1084,2,30,8,50,9.97,0.00952,22234856,0,2,IN-KER-HUB|IN-C07054-SS|IN-ER-HUB|IN-JHA-HUB|IN-C04828-SS|IN-C04829-SS|IN-C10346-SS|IN-C10362-SS|IN-C15600-SS|IN-UTT-HUB|IN-WES-HUB|IN-C19729-SS,0|0|1|2|2|2|2|2|2|2|2|2,train
IND-S02904,cascade_emergency,india_national_20k,IN-C09285-FD032,feeder,Thāne,Maharashtra,5.7556,1.5721,1.0942,1,10,7,117,12.04,0.02701,65836533,0,3,IN-C09282-SS|IN-C09285-SS|IN-C09328-SS|IN-C09548-SS|IN-C10093-SS|IN-NR-HUB|IN-C01444-SS|IN-DEL-HUB|IN-C03058-SS|IN-C10278-SS|IN-TAM-HUB|IN-C12372-SS,0|0|0|0|0|1|1|1|1|1|1|1,train
IND-S02905,cascade_emergency,india_national_20k,IN-UTT-HUB-GEN,generator,Uttarakhand Hub Generation,Uttarakhand,5.3396,1.4022,1.1556,1,1,1,0,8.8,0.0,0,0,0,,,train
IND-S02906,heatwave,india_national_20k,IN-C03058-FD022,feeder,Delhi,Delhi,1.9112,1.3002,1.1844,2,10,2,4,8.88,0.00559,11034555,0,4,IN-DEL-HUB|IN-C03058-SS|IN-C03058-TR02|IN-C03058-FD022,0|0|0|0,train
IND-S02907,transformer_overload,india_national_20k,IN-C07868-FD011,feeder,Murwāra,Madhya Pradesh,2.9849,1.0831,1.0259,0,7,2,3,0.12,0.00169,221883,0,3,IN-C07868-SS|IN-C07868-TR01|IN-C07868-FD011,0|0|0,train
IND-S02908,transformer_overload,india_national_20k,IN-C00023-GEN07,generator,Kākināda,Andhra Pradesh,4.7698,1.0065,1.0777,1,40,1,0,0.0,0.0,0,0,0,,,test
IND-S02909,line_outage,india_national_20k,IN-C00100-SS,substation,Kānūru,Andhra Pradesh,2.35,1.1799,1.049,3,11,2,3,0.07,0.0004,83683,0,3,IN-C00100-SS|IN-C00130-SS|IN-C00860-SS,0|0|0,test
IND-S02910,line_outage,india_national_20k,IN-C09291-GEN10,generator,Virār,Maharashtra,1.5612,1.0998,1.0049,4,40,2,1,0.02,1e-05,5024,0,0,IN-C16022-SS,0,train
IND-S02911,line_outage,india_national_20k,IN-C05530-FD021,feeder,Bengaluru,Karnataka,2.1021,1.2425,1.0292,1,10,1,0,0.0,0.0,0,0,0,,,test
IND-S02912,heatwave,india_national_20k,IN-C03288-FD021,feeder,Gandhinagar,Gujarat,2.6989,1.3701,1.1177,1,8,1,0,8.59,0.0,0,0,0,,,train
IND-S02913,high_demand,india_national_20k,IN-C12347-FD021,feeder,Salem,Tamil Nadu,1.6761,1.3472,1.0525,0,8,2,3,8.51,0.00236,917414,0,3,IN-C12347-SS|IN-C12347-TR02|IN-C12347-FD021,0|0|0,train
IND-S02914,high_demand,india_national_20k,IN-C09303-SS,substation,Jalgaon,Maharashtra,1.9782,1.2512,1.0216,1,148,1,0,0.0,0.0,0,0,0,,,train
IND-S02915,normal_operation,india_national_20k,IN-C03058-SS,substation,Delhi,Delhi,1.1205,0.9711,0.9818,0,44,1,0,0.0,0.0,0,0,0,,,train
IND-S02916,high_demand,india_national_20k,IN-C03059-GEN02,generator,Najafgarh,Delhi,2.0658,1.5469,1.0618,0,20,4,100,10.95,0.00876,13551317,0,2,IN-NR-HUB|IN-WR-HUB|IN-SR-HUB|IN-ER-HUB|IN-NER-HUB|IN-DEL-HUB|IN-C10346-SS|IN-C10362-SS|IN-WES-HUB|IN-C01444-SS|IN-CHH-HUB|IN-C02530-SS,0|0|0|0|0|0|0|0|0|1|1|1,train
IND-S02917,normal_operation,india_national_20k,IN-C07101-SS,substation,Shertallai,Kerala,1.1342,0.8949,1.0186,0,5,1,0,0.0,0.0,0,0,0,,,train
IND-S02918,line_outage,india_national_20k,IN-C00020-FD021,feeder,Guntur,Andhra Pradesh,1.9027,1.2029,1.0274,4,8,2,3,0.13,0.0019,670073,0,3,IN-C00020-SS|IN-C00020-TR02|IN-C00020-FD021,0|0|0,test
IND-S02919,transformer_overload,india_national_20k,IN-C11050-FD011,feeder,Ludhiana,Punjab,4.4064,1.0815,1.0761,0,10,2,4,0.21,0.00376,1618879,0,4,IN-PUN-HUB|IN-C11050-SS|IN-C11050-TR01|IN-C11050-FD011,0|0|0|0,train
IND-S02920,heatwave,india_national_20k,IN-C15550-SS,substation,Ghāziābād,Uttar Pradesh,1.6969,1.2198,1.1101,0,260,1,0,0.01,0.0,0,0,0,,,train
IND-S02921,cascade_emergency,india_national_20k,IN-C07170-SS,substation,Kuruvattūr,Kerala,8.1824,1.4434,1.1094,2,5,8,66,10.32,0.01117,22787944,0,5,IN-KER-HUB|IN-C07060-SS|IN-C07063-SS|IN-C07112-SS|IN-C07125-SS|IN-C07164-SS|IN-C07170-SS|IN-C07216-SS|IN-C07233-SS|IN-C07247-SS|IN-C07261-SS|IN-C07315-SS,0|0|0|0|0|0|0|0|0|0|0|0,train
IND-S02922,heatwave,india_national_20k,IN-C07857-GEN01,generator,Indore,Madhya Pradesh,1.7037,1.1659,1.1092,1,55,2,2,0.11,0.00151,1994397,0,2,IN-MAD-HUB|IN-C07857-SS,0|0,train
IND-S02923,line_outage,india_national_20k,IN-C09392-SS,substation,Umarkhed,Maharashtra,1.3324,1.1869,1.0482,3,9,2,2,0.04,9e-05,39785,0,0,IN-C07135-SS|IN-C07716-SS,0|0,train
IND-S02924,normal_operation,india_national_20k,IN-C09292-FD012,feeder,Aurangabad,Maharashtra,1.0533,0.9873,1.0117,0,10,1,0,0.0,0.0,0,0,0,,,train
IND-S02925,normal_operation,india_national_20k,IN-C15551-GEN06,generator,Varanasi,Uttar Pradesh,1.006,0.9877,0.9954,0,120,1,0,0.0,0.0,0,0,0,,,train
IND-S02926,high_demand,india_national_20k,IN-C01385-GEN12,generator,Chāpra,Bihar,2.9056,1.5312,1.0616,0,39,1,0,8.8,0.0,0,0,0,,,val
IND-S02927,line_outage,india_national_20k,IN-C11616-SS,substation,Phalodi,Rajasthan,1.9541,1.1631,1.0354,4,6,1,0,0.0,0.0,0,0,0,,,train
IND-S02928,transformer_overload,india_national_20k,IN-C03489-SS,substation,Baben,Gujarat,5.9882,1.064,1.008,1,7,1,0,0.0,0.0,0,0,0,,,train
IND-S02929,cascade_emergency,india_national_20k,IN-C01121-GEN03,generator,Dibrugarh,Assam,6.4505,1.3206,1.1057,1,14,1,0,8.46,0.0,0,0,0,,,val
IND-S02930,transformer_overload,india_national_20k,IN-C15556-GEN11,generator,Gorakhpur,Uttar Pradesh,4.5395,1.2529,1.0725,0,116,1,0,0.02,0.0,0,0,0,,,train
IND-S02931,cascade_emergency,india_national_20k,IN-C12380-FD011,feeder,Tiruchengode,Tamil Nadu,5.5347,1.5487,1.1176,1,6,1,0,9.01,0.0,0,0,0,,,train
IND-S02932,line_outage,india_national_20k,IN-C06335-SS,substation,Alvagadde,Karnataka,1.8061,1.2344,1.0291,2,6,1,0,0.0,0.0,0,0,0,,,test
IND-S02933,normal_operation,india_national_20k,IN-C18558-SS,substation,Argawān,Uttar Pradesh,1.0835,0.9384,1.0105,0,5,1,0,0.0,0.0,0,0,0,,,train
IND-S02934,cascade_emergency,india_national_20k,IN-C09300-FD021,feeder,Kolhāpur,Maharashtra,7.1618,1.3717,1.1716,1,7,1,0,8.77,0.0,0,0,0,,,train
IND-S02935,heatwave,india_national_20k,IN-C02526-GEN02,generator,Bhilai,Chhattisgarh,2.7738,1.2607,1.143,1,23,2,3,8.47,6e-05,98508,0,3,IN-CHH-HUB|IN-C02535-SS|IN-C02780-SS,0|0|0,train
IND-S02936,high_demand,india_national_20k,IN-C15112-SS,substation,Ainapalli,Telangana,2.024,1.512,1.0375,1,5,1,0,8.67,0.0,0,0,0,,,train
IND-S02937,transformer_overload,india_national_20k,IN-C05531-SS,substation,Hubballi,Karnataka,5.5816,1.0035,1.0732,1,186,2,1,0.02,0.0,500,0,1,IN-C06082-SS,0,test
IND-S02938,high_demand,india_national_20k,IN-C01378-GEN05,generator,Bihār Sharīf,Bihar,2.4619,1.5228,1.0644,0,38,1,0,8.8,0.0,0,0,0,,,val
IND-S02939,heatwave,india_national_20k,IN-C12340-FD011,feeder,Chennai,Tamil Nadu,1.7354,1.3497,1.1731,1,10,1,0,8.69,0.0,0,0,0,,,train
IND-S02940,heatwave,india_national_20k,IN-C05536-FD011,feeder,Davangere,Karnataka,2.3026,1.438,1.1603,1,8,6,109,11.39,0.01538,32126994,0,2,IN-KAR-HUB|IN-C05536-SS|IN-WR-HUB|IN-NR-HUB|IN-ER-HUB|IN-NER-HUB|IN-CHH-HUB|IN-C02530-SS|IN-C02531-SS|IN-C02533-SS|IN-MAH-HUB|IN-C09291-SS,0|0|1|2|2|2|2|2|2|2|2|2,test
IND-S02941,cascade_emergency,india_national_20k,IN-C03790-FD011,feeder,Faridabad,Haryana,5.9897,1.528,1.1427,3,10,5,177,13.32,0.03345,59207646,0,4,IN-WR-HUB|IN-ER-HUB|IN-NER-HUB|IN-HAR-HUB|IN-C03790-SS|IN-C03790-TR01|IN-C03790-FD011|IN-C19673-SS|IN-BIH-HUB|IN-C01374-SS|IN-C01394-SS|IN-C01444-SS,0|0|0|0|0|0|0|0|1|1|1|1,train
IND-S02942,line_outage,india_national_20k,IN-C01376-GEN03,generator,Bhāgalpur,Bihar,2.4008,1.0386,1.0327,2,38,1,0,0.0,0.0,0,0,0,,,val
IND-S02943,transformer_overload,india_national_20k,IN-C11582-SS,substation,Jhunjhunūn,Rajasthan,2.125,1.2898,1.0727,0,12,1,0,0.0,0.0,0,0,0,,,train
IND-S02944,normal_operation,india_national_20k,IN-C15548-FD021,feeder,Agra,Uttar Pradesh,1.0657,0.8635,0.9922,0,10,1,0,0.0,0.0,0,0,0,,,train
IND-S02945,heatwave,india_national_20k,IN-C11561-GEN02,generator,Jodhpur,Rajasthan,1.9771,1.3658,1.1791,2,34,4,102,11.0,0.01146,18295580,0,2,IN-WR-HUB|IN-NER-HUB|IN-RAJ-HUB|IN-C11561-SS|IN-WES-HUB|IN-C19729-SS|IN-DEL-HUB|IN-C03059-SS|IN-HAR-HUB|IN-C03793-SS|IN-C03794-SS|IN-C03795-SS,0|0|0|0|0|0|1|1|1|1|1|1,train
IND-S02946,heatwave,india_national_20k,IN-C11892-SS,substation,Abdul Rahim ka Tala,Rajasthan,1.7508,1.3931,1.1253,0,10,1,0,8.66,0.0,0,0,0,,,train
IND-S02947,high_demand,india_national_20k,IN-C05537-GEN08,generator,Ballari,Karnataka,1.7425,1.4585,1.0879,1,48,5,53,9.87,0.00551,8860636,0,7,IN-SR-HUB|IN-ER-HUB|IN-NER-HUB|IN-KAR-HUB|IN-C05536-SS|IN-C05539-SS|IN-C05540-SS|IN-C05541-SS|IN-C05556-SS|IN-C05639-SS|IN-C05722-SS|IN-C06290-SS,0|1|1|1|1|1|1|1|1|1|1|1,test
IND-S02948,cascade_emergency,india_national_20k,IN-C11055-GEN06,generator,Pathānkot,Punjab,5.137,1.3949,1.1481,3,20,1,0,8.76,0.0,0,0,0,,,train
IND-S02949,normal_operation,india_national_20k,IN-C11089-SS,substation,Naya Gaon,Punjab,1.1202,0.9755,0.9907,0,11,1,0,0.0,0.0,0,0,0,,,train
IND-S02950,heatwave,india_national_20k,IN-C09286-FD031,feeder,Pimpri-Chinchwad,Maharashtra,3.0248,1.3333,1.1382,2,10,2,3,8.73,0.00307,1727692,0,3,IN-C09286-SS|IN-C09286-TR03|IN-C09286-FD031,0|0|0,train
IND-S02951,line_outage,india_national_20k,IN-C11561-FD021,feeder,Jodhpur,Rajasthan,1.3117,1.2731,1.0201,1,10,1,0,0.0,0.0,0,0,0,,,train
IND-S02952,heatwave,india_national_20k,IN-C03790-FD031,feeder,Faridabad,Haryana,3.4915,1.2761,1.1215,0,10,2,3,8.55,0.00277,1414050,0,3,IN-C03790-SS|IN-C03790-TR03|IN-C03790-FD031,0|0|0,train
IND-S02953,normal_operation,india_national_20k,IN-C00022-GEN06,generator,Kurnool,Andhra Pradesh,1.019,0.851,0.9931,0,39,1,0,0.0,0.0,0,0,0,,,test
IND-S02954,transformer_overload,india_national_20k,IN-C07862-GEN06,generator,Punāsa,Madhya Pradesh,2.9317,1.0188,1.0057,0,46,1,0,0.0,0.0,0,0,0,,,train
IND-S02955,transformer_overload,india_national_20k,IN-C03059-GEN02,generator,Najafgarh,Delhi,3.4605,1.2767,1.0209,0,20,4,20,0.69,0.00055,542853,0,0,IN-WR-HUB|IN-NER-HUB|IN-C10346-SS|IN-C10353-SS|IN-C10360-SS|IN-C10362-SS|IN-C10384-SS|IN-NAG-HUB|IN-C10388-SS|IN-C15523-SS|IN-C15530-SS|IN-C15600-SS,0|0|1|1|1|1|1|1|1|1|1|1,train
IND-S02956,transformer_overload,india_national_20k,IN-C11561-GEN02,generator,Jodhpur,Rajasthan,3.9635,1.0142,1.063,1,34,1,0,0.0,0.0,0,0,0,,,train
IND-S02957,cascade_emergency,india_national_20k,IN-C19467-SS,substation,Doiwāla,Uttarakhand,6.9212,1.5058,1.1032,4,6,2,5,9.03,0.00051,559030,0,4,IN-C19432-SS|IN-C19446-SS|IN-C19467-SS|IN-C19571-SS|IN-C19712-SS,0|0|0|0|0,train
IND-S02958,high_demand,india_national_20k,IN-C09346-FD011,feeder,Khadki,Maharashtra,2.7178,1.3061,1.0852,0,4,2,3,8.45,0.00053,75654,0,3,IN-C09346-SS|IN-C09346-TR01|IN-C09346-FD011,0|0|0,train
IND-S02959,normal_operation,india_national_20k,IN-C10431-FD011,feeder,Sambalpur,Odisha,1.0794,0.9163,0.9973,0,7,1,0,0.0,0.0,0,0,0,,,train
IND-S02960,transformer_overload,india_national_20k,IN-C03282-FD021,feeder,Vadodara,Gujarat,5.2204,1.0683,1.059,0,10,2,3,0.23,0.00481,1822221,0,3,IN-C03282-SS|IN-C03282-TR02|IN-C03282-FD021,0|0|0,train
IND-S02961,normal_operation,india_national_20k,IN-C15555-FD021,feeder,Morādābād,Uttar Pradesh,1.1579,1.0092,1.0124,0,8,1,0,0.0,0.0,0,0,0,,,train
IND-S02962,high_demand,india_national_20k,IN-C19732-GEN04,generator,Siliguri,West Bengal,1.7687,1.2717,1.0763,1,17,1,0,0.04,0.0,0,0,0,,,val
IND-S02963,transformer_overload,india_national_20k,IN-C11050-FD011,feeder,Ludhiana,Punjab,3.5668,1.1001,1.0715,0,10,2,4,0.2,0.00322,1618879,0,4,IN-PUN-HUB|IN-C11050-SS|IN-C11050-TR01|IN-C11050-FD011,0|0|0|0,train
IND-S02964,transformer_overload,india_national_20k,IN-C11563-GEN04,generator,Bikaner,Rajasthan,5.1304,1.2497,1.0185,0,31,1,0,0.0,0.0,0,0,0,,,train
IND-S02965,cascade_emergency,india_national_20k,IN-C11050-FD022,feeder,Ludhiana,Punjab,8.1161,1.3206,1.0964,2,10,2,4,8.72,0.0061,1618879,0,4,IN-PUN-HUB|IN-C11050-SS|IN-C11050-TR02|IN-C11050-FD022,0|0|0|0,train
IND-S02966,normal_operation,india_national_20k,IN-C09285-GEN04,generator,Thāne,Maharashtra,1.1331,0.9223,1.0,0,43,1,0,0.0,0.0,0,0,0,,,train
IND-S02967,transformer_overload,india_national_20k,IN-C15549-FD021,feeder,Meerut,Uttar Pradesh,4.3968,1.1654,1.0755,0,10,2,3,0.16,0.00283,1223184,0,3,IN-C15549-SS|IN-C15549-TR02|IN-C15549-FD021,0|0|0,train
IND-S02968,transformer_overload,india_national_20k,IN-C12040-SS,substation,Alamsar,Rajasthan,5.8465,1.0071,1.0501,1,12,1,0,0.0,0.0,0,0,0,,,train
IND-S02969,heatwave,india_national_20k,IN-C11809-SS,substation,Kawāi,Rajasthan,3.374,1.3509,1.0824,0,8,1,0,8.46,0.0,0,0,0,,,train
IND-S02970,line_outage,india_national_20k,IN-C15629-FD011,feeder,Auraiya,Uttar Pradesh,1.502,1.0249,1.0432,4,6,1,0,0.01,0.0,0,0,0,,,train
IND-S02971,high_demand,india_national_20k,IN-C09282-FD032,feeder,Mumbai,Maharashtra,2.2308,1.492,1.0423,0,10,2,8,9.04,0.0073,14653824,0,6,IN-MAH-HUB|IN-C09282-SS|IN-C09285-SS|IN-C09328-SS|IN-C09548-SS|IN-C10093-SS|IN-C09282-TR03|IN-C09282-FD032,0|0|0|0|0|0|0|0,train
IND-S02972,line_outage,india_national_20k,IN-C07877-FD011,feeder,Vidisha,Madhya Pradesh,1.9227,1.2087,1.0567,3,6,2,4,0.12,0.0008,155951,0,4,IN-MAD-HUB|IN-C07877-SS|IN-C07877-TR01|IN-C07877-FD011,0|0|0|0,train
IND-S02973,high_demand,india_national_20k,IN-C03878-SS,substation,Bāwal,Haryana,2.8357,1.4897,1.0595,0,3,1,0,8.69,0.0,0,0,0,,,train
IND-S02974,line_outage,india_national_20k,IN-C00021-GEN05,generator,Nellore,Andhra Pradesh,1.898,1.1787,1.0535,2,40,1,0,0.0,0.0,0,0,0,,,test
IND-S02975,transformer_overload,india_national_20k,IN-C03340-SS,substation,Viramgām,Gujarat,5.7541,1.238,1.066,1,4,1,0,0.0,0.0,0,0,0,,,train
IND-S02976,normal_operation,india_national_20k,IN-C12901-SS,substation,Ettaiyapuram,Tamil Nadu,1.1409,0.895,0.9996,0,9,1,0,0.0,0.0,0,0,0,,,train
IND-S02977,high_demand,india_national_20k,IN-C15591-FD011,feeder,Pīlibhīt,Uttar Pradesh,1.6656,1.5177,1.0938,1,6,1,0,8.92,0.0,0,0,0,,,train
IND-S02978,normal_operation,india_national_20k,IN-C03288-GEN09,generator,Gandhinagar,Gujarat,1.1382,0.9143,0.9824,0,24,1,0,0.0,0.0,0,0,0,,,train
IND-S02979,heatwave,india_national_20k,IN-C00035-FD011,feeder,Madanapalle,Andhra Pradesh,2.392,1.4343,1.1416,2,6,3,8,9.01,0.00122,346617,0,4,IN-AND-HUB|IN-C00035-SS|IN-C00035-TR01|IN-C00035-FD011|IN-C00037-SS|IN-C00715-SS|IN-C00747-SS|IN-C00866-SS,0|0|0|0|1|1|1|1,test
IND-S02980,line_outage,india_national_20k,IN-C02525-FD011,feeder,Raipur,Chhattisgarh,1.6655,1.1011,1.0508,2,10,2,2,0.06,0.00067,0,0,2,IN-C02525-TR01|IN-C02525-FD011,0|0,train
IND-S02981,normal_operation,india_national_20k,IN-C11560-FD011,feeder,Jaipur,Rajasthan,1.0969,0.9094,0.9904,0,10,1,0,0.0,0.0,0,0,0,,,train
IND-S02982,transformer_overload,india_national_20k,IN-C09346-FD011,feeder,Khadki,Maharashtra,2.0699,1.2217,1.024,0,4,2,3,0.07,0.00041,75654,0,3,IN-C09346-SS|IN-C09346-TR01|IN-C09346-FD011,0|0|0,train
IND-S02983,line_outage,india_national_20k,IN-C09359-FD011,feeder,Sinnar,Maharashtra,1.4748,1.2651,1.0409,1,5,1,0,0.0,0.0,0,0,0,,,train
IND-S02984,line_outage,india_national_20k,IN-C07863-GEN07,generator,Dewas,Madhya Pradesh,1.5083,1.1635,1.0356,4,46,1,0,0.0,0.0,0,0,0,,,train
IND-S02985,transformer_overload,india_national_20k,IN-C11026-SS,substation,Aulajharan,Odisha,5.8228,1.0534,1.0044,0,4,1,0,0.0,0.0,0,0,0,,,train
IND-S02986,transformer_overload,india_national_20k,IN-C03283-SS,substation,Rājkot,Gujarat,4.7821,1.0017,1.0785,1,89,1,0,0.0,0.0,0,0,0,,,train
IND-S02987,line_outage,india_national_20k,IN-C15552-GEN07,generator,Prayagraj,Uttar Pradesh,2.0165,1.2981,1.0167,3,119,3,5,0.18,0.00097,1158084,0,3,IN-C15552-SS|IN-UTT-HUB|IN-C19438-SS|IN-C19462-SS|IN-C19475-SS,0|0|1|1|1,train
IND-S02988,cascade_emergency,india_national_20k,IN-C07071-FD011,feeder,Kodungallūr,Kerala,5.0492,1.3178,1.0694,5,5,1,0,8.34,0.0,0,0,0,,,train
IND-S02989,cascade_emergency,india_national_20k,IN-C10473-SS,substation,Malakanagiri,Odisha,7.7824,1.5271,1.1674,1,6,1,0,9.02,0.0,0,0,0,,,train
IND-S02990,high_demand,india_national_20k,IN-C15547-GEN02,generator,Lucknow,Uttar Pradesh,2.5788,1.279,1.0691,1,120,3,5,0.29,0.00246,2556657,0,3,IN-C15547-SS|IN-UTT-HUB|IN-C19438-SS|IN-C19462-SS|IN-C19475-SS,0|0|1|1|1,train
IND-S02991,transformer_overload,india_national_20k,IN-C11565-SS,substation,Udaipur,Rajasthan,5.3616,1.1572,1.0155,1,119,2,1,0.02,0.00011,17665,0,1,IN-C11741-SS,0,train
IND-S02992,high_demand,india_national_20k,IN-C07857-FD022,feeder,Indore,Madhya Pradesh,2.5194,1.38,1.0902,1,10,1,0,8.54,0.0,0,0,0,,,train
IND-S02993,heatwave,india_national_20k,IN-C14845-FD011,feeder,Warangal,Telangana,2.5522,1.2089,1.1814,0,8,2,3,8.54,0.00254,704570,0,3,IN-C14845-SS|IN-C14845-TR01|IN-C14845-FD011,0|0|0,train
IND-S02994,line_outage,india_national_20k,IN-C01146-SS,substation,Rangia,Assam,1.8869,1.2058,1.0252,1,3,1,0,0.0,0.0,0,0,0,,,val
IND-S02995,transformer_overload,india_national_20k,IN-C06572-SS,substation,Angatta,Karnataka,3.7771,1.2591,1.0718,0,6,1,0,0.0,0.0,0,0,0,,,test
IND-S02996,cascade_emergency,india_national_20k,IN-C02518-FD021,feeder,Chandigarh,Chandigarh,5.4811,1.4389,1.1334,3,8,5,106,11.4,0.02002,29323113,0,4,IN-NR-HUB|IN-WR-HUB|IN-NER-HUB|IN-CHA-HUB|IN-C02518-SS|IN-C02518-TR02|IN-C02518-FD021|IN-TAM-HUB|IN-C12390-SS|IN-C12474-SS|IN-C14168-SS|IN-C14310-SS,0|0|0|0|0|0|0|0|0|0|0|0,train
IND-S02997,high_demand,india_national_20k,IN-C19730-FD022,feeder,Howrah,West Bengal,1.86,1.4911,1.0769,0,10,4,8,9.05,0.00393,5807089,0,5,IN-C19730-SS|IN-C19730-TR02|IN-C19730-FD022|IN-WES-HUB|IN-C19729-SS|IN-C19766-SS|IN-C19864-SS|IN-C19963-SS,0|0|0|1|1|2|2|2,val
IND-S02998,cascade_emergency,india_national_20k,IN-C18407-SS,substation,Anthua,Uttar Pradesh,7.8975,1.338,1.0682,1,7,1,0,8.4,0.0,0,0,0,,,train
IND-S02999,normal_operation,india_national_20k,IN-C02525-GEN01,generator,Raipur,Chhattisgarh,1.0801,0.8511,1.0089,0,30,1,0,0.0,0.0,0,0,0,,,train
IND-S03000,high_demand,india_national_20k,IN-C01377-FD021,feeder,Muzaffarpur,Bihar,2.3154,1.2662,1.0257,1,8,1,0,0.01,0.0,0,0,0,,,val
IND-S03001,line_outage,india_national_20k,IN-C09292-FD012,feeder,Aurangabad,Maharashtra,1.6407,1.1865,1.0232,4,10,2,5,0.13,0.00089,108324,0,2,IN-C09292-TR01|IN-C09292-FD012|IN-C11598-SS|IN-C11642-SS|IN-C12091-SS,0|0|0|0|0,train
IND-S03002,transformer_overload,india_national_20k,IN-C12393-SS,substation,Vīrappanchathiram,Tamil Nadu,5.1357,1.0198,1.0488,0,260,1,0,0.0,0.0,0,0,0,,,train
IND-S03003,normal_operation,india_national_20k,IN-C15614-FD011,feeder,Najībābād,Uttar Pradesh,1.083,0.9976,1.016,0,6,1,0,0.0,0.0,0,0,0,,,train
IND-S03004,cascade_emergency,india_national_20k,IN-C10425-FD021,feeder,Bhubaneswar,Odisha,7.5214,1.3755,1.0877,4,8,5,29,9.4,0.01153,12770863,0,4,IN-ER-HUB|IN-ODI-HUB|IN-C10425-SS|IN-C10425-TR02|IN-C10425-FD021|IN-WES-HUB|IN-WR-HUB|IN-C19766-SS|IN-C19864-SS|IN-C19963-SS|IN-C10346-SS|IN-C10353-SS,0|0|0|0|0|0|1|1|1|1|2|2,train
IND-S03005,transformer_overload,india_national_20k,IN-C03280-FD012,feeder,Ahmedabad,Gujarat,4.1083,1.0242,1.0275,0,10,2,4,0.4,0.00915,6357693,0,4,IN-GUJ-HUB|IN-C03280-SS|IN-C03280-TR01|IN-C03280-FD012,0|0|0|0,train
IND-S03006,cascade_emergency,india_national_20k,IN-C14919-SS,substation,Devarkonda,Telangana,7.803,1.3405,1.0974,4,7,1,0,8.48,0.0,0,0,0,,,train
IND-S03007,normal_operation,india_national_20k,IN-C15546-GEN01,generator,Kanpur,Uttar Pradesh,1.0389,0.8878,0.9878,0,120,1,0,0.0,0.0,0,0,0,,,train
IND-S03008,cascade_emergency,india_national_20k,IN-C11094-SS,substation,Giddarbāha,Punjab,7.7539,1.4099,1.1635,1,10,2,8,9.01,0.00108,353256,0,7,IN-C11054-SS|IN-C11094-SS|IN-C11166-SS|IN-C11256-SS|IN-C11292-SS|IN-C11386-SS|IN-C11387-SS|IN-C11388-SS,0|0|0|0|0|0|0|0,train
IND-S03009,high_demand,india_national_20k,IN-C12409-FD011,feeder,Nallūr,Tamil Nadu,2.6605,1.4546,1.0295,0,5,2,4,8.63,0.00052,87376,0,4,IN-C12409-SS|IN-C12750-SS|IN-C12409-TR01|IN-C12409-FD011,0|0|0|0,train
IND-S03010,transformer_overload,india_national_20k,IN-C19733-GEN05,generator,Āsansol,West Bengal,3.542,1.036,1.0253,1,22,2,6,0.16,0.00112,1331410,0,4,IN-C19731-SS|IN-C19733-SS|IN-C19755-SS|IN-C19766-SS|IN-C19864-SS|IN-C19963-SS,0|0|0|0|0|0,val
IND-S03011,high_demand,india_national_20k,IN-C07958-SS,substation,Kotma,Madhya Pradesh,2.743,1.4547,1.0371,0,3,1,0,8.56,0.0,0,0,0,,,train
IND-S03012,heatwave,india_national_20k,IN-C15571-FD011,feeder,Hāpur,Uttar Pradesh,2.2899,1.4273,1.085,1,6,1,0,8.63,0.0,0,0,0,,,train
IND-S03013,high_demand,india_national_20k,IN-C12350-GEN11,generator,Ambattur,Tamil Nadu,2.1377,1.2533,1.075,0,73,2,3,0.09,0.00045,552400,0,3,IN-TAM-HUB|IN-C12350-SS|IN-C12392-SS,0|0|0,train
IND-S03014,transformer_overload,india_national_20k,IN-C03284-SS,substation,Bhavnagar,Gujarat,5.0767,1.0562,1.0387,0,87,1,0,0.0,0.0,0,0,0,,,train
IND-S03015,cascade_emergency,india_national_20k,IN-C12341-GEN02,generator,Coimbatore,Tamil Nadu,6.736,1.4585,1.0718,5,78,5,47,9.79,0.00854,8993099,0,5,IN-SR-HUB|IN-C01530-SS|IN-C01558-SS|IN-TAM-HUB|IN-C12341-SS|IN-C12372-SS|IN-C12378-SS|IN-NER-HUB|IN-C01377-SS|IN-C01444-SS|IN-C01499-SS|IN-C01539-SS,0|0|0|0|0|0|0|1|1|1|1|1,train
IND-S03016,transformer_overload,india_national_20k,IN-C03059-GEN02,generator,Najafgarh,Delhi,5.4685,1.0366,1.0565,0,20,1,0,0.01,0.0,0,0,0,,,train
IND-S03017,high_demand,india_national_20k,IN-C00023-FD021,feeder,Kākināda,Andhra Pradesh,1.5,1.4952,1.058,0,8,2,3,8.79,0.00091,384182,0,3,IN-C00023-SS|IN-C00023-TR02|IN-C00023-FD021,0|0|0,test
IND-S03018,normal_operation,india_national_20k,IN-KAR-HUB-GEN,generator,Karnataka Hub Generation,Karnataka,1.1013,0.8771,1.0019,0,180,1,0,0.0,0.0,0,0,0,,,test
IND-S03019,high_demand,india_national_20k,IN-C11072-SS,substation,Farīdkot,Punjab,2.7154,1.3738,1.0911,0,11,2,5,8.64,0.00036,298292,0,5,IN-C11070-SS|IN-C11072-SS|IN-C11076-SS|IN-C11098-SS|IN-C11371-SS,0|0|0|0|0,train
IND-S03020,line_outage,india_national_20k,IN-C11568-FD021,feeder,Bharatpur,Rajasthan,2.0028,1.0034,1.0589,2,8,2,3,0.08,0.00075,252838,0,3,IN-C11568-SS|IN-C11568-TR02|IN-C11568-FD021,0|0|0,train
IND-S03021,high_demand,india_national_20k,IN-C12346-GEN07,generator,Tiruppur,Tamil Nadu,2.8807,1.4258,1.0215,0,75,2,5,8.55,0.00015,128930,0,4,IN-TAM-HUB|IN-C12390-SS|IN-C12474-SS|IN-C14168-SS|IN-C14310-SS,0|0|0|0|0,train
IND-S03022,high_demand,india_national_20k,IN-C01380-GEN07,generator,Purnia,Bihar,2.5068,1.4262,1.0713,1,40,1,0,8.58,0.0,0,0,0,,,val
IND-S03023,line_outage,india_national_20k,IN-C11063-FD011,feeder,Muktsar,Punjab,1.5904,1.0545,1.0134,1,5,1,0,0.0,0.0,0,0,0,,,train
IND-S03024,cascade_emergency,india_national_20k,IN-C09948-SS,substation,Aktītola,Maharashtra,7.3054,1.4545,1.1584,3,6,1,0,8.95,0.0,0,0,0,,,train
IND-S03025,normal_operation,india_national_20k,IN-C15548-SS,substation,Agra,Uttar Pradesh,1.1327,1.0018,1.0086,0,260,1,0,0.0,0.0,0,0,0,,,train
IND-S03026,cascade_emergency,india_national_20k,IN-C19730-GEN02,generator,Howrah,West Bengal,7.2674,1.3757,1.0632,2,27,3,6,8.73,0.0047,5807089,0,3,IN-WES-HUB|IN-C19729-SS|IN-C19730-SS|IN-C19766-SS|IN-C19864-SS|IN-C19963-SS,0|0|0|1|1|1,val
IND-S03027,high_demand,india_national_20k,IN-C05530-FD011,feeder,Bengaluru,Karnataka,2.5796,1.3844,1.0429,0,10,2,4,8.73,0.00667,8495492,0,4,IN-KAR-HUB|IN-C05530-SS|IN-C05530-TR01|IN-C05530-FD011,0|0|0|0,test
IND-S03028,high_demand,india_national_20k,IN-C04828-GEN07,generator,Phusro,Jharkhand,1.9929,1.4215,1.0538,1,26,1,0,8.53,0.0,0,0,0,,,train
IND-S03029,transformer_overload,india_national_20k,IN-C11050-FD032,feeder,Ludhiana,Punjab,4.7564,1.0,1.0429,1,10,1,0,0.0,0.0,0,0,0,,,train
IND-S03030,transformer_overload,india_national_20k,IN-C05539-GEN10,generator,Shivamogga,Karnataka,3.2706,1.1336,1.065,1,48,1,0,0.0,0.0,0,0,0,,,test
IND-S03031,line_outage,india_national_20k,IN-C19732-GEN04,generator,Siliguri,West Bengal,1.689,1.2098,1.0329,4,17,1,0,0.0,0.0,0,0,0,,,val
IND-S03032,cascade_emergency,india_national_20k,IN-UTT-HUB-GEN,generator,Uttarakhand Hub Generation,Uttarakhand,8.985,1.3469,1.0505,4,1,1,0,8.36,0.0,0,0,0,,,train
IND-S03033,high_demand,india_national_20k,IN-C03285-GEN06,generator,Jamnagar,Gujarat,2.5967,1.3189,1.0873,0,24,1,0,8.39,0.0,0,0,0,,,train
IND-S03034,high_demand,india_national_20k,IN-C09287-GEN06,generator,Nashik,Maharashtra,1.9447,1.3817,1.0877,0,41,5,38,9.39,0.0048,13446588,0,3,IN-WR-HUB|IN-SR-HUB|IN-MAH-HUB|IN-C09287-SS|IN-NER-HUB|IN-C11034-SS|IN-C11047-SS|IN-C01444-SS|IN-C10290-SS|IN-C10346-SS|IN-C10353-SS|IN-C10360-SS,0|0|0|0|1|1|1|2|2|2|2|2,train
IND-S03035,high_demand,india_national_20k,IN-C01329-SS,substation,Nakhula Grant,Assam,2.5695,1.3047,1.0589,1,3,1,0,0.0,0.0,0,0,0,,,val
IND-S03036,line_outage,india_national_20k,IN-C00045-FD011,feeder,Narasaraopet,Andhra Pradesh,1.5541,1.0152,1.0249,2,5,1,0,0.0,0.0,0,0,0,,,test
IND-S03037,normal_operation,india_national_20k,IN-C03039-FD011,feeder,Silvassa,Dadra and Nagar Haveli and Daman and Diu,1.1323,0.9562,1.0133,0,7,1,0,0.0,0.0,0,0,0,,,test
IND-S03038,transformer_overload,india_national_20k,IN-C03058-SS,substation,Delhi,Delhi,3.4481,1.1911,1.0389,0,44,2,2,0.34,0.00843,11034555,0,2,IN-DEL-HUB|IN-C03058-SS,0|0,train
IND-S03039,normal_operation,india_national_20k,IN-RAJ-HUB-GEN,generator,Rajasthan Hub Generation,Rajasthan,1.0594,0.9839,0.9918,0,114,1,0,0.0,0.0,0,0,0,,,train
IND-S03040,transformer_overload,india_national_20k,IN-C03283-GEN04,generator,Rājkot,Gujarat,5.9349,1.0048,1.0102,0,28,2,2,0.12,0.00244,1390640,0,2,IN-GUJ-HUB|IN-C03283-SS,0|0,train
IND-S03041,cascade_emergency,india_national_20k,IN-C03068-FD011,feeder,Dalūpura,Delhi,5.4035,1.3788,1.1406,4,5,1,0,8.68,0.0,0,0,0,,,train
IND-S03042,transformer_overload,india_national_20k,IN-C14885-SS,substation,Gaddi Annaram,Telangana,5.464,1.2509,1.0041,1,30,2,2,0.08,0.00112,315609,0,2,IN-C14851-SS|IN-C14885-SS,0|0,train
IND-S03043,heatwave,india_national_20k,IN-UTT-HUB-GEN,generator,Uttarakhand Hub Generation,Uttarakhand,2.027,1.3859,1.1765,1,260,1,0,8.81,0.0,0,0,0,,,train
IND-S03044,high_demand,india_national_20k,IN-C17309-SS,substation,Alaipura,Uttar Pradesh,2.0394,1.2973,1.0491,0,121,1,0,0.0,0.0,0,0,0,,,train
IND-S03045,transformer_overload,india_national_20k,IN-C11687-SS,substation,Mahwa,Rajasthan,5.9502,1.2685,1.0537,1,5,1,0,0.0,0.0,0,0,0,,,train
IND-S03046,normal_operation,india_national_20k,IN-C09291-FD031,feeder,Virār,Maharashtra,1.1064,1.0065,0.9913,0,10,1,0,0.0,0.0,0,0,0,,,train
IND-S03047,normal_operation,india_national_20k,IN-C12709-SS,substation,Tiruvankod,Tamil Nadu,1.0985,1.0185,0.9993,0,8,1,0,0.0,0.0,0,0,0,,,train
IND-S03048,cascade_emergency,india_national_20k,IN-C09297-FD021,feeder,Borivli,Maharashtra,7.9135,1.5162,1.0846,4,7,5,109,11.31,0.01384,12626065,0,5,IN-WR-HUB|IN-SR-HUB|IN-MAH-HUB|IN-C09295-SS|IN-C09297-SS|IN-C09297-TR02|IN-C09297-FD021|IN-ER-HUB|IN-NER-HUB|IN-CHH-HUB|IN-C02530-SS|IN-C02531-SS,0|0|0|0|0|0|0|1|1|1|1|1,train
IND-S03049,transformer_overload,india_national_20k,IN-C12340-GEN01,generator,Chennai,Tamil Nadu,2.8932,1.1782,1.0451,1,78,2,8,0.33,0.00488,5334958,0,6,IN-TAM-HUB|IN-C12340-SS|IN-C12350-SS|IN-C12392-SS|IN-C12427-SS|IN-C12651-SS|IN-C12699-SS|IN-C14244-SS,0|0|0|0|0|0|0|0,train
IND-S03050,transformer_overload,india_national_20k,IN-C09288-FD012,feeder,Pimpri,Maharashtra,5.517,1.2042,1.0794,1,10,1,0,0.0,0.0,0,0,0,,,train
IND-S03051,high_demand,india_national_20k,IN-C09293-GEN12,generator,Sholapur,Maharashtra,2.9061,1.4081,1.0522,1,37,5,35,9.29,0.00435,12627998,0,3,IN-WR-HUB|IN-SR-HUB|IN-MAH-HUB|IN-C09293-SS|IN-NER-HUB|IN-C11034-SS|IN-C11047-SS|IN-C01444-SS|IN-C10290-SS|IN-C10346-SS|IN-C10353-SS|IN-C10360-SS,0|0|0|0|1|1|1|2|2|2|2|2,train
IND-S03052,cascade_emergency,india_national_20k,IN-C19433-FD011,feeder,Haridwar,Uttarakhand,6.3946,1.3412,1.1291,1,7,2,4,8.64,0.00019,270725,0,2,IN-C19433-SS|IN-C19438-SS|IN-C19462-SS|IN-C19475-SS,0|0|0|0,train
IND-S03053,line_outage,india_national_20k,IN-C12378-FD011,feeder,Kuniyamuttūr,Tamil Nadu,1.8904,1.0904,1.0378,3,7,2,12,0.27,0.00094,516930,0,3,IN-MAD-HUB|IN-C07882-SS|IN-C07888-SS|IN-C07892-SS|IN-C07908-SS|IN-C08007-SS|IN-C08067-SS|IN-C08104-SS|IN-C08742-SS|IN-C12378-SS|IN-C12378-TR01|IN-C12378-FD011,0|0|0|0|0|0|0|0|0|0|0|0,train
IND-S03054,heatwave,india_national_20k,IN-C05530-FD021,feeder,Bengaluru,Karnataka,3.4193,1.3777,1.1137,0,10,5,35,9.56,0.009,9277733,0,4,IN-SR-HUB|IN-KAR-HUB|IN-C05530-SS|IN-C05530-TR02|IN-C05530-FD021|IN-NER-HUB|IN-C11034-SS|IN-C11047-SS|IN-C01444-SS|IN-C10290-SS|IN-C10346-SS|IN-C10353-SS,0|0|0|0|0|1|1|1|2|2|2|2,test
IND-S03055,cascade_emergency,india_national_20k,IN-C09292-FD011,feeder,Aurangabad,Maharashtra,6.6146,1.5729,1.1694,4,10,7,1019,33.41,0.18381,54348779,0,4,IN-WR-HUB|IN-SR-HUB|IN-ER-HUB|IN-C09292-SS|IN-C09292-TR01|IN-C09292-FD011|IN-C19963-SS|IN-WES-HUB|IN-C19729-SS|IN-C19730-SS|IN-C10362-SS|IN-C10346-SS,0|0|0|0|0|0|1|1|1|1|1|1,train
IND-S03056,normal_operation,india_national_20k,IN-C07080-SS,substation,Pallichal,Kerala,1.1205,0.9111,1.0032,0,8,1,0,0.0,0.0,0,0,0,,,train
IND-S03057,normal_operation,india_national_20k,IN-C07248-SS,substation,Elamkunnapuzha,Kerala,1.1496,0.8709,1.0086,0,4,1,0,0.0,0.0,0,0,0,,,train
IND-S03058,heatwave,india_national_20k,IN-C10273-FD021,feeder,Imphal,Manipur,3.2722,1.4364,1.0849,1,8,2,3,8.7,5e-05,21631,0,1,IN-C10290-SS|IN-C10302-SS|IN-C10304-SS,0|0|0,train
IND-S03059,transformer_overload,india_national_20k,IN-C07859-FD012,feeder,Jabalpur,Madhya Pradesh,4.4926,1.2137,1.0672,1,10,1,0,0.0,0.0,0,0,0,,,train
IND-S03060,heatwave,india_national_20k,IN-C12348-GEN09,generator,Erode,Tamil Nadu,2.6981,1.1851,1.083,0,73,1,0,0.01,0.0,0,0,0,,,train
IND-S03061,heatwave,india_national_20k,IN-C02525-FD032,feeder,Raipur,Chhattisgarh,2.3586,1.2269,1.1594,1,10,1,0,8.38,0.0,0,0,0,,,train
IND-S03062,line_outage,india_national_20k,IN-C03280-GEN01,generator,Ahmedabad,Gujarat,1.2057,1.0965,1.031,3,28,1,0,0.0,0.0,0,0,0,,,train
IND-S03063,high_demand,india_national_20k,IN-C11561-FD031,feeder,Jodhpur,Rajasthan,1.9928,1.2798,1.0937,0,10,2,3,0.14,0.00145,1056191,0,3,IN-C11561-SS|IN-C11561-TR03|IN-C11561-FD031,0|0|0,train
IND-S03064,line_outage,india_national_20k,IN-C10956-SS,substation,Aripāra,Odisha,1.2377,1.0142,1.0046,4,4,1,0,0.0,0.0,0,0,0,,,train
IND-S03065,normal_operation,india_national_20k,IN-C07858-FD012,feeder,Bhopal,Madhya Pradesh,1.1083,0.9658,0.9983,0,10,1,0,0.0,0.0,0,0,0,,,train
IND-S03066,line_outage,india_national_20k,IN-C12415-FD011,feeder,Chengalpattu,Tamil Nadu,1.5764,1.0713,1.0513,1,5,1,0,0.0,0.0,0,0,0,,,train
IND-S03067,high_demand,india_national_20k,IN-C09283-FD031,feeder,Pune,Maharashtra,1.9131,1.291,1.023,1,10,1,0,0.0,0.0,0,0,0,,,train
IND-S03068,high_demand,india_national_20k,IN-C00026-GEN10,generator,Tirupati,Andhra Pradesh,1.7379,1.3339,1.041,1,40,1,0,0.03,0.0,0,0,0,,,test
IND-S03069,high_demand,india_national_20k,IN-C08656-SS,substation,Alīwāra,Madhya Pradesh,2.8233,1.4658,1.0929,0,6,1,0,8.77,0.0,0,0,0,,,train
IND-S03070,cascade_emergency,india_national_20k,IN-C19780-FD011,feeder,Jalpāiguri,West Bengal,5.5585,1.3629,1.0715,5,5,2,4,8.54,0.00032,324764,0,0,IN-C12356-SS|IN-C12501-SS|IN-C12562-SS|IN-C12930-SS,0|0|0|0,val
IND-S03071,high_demand,india_national_20k,IN-C07866-GEN10,generator,Ratlām,Madhya Pradesh,1.7305,1.4017,1.0327,1,46,1,0,8.43,0.0,0,0,0,,,train
IND-S03072,high_demand,india_national_20k,IN-C05530-FD032,feeder,Bengaluru,Karnataka,1.871,1.3823,1.0665,0,10,6,36,9.45,0.00883,20126209,0,3,IN-C05530-SS|IN-C05530-TR03|IN-C05530-FD032|IN-WR-HUB|IN-SR-HUB|IN-NER-HUB|IN-C11034-SS|IN-C11047-SS|IN-C01444-SS|IN-C10290-SS|IN-C10346-SS|IN-C10353-SS,0|0|0|1|1|2|2|2|3|3|3|3,test
IND-S03073,cascade_emergency,india_national_20k,IN-C00089-SS,substation,Puttūr,Andhra Pradesh,8.5643,1.3002,1.0782,2,5,1,0,0.0,0.0,0,0,0,,,test
IND-S03074,heatwave,india_national_20k,IN-C11560-FD021,feeder,Jaipur,Rajasthan,2.9522,1.2725,1.1898,1,10,1,0,8.56,0.0,0,0,0,,,train
IND-S03075,heatwave,india_national_20k,IN-C19432-FD011,feeder,Dehradun,Uttarakhand,3.2154,1.3719,1.1712,0,8,6,39,9.77,0.00859,17791916,0,4,IN-UTT-HUB|IN-C19432-SS|IN-C19432-TR01|IN-C19432-FD011|IN-WR-HUB|IN-C01444-SS|IN-DEL-HUB|IN-C03058-SS|IN-MAH-HUB|IN-C10278-SS|IN-TAM-HUB|IN-C12372-SS,0|0|0|0|1|1|1|1|1|1|1|1,train
IND-S03076,high_demand,india_national_20k,IN-C08089-SS,substation,Leteri,Madhya Pradesh,2.7985,1.4442,1.0548,0,5,1,0,8.58,0.0,0,0,0,,,train
IND-S03077,normal_operation,india_national_20k,IN-C14867-FD011,feeder,Sirsilla,Telangana,1.1621,0.8957,0.9815,0,5,1,0,0.0,0.0,0,0,0,,,train
IND-S03078,heatwave,india_national_20k,IN-C03324-FD011,feeder,Kundla,Gujarat,3.492,1.1528,1.1122,2,5,2,9,0.22,0.00094,336762,0,5,IN-C03310-SS|IN-C03323-SS|IN-C03324-SS|IN-C03369-SS|IN-C03472-SS|IN-C03559-SS|IN-C03695-SS|IN-C03324-TR01|IN-C03324-FD011,0|0|0|0|0|0|0|0|0,train
IND-S03079,high_demand,india_national_20k,IN-C15973-SS,substation,Mankāpur,Uttar Pradesh,2.9439,1.433,1.0385,1,9,1,0,8.52,0.0,0,0,0,,,train
IND-S03080,cascade_emergency,india_national_20k,IN-C03793-GEN04,generator,Hisar,Haryana,8.4676,1.5635,1.1316,1,20,5,888,31.45,0.19379,88097336,0,4,IN-WR-HUB|IN-ER-HUB|IN-NER-HUB|IN-C10362-SS|IN-C19963-SS|IN-C10346-SS|IN-C19729-SS|IN-WES-HUB|IN-C10360-SS|IN-C19730-SS|IN-C15523-SS|IN-C10353-SS,0|0|0|1|1|1|1|1|1|1|1|1,train
IND-S03081,high_demand,india_national_20k,IN-C19840-SS,substation,Balarāmpur,West Bengal,2.634,1.455,1.0549,1,5,1,0,8.59,0.0,0,0,0,,,val
IND-S03082,line_outage,india_national_20k,IN-C19742-SS,substation,Bārāsat,West Bengal,2.0296,1.2341,1.0022,2,16,1,0,0.0,0.0,0,0,0,,,val
IND-S03083,heatwave,india_national_20k,IN-C00021-GEN05,generator,Nellore,Andhra Pradesh,3.2877,1.348,1.1441,1,40,3,6,8.76,0.00072,714058,0,3,IN-AND-HUB|IN-C00021-SS|IN-C00037-SS|IN-C00715-SS|IN-C00747-SS|IN-C00866-SS,0|0|1|1|1|1,test
IND-S03084,transformer_overload,india_national_20k,IN-C05531-FD011,feeder,Hubballi,Karnataka,3.2136,1.0393,1.0371,0,8,2,3,0.2,0.00413,943788,0,3,IN-C05531-SS|IN-C05531-TR01|IN-C05531-FD011,0|0|0,test
IND-S03085,line_outage,india_national_20k,IN-C12954-SS,substation,Pallappālaiyam,Tamil Nadu,1.7458,1.0267,1.0511,2,8,1,0,0.0,0.0,0,0,0,,,train
IND-S03086,high_demand,india_national_20k,IN-C15556-GEN11,generator,Gorakhpur,Uttar Pradesh,2.6511,1.4116,1.0636,0,116,4,34,9.27,0.00342,11963895,0,4,IN-NR-HUB|IN-WR-HUB|IN-NER-HUB|IN-UTT-HUB|IN-DEL-HUB|IN-C03058-SS|IN-C10290-SS|IN-C10346-SS|IN-C10353-SS|IN-C10360-SS|IN-C10362-SS|IN-C10384-SS,0|0|0|0|1|1|1|1|1|1|1|1,train
IND-S03087,cascade_emergency,india_national_20k,IN-C03281-FD022,feeder,Surat,Gujarat,7.1325,1.5597,1.1544,5,10,7,942,32.16,0.18778,67831666,0,4,IN-WR-HUB|IN-SR-HUB|IN-ER-HUB|IN-NER-HUB|IN-C01029-SS|IN-GUJ-HUB|IN-C03281-SS|IN-C03281-TR02|IN-C03281-FD022|IN-KER-HUB|IN-C07054-SS|IN-C10346-SS,0|0|0|0|0|0|0|0|0|0|0|0,train
IND-S03088,line_outage,india_national_20k,IN-C05704-SS,substation,Byndoor,Karnataka,1.6379,1.257,1.052,3,6,1,0,0.0,0.0,0,0,0,,,test
IND-S03089,line_outage,india_national_20k,IN-C01384-GEN11,generator,Munger,Bihar,2.2401,1.19,1.0228,4,38,3,15,0.33,0.00093,736889,0,3,IN-BIH-HUB|IN-C01397-SS|IN-C01377-SS|IN-C01444-SS|IN-C01445-SS|IN-C01481-SS|IN-C01485-SS|IN-C01486-SS|IN-C01495-SS|IN-C01499-SS|IN-C01521-SS|IN-C01530-SS,0|0|1|1|1|1|1|1|1|1|1|1,val
IND-S03090,normal_operation,india_national_20k,IN-C15546-FD021,feeder,Kanpur,Uttar Pradesh,1.1524,0.9785,1.0046,0,10,1,0,0.0,0.0,0,0,0,,,train
IND-S03091,transformer_overload,india_national_20k,IN-C03285-GEN06,generator,Jamnagar,Gujarat,2.1167,1.0462,1.0269,1,24,1,0,0.0,0.0,0,0,0,,,train
IND-S03092,high_demand,india_national_20k,IN-C03058-FD032,feeder,Delhi,Delhi,2.3364,1.329,1.0403,0,10,2,4,0.31,0.00628,11034555,0,4,IN-DEL-HUB|IN-C03058-SS|IN-C03058-TR03|IN-C03058-FD032,0|0|0|0,train
IND-S03093,cascade_emergency,india_national_20k,IN-C14858-FD011,feeder,Serilingampalle,Telangana,4.272,1.5186,1.0732,5,6,4,22,9.27,0.00205,589300,0,4,IN-TEL-HUB|IN-C14858-SS|IN-C14858-TR01|IN-C14858-FD011|IN-C15901-SS|IN-C15910-SS|IN-C16518-SS|IN-C16557-SS|IN-C17026-SS|IN-C17163-SS|IN-C17582-SS|IN-C17656-SS,0|0|0|0|0|0|0|0|0|0|0|0,train
IND-S03094,transformer_overload,india_national_20k,IN-C01382-GEN09,generator,Begusarai,Bihar,5.2614,1.1374,1.0058,1,38,1,0,0.0,0.0,0,0,0,,,val
IND-S03095,normal_operation,india_national_20k,IN-C19737-FD021,feeder,Rajpur Sonarpur,West Bengal,1.0486,1.0433,1.0072,0,6,1,0,0.0,0.0,0,0,0,,,val
IND-S03096,transformer_overload,india_national_20k,IN-KER-HUB-GEN,generator,Kerala Hub Generation,Kerala,5.1082,1.1306,1.006,1,103,1,0,0.0,0.0,0,0,0,,,train
IND-S03097,cascade_emergency,india_national_20k,IN-C12637-SS,substation,Tittagudi,Tamil Nadu,6.5051,1.3736,1.1117,2,6,1,0,8.58,0.0,0,0,0,,,train
IND-S03098,normal_operation,india_national_20k,IN-C19732-GEN04,generator,Siliguri,West Bengal,1.172,0.9136,1.0148,0,17,1,0,0.0,0.0,0,0,0,,,val
IND-S03099,high_demand,india_national_20k,IN-C11562-GEN03,generator,Kota,Rajasthan,1.7096,1.5218,1.056,0,37,1,0,8.77,0.0,0,0,0,,,train
IND-S03100,transformer_overload,india_national_20k,IN-C05530-FD031,feeder,Bengaluru,Karnataka,5.8588,1.149,1.0048,1,10,1,0,0.0,0.0,0,0,0,,,test
IND-S03101,cascade_emergency,india_national_20k,IN-C03849-SS,substation,Fīrozpur Jhirka,Haryana,8.3938,1.5749,1.0595,4,6,5,116,11.33,0.01036,16234900,0,0,IN-WR-HUB|IN-ER-HUB|IN-NER-HUB|IN-PUN-HUB|IN-C11050-SS|IN-WES-HUB|IN-C01444-SS|IN-CHH-HUB|IN-C02530-SS|IN-C02531-SS|IN-C02533-SS|IN-DEL-HUB,0|0|0|0|0|0|1|1|1|1|1|1,train
IND-S03102,high_demand,india_national_20k,IN-C11105-SS,substation,Jandiāla Gurū,Punjab,1.8049,1.4459,1.0467,1,11,1,0,8.56,0.0,0,0,0,,,train
IND-S03103,line_outage,india_national_20k,IN-C17204-SS,substation,Akhāpur,Uttar Pradesh,1.5098,1.0752,1.0004,3,5,1,0,0.0,0.0,0,0,0,,,train
IND-S03104,transformer_overload,india_national_20k,IN-C19736-FD011,feeder,Shyamnagar,West Bengal,2.1085,1.1452,1.0644,0,6,2,3,0.11,0.00136,441956,0,3,IN-C19736-SS|IN-C19736-TR01|IN-C19736-FD011,0|0|0,val
IND-S03105,transformer_overload,india_national_20k,IN-C13334-SS,substation,Highways,Tamil Nadu,4.4892,1.2026,1.0213,1,1,1,0,0.0,0.0,0,0,0,,,train
IND-S03106,high_demand,india_national_20k,IN-C12342-FD031,feeder,Kallakurichi,Tamil Nadu,2.9094,1.5066,1.0826,1,10,1,0,8.81,0.0,0,0,0,,,train
IND-S03107,transformer_overload,india_national_20k,IN-C01192-SS,substation,Gobindapur,Assam,4.2986,1.0104,1.0571,0,3,1,0,0.0,0.0,0,0,0,,,val
IND-S03108,high_demand,india_national_20k,IN-C03280-FD011,feeder,Ahmedabad,Gujarat,2.8136,1.4288,1.0612,1,10,1,0,8.57,0.0,0,0,0,,,train
IND-S03109,high_demand,india_national_20k,IN-C01389-FD011,feeder,Hājīpur,Bihar,2.6107,1.2682,1.0663,1,6,1,0,0.0,0.0,0,0,0,,,val
IND-S03110,transformer_overload,india_national_20k,IN-C03791-FD021,feeder,Gurugram,Haryana,2.0572,1.2676,1.0643,0,8,2,3,0.15,0.00267,886519,0,3,IN-C03791-SS|IN-C03791-TR02|IN-C03791-FD021,0|0|0,train
IND-S03111,normal_operation,india_national_20k,IN-C01119-FD021,feeder,Guwahati,Assam,1.1566,0.8514,0.9988,0,8,1,0,0.0,0.0,0,0,0,,,val
IND-S03112,normal_operation,india_national_20k,IN-C10426-GEN03,generator,Cuttack,Odisha,1.1997,0.8844,1.0183,0,25,1,0,0.0,0.0,0,0,0,,,train
IND-S03113,cascade_emergency,india_national_20k,IN-C19730-GEN02,generator,Howrah,West Bengal,7.8309,1.5571,1.1273,5,27,6,1022,34.99,0.22814,109442434,0,3,IN-SR-HUB|IN-C03860-SS|IN-KER-HUB|IN-C07054-SS|IN-C10346-SS|IN-C10353-SS|IN-C10362-SS|IN-C10384-SS|IN-TAM-HUB|IN-C12390-SS|IN-C15523-SS|IN-C15600-SS,0|0|0|0|0|0|0|0|0|0|0|0,val
IND-S03114,transformer_overload,india_national_20k,IN-C03286-GEN07,generator,Bilimora,Gujarat,3.6207,1.0595,1.022,0,24,1,0,0.0,0.0,0,0,0,,,train
IND-S03115,high_demand,india_national_20k,IN-C03060-FD021,feeder,Narela,Delhi,1.8617,1.3451,1.0559,0,7,2,4,8.53,0.00223,800000,0,4,IN-DEL-HUB|IN-C03060-SS|IN-C03060-TR02|IN-C03060-FD021,0|0|0|0,train
IND-S03116,normal_operation,india_national_20k,IN-WES-HUB-GEN,generator,West Bengal Hub Generation,West Bengal,1.0601,0.9075,1.0022,0,44,1,0,0.0,0.0,0,0,0,,,val
IND-S03117,cascade_emergency,india_national_20k,IN-C09446-SS,substation,Navāpur,Maharashtra,5.2442,1.4698,1.1128,5,9,1,0,8.82,0.0,0,0,0,,,train
IND-S03118,high_demand,india_national_20k,IN-C19729-FD011,feeder,Kolkata,West Bengal,2.8885,1.3147,1.0352,1,10,1,0,0.01,0.0,0,0,0,,,val
IND-S03119,heatwave,india_national_20k,IN-C09287-FD031,feeder,Nashik,Maharashtra,2.1761,1.2474,1.1186,0,10,2,3,0.14,0.00215,1486053,0,3,IN-C09287-SS|IN-C09287-TR03|IN-C09287-FD031,0|0|0,train
IND-S03120,cascade_emergency,india_national_20k,IN-C07860-FD011,feeder,Gwalior,Madhya Pradesh,5.2201,1.5131,1.1326,4,10,6,99,11.36,0.01696,38550639,0,4,IN-SR-HUB|IN-MAD-HUB|IN-C07860-SS|IN-C07860-TR01|IN-C07860-FD011|IN-ER-HUB|IN-NER-HUB|IN-KAR-HUB|IN-C05537-SS|IN-C05539-SS|IN-C05540-SS|IN-C07848-SS,0|0|0|0|0|1|1|1|1|1|1|1,train
IND-S03121,normal_operation,india_national_20k,IN-C13227-SS,substation,Vijayapuri,Tamil Nadu,1.1869,0.9162,1.0112,0,7,1,0,0.0,0.0,0,0,0,,,train
IND-S03122,heatwave,india_national_20k,IN-C19771-FD011,feeder,Dam Dam,West Bengal,2.4416,1.1998,1.1871,0,4,1,0,8.39,0.0,0,0,0,,,val
IND-S03123,heatwave,india_national_20k,IN-C15547-FD011,feeder,Lucknow,Uttar Pradesh,2.2424,1.3571,1.1169,2,10,6,21,9.18,0.00668,14175227,0,4,IN-C15547-SS|IN-C15547-TR01|IN-C15547-FD011|IN-UTT-HUB|IN-TAM-HUB|IN-C12372-SS|IN-C12378-SS|IN-C12392-SS|IN-C19433-SS|IN-C19438-SS|IN-C19462-SS|IN-C19475-SS,0|0|0|0|1|1|1|1|1|1|1|1,train
IND-S03124,transformer_overload,india_national_20k,IN-C00017-GEN01,generator,Rasapūdipalem,Andhra Pradesh,4.6857,1.2626,1.0252,0,47,2,5,0.2,0.00268,1990978,0,5,IN-AND-HUB|IN-C00017-SS|IN-C00028-SS|IN-C00260-SS|IN-C00527-SS,0|0|0|0|0,test
IND-S03125,line_outage,india_national_20k,IN-C00036-SS,substation,Proddatūr,Andhra Pradesh,1.7367,1.0844,1.0345,1,151,1,0,0.0,0.0,0,0,0,,,test
IND-S03126,line_outage,india_national_20k,IN-C11570-GEN11,generator,Sri Ganganagar,Rajasthan,2.1171,1.0457,1.0208,2,29,1,0,0.0,0.0,0,0,0,,,train
IND-S03127,cascade_emergency,india_national_20k,IN-C09284-FD031,feeder,Nagpur,Maharashtra,6.2808,1.3628,1.0903,3,10,5,41,9.73,0.01373,20011243,0,4,IN-WR-HUB|IN-MAH-HUB|IN-C09284-SS|IN-C09284-TR03|IN-C09284-FD031|IN-ER-HUB|IN-NER-HUB|IN-C10290-SS|IN-C10346-SS|IN-C10353-SS|IN-C10360-SS|IN-C10362-SS,0|0|0|0|0|1|1|2|2|2|2|2,train
IND-S03128,normal_operation,india_national_20k,IN-C03058-FD022,feeder,Delhi,Delhi,1.0623,1.0303,0.9888,0,10,1,0,0.0,0.0,0,0,0,,,train
IND-S03129,heatwave,india_national_20k,IN-C03712-SS,substation,Ambaliya,Gujarat,2.7257,1.326,1.1671,0,24,1,0,8.64,0.0,0,0,0,,,train
IND-S03130,transformer_overload,india_national_20k,IN-C15561-FD021,feeder,Muzaffarnagar,Uttar Pradesh,4.2778,1.0636,1.0331,0,7,3,9,0.26,0.00204,428995,0,5,IN-C15561-SS|IN-C15631-SS|IN-C16190-SS|IN-C16710-SS|IN-C18426-SS|IN-C15561-TR02|IN-C15561-FD021|IN-UTT-HUB|IN-C19462-SS,0|0|0|0|0|0|0|0|1,train
IND-S03131,normal_operation,india_national_20k,IN-C09283-FD022,feeder,Pune,Maharashtra,1.0848,0.8765,0.9978,0,10,1,0,0.0,0.0,0,0,0,,,train
IND-S03132,high_demand,india_national_20k,IN-C15555-GEN10,generator,Morādābād,Uttar Pradesh,2.5548,1.4007,1.0816,0,117,4,34,9.29,0.00342,11963895,0,4,IN-NR-HUB|IN-WR-HUB|IN-NER-HUB|IN-UTT-HUB|IN-DEL-HUB|IN-C03058-SS|IN-C10290-SS|IN-C10346-SS|IN-C10353-SS|IN-C10360-SS|IN-C10362-SS|IN-C10384-SS,0|0|0|0|1|1|1|1|1|1|1|1,train
IND-S03133,high_demand,india_national_20k,IN-C00078-SS,substation,Mācherla,Andhra Pradesh,1.6088,1.4373,1.0354,0,3,1,0,8.52,0.0,0,0,0,,,test
IND-S03134,high_demand,india_national_20k,IN-C11655-SS,substation,Sānchor,Rajasthan,1.5955,1.3677,1.069,1,5,1,0,8.46,0.0,0,0,0,,,train
IND-S03135,heatwave,india_national_20k,IN-C05532-GEN03,generator,Mysuru,Karnataka,3.1734,1.2563,1.081,0,48,2,2,0.08,0.00102,920550,0,2,IN-KAR-HUB|IN-C05532-SS,0|0,test
IND-S03136,transformer_overload,india_national_20k,IN-C03143-SS,substation,Barwāla,Delhi,3.0334,1.2484,1.0731,1,6,1,0,0.0,0.0,0,0,0,,,train
IND-S03137,transformer_overload,india_national_20k,IN-C09427-SS,substation,Ashta,Maharashtra,5.2101,1.0954,1.0308,1,11,2,2,0.07,0.00062,62756,0,2,IN-C09427-SS|IN-C09500-SS,0|0,train
IND-S03138,high_demand,india_national_20k,IN-C11580-FD011,feeder,Chūru,Rajasthan,1.9777,1.2573,1.0789,0,5,1,0,0.0,0.0,0,0,0,,,train
IND-S03139,high_demand,india_national_20k,IN-C03287-GEN08,generator,Jūnāgadh,Gujarat,1.972,1.5371,1.0704,0,23,5,112,11.24,0.01021,16006476,0,5,IN-WR-HUB|IN-SR-HUB|IN-ER-HUB|IN-NER-HUB|IN-CHH-HUB|IN-C02530-SS|IN-C02531-SS|IN-C02533-SS|IN-GUJ-HUB|IN-C03285-SS|IN-C03286-SS|IN-C03288-SS,0|0|1|1|1|1|1|1|1|1|1|1,train
IND-S03140,high_demand,india_national_20k,IN-C19729-FD012,feeder,Kolkata,West Bengal,2.0098,1.3343,1.0501,1,10,1,0,0.09,0.0,0,0,0,,,val
IND-S03141,heatwave,india_national_20k,IN-C03059-SS,substation,Najafgarh,Delhi,1.9136,1.2185,1.1691,1,43,1,0,8.39,0.0,0,0,0,,,train
IND-S03142,line_outage,india_national_20k,IN-C04825-FD021,feeder,Bokāro,Jharkhand,2.181,1.0095,1.0443,1,8,1,0,0.0,0.0,0,0,0,,,train
IND-S03143,cascade_emergency,india_national_20k,IN-C07864-FD021,feeder,Satna,Madhya Pradesh,7.2115,1.3363,1.083,2,8,2,3,8.58,0.00257,282977,0,3,IN-C07864-SS|IN-C07864-TR02|IN-C07864-FD021,0|0|0,train
IND-S03144,heatwave,india_national_20k,IN-MAH-HUB-GEN,generator,Maharashtra Hub Generation,Maharashtra,2.6387,1.4075,1.1395,1,144,4,75,10.45,0.0094,22243677,0,3,IN-WR-HUB|IN-SR-HUB|IN-ER-HUB|IN-MAH-HUB|IN-C10362-SS|IN-ASS-HUB|IN-C01122-SS|IN-HAR-HUB|IN-C03795-SS|IN-JHA-HUB|IN-C04828-SS|IN-C04829-SS,0|0|0|0|0|1|1|1|1|1|1|1,train
IND-S03145,cascade_emergency,india_national_20k,IN-C07046-GEN02,generator,Thiruvananthapuram,Kerala,5.643,1.5338,1.0515,2,30,8,67,10.37,0.01141,23493212,0,2,IN-KER-HUB|IN-C07046-SS|IN-ER-HUB|IN-C07291-SS|IN-C07643-SS|IN-C01444-SS|IN-JHA-HUB|IN-C04828-SS|IN-C04829-SS|IN-C04830-SS|IN-C10346-SS|IN-C10353-SS,0|0|1|1|1|2|2|2|2|2|2|2,train
IND-S03146,line_outage,india_national_20k,IN-C11057-GEN08,generator,Mohali,Punjab,1.2135,1.0484,1.0182,2,22,1,0,0.0,0.0,0,0,0,,,train
IND-S03147,transformer_overload,india_national_20k,IN-C15890-SS,substation,Shergarh,Uttar Pradesh,4.8023,1.0888,1.0211,0,10,1,0,0.0,0.0,0,0,0,,,train
IND-S03148,line_outage,india_national_20k,IN-C08270-SS,substation,Dekan,Madhya Pradesh,2.3754,1.2229,1.0287,1,5,1,0,0.0,0.0,0,0,0,,,train
IND-S03149,high_demand,india_national_20k,IN-UTT-HUB-GEN,generator,Uttarakhand Hub Generation,Uttarakhand,1.6171,1.5046,1.0344,0,1,1,0,8.65,0.0,0,0,0,,,train
IND-S03150,heatwave,india_national_20k,IN-C03282-FD022,feeder,Vadodara,Gujarat,2.7,1.2213,1.1558,1,10,1,0,8.35,0.0,0,0,0,,,train
IND-S03151,high_demand,india_national_20k,IN-C12345-SS,substation,Tiruchirappalli,Tamil Nadu,1.6035,1.461,1.0324,1,260,1,0,8.55,0.0,0,0,0,,,train
IND-S03152,transformer_overload,india_national_20k,IN-C09284-FD021,feeder,Nagpur,Maharashtra,3.5471,1.2902,1.0505,1,10,1,0,0.0,0.0,0,0,0,,,train
IND-S03153,normal_operation,india_national_20k,IN-C12833-SS,substation,Kottaiyūr,Tamil Nadu,1.0388,0.9072,0.9951,0,7,1,0,0.0,0.0,0,0,0,,,train
IND-S03154,heatwave,india_national_20k,IN-C19729-SS,substation,Kolkata,West Bengal,3.3487,1.2012,1.0885,1,61,3,6,0.45,0.00947,5807089,0,4,IN-WES-HUB|IN-C19729-SS|IN-C19730-SS|IN-C19766-SS|IN-C19864-SS|IN-C19963-SS,0|0|0|1|1|1,val
IND-S03155,transformer_overload,india_national_20k,IN-C10424-FD032,feeder,Nowrangapur,Odisha,5.9145,1.0559,1.03,1,10,1,0,0.0,0.0,0,0,0,,,train
IND-S03156,high_demand,india_national_20k,IN-C19441-SS,substation,Manglaur,Uttarakhand,2.4476,1.3411,1.0844,1,115,2,3,8.51,0.00037,150789,0,3,IN-C19436-SS|IN-C19441-SS|IN-C19561-SS,0|0|0,train
IND-S03157,cascade_emergency,india_national_20k,IN-C09283-FD031,feeder,Pune,Maharashtra,6.5142,1.3971,1.0849,4,10,5,40,9.75,0.01335,15084993,0,4,IN-WR-HUB|IN-SR-HUB|IN-MAH-HUB|IN-C09283-SS|IN-C09283-TR03|IN-C09283-FD031|IN-NER-HUB|IN-C11034-SS|IN-C11047-SS|IN-C01444-SS|IN-C10290-SS|IN-C10346-SS,0|0|0|0|0|0|1|1|1|2|2|2,train
IND-S03158,line_outage,india_national_20k,IN-C16379-SS,substation,Adhāspur,Uttar Pradesh,2.0253,1.2151,1.0431,4,7,1,0,0.0,0.0,0,0,0,,,train
IND-S03159,transformer_overload,india_national_20k,IN-C03324-FD011,feeder,Kundla,Gujarat,4.8694,1.225,1.0722,1,5,1,0,0.0,0.0,0,0,0,,,train
IND-S03160,transformer_overload,india_national_20k,IN-C01119-FD011,feeder,Guwahati,Assam,4.0299,1.2626,1.0777,1,8,1,0,0.0,0.0,0,0,0,,,val
IND-S03161,line_outage,india_national_20k,IN-C15547-FD011,feeder,Lucknow,Uttar Pradesh,1.4782,1.2764,1.034,4,10,2,9,0.25,0.00194,677523,0,2,IN-C07861-SS|IN-C07885-SS|IN-C07944-SS|IN-C08085-SS|IN-C08275-SS|IN-C09141-SS|IN-C09182-SS|IN-C15547-TR01|IN-C15547-FD011,0|0|0|0|0|0|0|0|0,train
IND-S03162,normal_operation,india_national_20k,IN-C12346-FD011,feeder,Tiruppur,Tamil Nadu,1.1905,0.9774,0.9857,0,8,1,0,0.0,0.0,0,0,0,,,train
IND-S03163,high_demand,india_national_20k,IN-C02531-GEN07,generator,Raigarh,Chhattisgarh,1.9553,1.2595,1.059,0,22,1,0,0.0,0.0,0,0,0,,,train
IND-S03164,transformer_overload,india_national_20k,IN-C01385-GEN12,generator,Chāpra,Bihar,3.2361,1.1943,1.0231,0,39,1,0,0.0,0.0,0,0,0,,,val
IND-S03165,high_demand,india_national_20k,IN-C12416-FD011,feeder,Ramanathapuram,Tamil Nadu,2.7452,1.3916,1.0769,0,5,1,0,8.54,0.0,0,0,0,,,train
IND-S03166,cascade_emergency,india_national_20k,IN-C11568-GEN09,generator,Bharatpur,Rajasthan,6.6364,1.318,1.0877,5,29,1,0,8.4,0.0,0,0,0,,,train
IND-S03167,cascade_emergency,india_national_20k,IN-C11068-FD011,feeder,Zerakpur,Punjab,5.0446,1.5881,1.0937,1,5,1,0,9.02,0.0,0,0,0,,,train
IND-S03168,line_outage,india_national_20k,IN-C03816-FD011,feeder,Dabwāli,Haryana,2.2645,1.066,1.0492,1,5,1,0,0.0,0.0,0,0,0,,,train
IND-S03169,normal_operation,india_national_20k,IN-C15556-GEN11,generator,Gorakhpur,Uttar Pradesh,1.0084,1.0377,0.9829,0,116,1,0,0.0,0.0,0,0,0,,,train
IND-S03170,cascade_emergency,india_national_20k,IN-C15548-SS,substation,Agra,Uttar Pradesh,6.9721,1.3108,1.1307,3,260,1,0,8.49,0.0,0,0,0,,,train
IND-S03171,cascade_emergency,india_national_20k,IN-C19733-GEN05,generator,Āsansol,West Bengal,6.6025,1.3275,1.0674,3,22,2,6,8.48,0.00148,1331410,0,4,IN-C19731-SS|IN-C19733-SS|IN-C19755-SS|IN-C19766-SS|IN-C19864-SS|IN-C19963-SS,0|0|0|0|0|0,val
IND-S03172,normal_operation,india_national_20k,IN-C07219-SS,substation,Chendamangalam,Kerala,1.077,1.0493,1.0075,0,8,1,0,0.0,0.0,0,0,0,,,train
IND-S03173,normal_operation,india_national_20k,IN-C05538-GEN09,generator,Vijayapura,Karnataka,1.0097,0.9806,1.0069,0,50,1,0,0.0,0.0,0,0,0,,,test
IND-S03174,normal_operation,india_national_20k,IN-C05536-GEN07,generator,Davangere,Karnataka,1.1806,1.0154,1.003,0,49,1,0,0.0,0.0,0,0,0,,,test
IND-S03175,line_outage,india_national_20k,IN-C19732-GEN04,generator,Siliguri,West Bengal,2.1389,1.2858,1.0043,2,17,1,0,0.0,0.0,0,0,0,,,val
IND-S03176,cascade_emergency,india_national_20k,IN-C12576-SS,substation,Murugampālaiyam,Tamil Nadu,4.8883,1.5923,1.1743,5,10,3,109,11.87,0.02736,8633274,0,0,IN-TAM-HUB|IN-C12364-SS|IN-C12390-SS|IN-C12393-SS|IN-C12401-SS|IN-C12474-SS|IN-C12603-SS|IN-C14168-SS|IN-C14310-SS|IN-C12342-SS|IN-C12343-SS|IN-C12344-SS,0|0|0|0|0|0|0|0|0|1|1|1,train
IND-S03177,transformer_overload,india_national_20k,IN-C15612-FD011,feeder,Tāndā,Uttar Pradesh,5.354,1.2716,1.0606,0,6,3,7,0.25,0.00125,172719,0,4,IN-C15612-SS|IN-C15612-TR01|IN-C15612-FD011|IN-UTT-HUB|IN-C19438-SS|IN-C19462-SS|IN-C19475-SS,0|0|0|0|1|1|1,train
IND-S03178,line_outage,india_national_20k,IN-C13725-SS,substation,Alagiyamanavālapuram,Tamil Nadu,1.6203,1.213,1.0202,1,8,1,0,0.0,0.0,0,0,0,,,train
IND-S03179,line_outage,india_national_20k,IN-C12391-SS,substation,Mayiladuthurai,Tamil Nadu,1.8724,1.1926,1.0263,1,260,1,0,0.0,0.0,0,0,0,,,train
IND-S03180,high_demand,india_national_20k,IN-C10425-SS,substation,Bhubaneswar,Odisha,2.1531,1.4107,1.0241,1,86,2,2,8.5,0.00112,885363,0,2,IN-ODI-HUB|IN-C10425-SS,0|0,train
IND-S03181,transformer_overload,india_national_20k,IN-C15546-FD021,feeder,Kanpur,Uttar Pradesh,5.2494,1.1584,1.0678,1,10,1,0,0.0,0.0,0,0,0,,,train
IND-S03182,high_demand,india_national_20k,IN-C03058-GEN01,generator,Delhi,Delhi,2.6112,1.5487,1.0233,0,21,4,92,10.87,0.01389,27119029,0,3,IN-NR-HUB|IN-WR-HUB|IN-SR-HUB|IN-ER-HUB|IN-NER-HUB|IN-DEL-HUB|IN-C03058-SS|IN-C10362-SS|IN-JHA-HUB|IN-C04828-SS|IN-KAR-HUB|IN-C05537-SS,0|0|0|0|0|0|0|0|1|1|1|1,train
IND-S03183,high_demand,india_national_20k,IN-C07868-FD011,feeder,Murwāra,Madhya Pradesh,2.4563,1.4259,1.083,0,7,2,3,8.73,0.00142,221883,0,3,IN-C07868-SS|IN-C07868-TR01|IN-C07868-FD011,0|0|0,train
IND-S03184,normal_operation,india_national_20k,IN-MAD-HUB-GEN,generator,Madhya Pradesh Hub Generation,Madhya Pradesh,1.172,0.9226,1.0002,0,175,1,0,0.0,0.0,0,0,0,,,train
IND-S03185,normal_operation,india_national_20k,IN-C03791-SS,substation,Gurugram,Haryana,1.0927,0.9298,1.0086,0,67,1,0,0.0,0.0,0,0,0,,,train
IND-S03186,high_demand,india_national_20k,IN-C15555-FD011,feeder,Morādābād,Uttar Pradesh,2.7822,1.3224,1.0214,0,8,2,3,0.17,0.00279,721139,0,3,IN-C15555-SS|IN-C15555-TR01|IN-C15555-FD011,0|0|0,train
IND-S03187,transformer_overload,india_national_20k,IN-C07092-SS,substation,Alengād,Kerala,2.6336,1.2079,1.0224,1,7,1,0,0.0,0.0,0,0,0,,,train
IND-S03188,line_outage,india_national_20k,IN-C12394-FD011,feeder,Idaiyarpālaiyam,Tamil Nadu,1.5505,1.2166,1.0277,1,6,1,0,0.0,0.0,0,0,0,,,train
IND-S03189,line_outage,india_national_20k,IN-C07467-SS,substation,Kūttāli,Kerala,1.3893,1.0998,1.0528,2,3,1,0,0.0,0.0,0,0,0,,,train
IND-S03190,normal_operation,india_national_20k,IN-C07045-FD021,feeder,Kanayannur,Kerala,1.1213,1.0176,0.9857,0,8,1,0,0.0,0.0,0,0,0,,,train
IND-S03191,transformer_overload,india_national_20k,IN-C11057-GEN08,generator,Mohali,Punjab,3.171,1.1934,1.0656,1,22,1,0,0.0,0.0,0,0,0,,,train
IND-S03192,normal_operation,india_national_20k,IN-C15783-SS,substation,Pukhrāyān,Uttar Pradesh,1.0075,1.0298,1.019,0,7,1,0,0.0,0.0,0,0,0,,,train
IND-S03193,high_demand,india_national_20k,IN-C19729-GEN01,generator,Kolkata,West Bengal,2.733,1.2633,1.0203,1,26,3,6,0.29,0.00488,5807089,0,3,IN-WES-HUB|IN-C19729-SS|IN-C19730-SS|IN-C19766-SS|IN-C19864-SS|IN-C19963-SS,0|0|0|1|1|1,val
IND-S03194,line_outage,india_national_20k,IN-C11052-GEN03,generator,Jalandhar,Punjab,1.8259,1.2031,1.027,1,24,1,0,0.0,0.0,0,0,0,,,train
IND-S03195,normal_operation,india_national_20k,IN-C03824-SS,substation,Panipat Taraf Ansar,Haryana,1.1985,0.9192,0.993,0,22,1,0,0.0,0.0,0,0,0,,,train
IND-S03196,transformer_overload,india_national_20k,IN-C19730-GEN02,generator,Howrah,West Bengal,2.9218,1.194,1.0034,1,27,3,6,0.25,0.00365,5807089,0,3,IN-WES-HUB|IN-C19729-SS|IN-C19730-SS|IN-C19766-SS|IN-C19864-SS|IN-C19963-SS,0|0|0|1|1|1,val
IND-S03197,heatwave,india_national_20k,IN-C11622-SS,substation,Dīg,Rajasthan,2.8603,1.2193,1.2179,0,9,1,0,8.51,0.0,0,0,0,,,train
IND-S03198,high_demand,india_national_20k,IN-C19742-FD021,feeder,Bārāsat,West Bengal,1.7463,1.3715,1.0469,0,6,1,0,8.4,0.0,0,0,0,,,val
IND-S03199,heatwave,india_national_20k,IN-C09286-FD021,feeder,Pimpri-Chinchwad,Maharashtra,1.5323,1.2026,1.087,2,10,2,2,0.08,0.00104,0,0,2,IN-C09286-TR02|IN-C09286-FD021,0|0,train
IND-S03200,normal_operation,india_national_20k,IN-C07250-SS,substation,Kumārapuram,Kerala,1.0155,1.0458,0.9926,0,7,1,0,0.0,0.0,0,0,0,,,train
IND-S03201,cascade_emergency,india_national_20k,IN-C12344-SS,substation,Tirunelveli,Tamil Nadu,6.8305,1.4426,1.1394,2,260,5,92,10.81,0.00869,20073285,0,10,IN-SR-HUB|IN-ER-HUB|IN-NER-HUB|IN-KAR-HUB|IN-C05537-SS|IN-C05539-SS|IN-C05540-SS|IN-C10346-SS|IN-C10362-SS|IN-C11034-SS|IN-C11047-SS|IN-TAM-HUB,0|1|1|1|1|1|1|1|1|1|1|1,train
IND-S03202,cascade_emergency,india_national_20k,IN-C07053-FD011,feeder,Kanhangad,Kerala,5.7664,1.422,1.1391,1,7,8,70,10.43,0.01034,23162033,0,2,IN-KER-HUB|IN-C07053-SS|IN-ER-HUB|IN-C07291-SS|IN-C07643-SS|IN-C01444-SS|IN-JHA-HUB|IN-C04828-SS|IN-C04829-SS|IN-C04830-SS|IN-C04832-SS|IN-C10346-SS,0|0|1|1|1|2|2|2|2|2|2|2,train
IND-S03203,line_outage,india_national_20k,IN-C07048-GEN04,generator,Kozhikode,Kerala,1.2825,1.125,1.009,4,29,1,0,0.0,0.0,0,0,0,,,train
IND-S03204,heatwave,india_national_20k,IN-C19768-SS,substation,Hālīsahar,West Bengal,1.9779,1.3202,1.0857,1,16,1,0,8.38,0.0,0,0,0,,,val
IND-S03205,line_outage,india_national_20k,IN-C12344-SS,substation,Tirunelveli,Tamil Nadu,2.2812,1.0769,1.0449,1,260,1,0,0.0,0.0,0,0,0,,,train
IND-S03206,normal_operation,india_national_20k,IN-C01214-SS,substation,Sarupathar,Assam,1.1171,0.9494,0.9908,0,3,1,0,0.0,0.0,0,0,0,,,val
IND-S03207,normal_operation,india_national_20k,IN-C10281-SS,substation,Moirāng,Manipur,1.1635,0.8637,1.0095,0,8,1,0,0.0,0.0,0,0,0,,,train
IND-S03208,high_demand,india_national_20k,IN-C09284-FD021,feeder,Nagpur,Maharashtra,1.5725,1.5271,1.0582,0,10,2,3,8.95,0.00291,2405665,0,3,IN-C09284-SS|IN-C09284-TR02|IN-C09284-FD021,0|0|0,train
IND-S03209,cascade_emergency,india_national_20k,IN-C15823-SS,substation,Parīchhatgarh,Uttar Pradesh,7.6363,1.5488,1.0662,2,13,1,0,8.86,0.0,0,0,0,,,train
IND-S03210,transformer_overload,india_national_20k,IN-C15548-FD011,feeder,Agra,Uttar Pradesh,3.4809,1.0163,1.0332,0,10,2,3,0.16,0.0028,1430055,0,3,IN-C15548-SS|IN-C15548-TR01|IN-C15548-FD011,0|0|0,train
IND-S03211,line_outage,india_national_20k,IN-C12343-GEN04,generator,Madurai,Tamil Nadu,1.2459,1.0531,1.0338,4,80,1,0,0.0,0.0,0,0,0,,,train
IND-S03212,line_outage,india_national_20k,IN-C09286-GEN05,generator,Pimpri-Chinchwad,Maharashtra,2.3867,1.2019,1.0482,3,44,5,23,0.8,0.00516,7997033,0,5,IN-WR-HUB|IN-MAH-HUB|IN-C09286-SS|IN-C09288-SS|IN-C09950-SS|IN-ER-HUB|IN-NER-HUB|IN-C10346-SS|IN-C10353-SS|IN-C10360-SS|IN-C10362-SS|IN-C10384-SS,0|0|0|0|0|1|1|2|2|2|2|2,train
IND-S03213,heatwave,india_national_20k,IN-C15556-FD011,feeder,Gorakhpur,Uttar Pradesh,3.3005,1.185,1.1962,0,8,2,3,8.53,0.00302,674246,0,3,IN-C15556-SS|IN-C15556-TR01|IN-C15556-FD011,0|0|0,train
IND-S03214,normal_operation,india_national_20k,IN-C09284-FD011,feeder,Nagpur,Maharashtra,1.1365,0.9468,0.9936,0,10,1,0,0.0,0.0,0,0,0,,,train
IND-S03215,high_demand,india_national_20k,IN-C11589-FD011,feeder,Bānswāra,Rajasthan,2.3743,1.4085,1.0765,1,5,1,0,8.57,0.0,0,0,0,,,train
IND-S03216,normal_operation,india_national_20k,IN-C09285-GEN04,generator,Thāne,Maharashtra,1.1447,0.9098,0.9856,0,43,1,0,0.0,0.0,0,0,0,,,train
IND-S03217,cascade_emergency,india_national_20k,IN-C15547-FD012,feeder,Lucknow,Uttar Pradesh,7.0922,1.536,1.1759,3,10,7,991,33.49,0.20046,68531995,0,4,IN-NR-HUB|IN-WR-HUB|IN-SR-HUB|IN-ER-HUB|IN-NER-HUB|IN-KER-HUB|IN-C07054-SS|IN-C10346-SS|IN-C10362-SS|IN-C15547-SS|IN-C15600-SS|IN-C15547-TR01,0|0|0|0|0|0|0|0|0|0|0|0,train
IND-S03218,cascade_emergency,india_national_20k,IN-C12477-SS,substation,Pallipalayam,Tamil Nadu,4.1312,1.5751,1.148,4,4,8,1200,36.81,0.19036,56392732,0,0,IN-C19755-SS|IN-C19766-SS|IN-C19864-SS|IN-SR-HUB|IN-ER-HUB|IN-NER-HUB|IN-WES-HUB|IN-C19733-SS|IN-C10362-SS|IN-C10346-SS|IN-C10360-SS|IN-C15523-SS,0|0|0|1|1|1|1|1|2|2|2|2,train
IND-S03219,cascade_emergency,india_national_20k,IN-C00020-GEN04,generator,Guntur,Andhra Pradesh,7.8721,1.4159,1.163,5,40,2,5,8.96,0.0001,166437,0,5,IN-AND-HUB|IN-C00037-SS|IN-C00715-SS|IN-C00747-SS|IN-C00866-SS,0|0|0|0|0,test
IND-S03220,line_outage,india_national_20k,IN-C02528-GEN04,generator,Bilāspur,Chhattisgarh,2.2798,1.1938,1.0368,2,25,1,0,0.0,0.0,0,0,0,,,train
IND-S03221,line_outage,india_national_20k,IN-C19733-GEN05,generator,Āsansol,West Bengal,2.322,1.1578,1.0485,3,22,2,6,0.15,0.00097,1331410,0,4,IN-C19731-SS|IN-C19733-SS|IN-C19755-SS|IN-C19766-SS|IN-C19864-SS|IN-C19963-SS,0|0|0|0|0|0,val
IND-S03222,heatwave,india_national_20k,IN-C01148-SS,substation,Margherita,Assam,1.9019,1.3112,1.0888,1,4,1,0,8.4,0.0,0,0,0,,,val
IND-S03223,line_outage,india_national_20k,IN-C15553-GEN08,generator,Alīgarh,Uttar Pradesh,1.6104,1.0506,1.0005,2,116,1,0,0.0,0.0,0,0,0,,,train
IND-S03224,line_outage,india_national_20k,IN-C03316-FD011,feeder,Ankleshwar,Gujarat,2.4129,1.2363,1.0069,4,5,1,0,0.0,0.0,0,0,0,,,train
IND-S03225,normal_operation,india_national_20k,IN-C12348-GEN09,generator,Erode,Tamil Nadu,1.0153,0.9173,1.01,0,73,1,0,0.0,0.0,0,0,0,,,train
IND-S03226,heatwave,india_national_20k,IN-C00020-SS,substation,Guntur,Andhra Pradesh,1.9039,1.3836,1.0977,2,150,2,5,8.66,0.0001,166437,0,5,IN-AND-HUB|IN-C00037-SS|IN-C00715-SS|IN-C00747-SS|IN-C00866-SS,0|0|0|0|0,test
IND-S03227,normal_operation,india_national_20k,IN-C15592-SS,substation,Deoria,Uttar Pradesh,1.0123,0.9572,1.0077,0,260,1,0,0.0,0.0,0,0,0,,,train
IND-S03228,normal_operation,india_national_20k,IN-C11579-SS,substation,Sawai Madhopur,Rajasthan,1.0668,1.0167,1.0119,0,5,1,0,0.0,0.0,0,0,0,,,train
IND-S03229,heatwave,india_national_20k,IN-C08360-SS,substation,Achalganj,Madhya Pradesh,3.1451,1.339,1.133,0,3,1,0,8.57,0.0,0,0,0,,,train
IND-S03230,normal_operation,india_national_20k,IN-C01438-SS,substation,Bakhtiarpur,Bihar,1.0503,0.9099,1.0171,0,5,1,0,0.0,0.0,0,0,0,,,val
IND-S03231,cascade_emergency,india_national_20k,IN-C03058-GEN01,generator,Delhi,Delhi,8.7138,1.512,1.1148,5,21,5,121,11.69,0.01793,22488008,0,3,IN-NR-HUB|IN-WR-HUB|IN-SR-HUB|IN-ER-HUB|IN-NER-HUB|IN-C00037-SS|IN-C00715-SS|IN-C00747-SS|IN-C00866-SS|IN-DEL-HUB|IN-C03058-SS|IN-KER-HUB,0|0|0|0|0|0|0|0|0|0|0|0,train
IND-S03232,cascade_emergency,india_national_20k,IN-C03286-GEN07,generator,Bilimora,Gujarat,4.1615,1.3799,1.1125,3,24,5,53,9.7,0.00406,12734842,0,3,IN-WR-HUB|IN-SR-HUB|IN-NER-HUB|IN-GUJ-HUB|IN-C03285-SS|IN-C11034-SS|IN-C11047-SS|IN-C01444-SS|IN-C10290-SS|IN-C10346-SS|IN-C10353-SS|IN-C10360-SS,0|0|1|1|1|1|1|2|2|2|2|2,train
IND-S03233,cascade_emergency,india_national_20k,IN-C10431-GEN08,generator,Sambalpur,Odisha,6.6206,1.3481,1.0852,4,25,2,2,8.51,0.00036,189366,0,2,IN-ODI-HUB|IN-C10431-SS,0|0,train
IND-S03234,heatwave,india_national_20k,IN-C02530-FD011,feeder,Rāj-Nāndgaon,Chhattisgarh,2.7119,1.3897,1.1932,2,7,2,3,9.01,0.00114,163114,0,3,IN-C02530-SS|IN-C02530-TR01|IN-C02530-FD011,0|0|0,train
IND-S03235,line_outage,india_national_20k,IN-C04484-SS,substation,Srinagar,Jammu and Kashmir,1.3416,1.1886,1.0304,4,61,1,0,0.0,0.0,0,0,0,,,train
IND-S03236,heatwave,india_national_20k,IN-C15568-FD021,feeder,Kushinagar,Uttar Pradesh,1.9905,1.4079,1.2048,2,7,8,95,11.31,0.01867,44096804,0,4,IN-C15568-SS|IN-C15568-TR02|IN-C15568-FD021|IN-UTT-HUB|IN-WR-HUB|IN-C01444-SS|IN-C01445-SS|IN-C01481-SS|IN-CHH-HUB|IN-C02535-SS|IN-C02780-SS|IN-DEL-HUB,0|0|0|0|1|1|1|1|1|1|1|1,train
IND-S03237,transformer_overload,india_national_20k,IN-C01484-SS,substation,Murlīganj,Bihar,5.3738,1.1473,1.0277,1,5,1,0,0.0,0.0,0,0,0,,,val
IND-S03238,normal_operation,india_national_20k,IN-C01377-GEN04,generator,Muzaffarpur,Bihar,1.0367,1.0441,0.9913,0,42,1,0,0.0,0.0,0,0,0,,,val
IND-S03239,heatwave,india_national_20k,IN-C00019-FD031,feeder,Visakhapatnam,Andhra Pradesh,2.1436,1.4219,1.1059,1,10,1,0,8.67,0.0,0,0,0,,,test
IND-S03240,cascade_emergency,india_national_20k,IN-C03060-SS,substation,Narela,Delhi,4.2659,1.5898,1.1026,2,36,2,2,9.06,5e-05,86195,0,0,IN-TAM-HUB|IN-C12392-SS,0|0,train
IND-S03241,transformer_overload,india_national_20k,IN-C09537-SS,substation,Ghātanji,Maharashtra,4.7006,1.088,1.0708,0,4,1,0,0.0,0.0,0,0,0,,,train
IND-S03242,heatwave,india_national_20k,IN-C09290-GEN09,generator,Dombivali,Maharashtra,2.4184,1.3359,1.1824,2,40,5,90,10.68,0.0106,16498123,0,6,IN-WR-HUB|IN-SR-HUB|IN-MAH-HUB|IN-C09289-SS|IN-C09290-SS|IN-C09301-SS|IN-C09312-SS|IN-C09473-SS|IN-ER-HUB|IN-NER-HUB|IN-C11034-SS|IN-C11047-SS,0|0|0|0|0|0|0|0|1|1|1|1,train
IND-S03243,line_outage,india_national_20k,IN-UTT-HUB-GEN,generator,Uttarakhand Hub Generation,Uttarakhand,2.4422,1.0092,1.0231,2,1,1,0,0.0,0.0,0,0,0,,,train
IND-S03244,cascade_emergency,india_national_20k,IN-C03058-GEN01,generator,Delhi,Delhi,7.1124,1.5828,1.1796,4,21,6,974,32.5,0.18111,66214276,0,4,IN-NR-HUB|IN-WR-HUB|IN-SR-HUB|IN-ER-HUB|IN-NER-HUB|IN-C00037-SS|IN-C00715-SS|IN-C00747-SS|IN-C00866-SS|IN-DEL-HUB|IN-C03058-SS|IN-KER-HUB,0|0|0|0|0|0|0|0|0|0|0|0,train
IND-S03245,transformer_overload,india_national_20k,IN-C11189-SS,substation,Bhattiān,Punjab,2.1481,1.0715,1.024,0,32,1,0,0.0,0.0,0,0,0,,,train
IND-S03246,high_demand,india_national_20k,IN-C13452-SS,substation,Adavallikūttan,Tamil Nadu,2.514,1.3677,1.0211,1,4,1,0,0.0,0.0,0,0,0,,,train
IND-S03247,line_outage,india_national_20k,IN-C19438-FD011,feeder,Rishīkesh,Uttarakhand,1.5234,1.2095,1.0496,1,6,1,0,0.0,0.0,0,0,0,,,train
IND-S03248,cascade_emergency,india_national_20k,IN-C05601-SS,substation,Harpanahalli,Karnataka,8.6564,1.4824,1.1161,2,8,1,0,8.89,0.0,0,0,0,,,test
IND-S03249,heatwave,india_national_20k,IN-C11562-FD012,feeder,Kota,Rajasthan,3.0987,1.4067,1.1664,0,10,2,3,8.95,0.00181,1001694,0,3,IN-C11562-SS|IN-C11562-TR01|IN-C11562-FD012,0|0|0,train
IND-S03250,normal_operation,india_national_20k,IN-C05713-SS,substation,Mundgod,Karnataka,1.1756,0.9754,1.0156,0,5,1,0,0.0,0.0,0,0,0,,,test
IND-S03251,line_outage,india_national_20k,IN-C09295-FD011,feeder,Bhayandar,Maharashtra,2.3214,1.2286,1.0227,2,7,2,3,0.15,0.00269,809378,0,3,IN-C09295-SS|IN-C09295-TR01|IN-C09295-FD011,0|0|0,train
IND-S03252,heatwave,india_national_20k,IN-C09300-SS,substation,Kolhāpur,Maharashtra,2.5925,1.2113,1.1377,2,148,2,3,0.1,0.00097,581727,0,3,IN-C09300-SS|IN-C09527-SS|IN-C09677-SS,0|0|0,train
IND-S03253,cascade_emergency,india_national_20k,IN-C07045-FD021,feeder,Kanayannur,Kerala,8.0736,1.4422,1.0592,4,8,2,7,9.05,0.00899,1509176,0,6,IN-KER-HUB|IN-C07045-SS|IN-C07047-SS|IN-C07291-SS|IN-C07643-SS|IN-C07045-TR02|IN-C07045-FD021,0|0|0|0|0|0|0,train
IND-S03254,heatwave,india_national_20k,IN-C12349-GEN10,generator,Vellore,Tamil Nadu,3.2237,1.383,1.1596,1,73,5,61,10.13,0.00756,12109819,0,9,IN-SR-HUB|IN-ER-HUB|IN-NER-HUB|IN-KAR-HUB|IN-C05537-SS|IN-C05539-SS|IN-C05540-SS|IN-C11034-SS|IN-C11047-SS|IN-TAM-HUB|IN-C12345-SS|IN-C12347-SS,0|1|1|1|1|1|1|1|1|1|1|1,train
IND-S03255,line_outage,india_national_20k,IN-C01570-SS,substation,Lāu,Bihar,2.1173,1.2165,1.0134,3,5,1,0,0.0,0.0,0,0,0,,,val
IND-S03256,cascade_emergency,india_national_20k,IN-C05530-FD032,feeder,Bengaluru,Karnataka,8.5623,1.5479,1.1467,4,10,6,787,28.34,0.15642,85699527,0,4,IN-SR-HUB|IN-ER-HUB|IN-KAR-HUB|IN-C05530-SS|IN-C05530-TR03|IN-C05530-FD032|IN-KER-HUB|IN-C07054-SS|IN-C10346-SS|IN-C10353-SS|IN-C10362-SS|IN-C10384-SS,0|0|0|0|0|0|0|0|0|0|0|0,test
IND-S03257,line_outage,india_national_20k,IN-C05565-FD011,feeder,Chintamani,Karnataka,1.3069,1.1134,1.0482,3,6,1,0,0.0,0.0,0,0,0,,,test
IND-S03258,high_demand,india_national_20k,IN-C10442-SS,substation,Rāyagada,Odisha,1.7641,1.4245,1.049,0,10,1,0,8.52,0.0,0,0,0,,,train
IND-S03259,cascade_emergency,india_national_20k,IN-C04484-FD012,feeder,Srinagar,Jammu and Kashmir,8.1748,1.5691,1.1457,4,10,6,950,32.14,0.18167,72683896,0,4,IN-NR-HUB|IN-WR-HUB|IN-ER-HUB|IN-NER-HUB|IN-JAM-HUB|IN-C04484-SS|IN-C04484-TR01|IN-C04484-FD012|IN-C10362-SS|IN-C15600-SS|IN-UTT-HUB|IN-C19963-SS,0|0|0|0|0|0|0|0|1|1|1|1,train
IND-S03260,normal_operation,india_national_20k,IN-C19773-FD011,feeder,Bhadreswar,West Bengal,1.1554,0.9993,0.9864,0,5,1,0,0.0,0.0,0,0,0,,,val
IND-S03261,line_outage,india_national_20k,IN-C15684-SS,substation,Thakurdwara,Uttar Pradesh,1.6275,1.0578,1.0007,4,3,1,0,0.0,0.0,0,0,0,,,train
IND-S03262,transformer_overload,india_national_20k,IN-C19730-FD022,feeder,Howrah,West Bengal,5.8591,1.2055,1.0743,1,10,1,0,0.0,0.0,0,0,0,,,val
IND-S03263,line_outage,india_national_20k,IN-C03281-GEN02,generator,Surat,Gujarat,1.8224,1.2374,1.0507,1,29,2,2,0.16,0.00327,4591246,0,2,IN-GUJ-HUB|IN-C03281-SS,0|0,train
IND-S03264,normal_operation,india_national_20k,IN-C07918-SS,substation,Shujālpur,Madhya Pradesh,1.1988,0.9679,0.9918,0,7,1,0,0.0,0.0,0,0,0,,,train
IND-S03265,line_outage,india_national_20k,IN-C05551-FD011,feeder,Kolār,Karnataka,1.7819,1.1333,1.0304,3,6,2,4,0.1,0.00066,138462,0,4,IN-KAR-HUB|IN-C05551-SS|IN-C05551-TR01|IN-C05551-FD011,0|0|0|0,test
IND-S03266,normal_operation,india_national_20k,IN-C07045-GEN01,generator,Kanayannur,Kerala,1.177,1.0082,0.9844,0,29,1,0,0.0,0.0,0,0,0,,,train
IND-S03267,line_outage,india_national_20k,IN-C11114-SS,substation,Jandiāla,Punjab,1.8255,1.2093,1.0598,4,7,2,1,0.02,6e-05,24900,0,0,IN-C10278-SS,0,train
IND-S03268,transformer_overload,india_national_20k,IN-C11701-SS,substation,Sāngaria,Rajasthan,2.1774,1.2223,1.0531,1,34,2,1,0.03,0.00013,38429,0,1,IN-C11636-SS,0,train
IND-S03269,cascade_emergency,india_national_20k,IN-C15501-GEN01,generator,Agartala,Tripura,6.6977,1.5972,1.1579,4,15,8,1091,34.98,0.19305,54549958,0,5,IN-NER-HUB|IN-TRI-HUB|IN-C15501-SS|IN-C15502-SS|IN-C15503-SS|IN-C15504-SS|IN-C15506-SS|IN-C15516-SS|IN-C15523-SS|IN-C15525-SS|IN-C15529-SS|IN-C15530-SS,0|0|0|0|0|0|0|0|0|0|0|0,train
IND-S03270,cascade_emergency,india_national_20k,IN-C09288-FD022,feeder,Pimpri,Maharashtra,4.3869,1.4438,1.1524,4,10,6,121,11.63,0.0159,22285189,0,4,IN-WR-HUB|IN-C09288-SS|IN-C09288-TR02|IN-C09288-FD022|IN-ER-HUB|IN-NER-HUB|IN-CHH-HUB|IN-C02530-SS|IN-C02531-SS|IN-C02533-SS|IN-MAH-HUB|IN-C09291-SS,0|0|0|0|1|1|1|1|1|1|1|1,train
IND-S03271,normal_operation,india_national_20k,IN-C07050-GEN06,generator,Thrissur,Kerala,1.0266,0.9452,0.9857,0,29,1,0,0.0,0.0,0,0,0,,,train
IND-S03272,normal_operation,india_national_20k,IN-C12696-SS,substation,Tiruppālai,Tamil Nadu,1.0316,0.881,1.0037,0,6,1,0,0.0,0.0,0,0,0,,,train
IND-S03273,normal_operation,india_national_20k,IN-C00056-FD011,feeder,Anakapalle,Andhra Pradesh,1.0863,0.923,1.0018,0,5,1,0,0.0,0.0,0,0,0,,,test
IND-S03274,cascade_emergency,india_national_20k,IN-C07865-GEN09,generator,Saugor,Madhya Pradesh,6.8803,1.5758,1.1128,3,46,5,137,12.28,0.0243,47835200,0,5,IN-WR-HUB|IN-SR-HUB|IN-ER-HUB|IN-TAM-HUB|IN-C12390-SS|IN-C12474-SS|IN-C14168-SS|IN-C14310-SS|IN-C15557-SS|IN-UTT-HUB|IN-C00017-SS|IN-C00028-SS,0|0|0|0|0|0|0|0|0|0|1|1,train
IND-S03275,cascade_emergency,india_national_20k,IN-AND-HUB-GEN,generator,Andhra Pradesh Hub Generation,Andhra Pradesh,8.5047,1.4493,1.1289,5,1,1,0,8.82,0.0,0,0,0,,,test
IND-S03276,cascade_emergency,india_national_20k,IN-C05543-SS,substation,Hosapete,Karnataka,5.39,1.4007,1.08,2,182,2,2,8.62,0.00066,206167,0,2,IN-KAR-HUB|IN-C05543-SS,0|0,test
IND-S03277,cascade_emergency,india_national_20k,IN-C09289-FD032,feeder,Kalyān,Maharashtra,5.7438,1.4835,1.1296,3,10,6,79,10.86,0.01489,26145065,0,5,IN-WR-HUB|IN-SR-HUB|IN-C09289-SS|IN-C09290-SS|IN-C09301-SS|IN-C09289-TR03|IN-C09289-FD032|IN-ER-HUB|IN-NER-HUB|IN-CHH-HUB|IN-C02530-SS|IN-C02531-SS,0|0|0|0|0|0|0|1|1|1|1|1,train
IND-S03278,normal_operation,india_national_20k,IN-C19754-FD011,feeder,Madhyamgram,West Bengal,1.1492,1.0396,0.9936,0,5,1,0,0.0,0.0,0,0,0,,,val
IND-S03279,high_demand,india_national_20k,IN-C05549-FD011,feeder,Hassan,Karnataka,2.8634,1.3363,1.0755,0,6,2,4,8.52,0.00114,155006,0,4,IN-KAR-HUB|IN-C05549-SS|IN-C05549-TR01|IN-C05549-FD011,0|0|0|0,test
IND-S03280,normal_operation,india_national_20k,IN-C03281-SS,substation,Surat,Gujarat,1.1059,1.0189,1.02,0,89,1,0,0.0,0.0,0,0,0,,,train
IND-S03281,high_demand,india_national_20k,IN-C09284-GEN03,generator,Nagpur,Maharashtra,2.6803,1.2691,1.0848,0,43,5,35,1.4,0.00868,19883435,0,3,IN-WR-HUB|IN-MAH-HUB|IN-C09284-SS|IN-ER-HUB|IN-NER-HUB|IN-C10290-SS|IN-C10346-SS|IN-C10353-SS|IN-C10360-SS|IN-C10362-SS|IN-C10384-SS|IN-NAG-HUB,0|0|0|1|1|2|2|2|2|2|2|2,train
IND-S03282,heatwave,india_national_20k,IN-C09282-GEN01,generator,Mumbai,Maharashtra,1.546,1.2107,1.1318,1,41,5,39,1.49,0.0105,32131594,0,7,IN-WR-HUB|IN-MAH-HUB|IN-C09282-SS|IN-C09285-SS|IN-C09328-SS|IN-C09548-SS|IN-C10093-SS|IN-ER-HUB|IN-NER-HUB|IN-C10290-SS|IN-C10346-SS|IN-C10353-SS,0|0|0|0|0|0|0|1|1|2|2|2,train
IND-S03283,high_demand,india_national_20k,IN-C09299-FD021,feeder,Nanded,Maharashtra,2.2326,1.484,1.0459,1,7,1,0,8.64,0.0,0,0,0,,,train
IND-S03284,normal_operation,india_national_20k,IN-C11571-GEN12,generator,Pāli,Rajasthan,1.0658,0.9151,0.9982,0,30,1,0,0.0,0.0,0,0,0,,,train
IND-S03285,transformer_overload,india_national_20k,IN-C15553-GEN08,generator,Alīgarh,Uttar Pradesh,5.3879,1.2973,1.0772,1,116,3,5,0.82,0.00014,184108,0,3,IN-C15605-SS|IN-UTT-HUB|IN-C19438-SS|IN-C19462-SS|IN-C19475-SS,0|0|1|1|1,train
IND-S03286,line_outage,india_national_20k,IN-C12715-SS,substation,Tondi,Tamil Nadu,1.2206,1.2982,1.0007,2,5,1,0,0.0,0.0,0,0,0,,,train
IND-S03287,high_demand,india_national_20k,IN-C15549-GEN04,generator,Meerut,Uttar Pradesh,2.4662,1.4291,1.044,1,119,4,34,9.29,0.00446,13001000,0,4,IN-NR-HUB|IN-WR-HUB|IN-NER-HUB|IN-C15549-SS|IN-UTT-HUB|IN-DEL-HUB|IN-C03058-SS|IN-C10290-SS|IN-C10346-SS|IN-C10353-SS|IN-C10360-SS|IN-C10362-SS,0|0|0|0|0|1|1|1|1|1|1|1,train
IND-S03288,heatwave,india_national_20k,IN-C09306-FD021,feeder,Dhule,Maharashtra,3.0593,1.1709,1.127,1,6,1,0,0.0,0.0,0,0,0,,,train
IND-S03289,cascade_emergency,india_national_20k,IN-C05555-FD011,feeder,Gangavati,Karnataka,7.1093,1.456,1.1718,5,6,6,97,11.31,0.01687,38699008,0,4,IN-SR-HUB|IN-KAR-HUB|IN-C05555-SS|IN-C05555-TR01|IN-C05555-FD011|IN-C13099-SS|IN-C14502-SS|IN-ER-HUB|IN-NER-HUB|IN-C07848-SS|IN-C10346-SS|IN-C10353-SS,0|0|0|0|0|0|0|1|1|1|1|1,test
IND-S03290,line_outage,india_national_20k,IN-C07860-FD032,feeder,Gwalior,Madhya Pradesh,2.4154,1.2013,1.0557,4,10,2,3,0.12,0.00162,1054420,0,3,IN-C07860-SS|IN-C07860-TR03|IN-C07860-FD032,0|0|0,train
IND-S03291,cascade_emergency,india_national_20k,IN-C11579-FD011,feeder,Sawai Madhopur,Rajasthan,4.5732,1.5827,1.1359,3,5,1,0,9.0,0.0,0,0,0,,,train
IND-S03292,high_demand,india_national_20k,IN-C12348-GEN09,generator,Erode,Tamil Nadu,1.6177,1.3722,1.0816,1,73,5,27,9.02,0.00082,596937,0,3,IN-SR-HUB|IN-TAM-HUB|IN-C12364-SS|IN-NER-HUB|IN-C11034-SS|IN-C11047-SS|IN-C01444-SS|IN-C10290-SS|IN-C10346-SS|IN-C10353-SS|IN-C10360-SS|IN-C10362-SS,0|0|0|1|1|1|2|2|2|2|2|2,train
IND-S03293,normal_operation,india_national_20k,IN-C04857-SS,substation,Ghātsīla,Jharkhand,1.093,0.8946,0.9811,0,4,1,0,0.0,0.0,0,0,0,,,train
IND-S03294,high_demand,india_national_20k,IN-C11561-FD032,feeder,Jodhpur,Rajasthan,2.1241,1.361,1.0988,1,10,1,0,8.53,0.0,0,0,0,,,train
IND-S03295,line_outage,india_national_20k,IN-C14844-FD011,feeder,Hyderabad,Telangana,1.5733,1.2491,1.0494,3,10,2,2,0.14,0.00258,0,0,2,IN-C14844-TR01|IN-C14844-FD011,0|0,train
IND-S03296,line_outage,india_national_20k,IN-C12347-GEN08,generator,Salem,Tamil Nadu,1.599,1.1453,1.0594,2,73,1,0,0.0,0.0,0,0,0,,,train
IND-S03297,transformer_overload,india_national_20k,IN-WES-HUB-GEN,generator,West Bengal Hub Generation,West Bengal,2.6397,1.0571,1.0556,1,44,1,0,0.0,0.0,0,0,0,,,val
IND-S03298,high_demand,india_national_20k,IN-C19729-GEN01,generator,Kolkata,West Bengal,1.5584,1.4362,1.0685,1,26,3,6,8.84,0.00373,5807089,0,3,IN-WES-HUB|IN-C19729-SS|IN-C19730-SS|IN-C19766-SS|IN-C19864-SS|IN-C19963-SS,0|0|0|1|1|1,val
IND-S03299,transformer_overload,india_national_20k,IN-C15601-FD011,feeder,Kanpur Cantonment,Uttar Pradesh,4.2115,1.0739,1.0071,1,7,1,0,0.0,0.0,0,0,0,,,train
IND-S03300,cascade_emergency,india_national_20k,IN-C04418-SS,substation,Arar,Himachal Pradesh,8.535,1.336,1.1779,1,7,1,0,8.68,0.0,0,0,0,,,train
IND-S03301,normal_operation,india_national_20k,IN-C01404-FD011,feeder,Bāruni,Bihar,1.1607,0.8656,0.9905,0,5,1,0,0.0,0.0,0,0,0,,,val
IND-S03302,heatwave,india_national_20k,IN-C15547-GEN02,generator,Lucknow,Uttar Pradesh,3.0353,1.417,1.1584,2,120,6,64,10.45,0.01254,25684279,0,7,IN-NR-HUB|IN-WR-HUB|IN-ER-HUB|IN-NER-HUB|IN-C15547-SS|IN-C15583-SS|IN-C15601-SS|IN-C19257-SS|IN-UTT-HUB|IN-C01444-SS|IN-CHH-HUB|IN-C02530-SS,0|0|0|0|0|0|0|0|0|1|1|1,train
IND-S03303,heatwave,india_national_20k,IN-C12340-SS,substation,Chennai,Tamil Nadu,2.6497,1.4477,1.1458,1,260,2,6,9.25,0.00673,4846780,0,6,IN-TAM-HUB|IN-C12340-SS|IN-C12392-SS|IN-C12427-SS|IN-C12699-SS|IN-C14244-SS,0|0|0|0|0|0,train
IND-S03304,line_outage,india_national_20k,IN-C04487-GEN04,generator,Soyībug,Jammu and Kashmir,1.6295,1.2936,1.0235,3,17,1,0,0.0,0.0,0,0,0,,,train
IND-S03305,heatwave,india_national_20k,IN-C01382-FD021,feeder,Begusarai,Bihar,2.2109,1.3636,1.1026,2,8,2,3,8.61,0.00081,252008,0,3,IN-C01382-SS|IN-C01382-TR02|IN-C01382-FD021,0|0|0,val
IND-S03306,normal_operation,india_national_20k,IN-C19733-GEN05,generator,Āsansol,West Bengal,1.1859,0.9995,0.988,0,22,2,2,0.04,4e-05,16764,0,1,IN-C19864-SS|IN-C19963-SS,0|0,val
IND-S03307,cascade_emergency,india_national_20k,IN-C11560-SS,substation,Jaipur,Rajasthan,8.8304,1.3128,1.0726,2,127,4,80,10.58,0.02319,21891434,0,10,IN-NR-HUB|IN-WR-HUB|IN-NER-HUB|IN-RAJ-HUB|IN-C11560-SS|IN-C11817-SS|IN-C12101-SS|IN-C12276-SS|IN-DEL-HUB|IN-C03058-SS|IN-C10290-SS|IN-C10346-SS,0|0|0|0|0|0|0|0|1|1|1|1,train
IND-S03308,transformer_overload,india_national_20k,IN-C05537-FD011,feeder,Ballari,Karnataka,4.3527,1.2999,1.064,1,8,2,2,0.08,0.00024,410445,0,2,IN-KAR-HUB|IN-C05537-SS,0|0,test
IND-S03309,cascade_emergency,india_national_20k,IN-C11570-GEN11,generator,Sri Ganganagar,Rajasthan,8.3869,1.4521,1.0661,2,29,1,0,8.62,0.0,0,0,0,,,train
IND-S03310,line_outage,india_national_20k,IN-C04824-FD031,feeder,Ranchi,Jharkhand,2.2195,1.2461,1.0219,4,10,2,3,0.12,0.00164,1120374,0,3,IN-C04824-SS|IN-C04824-TR03|IN-C04824-FD031,0|0|0,train
IND-S03311,line_outage,india_national_20k,IN-C01380-FD021,feeder,Purnia,Bihar,2.1339,1.2385,1.033,2,8,2,3,0.09,0.00088,282248,0,3,IN-C01380-SS|IN-C01380-TR02|IN-C01380-FD021,0|0|0,val
IND-S03312,line_outage,india_national_20k,IN-C01375-GEN02,generator,Gaya,Bihar,1.5006,1.1973,1.0243,2,38,1,0,0.0,0.0,0,0,0,,,val
IND-S03313,high_demand,india_national_20k,IN-C03290-SS,substation,Nadiād,Gujarat,1.9289,1.3634,1.086,0,86,1,0,8.51,0.0,0,0,0,,,train
IND-S03314,high_demand,india_national_20k,IN-C11567-GEN08,generator,Alwar,Rajasthan,2.2548,1.2619,1.0361,1,30,1,0,0.0,0.0,0,0,0,,,train
IND-S03315,transformer_overload,india_national_20k,IN-C01379-SS,substation,Darbhanga,Bihar,3.2779,1.2363,1.0092,1,140,2,1,0.02,2e-05,4406,0,1,IN-C01585-SS,0,val
IND-S03316,transformer_overload,india_national_20k,IN-C04822-FD012,feeder,Jamshedpur,Jharkhand,2.8088,1.0042,1.0221,1,10,1,0,0.0,0.0,0,0,0,,,train
IND-S03317,transformer_overload,india_national_20k,IN-C03284-GEN05,generator,Bhavnagar,Gujarat,3.9829,1.0688,1.0448,1,24,2,2,0.07,0.00078,605882,0,2,IN-GUJ-HUB|IN-C03284-SS,0|0,train
IND-S03318,line_outage,india_national_20k,IN-C15589-FD011,feeder,Gondā City,Uttar Pradesh,2.4063,1.2139,1.0129,3,6,3,7,0.19,0.00092,218229,0,4,IN-C15589-SS|IN-C15589-TR01|IN-C15589-FD011|IN-UTT-HUB|IN-C19438-SS|IN-C19462-SS|IN-C19475-SS,0|0|0|0|1|1|1,train
IND-S03319,normal_operation,india_national_20k,IN-C11599-FD011,feeder,Rājsamand,Rajasthan,1.0646,0.9462,0.9929,0,5,1,0,0.0,0.0,0,0,0,,,train
IND-S03320,line_outage,india_national_20k,IN-C11569-GEN10,generator,Sīkar,Rajasthan,1.9741,1.0732,1.0026,4,27,1,0,0.0,0.0,0,0,0,,,train
IND-S03321,high_demand,india_national_20k,IN-C11056-GEN07,generator,Hoshiārpur,Punjab,1.5226,1.41,1.0602,1,21,1,0,8.52,0.0,0,0,0,,,train
IND-S03322,heatwave,india_national_20k,IN-C03796-FD021,feeder,Sonīpat,Haryana,1.6091,1.3909,1.2011,0,7,2,3,9.02,0.00072,289333,0,3,IN-C03796-SS|IN-C03796-TR02|IN-C03796-FD021,0|0|0,train
IND-S03323,transformer_overload,india_national_20k,IN-C12433-SS,substation,Nāmakkal,Tamil Nadu,2.0198,1.2163,1.0372,1,6,1,0,0.0,0.0,0,0,0,,,train
IND-S03324,line_outage,india_national_20k,IN-C07170-SS,substation,Kuruvattūr,Kerala,2.293,1.0116,1.0112,3,5,2,3,0.09,0.00044,117804,0,3,IN-C07112-SS|IN-C07125-SS|IN-C07170-SS,0|0|0,train
IND-S03325,high_demand,india_national_20k,IN-C07052-GEN08,generator,Palakkad,Kerala,2.445,1.5221,1.0553,0,29,1,0,8.77,0.0,0,0,0,,,train
IND-S03326,line_outage,india_national_20k,IN-C03041-SS,substation,Dabhel,Dadra and Nagar Haveli and Daman and Diu,2.231,1.2656,1.0487,3,24,2,1,0.03,0.0001,44282,0,1,IN-C03042-SS,0,test
IND-S03327,high_demand,india_national_20k,IN-C03280-FD011,feeder,Ahmedabad,Gujarat,2.9652,1.4242,1.0409,1,10,1,0,8.51,0.0,0,0,0,,,train
IND-S03328,high_demand,india_national_20k,IN-C19813-SS,substation,Sainthia,West Bengal,2.655,1.5132,1.0637,1,7,1,0,8.78,0.0,0,0,0,,,val
IND-S03329,heatwave,india_national_20k,IN-C02598-SS,substation,Kurud,Chhattisgarh,1.6081,1.4451,1.2083,1,3,1,0,9.02,0.0,0,0,0,,,train
IND-S03330,normal_operation,india_national_20k,IN-C04822-FD011,feeder,Jamshedpur,Jharkhand,1.1803,0.8679,0.9981,0,10,1,0,0.0,0.0,0,0,0,,,train
IND-S03331,line_outage,india_national_20k,IN-C15554-FD021,feeder,Bareilly,Uttar Pradesh,1.8735,1.0871,1.0315,4,8,2,3,0.13,0.00209,745435,0,3,IN-C15554-SS|IN-C15554-TR02|IN-C15554-FD021,0|0|0,train
IND-S03332,line_outage,india_national_20k,IN-C05615-SS,substation,Chikodi,Karnataka,1.285,1.2841,1.025,3,5,1,0,0.0,0.0,0,0,0,,,test
IND-S03333,heatwave,india_national_20k,IN-C01383-GEN10,generator,Katihar,Bihar,2.7164,1.2954,1.1911,2,37,1,0,8.62,0.0,0,0,0,,,val
IND-S03334,cascade_emergency,india_national_20k,IN-C09293-FD021,feeder,Sholapur,Maharashtra,5.868,1.493,1.1474,4,8,6,149,12.26,0.01804,16536294,0,4,IN-WR-HUB|IN-SR-HUB|IN-ER-HUB|IN-NER-HUB|IN-MAH-HUB|IN-C09293-SS|IN-C09293-TR02|IN-C09293-FD021|IN-C10346-SS|IN-C10362-SS|IN-WES-HUB|IN-C01444-SS,0|0|0|0|0|0|0|0|0|0|0|1,train
IND-S03335,cascade_emergency,india_national_20k,IN-C03058-GEN01,generator,Delhi,Delhi,8.0567,1.4118,1.1363,2,21,4,51,10.13,0.01331,16989605,0,3,IN-NR-HUB|IN-WR-HUB|IN-SR-HUB|IN-ER-HUB|IN-NER-HUB|IN-DEL-HUB|IN-C03058-SS|IN-KER-HUB|IN-C07054-SS|IN-C10346-SS|IN-C10362-SS|IN-C15600-SS,0|0|0|0|0|0|0|0|0|0|0|0,train
IND-S03336,cascade_emergency,india_national_20k,IN-C04489-GEN06,generator,Bāramūla,Jammu and Kashmir,5.8084,1.5198,1.151,4,16,4,172,13.24,0.03347,70848945,0,2,IN-NR-HUB|IN-WR-HUB|IN-NER-HUB|IN-JAM-HUB|IN-TAM-HUB|IN-C12348-SS|IN-C12364-SS|IN-C12393-SS|IN-C12401-SS|IN-C12469-SS|IN-C12555-SS|IN-C12601-SS,0|0|0|0|0|0|0|0|0|0|0|0,train
IND-S03337,cascade_emergency,india_national_20k,IN-C09290-GEN09,generator,Dombivali,Maharashtra,7.7723,1.4798,1.1702,2,40,6,116,11.64,0.01698,29867008,0,6,IN-WR-HUB|IN-SR-HUB|IN-ER-HUB|IN-NER-HUB|IN-KER-HUB|IN-C07054-SS|IN-MAH-HUB|IN-C09289-SS|IN-C09290-SS|IN-C09301-SS|IN-C09312-SS|IN-C09473-SS,0|0|0|0|0|0|0|0|0|0|0|0,train
IND-S03338,cascade_emergency,india_national_20k,IN-C05887-SS,substation,Abbigeri,Karnataka,6.2049,1.5554,1.0921,2,5,1,0,8.98,0.0,0,0,0,,,test
IND-S03339,high_demand,india_national_20k,IN-WES-HUB-GEN,generator,West Bengal Hub Generation,West Bengal,1.6966,1.4603,1.0622,0,44,1,0,8.64,0.0,0,0,0,,,val
IND-S03340,heatwave,india_national_20k,IN-C09291-GEN10,generator,Virār,Maharashtra,3.0956,1.3732,1.2179,1,40,6,120,11.4,0.00945,13424050,0,3,IN-WR-HUB|IN-SR-HUB|IN-ER-HUB|IN-NER-HUB|IN-MAH-HUB|IN-C09291-SS|IN-C10346-SS|IN-C10362-SS|IN-WES-HUB|IN-C01444-SS|IN-CHH-HUB|IN-C02530-SS,0|0|0|0|0|0|0|0|0|1|1|1,train
IND-S03341,heatwave,india_national_20k,IN-C01438-SS,substation,Bakhtiarpur,Bihar,3.0592,1.3449,1.0926,1,5,1,0,8.48,0.0,0,0,0,,,val
IND-S03342,heatwave,india_national_20k,IN-C03308-FD011,feeder,Dohad,Gujarat,2.3698,1.3127,1.1378,2,5,1,0,8.52,0.0,0,0,0,,,train
IND-S03343,heatwave,india_national_20k,IN-C12349-GEN10,generator,Vellore,Tamil Nadu,2.3961,1.3118,1.1015,2,73,1,0,8.42,0.0,0,0,0,,,train
IND-S03344,transformer_overload,india_national_20k,IN-C14846-FD021,feeder,Rāmgundam,Telangana,4.4649,1.017,1.0286,0,8,2,8,0.26,0.00296,768857,0,5,IN-C14846-SS|IN-C14852-SS|IN-C14916-SS|IN-C14935-SS|IN-C14966-SS|IN-C14985-SS|IN-C14846-TR02|IN-C14846-FD021,0|0|0|0|0|0|0|0,train
IND-S03345,transformer_overload,india_national_20k,IN-C12341-FD012,feeder,Coimbatore,Tamil Nadu,2.3752,1.2792,1.0359,1,10,1,0,0.0,0.0,0,0,0,,,train
IND-S03346,line_outage,india_national_20k,IN-C10323-SS,substation,Nongthymmai,Meghalaya,1.6725,1.2176,1.0009,4,11,2,2,0.06,0.00023,65223,0,2,IN-C10323-SS|IN-C10327-SS,0|0,val
IND-S03347,normal_operation,india_national_20k,IN-C17311-SS,substation,Alakhtān,Uttar Pradesh,1.1639,0.8653,0.9857,0,8,1,0,0.0,0.0,0,0,0,,,train
IND-S03348,line_outage,india_national_20k,IN-C02527-GEN03,generator,Korba,Chhattisgarh,2.1858,1.1512,1.0246,4,23,1,0,0.0,0.0,0,0,0,,,train
IND-S03349,line_outage,india_national_20k,IN-C09286-GEN05,generator,Pimpri-Chinchwad,Maharashtra,1.5373,1.2955,1.0261,3,44,2,2,0.12,0.002,3012298,0,2,IN-C09286-SS|IN-C09288-SS,0|0,train
IND-S03350,heatwave,india_national_20k,IN-C10341-GEN01,generator,Aizawl,Mizoram,1.6831,1.4357,1.1439,0,15,2,11,9.05,0.00034,145287,0,5,IN-MIZ-HUB|IN-C10342-SS|IN-C10343-SS|IN-C10346-SS|IN-C10350-SS|IN-C10353-SS|IN-C10354-SS|IN-C10359-SS|IN-C10360-SS|IN-C10362-SS|IN-C10384-SS,0|0|0|0|0|0|0|0|0|0|0,train
IND-S03351,high_demand,india_national_20k,IN-C02608-SS,substation,Rajgamar,Chhattisgarh,2.1256,1.3088,1.0336,1,5,1,0,0.0,0.0,0,0,0,,,train
IND-S03352,heatwave,india_national_20k,IN-C00040-FD011,feeder,Bhimavaram,Andhra Pradesh,3.4323,1.285,1.1486,2,6,3,8,8.66,0.00138,313398,0,4,IN-AND-HUB|IN-C00040-SS|IN-C00040-TR01|IN-C00040-FD011|IN-C00037-SS|IN-C00715-SS|IN-C00747-SS|IN-C00866-SS,0|0|0|0|1|1|1|1,test
IND-S03353,high_demand,india_national_20k,IN-C07047-SS,substation,Kochi,Kerala,2.4361,1.4167,1.0374,1,105,2,2,8.52,6e-05,24217,0,2,IN-C07291-SS|IN-C07643-SS,0|0,train
IND-S03354,transformer_overload,india_national_20k,IN-C03809-FD011,feeder,Ambala Sadar,Haryana,5.0788,1.0036,1.0215,1,5,1,0,0.0,0.0,0,0,0,,,train
IND-S03355,line_outage,india_national_20k,IN-C19433-FD011,feeder,Haridwar,Uttarakhand,2.2968,1.2255,1.0308,3,7,2,6,0.16,0.00125,293418,0,3,IN-C12475-SS|IN-C14572-SS|IN-C19433-SS|IN-C19438-SS|IN-C19433-TR01|IN-C19433-FD011,0|0|0|0|0|0,train
IND-S03356,line_outage,india_national_20k,IN-C05545-FD011,feeder,Gadag,Karnataka,1.9886,1.2262,1.0314,4,6,2,5,0.14,0.00101,345425,0,5,IN-KAR-HUB|IN-C05544-SS|IN-C05545-SS|IN-C05545-TR01|IN-C05545-FD011,0|0|0|0|0,test
IND-S03357,line_outage,india_national_20k,IN-C19746-SS,substation,Shrīrāmpur,West Bengal,2.389,1.1219,1.048,4,15,1,0,0.0,0.0,0,0,0,,,val
IND-S03358,normal_operation,india_national_20k,IN-C09306-FD011,feeder,Dhule,Maharashtra,1.1951,1.0217,0.9893,0,6,1,0,0.0,0.0,0,0,0,,,train
IND-S03359,high_demand,india_national_20k,IN-C03280-FD022,feeder,Ahmedabad,Gujarat,1.8949,1.5269,1.0998,1,10,6,115,11.42,0.01241,20201062,0,0,IN-WR-HUB|IN-ER-HUB|IN-NER-HUB|IN-CHH-HUB|IN-C02530-SS|IN-C02531-SS|IN-C02533-SS|IN-MAH-HUB|IN-C09291-SS|IN-C09292-SS|IN-C09293-SS|IN-C01444-SS,0|1|1|1|1|1|1|1|1|1|1|2,train
IND-S03360,transformer_overload,india_national_20k,IN-C03284-GEN05,generator,Bhavnagar,Gujarat,3.5354,1.1338,1.0071,1,24,2,2,0.06,0.00072,605882,0,2,IN-GUJ-HUB|IN-C03284-SS,0|0,train
IND-S03361,line_outage,india_national_20k,IN-C03795-FD021,feeder,Panipat,Haryana,2.2984,1.2255,1.0322,1,8,1,0,0.0,0.0,0,0,0,,,train
IND-S03362,line_outage,india_national_20k,IN-C15547-SS,substation,Lucknow,Uttar Pradesh,1.4158,1.2662,1.0029,3,260,1,0,0.0,0.0,0,0,0,,,train
IND-S03363,normal_operation,india_national_20k,IN-C14882-FD011,feeder,Gadwāl,Telangana,1.1168,0.8538,1.011,0,5,1,0,0.0,0.0,0,0,0,,,train
IND-S03364,normal_operation,india_national_20k,IN-C09286-GEN05,generator,Pimpri-Chinchwad,Maharashtra,1.0664,1.0018,1.0141,0,44,1,0,0.0,0.0,0,0,0,,,train
IND-S03365,line_outage,india_national_20k,IN-C12341-GEN02,generator,Coimbatore,Tamil Nadu,2.3916,1.2068,1.0193,3,78,2,4,0.16,0.00209,2356507,0,4,IN-TAM-HUB|IN-C12341-SS|IN-C12372-SS|IN-C12378-SS,0|0|0|0,train
IND-S03366,transformer_overload,india_national_20k,IN-C14848-FD011,feeder,Nizāmābād,Telangana,4.4397,1.19,1.0088,0,8,2,3,0.12,0.00181,311152,0,3,IN-C14848-SS|IN-C14848-TR01|IN-C14848-FD011,0|0|0,train
IND-S03367,heatwave,india_national_20k,IN-C09286-GEN05,generator,Pimpri-Chinchwad,Maharashtra,3.3631,1.3112,1.1101,0,44,5,36,9.3,0.00602,14628757,0,5,IN-WR-HUB|IN-SR-HUB|IN-MAH-HUB|IN-C09286-SS|IN-C09288-SS|IN-C09950-SS|IN-NER-HUB|IN-C11034-SS|IN-C11047-SS|IN-C01444-SS|IN-C10290-SS|IN-C10346-SS,0|0|0|0|0|0|1|1|1|2|2|2,train
IND-S03368,high_demand,india_national_20k,IN-C12838-SS,substation,Kodavasal,Tamil Nadu,1.5983,1.4581,1.037,1,5,1,0,8.56,0.0,0,0,0,,,train
IND-S03369,normal_operation,india_national_20k,IN-C11056-GEN07,generator,Hoshiārpur,Punjab,1.1463,0.8961,1.0117,0,21,1,0,0.0,0.0,0,0,0,,,train
IND-S03370,heatwave,india_national_20k,IN-C07860-FD011,feeder,Gwalior,Madhya Pradesh,1.6365,1.2341,1.1032,0,10,2,3,0.1,0.0013,1054420,0,3,IN-C07860-SS|IN-C07860-TR01|IN-C07860-FD011,0|0|0,train
IND-S03371,heatwave,india_national_20k,IN-C01377-FD021,feeder,Muzaffarpur,Bihar,2.5269,1.2301,1.0845,2,8,2,6,0.18,0.00154,469002,0,3,IN-C01377-SS|IN-C01444-SS|IN-C01445-SS|IN-C01481-SS|IN-C01377-TR02|IN-C01377-FD021,0|0|0|0|0|0,val
IND-S03372,transformer_overload,india_national_20k,IN-C05578-FD011,feeder,Ilkal,Karnataka,3.6356,1.1405,1.0416,0,5,3,11,0.25,0.00098,570403,0,5,IN-C05556-SS|IN-C05578-SS|IN-C05637-SS|IN-C05698-SS|IN-C05746-SS|IN-C06134-SS|IN-C06457-SS|IN-C05578-TR01|IN-C05578-FD011|IN-KAR-HUB|IN-C05538-SS,0|0|0|0|0|0|0|0|0|1|1,test
IND-S03373,line_outage,india_national_20k,IN-C09291-FD021,feeder,Virār,Maharashtra,1.7432,1.2893,1.0041,2,10,2,3,0.12,0.00156,1222390,0,3,IN-C09291-SS|IN-C09291-TR02|IN-C09291-FD021,0|0|0,train
IND-S03374,line_outage,india_national_20k,IN-C09288-GEN07,generator,Pimpri,Maharashtra,2.1878,1.2933,1.0296,4,44,3,22,0.61,0.00255,3632240,0,4,IN-WR-HUB|IN-MAH-HUB|IN-C09286-SS|IN-C09288-SS|IN-C15563-SS|IN-C16903-SS|IN-C16911-SS|IN-C17164-SS|IN-C17474-SS|IN-C18003-SS|IN-C18008-SS|IN-C18883-SS,0|0|0|0|0|0|0|0|0|0|0|0,train
IND-S03375,cascade_emergency,india_national_20k,IN-C07857-FD031,feeder,Indore,Madhya Pradesh,6.7849,1.3359,1.0573,3,10,2,4,8.64,0.00647,1994397,0,4,IN-MAD-HUB|IN-C07857-SS|IN-C07857-TR03|IN-C07857-FD031,0|0|0|0,train
IND-S03376,line_outage,india_national_20k,IN-C07048-GEN04,generator,Kozhikode,Kerala,1.3265,1.0591,1.0296,3,29,1,0,0.0,0.0,0,0,0,,,train
IND-S03377,cascade_emergency,india_national_20k,IN-C04827-GEN06,generator,Deoghar,Jharkhand,5.6565,1.5848,1.1593,2,27,7,1172,37.07,0.211,63940351,0,8,IN-JHA-HUB|IN-C04827-SS|IN-SR-HUB|IN-NER-HUB|IN-C04825-SS|IN-C04828-SS|IN-C04829-SS|IN-C04830-SS|IN-C04831-SS|IN-C04833-SS|IN-C04858-SS|IN-C04939-SS,0|0|1|1|1|1|1|1|1|1|1|1,train
IND-S03378,cascade_emergency,india_national_20k,IN-C01405-FD011,feeder,Phulwari Sharif,Bihar,5.4734,1.4595,1.1578,4,5,1,0,8.96,0.0,0,0,0,,,val
IND-S03379,heatwave,india_national_20k,IN-C03058-FD021,feeder,Delhi,Delhi,2.9657,1.3129,1.1171,1,10,1,0,8.47,0.0,0,0,0,,,train
IND-S03380,cascade_emergency,india_national_20k,IN-C09282-FD032,feeder,Mumbai,Maharashtra,4.0329,1.317,1.1322,3,10,5,52,10.03,0.01679,32487681,0,6,IN-WR-HUB|IN-C05733-SS|IN-C06022-SS|IN-C06082-SS|IN-C06509-SS|IN-MAH-HUB|IN-C09282-SS|IN-C09285-SS|IN-C09328-SS|IN-C09548-SS|IN-C10093-SS|IN-C09282-TR03,0|0|0|0|0|0|0|0|0|0|0|0,train
IND-S03381,heatwave,india_national_20k,IN-C05530-FD011,feeder,Bengaluru,Karnataka,1.648,1.2729,1.1555,0,10,6,36,9.43,0.00847,20126209,0,3,IN-C05530-SS|IN-C05530-TR01|IN-C05530-FD011|IN-WR-HUB|IN-SR-HUB|IN-NER-HUB|IN-C11034-SS|IN-C11047-SS|IN-C01444-SS|IN-C10290-SS|IN-C10346-SS|IN-C10353-SS,0|0|0|1|1|2|2|2|3|3|3|3,test
IND-S03382,cascade_emergency,india_national_20k,IN-C10427-GEN04,generator,Brahmapur,Odisha,5.0416,1.5497,1.0879,2,26,2,2,9.0,0.00055,356598,0,2,IN-ODI-HUB|IN-C10427-SS,0|0,train
IND-S03383,cascade_emergency,india_national_20k,IN-C15553-FD021,feeder,Alīgarh,Uttar Pradesh,8.32,1.3118,1.1605,3,8,4,48,9.84,0.0116,13218273,0,4,IN-NR-HUB|IN-WR-HUB|IN-NER-HUB|IN-C15553-SS|IN-C15605-SS|IN-C15675-SS|IN-C15826-SS|IN-C17345-SS|IN-C17919-SS|IN-C18655-SS|IN-C19229-SS|IN-C15553-TR02,0|0|0|0|0|0|0|0|0|0|0|0,train
IND-S03384,high_demand,india_national_20k,IN-C19729-SS,substation,Kolkata,West Bengal,2.6701,1.3786,1.0716,0,61,3,6,8.87,0.00766,5807089,0,4,IN-WES-HUB|IN-C19729-SS|IN-C19730-SS|IN-C19766-SS|IN-C19864-SS|IN-C19963-SS,0|0|0|1|1|1,val
IND-S03385,line_outage,india_national_20k,IN-C14852-SS,substation,Ramagundam,Telangana,1.9886,1.235,1.0306,1,95,1,0,0.01,0.0,0,0,0,,,train
IND-S03386,heatwave,india_national_20k,IN-C01381-GEN08,generator,Arrah,Bihar,3.4572,1.4345,1.2033,1,39,3,15,9.32,0.00117,892885,0,3,IN-BIH-HUB|IN-C01381-SS|IN-C01377-SS|IN-C01444-SS|IN-C01445-SS|IN-C01481-SS|IN-C01485-SS|IN-C01486-SS|IN-C01495-SS|IN-C01499-SS|IN-C01521-SS|IN-C01530-SS,0|0|1|1|1|1|1|1|1|1|1|1,val
IND-S03387,cascade_emergency,india_national_20k,IN-C09300-FD021,feeder,Kolhāpur,Maharashtra,6.4897,1.546,1.0868,5,7,6,109,11.53,0.01886,29782916,0,4,IN-WR-HUB|IN-SR-HUB|IN-MAH-HUB|IN-C09300-SS|IN-C09300-TR02|IN-C09300-FD021|IN-C15600-SS|IN-C15672-SS|IN-C16266-SS|IN-C16924-SS|IN-C17022-SS|IN-C17187-SS,0|0|0|0|0|0|0|0|0|0|0|0,train
IND-S03388,line_outage,india_national_20k,IN-C11050-FD011,feeder,Ludhiana,Punjab,2.4048,1.1255,1.0132,2,10,2,6,0.21,0.0026,1719614,0,3,IN-C01413-SS|IN-C01493-SS|IN-C01556-SS|IN-C11050-SS|IN-C11050-TR01|IN-C11050-FD011,0|0|0|0|0|0,train
IND-S03389,high_demand,india_national_20k,IN-C11081-FD011,feeder,Nābha,Punjab,1.5557,1.2582,1.0916,0,5,1,0,0.0,0.0,0,0,0,,,train
IND-S03390,normal_operation,india_national_20k,IN-C01374-FD021,feeder,Patna,Bihar,1.0324,1.0114,1.0089,0,10,1,0,0.0,0.0,0,0,0,,,val
IND-S03391,high_demand,india_national_20k,IN-C11817-SS,substation,Ākera,Rajasthan,2.7883,1.35,1.0458,1,13,2,1,8.37,0.0,500,0,1,IN-C12205-SS,0,train
IND-S03392,cascade_emergency,india_national_20k,IN-C09291-GEN10,generator,Virār,Maharashtra,6.7345,1.5429,1.0731,3,40,4,109,11.19,0.00978,12448994,0,3,IN-WR-HUB|IN-SR-HUB|IN-ER-HUB|IN-NER-HUB|IN-MAH-HUB|IN-C09291-SS|IN-C10346-SS|IN-C10362-SS|IN-WES-HUB|IN-C01444-SS|IN-CHH-HUB|IN-C02530-SS,0|0|0|0|0|0|0|0|0|1|1|1,train
IND-S03393,transformer_overload,india_national_20k,IN-C09356-SS,substation,Urun-Islāmpur,Maharashtra,5.6223,1.2177,1.0491,1,8,2,2,0.07,0.00031,62756,0,2,IN-C09427-SS|IN-C09500-SS,0|0,train
IND-S03394,transformer_overload,india_national_20k,IN-C07048-GEN04,generator,Kozhikode,Kerala,3.0204,1.2425,1.0577,0,29,1,0,0.0,0.0,0,0,0,,,train
IND-S03395,cascade_emergency,india_national_20k,IN-C03280-FD021,feeder,Ahmedabad,Gujarat,5.5498,1.5306,1.0713,3,10,5,133,12.11,0.02497,27804603,0,4,IN-WR-HUB|IN-SR-HUB|IN-ER-HUB|IN-GUJ-HUB|IN-C03280-SS|IN-C03280-TR02|IN-C03280-FD021|IN-KER-HUB|IN-C07063-SS|IN-C07247-SS|IN-C07401-SS|IN-C07414-SS,0|0|0|0|0|0|0|0|0|0|0|0,train
IND-S03396,normal_operation,india_national_20k,IN-C05532-FD021,feeder,Mysuru,Karnataka,1.1751,0.8613,1.0026,0,8,1,0,0.0,0.0,0,0,0,,,test
IND-S03397,high_demand,india_national_20k,IN-C09283-GEN02,generator,Pune,Maharashtra,2.2583,1.2552,1.0238,1,42,5,23,0.88,0.00621,9141192,0,3,IN-WR-HUB|IN-MAH-HUB|IN-C09283-SS|IN-ER-HUB|IN-NER-HUB|IN-C10346-SS|IN-C10353-SS|IN-C10360-SS|IN-C10362-SS|IN-C10384-SS|IN-NAG-HUB|IN-C10388-SS,0|0|0|1|1|2|2|2|2|2|2|2,train
IND-S03398,cascade_emergency,india_national_20k,IN-C07859-FD012,feeder,Jabalpur,Madhya Pradesh,6.3616,1.5946,1.1513,3,10,7,1056,33.58,0.16991,58694381,0,4,IN-SR-HUB|IN-MAD-HUB|IN-C07859-SS|IN-C07859-TR01|IN-C07859-FD012|IN-NER-HUB|IN-C07885-SS|IN-C08275-SS|IN-C08085-SS|IN-C09141-SS|IN-C07944-SS|IN-C09182-SS,0|0|0|0|0|1|1|1|1|1|1|1,train
IND-S03399,high_demand,india_national_20k,IN-C11571-FD011,feeder,Pāli,Rajasthan,2.6813,1.372,1.0963,1,7,2,2,8.58,0.00014,230075,0,2,IN-RAJ-HUB|IN-C11571-SS,0|0,train
IND-S03400,cascade_emergency,india_national_20k,IN-C10430-FD011,feeder,Puri,Odisha,5.1103,1.5325,1.0919,4,7,2,4,9.09,0.00253,200564,0,4,IN-ODI-HUB|IN-C10430-SS|IN-C10430-TR01|IN-C10430-FD011,0|0|0|0,train
IND-S03401,normal_operation,india_national_20k,IN-C12345-FD022,feeder,Tiruchirappalli,Tamil Nadu,1.1722,0.8719,0.9899,0,10,1,0,0.0,0.0,0,0,0,,,train
IND-S03402,line_outage,india_national_20k,IN-C15596-SS,substation,Azamgarh,Uttar Pradesh,1.8415,1.0411,1.0154,2,260,1,0,0.0,0.0,0,0,0,,,train
IND-S03403,high_demand,india_national_20k,IN-C00027-FD011,feeder,Anantapur,Andhra Pradesh,2.6713,1.4702,1.0892,1,8,3,6,8.87,0.00026,433598,0,2,IN-AND-HUB|IN-C00027-SS|IN-C00037-SS|IN-C00715-SS|IN-C00747-SS|IN-C00866-SS,0|0|1|1|1|1,test
IND-S03404,high_demand,india_national_20k,IN-C12350-GEN11,generator,Ambattur,Tamil Nadu,2.2736,1.2892,1.0279,0,73,2,3,0.09,0.00047,552400,0,3,IN-TAM-HUB|IN-C12350-SS|IN-C12392-SS,0|0|0,train
IND-S03405,high_demand,india_national_20k,IN-C09291-FD011,feeder,Virār,Maharashtra,2.8943,1.5002,1.0779,0,10,8,119,11.43,0.01425,20850564,0,4,IN-C09291-SS|IN-C09291-TR01|IN-C09291-FD011|IN-WR-HUB|IN-ER-HUB|IN-NER-HUB|IN-CHH-HUB|IN-C02530-SS|IN-C02533-SS|IN-MAH-HUB|IN-C09292-SS|IN-C09293-SS,0|0|0|1|2|2|2|2|2|2|2|2,train
IND-S03406,high_demand,india_national_20k,IN-C01379-GEN06,generator,Darbhanga,Bihar,1.6163,1.4948,1.0489,1,38,1,0,8.66,0.0,0,0,0,,,val
IND-S03407,cascade_emergency,india_national_20k,IN-CHH-HUB-GEN,generator,Chhattisgarh Hub Generation,Chhattisgarh,4.9939,1.532,1.1602,5,69,7,1005,33.05,0.18108,68386009,0,8,IN-WR-HUB|IN-SR-HUB|IN-NER-HUB|IN-C11047-SS|IN-CHH-HUB|IN-C02530-SS|IN-C02533-SS|IN-C02531-SS|IN-ER-HUB|IN-C07848-SS|IN-C10362-SS|IN-C08104-SS,0|0|1|1|1|1|1|1|1|1|1|1,train
IND-S03408,transformer_overload,india_national_20k,IN-C11028-GEN01,generator,Puducherry,Puducherry,2.5741,1.2242,1.0102,0,17,2,4,0.09,0.00025,332975,0,4,IN-SR-HUB|IN-PUD-HUB|IN-C11029-SS|IN-C11032-SS,0|0|0|0,train
IND-S03409,normal_operation,india_national_20k,IN-C12366-SS,substation,Neyveli,Tamil Nadu,1.1554,0.9016,0.9902,0,260,1,0,0.0,0.0,0,0,0,,,train
IND-S03410,high_demand,india_national_20k,IN-PUN-HUB-GEN,generator,Punjab Hub Generation,Punjab,2.5808,1.4241,1.034,1,78,1,0,8.49,0.0,0,0,0,,,train
IND-S03411,cascade_emergency,india_national_20k,IN-C03574-SS,substation,Vareli,Gujarat,6.8262,1.576,1.1687,1,3,1,0,9.02,0.0,0,0,0,,,train
IND-S03412,transformer_overload,india_national_20k,IN-C11052-SS,substation,Jalandhar,Punjab,3.3487,1.2193,1.0418,0,83,2,3,0.07,0.00025,57985,0,3,IN-C11091-SS|IN-C11247-SS|IN-C11258-SS,0|0|0,train
IND-S03413,line_outage,india_national_20k,IN-C12497-SS,substation,Madipakkam,Tamil Nadu,2.2207,1.1109,1.0063,2,5,2,3,0.08,0.00039,106619,0,3,IN-C12464-SS|IN-C12497-SS|IN-C12563-SS,0|0|0,train
IND-S03414,heatwave,india_national_20k,IN-C15554-FD021,feeder,Bareilly,Uttar Pradesh,3.4239,1.3088,1.2032,1,8,6,36,9.55,0.00673,18014770,0,2,IN-C15554-SS|IN-UTT-HUB|IN-WR-HUB|IN-C01444-SS|IN-MAH-HUB|IN-C10278-SS|IN-TAM-HUB|IN-C12372-SS|IN-C12378-SS|IN-C12392-SS|IN-C15525-SS|IN-C19433-SS,0|0|1|1|1|1|1|1|1|1|1|1,train
IND-S03415,transformer_overload,india_national_20k,IN-C09292-GEN11,generator,Aurangabad,Maharashtra,4.1575,1.2306,1.0618,0,42,5,22,0.87,0.00499,7187023,0,3,IN-WR-HUB|IN-MAH-HUB|IN-C09292-SS|IN-ER-HUB|IN-NER-HUB|IN-C10346-SS|IN-C10353-SS|IN-C10360-SS|IN-C10362-SS|IN-C10384-SS|IN-NAG-HUB|IN-C10388-SS,0|0|0|1|1|2|2|2|2|2|2|2,train
IND-S03416,cascade_emergency,india_national_20k,IN-C15571-FD011,feeder,Hāpur,Uttar Pradesh,8.7412,1.4373,1.1784,2,6,6,82,11.03,0.01743,26860477,0,4,IN-NR-HUB|IN-WR-HUB|IN-SR-HUB|IN-ER-HUB|IN-NER-HUB|IN-C10346-SS|IN-C15571-SS|IN-C15610-SS|IN-C15764-SS|IN-C15571-TR01|IN-C15571-FD011|IN-UTT-HUB,0|0|0|0|0|0|0|0|0|0|0|0,train
IND-S03417,line_outage,india_national_20k,IN-C15722-SS,substation,Bhongaon,Uttar Pradesh,2.1934,1.1757,1.0598,3,8,1,0,0.0,0.0,0,0,0,,,train
IND-S03418,line_outage,india_national_20k,IN-C05539-GEN10,generator,Shivamogga,Karnataka,1.6349,1.113,1.0034,2,48,1,0,0.0,0.0,0,0,0,,,test
IND-S03419,transformer_overload,india_national_20k,IN-C00021-FD011,feeder,Nellore,Andhra Pradesh,2.3259,1.0588,1.0039,1,8,1,0,0.0,0.0,0,0,0,,,test
IND-S03420,cascade_emergency,india_national_20k,IN-C10304-SS,substation,Kiyamgei,Manipur,5.9701,1.4598,1.0647,5,16,2,10,8.85,0.00078,398135,0,8,IN-C02833-SS|IN-MAN-HUB|IN-C10273-SS|IN-C10275-SS|IN-C10278-SS|IN-C10284-SS|IN-C10289-SS|IN-C10290-SS|IN-C10302-SS|IN-C10304-SS,0|0|0|0|0|0|0|0|0|0,train
IND-S03421,transformer_overload,india_national_20k,IN-C03058-FD012,feeder,Delhi,Delhi,4.6819,1.1856,1.0174,1,10,1,0,0.0,0.0,0,0,0,,,train
IND-S03422,normal_operation,india_national_20k,IN-C05534-GEN05,generator,Mangaluru,Karnataka,1.1478,0.9728,1.004,0,48,1,0,0.0,0.0,0,0,0,,,test
IND-S03423,high_demand,india_national_20k,IN-C11560-FD031,feeder,Jaipur,Rajasthan,2.8114,1.4206,1.0521,1,10,1,0,8.52,0.0,0,0,0,,,train
IND-S03424,heatwave,india_national_20k,IN-C04485-GEN02,generator,Jammu,Jammu and Kashmir,3.0192,1.234,1.1473,0,20,2,1,8.39,0.0,0,0,1,IN-JAM-HUB,0,train
IND-S03425,high_demand,india_national_20k,IN-C01402-FD011,feeder,Nawāda,Bihar,2.1698,1.4936,1.0997,1,5,1,0,8.84,0.0,0,0,0,,,val
IND-S03426,line_outage,india_national_20k,IN-C01404-TR01,transformer,Bāruni,Bihar,1.676,1.147,1.0044,2,7,1,0,0.0,0.0,0,0,0,,,val
IND-S03427,line_outage,india_national_20k,IN-C08202-SS,substation,Lassodyāmeri,Madhya Pradesh,1.2368,1.1557,1.0285,3,5,1,0,0.0,0.0,0,0,0,,,train
IND-S03428,high_demand,india_national_20k,IN-C15559-FD021,feeder,Modīnagar,Uttar Pradesh,2.0458,1.3694,1.0893,0,7,6,20,9.04,0.00437,11992980,0,4,IN-C15559-SS|IN-C15559-TR02|IN-C15559-FD021|IN-UTT-HUB|IN-TAM-HUB|IN-C12372-SS|IN-C12378-SS|IN-C12392-SS|IN-C19438-SS|IN-C19462-SS|IN-C19475-SS|IN-WR-HUB,0|0|0|0|1|1|1|1|1|1|1|2,train
IND-S03429,line_outage,india_national_20k,IN-MAD-HUB-GEN,generator,Madhya Pradesh Hub Generation,Madhya Pradesh,2.2411,1.1776,1.056,2,175,1,0,0.0,0.0,0,0,0,,,train
IND-S03430,normal_operation,india_national_20k,IN-C03308-FD011,feeder,Dohad,Gujarat,1.108,0.8874,0.9981,0,5,1,0,0.0,0.0,0,0,0,,,train
IND-S03431,transformer_overload,india_national_20k,IN-C00020-FD021,feeder,Guntur,Andhra Pradesh,3.9004,1.1939,1.0271,0,8,2,5,0.22,0.00357,835010,0,4,IN-AND-HUB|IN-C00020-SS|IN-C00037-SS|IN-C00020-TR02|IN-C00020-FD021,0|0|0|0|0,test
IND-S03432,transformer_overload,india_national_20k,IN-C01378-GEN05,generator,Bihār Sharīf,Bihar,5.7394,1.2765,1.0325,1,38,1,0,0.0,0.0,0,0,0,,,val
IND-S03433,line_outage,india_national_20k,IN-C16773-SS,substation,Ahīr Tola,Uttar Pradesh,1.8897,1.0351,1.0069,3,7,1,0,0.0,0.0,0,0,0,,,train
IND-S03434,transformer_overload,india_national_20k,IN-C03383-SS,substation,Mānāvadar,Gujarat,2.4939,1.2224,1.0709,0,11,2,3,0.07,0.00024,45904,0,3,IN-C03383-SS|IN-C03502-SS|IN-C03712-SS,0|0|0,train
IND-S03435,heatwave,india_national_20k,IN-C04827-GEN06,generator,Deoghar,Jharkhand,2.6713,1.2814,1.0923,1,27,2,2,0.37,0.0002,203123,0,2,IN-JHA-HUB|IN-C04827-SS,0|0,train
IND-S03436,line_outage,india_national_20k,IN-C15877-SS,substation,Mānikpur,Uttar Pradesh,1.2673,1.1431,1.0524,3,6,1,0,0.0,0.0,0,0,0,,,train
IND-S03437,cascade_emergency,india_national_20k,IN-C03174-GEN02,generator,Vasco da Gama,Goa,5.3841,1.3373,1.1097,2,13,2,3,8.57,0.00024,210617,0,3,IN-C03173-SS|IN-C03174-SS|IN-C03215-SS,0|0|0,train
IND-S03438,line_outage,india_national_20k,IN-C19744-FD021,feeder,Naihāti,West Bengal,1.9746,1.1813,1.0105,3,6,2,3,0.09,0.00074,253221,0,3,IN-C19744-SS|IN-C19744-TR02|IN-C19744-FD021,0|0|0,val
IND-S03439,transformer_overload,india_national_20k,IN-C09285-FD022,feeder,Thāne,Maharashtra,3.4248,1.1316,1.0178,1,10,1,0,0.0,0.0,0,0,0,,,train
IND-S03440,transformer_overload,india_national_20k,IN-C15548-FD031,feeder,Agra,Uttar Pradesh,5.2209,1.0305,1.007,0,10,2,3,0.19,0.00377,1430055,0,3,IN-C15548-SS|IN-C15548-TR03|IN-C15548-FD031,0|0|0,train
IND-S03441,line_outage,india_national_20k,IN-C04828-FD011,feeder,Phusro,Jharkhand,2.2705,1.1459,1.0512,3,7,2,3,0.1,0.0011,185555,0,3,IN-C04828-SS|IN-C04828-TR01|IN-C04828-FD011,0|0|0,train
IND-S03442,heatwave,india_national_20k,IN-C19433-FD011,feeder,Haridwar,Uttarakhand,2.4406,1.1947,1.1496,0,7,2,5,0.25,0.00122,252469,0,4,IN-UTT-HUB|IN-C19433-SS|IN-C19438-SS|IN-C19433-TR01|IN-C19433-FD011,0|0|0|0|0,train
IND-S03443,cascade_emergency,india_national_20k,IN-C09287-FD011,feeder,Nashik,Maharashtra,7.6615,1.3741,1.08,5,10,5,40,9.63,0.01169,18992169,0,4,IN-WR-HUB|IN-MAH-HUB|IN-C09287-SS|IN-C09287-TR01|IN-C09287-FD011|IN-ER-HUB|IN-NER-HUB|IN-C10290-SS|IN-C10346-SS|IN-C10353-SS|IN-C10360-SS|IN-C10362-SS,0|0|0|0|0|1|1|2|2|2|2|2,train
IND-S03444,high_demand,india_national_20k,IN-C03285-FD021,feeder,Jamnagar,Gujarat,1.8617,1.4578,1.0882,1,8,2,2,8.79,0.00035,600943,0,2,IN-GUJ-HUB|IN-C03285-SS,0|0,train
IND-S03445,transformer_overload,india_national_20k,IN-C14862-FD011,feeder,Suriāpet,Telangana,5.1524,1.2445,1.0465,1,5,1,0,0.0,0.0,0,0,0,,,train
IND-S03446,heatwave,india_national_20k,IN-C09284-FD021,feeder,Nagpur,Maharashtra,1.9437,1.2707,1.1441,1,10,1,0,8.44,0.0,0,0,0,,,train
IND-S03447,line_outage,india_national_20k,IN-C15592-FD011,feeder,Deoria,Uttar Pradesh,1.7345,1.0854,1.0577,2,6,2,3,0.08,0.00061,129570,0,3,IN-C15592-SS|IN-C15592-TR01|IN-C15592-FD011,0|0|0,train
IND-S03448,cascade_emergency,india_national_20k,IN-C19729-FD012,feeder,Kolkata,West Bengal,7.4107,1.4223,1.1207,1,10,5,62,10.09,0.00637,16886809,0,1,IN-ER-HUB|IN-WES-HUB|IN-WR-HUB|IN-JHA-HUB|IN-C04828-SS|IN-C04829-SS|IN-C19766-SS|IN-C19864-SS|IN-C19963-SS|IN-ASS-HUB|IN-C01122-SS|IN-MAH-HUB,0|0|1|1|1|1|1|1|1|2|2|2,val
IND-S03449,cascade_emergency,india_national_20k,IN-C02527-SS,substation,Korba,Chhattisgarh,8.34,1.4852,1.0542,5,73,1,0,8.65,0.0,0,0,0,,,train
IND-S03450,normal_operation,india_national_20k,IN-C14896-SS,substation,Farrukhnagar,Telangana,1.0964,1.0347,1.0008,0,4,1,0,0.0,0.0,0,0,0,,,train
IND-S03451,heatwave,india_national_20k,IN-C11058-GEN09,generator,Moga,Punjab,2.5411,1.4345,1.1494,2,22,5,112,11.28,0.01178,19094156,0,3,IN-WR-HUB|IN-NER-HUB|IN-C01444-SS|IN-CHH-HUB|IN-C02530-SS|IN-C02531-SS|IN-C02533-SS|IN-DEL-HUB|IN-C03059-SS|IN-HAR-HUB|IN-C03793-SS|IN-C03794-SS,0|0|1|1|1|1|1|1|1|1|1|1,train
IND-S03452,high_demand,india_national_20k,IN-C15548-GEN03,generator,Agra,Uttar Pradesh,2.8489,1.3955,1.0578,0,122,4,34,9.28,0.00478,13207871,0,4,IN-NR-HUB|IN-WR-HUB|IN-NER-HUB|IN-C15548-SS|IN-UTT-HUB|IN-DEL-HUB|IN-C03058-SS|IN-C10290-SS|IN-C10346-SS|IN-C10353-SS|IN-C10360-SS|IN-C10362-SS,0|0|0|0|0|1|1|1|1|1|1|1,train
IND-S03453,heatwave,india_national_20k,IN-C05536-GEN07,generator,Davangere,Karnataka,3.3743,1.2252,1.0904,1,49,1,0,0.0,0.0,0,0,0,,,test
IND-S03454,line_outage,india_national_20k,IN-C07299-SS,substation,Marampilly,Kerala,1.6172,1.2941,1.0343,4,10,1,0,0.02,0.0,0,0,0,,,train
IND-S03455,line_outage,india_national_20k,IN-C01123-GEN05,generator,Nagaon,Assam,1.2007,1.1359,1.0448,1,15,1,0,0.0,0.0,0,0,0,,,val
IND-S03456,line_outage,india_national_20k,IN-C09310-FD021,feeder,Ichalkaranji,Maharashtra,1.7793,1.158,1.0465,1,6,1,0,0.0,0.0,0,0,0,,,train
IND-S03457,cascade_emergency,india_national_20k,IN-C03285-GEN06,generator,Jamnagar,Gujarat,6.2892,1.5493,1.1724,5,24,7,914,31.4,0.17912,61347999,0,2,IN-WR-HUB|IN-SR-HUB|IN-ER-HUB|IN-NER-HUB|IN-GUJ-HUB|IN-KER-HUB|IN-C07054-SS|IN-C10346-SS|IN-C10362-SS|IN-C15600-SS|IN-UTT-HUB|IN-WES-HUB,0|0|0|0|0|0|0|0|0|0|0|0,train
IND-S03458,transformer_overload,india_national_20k,IN-C15559-SS,substation,Modīnagar,Uttar Pradesh,4.8417,1.0435,1.0259,0,260,1,0,0.01,0.0,0,0,0,,,train
IND-S03459,high_demand,india_national_20k,IN-C12345-FD021,feeder,Tiruchirappalli,Tamil Nadu,2.671,1.2967,1.0373,1,10,1,0,0.0,0.0,0,0,0,,,train
IND-S03460,normal_operation,india_national_20k,IN-C09291-FD021,feeder,Virār,Maharashtra,1.1092,0.9179,1.0119,0,10,1,0,0.0,0.0,0,0,0,,,train
IND-S03461,normal_operation,india_national_20k,IN-C12348-GEN09,generator,Erode,Tamil Nadu,1.1292,0.9514,1.0149,0,73,1,0,0.0,0.0,0,0,0,,,train
IND-S03462,transformer_overload,india_national_20k,IN-C14844-FD021,feeder,Hyderabad,Telangana,2.7511,1.2971,1.0026,1,10,1,0,0.0,0.0,0,0,0,,,train
IND-S03463,high_demand,india_national_20k,IN-C03280-FD011,feeder,Ahmedabad,Gujarat,2.112,1.2944,1.0355,1,10,1,0,0.0,0.0,0,0,0,,,train
IND-S03464,normal_operation,india_national_20k,IN-C12341-FD011,feeder,Coimbatore,Tamil Nadu,1.0907,0.8591,1.0176,0,10,1,0,0.0,0.0,0,0,0,,,train
IND-S03465,high_demand,india_national_20k,IN-C04848-SS,substation,Gumia,Jharkhand,2.158,1.3968,1.0656,0,3,1,0,8.52,0.0,0,0,0,,,train
IND-S03466,cascade_emergency,india_national_20k,IN-C10446-FD011,feeder,Jatani,Odisha,8.8936,1.518,1.1785,1,5,1,0,9.02,0.0,0,0,0,,,train
IND-S03467,high_demand,india_national_20k,IN-C12350-FD021,feeder,Ambattur,Tamil Nadu,2.6321,1.2573,1.0302,1,8,1,0,0.0,0.0,0,0,0,,,train
IND-S03468,transformer_overload,india_national_20k,IN-C04823-FD011,feeder,Dhanbad,Jharkhand,5.6215,1.2168,1.0115,1,10,1,0,0.0,0.0,0,0,0,,,train
IND-S03469,transformer_overload,india_national_20k,IN-C15546-SS,substation,Kanpur,Uttar Pradesh,5.6712,1.0493,1.0333,0,260,2,5,0.44,0.00966,3093954,0,5,IN-C15546-SS|IN-C15583-SS|IN-C15601-SS|IN-C19257-SS|IN-UTT-HUB,0|0|0|0|0,train
IND-S03470,cascade_emergency,india_national_20k,IN-C11572-FD011,feeder,Sūjāngarh,Rajasthan,8.3405,1.4073,1.0773,3,6,2,4,8.77,0.00372,183808,0,4,IN-RAJ-HUB|IN-C11572-SS|IN-C11572-TR01|IN-C11572-FD011,0|0|0|0,train
IND-S03471,heatwave,india_national_20k,IN-C05530-FD012,feeder,Bengaluru,Karnataka,2.4974,1.3898,1.2109,2,10,10,97,11.59,0.02654,58448015,0,4,IN-SR-HUB|IN-KAR-HUB|IN-C05530-SS|IN-C05530-TR01|IN-C05530-FD012|IN-KER-HUB|IN-C07060-SS|IN-C07063-SS|IN-C07247-SS|IN-C07261-SS|IN-C07315-SS|IN-C07354-SS,0|0|0|0|0|0|0|0|0|0|0|0,test
IND-S03472,transformer_overload,india_national_20k,IN-C15628-FD011,feeder,Dādri,Uttar Pradesh,4.745,1.0458,1.0592,1,5,1,0,0.0,0.0,0,0,0,,,train
IND-S03473,heatwave,india_national_20k,IN-C07048-SS,substation,Kozhikode,Kerala,2.9796,1.398,1.1286,2,105,2,2,8.73,0.00029,68432,0,2,IN-C07106-SS|IN-C07286-SS,0|0,train
IND-S03474,high_demand,india_national_20k,IN-C09552-SS,substation,Jalochi,Maharashtra,2.8196,1.2908,1.0848,1,9,1,0,0.0,0.0,0,0,0,,,train
IND-S03475,normal_operation,india_national_20k,IN-C19750-FD011,feeder,Hugli,West Bengal,1.1556,0.893,1.0169,0,5,1,0,0.0,0.0,0,0,0,,,val
IND-S03476,cascade_emergency,india_national_20k,IN-C14844-FD021,feeder,Hyderabad,Telangana,4.6359,1.3559,1.148,3,10,5,44,9.83,0.01133,8183534,0,4,IN-SR-HUB|IN-TEL-HUB|IN-C14844-SS|IN-C14844-TR02|IN-C14844-FD021|IN-NER-HUB|IN-C11034-SS|IN-C11047-SS|IN-C14852-SS|IN-C14935-SS|IN-C14966-SS|IN-C14985-SS,0|0|0|0|0|1|1|1|1|1|1|1,train
IND-S03477,transformer_overload,india_national_20k,IN-C09284-FD011,feeder,Nagpur,Maharashtra,4.5701,1.0056,1.0514,0,10,2,4,0.29,0.00573,2405665,0,4,IN-MAH-HUB|IN-C09284-SS|IN-C09284-TR01|IN-C09284-FD011,0|0|0|0,train
IND-S03478,high_demand,india_national_20k,IN-C09408-SS,substation,Kannad,Maharashtra,2.8431,1.2904,1.0241,0,3,1,0,0.0,0.0,0,0,0,,,train
IND-S03479,high_demand,india_national_20k,IN-C04930-SS,substation,Berhait,Jharkhand,2.9424,1.3261,1.0416,0,10,1,0,0.0,0.0,0,0,0,,,train
IND-S03480,heatwave,india_national_20k,IN-C15553-GEN08,generator,Alīgarh,Uttar Pradesh,2.5723,1.1557,1.1298,0,116,3,5,0.15,0.00014,184108,0,3,IN-C15605-SS|IN-UTT-HUB|IN-C19438-SS|IN-C19462-SS|IN-C19475-SS,0|0|1|1|1,train
IND-S03481,line_outage,india_national_20k,IN-C12344-SS,substation,Tirunelveli,Tamil Nadu,1.7102,1.1612,1.0456,1,260,1,0,0.0,0.0,0,0,0,,,train
IND-S03482,transformer_overload,india_national_20k,IN-C14845-FD021,feeder,Warangal,Telangana,2.1481,1.0452,1.001,0,8,2,3,0.14,0.0022,704570,0,3,IN-C14845-SS|IN-C14845-TR02|IN-C14845-FD021,0|0|0,train
IND-S03483,high_demand,india_national_20k,IN-C11028-GEN01,generator,Puducherry,Puducherry,2.2965,1.3743,1.0623,1,17,5,25,8.93,0.00085,685804,0,4,IN-SR-HUB|IN-PUD-HUB|IN-C11029-SS|IN-C11032-SS|IN-NER-HUB|IN-C01444-SS|IN-C10290-SS|IN-C10346-SS|IN-C10353-SS|IN-C10360-SS|IN-C10362-SS|IN-C10384-SS,0|0|0|0|1|2|2|2|2|2|2|2,train
IND-S03484,cascade_emergency,india_national_20k,IN-C19786-FD011,feeder,Dhuliān,West Bengal,6.7031,1.4123,1.1529,1,5,1,0,8.81,0.0,0,0,0,,,val
IND-S03485,transformer_overload,india_national_20k,IN-C05545-FD011,feeder,Gadag,Karnataka,5.7599,1.0559,1.009,1,6,1,0,0.0,0.0,0,0,0,,,test
IND-S03486,high_demand,india_national_20k,IN-ODI-HUB-GEN,generator,Odisha Hub Generation,Odisha,1.7467,1.4663,1.0394,1,83,1,0,8.58,0.0,0,0,0,,,train
IND-S03487,cascade_emergency,india_national_20k,IN-C03876-SS,substation,Nārnaund,Haryana,4.0866,1.4704,1.0764,5,8,2,11,8.99,0.00313,13336466,0,0,IN-BIH-HUB|IN-C01377-SS|IN-C01394-SS|IN-C01444-SS|IN-C01445-SS|IN-C01481-SS|IN-C01486-SS|IN-C02142-SS|IN-MAH-HUB|IN-C09282-SS|IN-C12668-SS,0|0|0|0|0|0|0|0|0|0|0,train
IND-S03488,transformer_overload,india_national_20k,IN-C05538-GEN09,generator,Vijayapura,Karnataka,2.7957,1.2448,1.0583,0,50,2,2,0.05,7e-05,111933,0,2,IN-KAR-HUB|IN-C05556-SS,0|0,test
IND-S03489,normal_operation,india_national_20k,IN-C00027-FD021,feeder,Anantapur,Andhra Pradesh,1.0453,0.946,0.996,0,8,1,0,0.0,0.0,0,0,0,,,test
IND-S03490,cascade_emergency,india_national_20k,IN-C14879-SS,substation,Tandur,Telangana,4.3909,1.3477,1.0535,1,10,1,0,8.38,0.0,0,0,0,,,train
IND-S03491,high_demand,india_national_20k,IN-C01375-FD021,feeder,Gaya,Bihar,1.5898,1.2854,1.0736,0,8,2,3,0.1,0.00117,474093,0,3,IN-C01375-SS|IN-C01375-TR02|IN-C01375-FD021,0|0|0,val
IND-S03492,normal_operation,india_national_20k,IN-C19742-FD021,feeder,Bārāsat,West Bengal,1.0762,0.9173,0.999,0,6,1,0,0.0,0.0,0,0,0,,,val
IND-S03493,line_outage,india_national_20k,IN-C07884-FD011,feeder,Sehore,Madhya Pradesh,1.8322,1.1019,1.0193,2,6,2,3,0.08,0.00054,109118,0,3,IN-C07884-SS|IN-C07884-TR01|IN-C07884-FD011,0|0|0,train
IND-S03494,high_demand,india_national_20k,IN-C11564-GEN05,generator,Ajmer,Rajasthan,2.9116,1.3919,1.0905,1,31,1,0,8.57,0.0,0,0,0,,,train
IND-S03495,line_outage,india_national_20k,IN-C11570-SS,substation,Sri Ganganagar,Rajasthan,1.4807,1.0652,1.0306,2,118,1,0,0.0,0.0,0,0,0,,,train
IND-S03496,heatwave,india_national_20k,IN-C09755-SS,substation,Dehu,Maharashtra,1.5532,1.1682,1.2087,0,15,1,0,8.36,0.0,0,0,0,,,train
IND-S03497,cascade_emergency,india_national_20k,IN-C11846-SS,substation,Bay,Rajasthan,4.9247,1.4104,1.0897,1,6,1,0,8.59,0.0,0,0,0,,,train
IND-S03498,high_demand,india_national_20k,IN-C12349-GEN10,generator,Vellore,Tamil Nadu,2.0408,1.5109,1.0543,1,73,5,57,10.02,0.00711,11489835,0,9,IN-SR-HUB|IN-ER-HUB|IN-NER-HUB|IN-KAR-HUB|IN-C05537-SS|IN-C05540-SS|IN-C11034-SS|IN-C11047-SS|IN-TAM-HUB|IN-C12345-SS|IN-C12347-SS|IN-C12348-SS,0|1|1|1|1|1|1|1|1|1|1|1,train
IND-S03499,line_outage,india_national_20k,IN-C10426-GEN03,generator,Cuttack,Odisha,2.3623,1.1373,1.0558,2,25,1,0,0.0,0.0,0,0,0,,,train
IND-S03500,transformer_overload,india_national_20k,IN-C00021-FD011,feeder,Nellore,Andhra Pradesh,5.3966,1.0238,1.0267,0,8,2,3,0.19,0.0038,547621,0,3,IN-C00021-SS|IN-C00021-TR01|IN-C00021-FD011,0|0|0,test
IND-S03501,transformer_overload,india_national_20k,IN-C12364-FD011,feeder,Kumarapalayam,Tamil Nadu,5.7303,1.245,1.0256,0,6,3,11,0.35,0.00343,994713,0,5,IN-C12364-SS|IN-C12393-SS|IN-C12555-SS|IN-C12601-SS|IN-C12603-SS|IN-C12364-TR01|IN-C12364-FD011|IN-TAM-HUB|IN-C12348-SS|IN-C12401-SS|IN-C12469-SS,0|0|0|0|0|0|0|1|1|1|1,train
IND-S03502,transformer_overload,india_national_20k,IN-C15554-GEN09,generator,Bareilly,Uttar Pradesh,2.475,1.2856,1.0651,0,116,1,0,0.03,0.0,0,0,0,,,train
IND-S03503,heatwave,india_national_20k,IN-C12347-GEN08,generator,Salem,Tamil Nadu,2.1787,1.2388,1.1334,1,73,1,0,8.23,0.0,0,0,0,,,train
IND-S03504,heatwave,india_national_20k,IN-C09283-FD021,feeder,Pune,Maharashtra,3.2716,1.4135,1.1018,0,10,5,64,10.27,0.01336,22315566,0,4,IN-WR-HUB|IN-MAH-HUB|IN-C09283-SS|IN-C09283-TR02|IN-C09283-FD021|IN-ER-HUB|IN-NER-HUB|IN-C10290-SS|IN-C10346-SS|IN-C10353-SS|IN-C10360-SS|IN-C10362-SS,0|0|0|0|0|1|1|2|2|2|2|2,train
IND-S03505,transformer_overload,india_national_20k,IN-C07860-FD022,feeder,Gwalior,Madhya Pradesh,2.4753,1.2068,1.059,1,10,1,0,0.0,0.0,0,0,0,,,train
IND-S03506,line_outage,india_national_20k,IN-C15743-SS,substation,Lar,Uttar Pradesh,1.9876,1.2981,1.0489,3,3,1,0,0.0,0.0,0,0,0,,,train
IND-S03507,transformer_overload,india_national_20k,IN-C07879-FD011,feeder,Mandsaur,Madhya Pradesh,3.851,1.0994,1.0087,1,6,1,0,0.0,0.0,0,0,0,,,train
IND-S03508,transformer_overload,india_national_20k,IN-C14844-FD032,feeder,Hyderabad,Telangana,4.6091,1.2829,1.0657,1,10,1,0,0.0,0.0,0,0,0,,,train
IND-S03509,heatwave,india_national_20k,IN-C10456-SS,substation,Joda,Odisha,2.0726,1.4425,1.21,1,10,1,0,9.02,0.0,0,0,0,,,train
IND-S03510,cascade_emergency,india_national_20k,IN-C01376-FD021,feeder,Bhāgalpur,Bihar,8.6441,1.4872,1.0717,1,8,1,0,8.75,0.0,0,0,0,,,val
IND-S03511,heatwave,india_national_20k,IN-C09307-FD011,feeder,Ahilyanagar,Maharashtra,1.6191,1.3895,1.1904,1,6,1,0,8.89,0.0,0,0,0,,,train
IND-S03512,heatwave,india_national_20k,IN-C00021-GEN05,generator,Nellore,Andhra Pradesh,2.1362,1.352,1.1123,1,40,1,0,8.54,0.0,0,0,0,,,test
IND-S03513,line_outage,india_national_20k,IN-C15557-GEN12,generator,Loni,Uttar Pradesh,2.2748,1.1674,1.0346,3,117,1,0,0.01,0.0,0,0,0,,,train
IND-S03514,line_outage,india_national_20k,IN-C03287-FD021,feeder,Jūnāgadh,Gujarat,1.3082,1.0877,1.0366,4,8,2,3,0.07,0.0001,173220,0,0,IN-C11070-SS|IN-C11076-SS|IN-C11371-SS,0|0|0,train
IND-S03515,transformer_overload,india_national_20k,IN-C03298-FD011,feeder,Vapi,Gujarat,2.41,1.2928,1.0102,0,5,1,0,0.0,0.0,0,0,0,,,train
IND-S03516,transformer_overload,india_national_20k,IN-C09285-GEN04,generator,Thāne,Maharashtra,5.4908,1.2809,1.0192,1,43,5,23,1.02,0.00891,20545231,0,4,IN-WR-HUB|IN-MAH-HUB|IN-C09282-SS|IN-C09285-SS|IN-ER-HUB|IN-NER-HUB|IN-C10346-SS|IN-C10353-SS|IN-C10360-SS|IN-C10362-SS|IN-C10384-SS|IN-NAG-HUB,0|0|0|0|1|1|2|2|2|2|2|2,train
IND-S03517,cascade_emergency,india_national_20k,IN-C04485-SS,substation,Jammu,Jammu and Kashmir,8.024,1.3046,1.1196,2,58,2,3,8.52,0.0003,33154,0,3,IN-JAM-HUB|IN-C04494-SS|IN-C04590-SS,0|0|0,train
IND-S03518,cascade_emergency,india_national_20k,IN-C05767-SS,substation,Sargūr,Karnataka,8.2657,1.3971,1.0804,2,8,1,0,8.56,0.0,0,0,0,,,test
IND-S03519,normal_operation,india_national_20k,IN-C11569-GEN10,generator,Sīkar,Rajasthan,1.029,0.9671,0.9851,0,27,1,0,0.0,0.0,0,0,0,,,train
IND-S03520,heatwave,india_national_20k,IN-C04831-GEN10,generator,Chas,Jharkhand,2.1174,1.3421,1.2115,0,27,2,1,8.82,0.0,0,0,1,IN-JHA-HUB,0,train
IND-S03521,cascade_emergency,india_national_20k,IN-C07353-SS,substation,Vāzhakulam,Kerala,8.7316,1.4837,1.1678,3,8,5,101,11.56,0.02121,50557825,0,4,IN-KER-HUB|IN-C07059-SS|IN-C07177-SS|IN-C07218-SS|IN-C07234-SS|IN-C07246-SS|IN-C07299-SS|IN-C07304-SS|IN-C07353-SS|IN-C07376-SS|IN-C07474-SS|IN-C07475-SS,0|0|0|0|0|0|0|0|0|0|0|0,train
IND-S03522,heatwave,india_national_20k,IN-C03067-FD011,feeder,Deoli,Delhi,1.8532,1.3256,1.214,0,5,1,0,8.78,0.0,0,0,0,,,train
IND-S03523,heatwave,india_national_20k,IN-C03284-FD011,feeder,Bhavnagar,Gujarat,3.3283,1.1668,1.1196,1,8,1,0,0.0,0.0,0,0,0,,,train
IND-S03524,line_outage,india_national_20k,IN-C03824-SS,substation,Panipat Taraf Ansar,Haryana,2.0629,1.2036,1.0127,1,22,2,2,0.05,0.00027,110875,0,2,IN-C03813-SS|IN-C03824-SS,0|0,train
IND-S03525,normal_operation,india_national_20k,IN-C00001-FD011,feeder,Port Blair,Andaman and Nicobar,1.1811,0.9743,0.9855,0,7,1,0,0.0,0.0,0,0,0,,,train
IND-S03526,normal_operation,india_national_20k,IN-C14846-GEN03,generator,Rāmgundam,Telangana,1.1622,1.0355,0.9864,0,29,1,0,0.0,0.0,0,0,0,,,train
IND-S03527,high_demand,india_national_20k,IN-C03060-SS,substation,Narela,Delhi,2.6935,1.3737,1.0757,1,36,2,3,8.6,0.00131,808627,0,3,IN-DEL-HUB|IN-C03060-SS|IN-C03145-SS,0|0|0,train
IND-S03528,heatwave,india_national_20k,IN-C03790-FD011,feeder,Faridabad,Haryana,3.1856,1.2058,1.1906,2,10,2,12,8.7,0.00271,1457320,0,3,IN-C02588-SS|IN-C02614-SS|IN-C02636-SS|IN-C02694-SS|IN-C02783-SS|IN-C02831-SS|IN-C02912-SS|IN-C02925-SS|IN-C02948-SS|IN-C03790-SS|IN-C03790-TR01|IN-C03790-FD011,0|0|0|0|0|0|0|0|0|0|0|0,train
IND-S03529,heatwave,india_national_20k,IN-C07860-SS,substation,Gwalior,Madhya Pradesh,1.9887,1.2534,1.1215,1,182,1,0,8.33,0.0,0,0,0,,,train
IND-S03530,normal_operation,india_national_20k,IN-C00022-GEN06,generator,Kurnool,Andhra Pradesh,1.0576,0.9054,0.9871,0,39,1,0,0.0,0.0,0,0,0,,,test
IND-S03531,heatwave,india_national_20k,IN-C00024-FD011,feeder,Rajamahendravaram,Andhra Pradesh,3.3485,1.3772,1.1364,0,8,2,3,8.77,0.00171,376333,0,3,IN-C00024-SS|IN-C00024-TR01|IN-C00024-FD011,0|0|0,test
IND-S03532,high_demand,india_national_20k,IN-C10319-FD011,feeder,Shillong,Meghalaya,1.9695,1.4489,1.0312,1,7,2,2,8.56,8e-05,143229,0,2,IN-MEG-HUB|IN-C10319-SS,0|0,val
IND-S03533,high_demand,india_national_20k,IN-C02530-GEN06,generator,Rāj-Nāndgaon,Chhattisgarh,2.1677,1.4349,1.0324,1,23,1,0,8.51,0.0,0,0,0,,,train
IND-S03534,heatwave,india_national_20k,IN-C04484-FD021,feeder,Srinagar,Jammu and Kashmir,1.6911,1.2492,1.2109,0,10,2,3,8.67,0.00151,1206419,0,3,IN-C04484-SS|IN-C04484-TR02|IN-C04484-FD021,0|0|0,train
IND-S03535,high_demand,india_national_20k,IN-C10432-SS,substation,Balasore,Odisha,2.7606,1.4481,1.0849,1,84,2,4,8.76,0.00044,195015,0,4,IN-ODI-HUB|IN-C10432-SS|IN-C10471-SS|IN-C10503-SS,0|0|0|0,train
IND-S03536,cascade_emergency,india_national_20k,IN-C11053-GEN04,generator,Patiāla,Punjab,5.3244,1.3123,1.0637,2,23,1,0,0.27,0.0,0,0,0,,,train
IND-S03537,heatwave,india_national_20k,IN-C12348-GEN09,generator,Erode,Tamil Nadu,2.8276,1.421,1.183,0,73,6,117,11.37,0.01014,21712936,0,5,IN-SR-HUB|IN-ER-HUB|IN-C10346-SS|IN-C10362-SS|IN-TAM-HUB|IN-C12364-SS|IN-C12393-SS|IN-C12401-SS|IN-WES-HUB|IN-ASS-HUB|IN-C01122-SS|IN-C01444-SS,0|0|0|0|0|0|0|0|0|1|1|1,train
IND-S03538,line_outage,india_national_20k,IN-C07857-FD032,feeder,Indore,Madhya Pradesh,1.415,1.0667,1.0171,2,10,1,0,0.0,0.0,0,0,0,,,train
IND-S03539,cascade_emergency,india_national_20k,IN-KAR-HUB-GEN,generator,Karnataka Hub Generation,Karnataka,8.1376,1.3193,1.1776,2,180,5,44,9.51,0.00217,2656819,0,10,IN-SR-HUB|IN-NER-HUB|IN-KAR-HUB|IN-C05536-SS|IN-C05537-SS|IN-C05539-SS|IN-C05540-SS|IN-C05541-SS|IN-C05556-SS|IN-C05639-SS|IN-C05722-SS|IN-C06290-SS,0|1|1|1|1|1|1|1|1|1|1|1,test
IND-S03540,high_demand,india_national_20k,IN-C11612-SS,substation,Dīdwāna,Rajasthan,2.0412,1.3796,1.0801,1,2,1,0,8.52,0.0,0,0,0,,,train
IND-S03541,normal_operation,india_national_20k,IN-C00018-GEN02,generator,Vijayawada,Andhra Pradesh,1.175,0.872,1.0088,0,45,1,0,0.0,0.0,0,0,0,,,test
IND-S03542,transformer_overload,india_national_20k,IN-C07049-FD011,feeder,Kollam,Kerala,3.1742,1.1471,1.0661,1,8,1,0,0.0,0.0,0,0,0,,,train
IND-S03543,transformer_overload,india_national_20k,IN-C05538-GEN09,generator,Vijayapura,Karnataka,5.3477,1.0269,1.0094,1,50,2,2,0.04,7e-05,111933,0,2,IN-KAR-HUB|IN-C05556-SS,0|0,test
IND-S03544,line_outage,india_national_20k,IN-C14844-SS,substation,Hyderabad,Telangana,1.6368,1.0208,1.0581,4,100,1,0,0.0,0.0,0,0,0,,,train
IND-S03545,high_demand,india_national_20k,IN-TAM-HUB-GEN,generator,Tamil Nadu Hub Generation,Tamil Nadu,2.1953,1.3184,1.0866,0,260,5,32,9.03,0.00146,1591330,0,9,IN-SR-HUB|IN-NER-HUB|IN-C11034-SS|IN-C11047-SS|IN-TAM-HUB|IN-C12347-SS|IN-C12390-SS|IN-C12393-SS|IN-C12401-SS|IN-C12474-SS|IN-C14168-SS|IN-C14310-SS,0|1|1|1|1|1|1|1|1|1|1|1,train
IND-S03546,transformer_overload,india_national_20k,IN-C11052-GEN03,generator,Jalandhar,Punjab,5.2659,1.0811,1.0615,1,24,1,0,0.0,0.0,0,0,0,,,train
IND-S03547,normal_operation,india_national_20k,IN-C11054-GEN05,generator,Bathinda,Punjab,1.1998,1.0233,1.015,0,25,1,0,0.0,0.0,0,0,0,,,train
IND-S03548,high_demand,india_national_20k,IN-C09585-SS,substation,Khetia,Maharashtra,2.5158,1.3464,1.0642,1,6,1,0,8.4,0.0,0,0,0,,,train
IND-S03549,high_demand,india_national_20k,IN-C07861-FD021,feeder,Ujjain,Madhya Pradesh,2.0292,1.3491,1.038,1,8,2,5,0.18,0.0002,161808,0,0,IN-C07885-SS|IN-C07944-SS|IN-C08085-SS|IN-C08275-SS|IN-C09141-SS,0|0|0|0|0,train
IND-S03550,normal_operation,india_national_20k,IN-C15613-FD011,feeder,Bijnor,Uttar Pradesh,1.0139,1.0175,0.9896,0,6,1,0,0.0,0.0,0,0,0,,,train
IND-S03551,cascade_emergency,india_national_20k,IN-C12341-FD021,feeder,Coimbatore,Tamil Nadu,8.6049,1.5611,1.1411,3,10,7,909,30.69,0.16179,81729408,0,6,IN-SR-HUB|IN-ER-HUB|IN-KER-HUB|IN-C07054-SS|IN-C10346-SS|IN-C10353-SS|IN-C10362-SS|IN-C10384-SS|IN-TAM-HUB|IN-C12341-SS|IN-C12372-SS|IN-C12378-SS,0|0|0|0|0|0|0|0|0|0|0|0,train
IND-S03552,cascade_emergency,india_national_20k,IN-C15550-FD012,feeder,Ghāziābād,Uttar Pradesh,5.5702,1.5015,1.094,2,10,5,62,10.36,0.01252,23226431,0,5,IN-NR-HUB|IN-WR-HUB|IN-NER-HUB|IN-C15550-SS|IN-C15557-SS|IN-C16428-SS|IN-C19118-SS|IN-C19203-SS|IN-C15550-TR01|IN-C15550-FD012|IN-UTT-HUB|IN-C01444-SS,0|0|0|0|0|0|0|0|0|0|0|1,train
IND-S03553,line_outage,india_national_20k,IN-C15553-FD021,feeder,Alīgarh,Uttar Pradesh,1.5199,1.2392,1.0414,3,8,2,3,0.13,0.0018,753207,0,3,IN-C15553-SS|IN-C15553-TR02|IN-C15553-FD021,0|0|0,train
IND-S03554,high_demand,india_national_20k,IN-C15564-FD011,feeder,Fīrozābād,Uttar Pradesh,1.6767,1.2896,1.058,0,7,2,3,0.09,0.00079,306409,0,3,IN-C15564-SS|IN-C15564-TR01|IN-C15564-FD011,0|0|0,train
IND-S03555,transformer_overload,india_national_20k,IN-C04827-FD011,feeder,Deoghar,Jharkhand,4.5547,1.1231,1.0676,1,7,2,2,0.04,0.00012,203123,0,2,IN-JHA-HUB|IN-C04827-SS,0|0,train
IND-S03556,high_demand,india_national_20k,IN-C08255-SS,substation,Jaithāri,Madhya Pradesh,1.884,1.3914,1.0776,0,10,1,0,8.54,0.0,0,0,0,,,train
IND-S03557,cascade_emergency,india_national_20k,IN-C00023-GEN07,generator,Kākināda,Andhra Pradesh,6.6591,1.4908,1.0611,3,40,1,0,8.68,0.0,0,0,0,,,test
IND-S03558,high_demand,india_national_20k,IN-C03173-FD011,feeder,Mormugao,Goa,2.6088,1.2972,1.0776,1,7,1,0,0.01,0.0,0,0,0,,,train
IND-S03559,high_demand,india_national_20k,IN-C04822-FD032,feeder,Jamshedpur,Jharkhand,2.156,1.4084,1.0733,1,10,1,0,8.55,0.0,0,0,0,,,train
IND-S03560,high_demand,india_national_20k,IN-C09026-SS,substation,Ankhāwāri,Madhya Pradesh,2.6372,1.4814,1.0757,0,6,1,0,8.75,0.0,0,0,0,,,train
IND-S03561,line_outage,india_national_20k,IN-C07864-GEN08,generator,Satna,Madhya Pradesh,2.2618,1.2425,1.052,2,47,1,0,0.0,0.0,0,0,0,,,train
IND-S03562,cascade_emergency,india_national_20k,IN-C03565-SS,substation,Chhapra,Gujarat,4.1997,1.3317,1.1288,4,9,1,0,8.54,0.0,0,0,0,,,train
IND-S03563,cascade_emergency,india_national_20k,IN-C12404-FD011,feeder,Tindivanam,Tamil Nadu,8.4276,1.4813,1.1588,4,5,1,0,9.02,0.0,0,0,0,,,train
IND-S03564,line_outage,india_national_20k,IN-C04825-GEN04,generator,Bokāro,Jharkhand,1.6227,1.0397,1.0028,3,28,2,1,0.02,2e-05,7859,0,1,IN-C04957-SS,0,train
IND-S03565,high_demand,india_national_20k,IN-C15757-SS,substation,Ahraura,Uttar Pradesh,2.1666,1.3172,1.0432,1,9,1,0,0.0,0.0,0,0,0,,,train
IND-S03566,transformer_overload,india_national_20k,IN-C12715-SS,substation,Tondi,Tamil Nadu,2.9028,1.106,1.0002,1,5,1,0,0.0,0.0,0,0,0,,,train
IND-S03567,transformer_overload,india_national_20k,IN-C15546-FD012,feeder,Kanpur,Uttar Pradesh,2.3909,1.0751,1.0012,0,10,2,3,0.22,0.00432,2823249,0,3,IN-C15546-SS|IN-C15546-TR01|IN-C15546-FD012,0|0|0,train
IND-S03568,cascade_emergency,india_national_20k,IN-C11921-SS,substation,Adolibās,Rajasthan,7.2179,1.4557,1.1628,5,5,6,81,10.86,0.01296,35764838,0,0,IN-SR-HUB|IN-C17538-SS|IN-ER-HUB|IN-NER-HUB|IN-KAR-HUB|IN-C05537-SS|IN-C05539-SS|IN-C05540-SS|IN-C07848-SS|IN-C10346-SS|IN-C10353-SS|IN-C10362-SS,0|0|1|1|1|1|1|1|1|1|1|1,train
IND-S03569,high_demand,india_national_20k,IN-C01376-GEN03,generator,Bhāgalpur,Bihar,1.9235,1.3711,1.0326,1,38,1,0,8.35,0.0,0,0,0,,,val
IND-S03570,line_outage,india_national_20k,IN-C11757-SS,substation,Vidyavihar,Rajasthan,1.8166,1.1237,1.0295,3,5,1,0,0.0,0.0,0,0,0,,,train
IND-S03571,cascade_emergency,india_national_20k,IN-C11084-FD011,feeder,Sirhind,Punjab,5.1303,1.3366,1.1268,4,5,1,0,8.55,0.0,0,0,0,,,train
IND-S03572,heatwave,india_national_20k,IN-C11116-SS,substation,Bagha Purana,Punjab,3.4764,1.3794,1.1402,0,23,2,2,8.73,0.0004,188603,0,2,IN-C11058-SS|IN-C11116-SS,0|0,train
IND-S03573,high_demand,india_national_20k,IN-C11056-FD011,feeder,Hoshiārpur,Punjab,2.0061,1.4101,1.0364,0,7,2,3,8.55,0.0009,168653,0,3,IN-C11056-SS|IN-C11056-TR01|IN-C11056-FD011,0|0|0,train
IND-S03574,heatwave,india_national_20k,IN-KER-HUB-GEN,generator,Kerala Hub Generation,Kerala,3.0114,1.2965,1.1934,0,103,1,0,8.63,0.0,0,0,0,,,train
IND-S03575,heatwave,india_national_20k,IN-C12343-GEN04,generator,Madurai,Tamil Nadu,2.3587,1.4384,1.1367,2,80,5,72,10.51,0.01086,22994374,0,3,IN-SR-HUB|IN-ER-HUB|IN-TAM-HUB|IN-C12343-SS|IN-C01444-SS|IN-JHA-HUB|IN-C04828-SS|IN-C04829-SS|IN-C04830-SS|IN-C04832-SS|IN-KAR-HUB|IN-C05537-SS,0|0|0|0|1|1|1|1|1|1|1|1,train
IND-S03576,transformer_overload,india_national_20k,IN-C11058-GEN09,generator,Moga,Punjab,3.8764,1.0792,1.0306,1,22,1,0,0.0,0.0,0,0,0,,,train
IND-S03577,cascade_emergency,india_national_20k,IN-C11560-FD011,feeder,Jaipur,Rajasthan,4.8677,1.5294,1.1282,1,10,1,0,9.02,0.0,0,0,0,,,train
IND-S03578,heatwave,india_national_20k,IN-C10426-FD011,feeder,Cuttack,Odisha,1.6209,1.211,1.1876,0,8,2,3,8.51,0.00153,610189,0,3,IN-C10426-SS|IN-C10426-TR01|IN-C10426-FD011,0|0|0,train
IND-S03579,heatwave,india_national_20k,IN-C00017-FD031,feeder,Rasapūdipalem,Andhra Pradesh,3.1103,1.2817,1.1771,2,10,2,6,8.78,0.00329,1990978,0,4,IN-C00017-SS|IN-C00028-SS|IN-C00260-SS|IN-C00527-SS|IN-C00017-TR03|IN-C00017-FD031,0|0|0|0|0|0,test
IND-S03580,cascade_emergency,india_national_20k,IN-C04543-SS,substation,Patha Deōsar,Jammu and Kashmir,7.921,1.4815,1.0855,4,9,2,6,8.9,0.00082,1331410,0,0,IN-C19731-SS|IN-C19733-SS|IN-C19755-SS|IN-C19766-SS|IN-C19864-SS|IN-C19963-SS,0|0|0|0|0|0,train
IND-S03581,cascade_emergency,india_national_20k,IN-C10439-FD011,feeder,Jeypore,Odisha,7.7924,1.481,1.1171,1,5,1,0,8.88,0.0,0,0,0,,,train
IND-S03582,heatwave,india_national_20k,IN-C00051-FD011,feeder,Emmiganūr,Andhra Pradesh,2.1238,1.3382,1.2122,2,5,3,10,9.0,0.00074,446711,0,4,IN-AND-HUB|IN-C00034-SS|IN-C00051-SS|IN-C00513-SS|IN-C00051-TR01|IN-C00051-FD011|IN-C00037-SS|IN-C00715-SS|IN-C00747-SS|IN-C00866-SS,0|0|0|0|0|0|1|1|1|1,test
IND-S03583,heatwave,india_national_20k,IN-C09285-FD032,feeder,Thāne,Maharashtra,2.3583,1.1888,1.1661,2,10,3,5,0.33,0.00525,14533324,0,4,IN-C09285-SS|IN-C09285-TR03|IN-C09285-FD032|IN-MAH-HUB|IN-C09282-SS,0|0|0|1|1,train
IND-S03584,transformer_overload,india_national_20k,IN-C19729-FD022,feeder,Kolkata,West Bengal,3.4531,1.1468,1.03,1,10,1,0,0.0,0.0,0,0,0,,,val
IND-S03585,line_outage,india_national_20k,IN-C12349-GEN10,generator,Vellore,Tamil Nadu,2.0076,1.1312,1.0492,1,73,1,0,0.0,0.0,0,0,0,,,train
IND-S03586,normal_operation,india_national_20k,IN-TEL-HUB-GEN,generator,Telangana Hub Generation,Telangana,1.0119,1.0241,1.0179,0,92,1,0,0.0,0.0,0,0,0,,,train
IND-S03587,heatwave,india_national_20k,IN-C00019-FD031,feeder,Visakhapatnam,Andhra Pradesh,2.5524,1.3986,1.1563,0,10,3,5,8.95,0.00186,1325528,0,5,IN-C00019-SS|IN-C00019-TR03|IN-C00019-FD031|IN-C00028-SS|IN-C00260-SS,0|0|0|1|1,test
IND-S03588,line_outage,india_national_20k,IN-C01382-FD021,feeder,Begusarai,Bihar,1.8452,1.0084,1.0386,2,8,2,2,0.06,0.00055,0,0,2,IN-C01382-TR02|IN-C01382-FD021,0|0,val
IND-S03589,normal_operation,india_national_20k,IN-C15553-GEN08,generator,Alīgarh,Uttar Pradesh,1.1113,0.9794,1.0112,0,116,1,0,0.0,0.0,0,0,0,,,train
IND-S03590,high_demand,india_national_20k,IN-C07863-FD021,feeder,Dewas,Madhya Pradesh,2.4414,1.3258,1.0649,0,8,2,3,8.44,0.00101,289550,0,3,IN-C07863-SS|IN-C07863-TR02|IN-C07863-FD021,0|0|0,train
IND-S03591,transformer_overload,india_national_20k,IN-C15551-GEN06,generator,Varanasi,Uttar Pradesh,4.0383,1.0702,1.0512,0,120,3,10,0.23,0.00021,169985,0,2,IN-C15600-SS|IN-C15672-SS|IN-C16266-SS|IN-C17022-SS|IN-C17187-SS|IN-C17734-SS|IN-C17976-SS|IN-C18074-SS|IN-UTT-HUB|IN-C19462-SS,0|0|0|0|0|0|0|0|0|1,train
IND-S03592,line_outage,india_national_20k,IN-C15547-FD031,feeder,Lucknow,Uttar Pradesh,2.1982,1.211,1.0282,1,10,1,0,0.0,0.0,0,0,0,,,train
IND-S03593,line_outage,india_national_20k,IN-C00364-SS,substation,Addūtla,Andhra Pradesh,1.98,1.1731,1.0003,3,8,1,0,0.0,0.0,0,0,0,,,test
IND-S03594,normal_operation,india_national_20k,IN-C07874-FD011,feeder,Guna,Madhya Pradesh,1.0953,0.9374,0.988,0,6,1,0,0.0,0.0,0,0,0,,,train
IND-S03595,high_demand,india_national_20k,IN-C14874-FD011,feeder,Zahirābād,Telangana,1.9368,1.3438,1.0634,0,5,1,0,8.4,0.0,0,0,0,,,train
IND-S03596,transformer_overload,india_national_20k,IN-C05538-GEN09,generator,Vijayapura,Karnataka,3.8097,1.1159,1.0655,0,50,2,2,0.04,7e-05,111933,0,2,IN-KAR-HUB|IN-C05556-SS,0|0,test
IND-S03597,line_outage,india_national_20k,IN-C09294-SS,substation,Bhiwandi,Maharashtra,2.444,1.1509,1.0596,4,148,1,0,0.0,0.0,0,0,0,,,train
IND-S03598,heatwave,india_national_20k,IN-C05530-FD022,feeder,Bengaluru,Karnataka,2.8516,1.312,1.1956,0,10,5,42,9.81,0.01104,14721663,0,4,IN-SR-HUB|IN-KAR-HUB|IN-C05530-SS|IN-C05530-TR02|IN-C05530-FD022|IN-NER-HUB|IN-C11034-SS|IN-C11047-SS|IN-C01444-SS|IN-C10290-SS|IN-C10346-SS|IN-C10353-SS,0|0|0|0|0|1|1|1|2|2|2|2,test
IND-S03599,heatwave,india_national_20k,IN-C01377-SS,substation,Muzaffarpur,Bihar,2.1769,1.306,1.1925,2,145,2,3,8.7,0.00017,71621,0,0,IN-C01486-SS|IN-C01495-SS|IN-C01521-SS,0|0|0,val
IND-S03600,heatwave,india_national_20k,IN-C07865-GEN09,generator,Saugor,Madhya Pradesh,1.6113,1.4112,1.1537,0,46,1,0,8.81,0.0,0,0,0,,,train
IND-S03601,line_outage,india_national_20k,IN-C10436-FD011,feeder,Jharsuguda,Odisha,1.6304,1.1229,1.0088,4,6,2,3,0.07,0.00043,97730,0,3,IN-C10436-SS|IN-C10436-TR01|IN-C10436-FD011,0|0|0,train
IND-S03602,line_outage,india_national_20k,IN-C10452-SS,substation,Sunabeda,Odisha,2.0876,1.2027,1.0254,2,4,1,0,0.0,0.0,0,0,0,,,train
IND-S03603,transformer_overload,india_national_20k,IN-C09322-FD011,feeder,Wardha,Maharashtra,5.5082,1.1381,1.075,0,5,1,0,0.0,0.0,0,0,0,,,train
IND-S03604,heatwave,india_national_20k,IN-C13368-SS,substation,Abhisekhāpuram,Tamil Nadu,2.8631,1.3489,1.0831,0,5,1,0,8.46,0.0,0,0,0,,,train
IND-S03605,heatwave,india_national_20k,IN-C09292-FD011,feeder,Aurangabad,Maharashtra,2.5484,1.1653,1.1064,1,10,1,0,0.0,0.0,0,0,0,,,train
IND-S03606,transformer_overload,india_national_20k,IN-C08032-SS,substation,Kolāras,Madhya Pradesh,2.7568,1.1897,1.0593,1,7,2,3,0.07,0.00013,20781,0,3,IN-C08032-SS|IN-C08703-SS|IN-C09268-SS,0|0|0,train
IND-S03607,high_demand,india_national_20k,IN-C04825-FD011,feeder,Bokāro,Jharkhand,1.6064,1.3298,1.0695,1,8,2,2,8.42,8e-05,141640,0,2,IN-JHA-HUB|IN-C04831-SS,0|0,train
IND-S03608,cascade_emergency,india_national_20k,IN-C01379-FD011,feeder,Darbhanga,Bihar,5.9418,1.5002,1.1247,4,8,2,3,9.09,0.00225,296039,0,3,IN-C01379-SS|IN-C01379-TR01|IN-C01379-FD011,0|0|0,val
IND-S03609,line_outage,india_national_20k,IN-C13863-SS,substation,Allālapuram,Tamil Nadu,1.4231,1.1488,1.0575,3,7,1,0,0.0,0.0,0,0,0,,,train
IND-S03610,transformer_overload,india_national_20k,IN-C12400-FD011,feeder,Virudhachalam,Tamil Nadu,2.4381,1.2556,1.0144,1,6,1,0,0.0,0.0,0,0,0,,,train
IND-S03611,line_outage,india_national_20k,IN-C19736-FD011,feeder,Shyamnagar,West Bengal,1.9532,1.0792,1.0,2,6,2,2,0.08,0.00102,0,0,2,IN-C19736-TR01|IN-C19736-FD011,0|0,val
IND-S03612,high_demand,india_national_20k,IN-C09285-FD032,feeder,Thāne,Maharashtra,2.8828,1.4792,1.094,1,10,2,5,9.01,0.00365,14653824,0,2,IN-C09282-SS|IN-C09285-SS|IN-C09328-SS|IN-C09548-SS|IN-C10093-SS,0|0|0|0|0,train
IND-S03613,line_outage,india_national_20k,IN-MAH-HUB-GEN,generator,Maharashtra Hub Generation,Maharashtra,1.6838,1.0632,1.0502,3,144,1,0,0.0,0.0,0,0,0,,,train
IND-S03614,transformer_overload,india_national_20k,IN-C09293-GEN12,generator,Sholapur,Maharashtra,3.4334,1.2627,1.0423,0,37,5,21,0.83,0.00342,6011907,0,2,IN-WR-HUB|IN-MAH-HUB|IN-ER-HUB|IN-NER-HUB|IN-C10346-SS|IN-C10353-SS|IN-C10360-SS|IN-C10362-SS|IN-C10384-SS|IN-NAG-HUB|IN-C10388-SS|IN-C15523-SS,0|0|1|1|2|2|2|2|2|2|2|2,train
IND-S03615,line_outage,india_national_20k,IN-C12389-FD011,feeder,Aruppukkottai,Tamil Nadu,2.3766,1.2452,1.0297,2,6,2,4,0.11,0.00054,87722,0,4,IN-TAM-HUB|IN-C12389-SS|IN-C12389-TR01|IN-C12389-FD011,0|0|0|0,train
IND-S03616,heatwave,india_national_20k,IN-C19774-TR01,transformer,Rishra,West Bengal,2.4145,1.3505,1.121,2,9,1,0,8.56,0.0,0,0,0,,,val
IND-S03617,normal_operation,india_national_20k,IN-C09299-FD011,feeder,Nanded,Maharashtra,1.0746,0.9857,1.0046,0,7,1,0,0.0,0.0,0,0,0,,,train
IND-S03618,transformer_overload,india_national_20k,IN-C11568-GEN09,generator,Bharatpur,Rajasthan,2.7496,1.0018,1.0776,0,29,1,0,0.0,0.0,0,0,0,,,train
IND-S03619,normal_operation,india_national_20k,IN-C05541-GEN12,generator,Rāichūr,Karnataka,1.1275,0.9241,0.9952,0,45,1,0,0.0,0.0,0,0,0,,,test
IND-S03620,heatwave,india_national_20k,IN-C11055-SS,substation,Pathānkot,Punjab,2.5368,1.4159,1.0951,0,79,1,0,8.64,0.0,0,0,0,,,train
IND-S03621,transformer_overload,india_national_20k,IN-C00018-GEN02,generator,Vijayawada,Andhra Pradesh,5.9161,1.2202,1.0173,0,45,2,2,0.12,0.002,1143232,0,2,IN-AND-HUB|IN-C00018-SS,0|0,test
IND-S03622,line_outage,india_national_20k,IN-C03821-SS,substation,Hodal,Haryana,2.0903,1.1051,1.0552,2,5,1,0,0.0,0.0,0,0,0,,,train
IND-S03623,cascade_emergency,india_national_20k,IN-C15559-FD011,feeder,Modīnagar,Uttar Pradesh,5.4659,1.4449,1.1649,2,7,5,71,10.72,0.01487,26136939,0,4,IN-NR-HUB|IN-WR-HUB|IN-NER-HUB|IN-C15559-SS|IN-C15559-TR01|IN-C15559-FD011|IN-UTT-HUB|IN-C01444-SS|IN-C01445-SS|IN-CHH-HUB|IN-C02530-SS|IN-C02531-SS,0|0|0|0|0|0|0|1|1|1|1|1,train
IND-S03624,high_demand,india_national_20k,IN-C15552-GEN07,generator,Prayagraj,Uttar Pradesh,2.2758,1.3045,1.0578,1,119,3,5,0.34,0.00104,1158084,0,3,IN-C15552-SS|IN-UTT-HUB|IN-C19438-SS|IN-C19462-SS|IN-C19475-SS,0|0|1|1|1,train
IND-S03625,heatwave,india_national_20k,IN-C09288-FD022,feeder,Pimpri,Maharashtra,2.1265,1.3499,1.143,0,10,6,66,10.18,0.01082,23065086,0,4,IN-C09288-SS|IN-C09288-TR02|IN-C09288-FD022|IN-WR-HUB|IN-ER-HUB|IN-NER-HUB|IN-MAH-HUB|IN-C09291-SS|IN-C09292-SS|IN-C09293-SS|IN-C10290-SS|IN-C10346-SS,0|0|0|1|2|2|2|2|2|2|3|3,train
IND-S03626,line_outage,india_national_20k,IN-C12340-FD031,feeder,Chennai,Tamil Nadu,1.9216,1.0233,1.0282,4,10,2,4,0.19,0.0032,86195,0,3,IN-TAM-HUB|IN-C12392-SS|IN-C12340-TR03|IN-C12340-FD031,0|0|0|0,train
IND-S03627,line_outage,india_national_20k,IN-C19731-FD011,feeder,Durgapur,West Bengal,1.57,1.2713,1.0091,1,8,3,3,0.07,0.00012,148025,0,1,IN-C19963-SS|IN-C19766-SS|IN-C19864-SS,0|1|1,val
IND-S03628,normal_operation,india_national_20k,IN-C09283-GEN02,generator,Pune,Maharashtra,1.0478,1.0258,1.007,0,42,1,0,0.0,0.0,0,0,0,,,train
IND-S03629,high_demand,india_national_20k,IN-C11568-GEN09,generator,Bharatpur,Rajasthan,2.5184,1.4741,1.0736,0,29,1,0,8.73,0.0,0,0,0,,,train
IND-S03630,high_demand,india_national_20k,IN-C07161-SS,substation,Pāppinisshēri,Kerala,2.2003,1.3821,1.0466,1,8,2,2,8.47,0.00011,31622,0,2,IN-C07190-SS|IN-C07784-SS,0|0,train
IND-S03631,line_outage,india_national_20k,IN-C02528-FD021,feeder,Bilāspur,Chhattisgarh,2.2797,1.2269,1.0203,2,8,2,3,0.1,0.0012,365579,0,3,IN-C02528-SS|IN-C02528-TR02|IN-C02528-FD021,0|0|0,train
IND-S03632,cascade_emergency,india_national_20k,IN-C00038-FD011,feeder,Chittoor,Andhra Pradesh,5.8561,1.4372,1.1434,5,6,3,8,9.07,0.00241,327159,0,4,IN-AND-HUB|IN-C00038-SS|IN-C00038-TR01|IN-C00038-FD011|IN-C00037-SS|IN-C00715-SS|IN-C00747-SS|IN-C00866-SS,0|0|0|0|1|1|1|1,test
IND-S03633,cascade_emergency,india_national_20k,IN-C14880-FD011,feeder,Kodār,Telangana,5.6896,1.5441,1.0653,3,5,2,2,8.88,9e-05,151652,0,0,IN-C11576-SS|IN-C12319-SS,0|0,train
IND-S03634,line_outage,india_national_20k,IN-C19847-SS,substation,Bagulā,West Bengal,1.6704,1.0711,1.0047,2,11,1,0,0.0,0.0,0,0,0,,,val
IND-S03635,transformer_overload,india_national_20k,IN-C01393-SS,substation,Bettiah,Bihar,5.2523,1.0986,1.0464,1,141,3,15,0.34,0.00127,763664,0,6,IN-BIH-HUB|IN-C01393-SS|IN-C01377-SS|IN-C01444-SS|IN-C01445-SS|IN-C01481-SS|IN-C01485-SS|IN-C01486-SS|IN-C01495-SS|IN-C01499-SS|IN-C01521-SS|IN-C01530-SS,0|0|1|1|1|1|1|1|1|1|1|1,val
IND-S03636,line_outage,india_national_20k,IN-C11562-SS,substation,Kota,Rajasthan,1.7848,1.1012,1.0187,2,125,1,0,0.0,0.0,0,0,0,,,train
IND-S03637,line_outage,india_national_20k,IN-C03070-FD011,feeder,Mandoli,Delhi,1.4905,1.0494,1.0481,1,5,1,0,0.0,0.0,0,0,0,,,train
IND-S03638,high_demand,india_national_20k,IN-C10425-FD011,feeder,Bhubaneswar,Odisha,2.0946,1.3395,1.0506,0,8,2,3,8.49,0.00271,885363,0,3,IN-C10425-SS|IN-C10425-TR01|IN-C10425-FD011,0|0|0,train
IND-S03639,high_demand,india_national_20k,IN-C07413-SS,substation,Chammanād,Kerala,1.7049,1.5241,1.0786,0,4,1,0,8.85,0.0,0,0,0,,,train
IND-S03640,cascade_emergency,india_national_20k,IN-C03280-FD021,feeder,Ahmedabad,Gujarat,4.4887,1.352,1.1713,1,10,1,0,8.7,0.0,0,0,0,,,train
IND-S03641,transformer_overload,india_national_20k,IN-TAM-HUB-GEN,generator,Tamil Nadu Hub Generation,Tamil Nadu,4.5722,1.1555,1.0292,1,260,1,0,0.0,0.0,0,0,0,,,train
IND-S03642,heatwave,india_national_20k,IN-C08069-SS,substation,Bābai,Madhya Pradesh,2.57,1.1655,1.1886,0,6,1,0,0.0,0.0,0,0,0,,,train
IND-S03643,high_demand,india_national_20k,IN-C09282-GEN01,generator,Mumbai,Maharashtra,2.2445,1.3511,1.0474,0,41,5,41,9.48,0.01121,32145182,0,7,IN-WR-HUB|IN-MAH-HUB|IN-C09282-SS|IN-C09285-SS|IN-C09328-SS|IN-C09548-SS|IN-C10093-SS|IN-ER-HUB|IN-NER-HUB|IN-C10290-SS|IN-C10346-SS|IN-C10353-SS,0|0|0|0|0|0|0|1|1|2|2|2,train
IND-S03644,high_demand,india_national_20k,IN-C00025-GEN09,generator,Kadapa,Andhra Pradesh,1.5021,1.2593,1.0363,0,40,1,0,0.0,0.0,0,0,0,,,test
IND-S03645,high_demand,india_national_20k,IN-C12341-SS,substation,Coimbatore,Tamil Nadu,2.1311,1.3726,1.0661,1,260,1,0,8.46,0.0,0,0,0,,,train
IND-S03646,cascade_emergency,india_national_20k,IN-C14848-GEN05,generator,Nizāmābād,Telangana,8.1176,1.5533,1.1644,1,28,7,1501,45.57,0.28877,94627689,0,6,IN-SR-HUB|IN-ER-HUB|IN-TEL-HUB|IN-C14848-SS|IN-C15271-SS|IN-C15208-SS|IN-C19963-SS|IN-WES-HUB|IN-C19729-SS|IN-C19730-SS|IN-C15478-SS|IN-C14985-SS,0|0|0|0|1|1|1|1|1|1|1|1,train
IND-S03647,high_demand,india_national_20k,IN-C12343-FD022,feeder,Madurai,Tamil Nadu,1.7985,1.3581,1.093,1,10,1,0,8.51,0.0,0,0,0,,,train
IND-S03648,high_demand,india_national_20k,IN-C01119-SS,substation,Guwahati,Assam,2.1083,1.2982,1.0485,1,46,1,0,0.0,0.0,0,0,0,,,val
IND-S03649,line_outage,india_national_20k,IN-C09287-FD032,feeder,Nashik,Maharashtra,1.2238,1.1335,1.0017,2,10,1,0,0.0,0.0,0,0,0,,,train
IND-S03650,transformer_overload,india_national_20k,IN-C15551-GEN06,generator,Varanasi,Uttar Pradesh,4.522,1.0653,1.0315,1,120,3,10,0.22,0.00021,169985,0,2,IN-C15600-SS|IN-C15672-SS|IN-C16266-SS|IN-C17022-SS|IN-C17187-SS|IN-C17734-SS|IN-C17976-SS|IN-C18074-SS|IN-UTT-HUB|IN-C19462-SS,0|0|0|0|0|0|0|0|0|1,train
IND-S03651,normal_operation,india_national_20k,IN-C15550-GEN05,generator,Ghāziābād,Uttar Pradesh,1.135,1.0059,1.0049,0,123,1,0,0.0,0.0,0,0,0,,,train
IND-S03652,cascade_emergency,india_national_20k,IN-C15585-FD011,feeder,Orai,Uttar Pradesh,4.2908,1.3568,1.1015,1,6,1,0,8.52,0.0,0,0,0,,,train
IND-S03653,line_outage,india_national_20k,IN-C09347-FD011,feeder,Ambājogāi,Maharashtra,1.5465,1.2392,1.0004,3,5,1,0,0.0,0.0,0,0,0,,,train
IND-S03654,cascade_emergency,india_national_20k,IN-C09291-SS,substation,Virār,Maharashtra,7.6236,1.5635,1.0545,2,151,5,108,11.08,0.00739,11226604,0,4,IN-WR-HUB|IN-SR-HUB|IN-MAH-HUB|IN-ER-HUB|IN-NER-HUB|IN-CHH-HUB|IN-C02530-SS|IN-C02531-SS|IN-C02533-SS|IN-KAR-HUB|IN-C05537-SS|IN-C05539-SS,0|0|0|1|1|1|1|1|1|1|1|1,train
IND-S03655,normal_operation,india_national_20k,IN-C19736-SS,substation,Shyamnagar,West Bengal,1.1611,0.9229,1.0075,0,18,1,0,0.0,0.0,0,0,0,,,val
IND-S03656,cascade_emergency,india_national_20k,IN-C03288-GEN09,generator,Gandhinagar,Gujarat,4.0708,1.5472,1.144,5,24,7,923,30.69,0.15489,57813533,0,7,IN-WR-HUB|IN-SR-HUB|IN-ER-HUB|IN-NER-HUB|IN-C10346-SS|IN-C10362-SS|IN-WES-HUB|IN-C19731-SS|IN-C19733-SS|IN-C19755-SS|IN-C19766-SS|IN-C19864-SS,0|0|0|0|0|0|0|0|0|0|0|0,train
IND-S03657,transformer_overload,india_national_20k,IN-C12350-GEN11,generator,Ambattur,Tamil Nadu,3.8944,1.2119,1.0512,1,73,2,3,0.09,0.00064,552400,0,3,IN-TAM-HUB|IN-C12350-SS|IN-C12392-SS,0|0|0,train
IND-S03658,transformer_overload,india_national_20k,IN-C03281-GEN02,generator,Surat,Gujarat,4.9838,1.1926,1.0225,0,29,2,2,0.27,0.00636,4591246,0,2,IN-GUJ-HUB|IN-C03281-SS,0|0,train
IND-S03659,cascade_emergency,india_national_20k,IN-C14855-FD011,feeder,Khammam,Telangana,4.634,1.3488,1.1207,1,6,1,0,8.56,0.0,0,0,0,,,train
IND-S03660,cascade_emergency,india_national_20k,IN-C11690-SS,substation,Keshorai Pātan,Rajasthan,4.3309,1.433,1.0789,1,40,1,0,8.63,0.0,0,0,0,,,train
IND-S03661,transformer_overload,india_national_20k,IN-C15549-SS,substation,Meerut,Uttar Pradesh,4.8844,1.272,1.0158,0,260,1,0,0.01,0.0,0,0,0,,,train
IND-S03662,line_outage,india_national_20k,IN-C14845-FD021,feeder,Warangal,Telangana,1.686,1.1137,1.0592,2,8,2,3,0.12,0.00182,704570,0,3,IN-C14845-SS|IN-C14845-TR02|IN-C14845-FD021,0|0|0,train
IND-S03663,line_outage,india_national_20k,IN-C10427-FD021,feeder,Brahmapur,Odisha,1.7857,1.1351,1.0077,3,8,2,3,0.09,0.00096,356598,0,3,IN-C10427-SS|IN-C10427-TR02|IN-C10427-FD021,0|0|0,train
IND-S03664,cascade_emergency,india_national_20k,IN-C12347-GEN08,generator,Salem,Tamil Nadu,4.9912,1.4856,1.1144,1,73,5,102,11.17,0.0131,25952880,0,3,IN-SR-HUB|IN-ER-HUB|IN-TAM-HUB|IN-C12347-SS|IN-ASS-HUB|IN-C01122-SS|IN-C01444-SS|IN-JHA-HUB|IN-C04828-SS|IN-C04829-SS|IN-C04830-SS|IN-C04832-SS,0|0|0|0|1|1|1|1|1|1|1|1,train
IND-S03665,normal_operation,india_national_20k,IN-PUN-HUB-GEN,generator,Punjab Hub Generation,Punjab,1.156,1.0383,0.9942,0,78,1,0,0.0,0.0,0,0,0,,,train
IND-S03666,line_outage,india_national_20k,IN-C03408-SS,substation,Dhrol,Gujarat,2.48,1.2549,1.0575,2,8,1,0,0.0,0.0,0,0,0,,,train
IND-S03667,transformer_overload,india_national_20k,IN-C10404-SS,substation,Chantongia,Nagaland,3.4884,1.1044,1.0066,1,10,2,4,0.1,8e-05,35444,0,4,IN-C10394-SS|IN-C10401-SS|IN-C10409-SS|IN-C10418-SS,0|0|0|0,val
IND-S03668,line_outage,india_national_20k,IN-C15554-GEN09,generator,Bareilly,Uttar Pradesh,2.1399,1.2282,1.0141,3,116,1,0,0.01,0.0,0,0,0,,,train
IND-S03669,line_outage,india_national_20k,IN-C03058-FD032,feeder,Delhi,Delhi,2.3098,1.2521,1.0172,1,10,1,0,0.0,0.0,0,0,0,,,train
IND-S03670,line_outage,india_national_20k,IN-C03280-SS,substation,Ahmedabad,Gujarat,2.0442,1.228,1.0465,3,88,1,0,0.0,0.0,0,0,0,,,train
IND-S03671,normal_operation,india_national_20k,IN-C01383-FD011,feeder,Katihar,Bihar,1.0114,0.9168,0.9943,0,7,1,0,0.0,0.0,0,0,0,,,val
IND-S03672,high_demand,india_national_20k,IN-C05532-GEN03,generator,Mysuru,Karnataka,1.7106,1.5341,1.09,0,48,6,76,10.67,0.01108,32486873,0,2,IN-SR-HUB|IN-KAR-HUB|IN-ER-HUB|IN-NER-HUB|IN-C07848-SS|IN-C10346-SS|IN-C10362-SS|IN-C11034-SS|IN-C11047-SS|IN-C15287-SS|IN-C15478-SS|IN-C15600-SS,0|0|1|1|1|1|1|1|1|1|1|1,test
IND-S03673,transformer_overload,india_national_20k,IN-C07046-FD011,feeder,Thiruvananthapuram,Kerala,2.6723,1.2877,1.0285,1,8,1,0,0.0,0.0,0,0,0,,,train
IND-S03674,heatwave,india_national_20k,IN-C14778-SS,substation,Attikkōttai,Tamil Nadu,1.9821,1.2464,1.1381,0,6,1,0,8.37,0.0,0,0,0,,,train
IND-S03675,transformer_overload,india_national_20k,IN-C05530-SS,substation,Bengaluru,Karnataka,5.2064,1.2256,1.0554,0,191,4,6,0.58,0.01279,8544529,0,3,IN-SR-HUB|IN-KAR-HUB|IN-C05530-SS|IN-C11034-SS|IN-C11047-SS|IN-C11032-SS,0|0|0|1|1|2,test
IND-S03676,high_demand,india_national_20k,IN-C07166-SS,substation,Erāmala,Kerala,2.5808,1.2849,1.0313,1,8,1,0,0.0,0.0,0,0,0,,,train
IND-S03677,heatwave,india_national_20k,IN-C10426-GEN03,generator,Cuttack,Odisha,2.4003,1.2929,1.1959,0,25,2,1,8.65,0.0,0,0,1,IN-ODI-HUB,0,train
IND-S03678,transformer_overload,india_national_20k,IN-KER-HUB-GEN,generator,Kerala Hub Generation,Kerala,5.0407,1.1974,1.0348,1,103,1,0,0.0,0.0,0,0,0,,,train
IND-S03679,cascade_emergency,india_national_20k,IN-C07859-FD011,feeder,Jabalpur,Madhya Pradesh,8.3892,1.5333,1.162,2,10,7,970,33.19,0.20283,60001892,0,4,IN-WR-HUB|IN-SR-HUB|IN-ER-HUB|IN-MAD-HUB|IN-C07859-SS|IN-C07859-TR01|IN-C07859-FD011|IN-C19963-SS|IN-WES-HUB|IN-C19729-SS|IN-C10362-SS|IN-C19730-SS,0|0|0|0|0|0|0|1|1|1|1|1,train
IND-S03680,transformer_overload,india_national_20k,IN-C04824-FD012,feeder,Ranchi,Jharkhand,3.0794,1.1168,1.0329,0,10,2,3,0.13,0.00202,1120374,0,3,IN-C04824-SS|IN-C04824-TR01|IN-C04824-FD012,0|0|0,train
IND-S03681,high_demand,india_national_20k,IN-C06010-SS,substation,Adumanahalli,Karnataka,1.9092,1.3582,1.0749,1,5,1,0,8.46,0.0,0,0,0,,,test
IND-S03682,heatwave,india_national_20k,IN-C05539-GEN10,generator,Shivamogga,Karnataka,2.6525,1.3785,1.1515,0,48,5,53,9.88,0.00556,8948431,0,7,IN-SR-HUB|IN-ER-HUB|IN-NER-HUB|IN-KAR-HUB|IN-C05536-SS|IN-C05537-SS|IN-C05540-SS|IN-C05541-SS|IN-C05556-SS|IN-C05639-SS|IN-C05722-SS|IN-C06290-SS,0|1|1|1|1|1|1|1|1|1|1|1,test
IND-S03683,cascade_emergency,india_national_20k,IN-C00040-FD011,feeder,Bhimavaram,Andhra Pradesh,5.7476,1.5781,1.1589,4,6,3,70,10.7,0.01314,3094883,0,4,IN-AND-HUB|IN-C00040-SS|IN-C00040-TR01|IN-C00040-FD011|IN-C00011-SS|IN-C00001-TR01|IN-C00001-FD011|IN-C00020-SS|IN-C00021-SS|IN-C00023-SS|IN-C00024-SS|IN-C00026-SS,0|0|0|0|1|1|1|1|1|1|1|1,test
IND-S03684,high_demand,india_national_20k,IN-C04831-GEN10,generator,Chas,Jharkhand,1.6984,1.4842,1.0661,1,27,1,0,8.7,0.0,0,0,0,,,train
IND-S03685,cascade_emergency,india_national_20k,IN-C07858-FD022,feeder,Bhopal,Madhya Pradesh,5.7451,1.3872,1.1126,5,10,3,17,9.09,0.00576,2381032,0,6,IN-MAD-HUB|IN-C07858-SS|IN-C07882-SS|IN-C07888-SS|IN-C07892-SS|IN-C07908-SS|IN-C08007-SS|IN-C08067-SS|IN-C08104-SS|IN-C08742-SS|IN-C07858-TR02|IN-C07858-FD022,0|0|0|0|0|0|0|0|0|0|0|0,train
IND-S03686,transformer_overload,india_national_20k,IN-C09500-SS,substation,Wadgaon,Maharashtra,4.691,1.0448,1.0425,1,13,1,0,0.0,0.0,0,0,0,,,train
IND-S03687,high_demand,india_national_20k,IN-C09285-FD011,feeder,Thāne,Maharashtra,2.7583,1.5342,1.0857,0,10,6,116,11.54,0.01595,31339599,0,4,IN-WR-HUB|IN-MAH-HUB|IN-C09282-SS|IN-C09285-SS|IN-C09285-TR01|IN-C09285-FD011|IN-ER-HUB|IN-NER-HUB|IN-CHH-HUB|IN-C02530-SS|IN-C02531-SS|IN-C02533-SS,0|0|0|0|0|0|1|1|1|1|1|1,train
IND-S03688,high_demand,india_national_20k,IN-C09356-FD011,feeder,Urun-Islāmpur,Maharashtra,1.955,1.3806,1.0863,0,5,2,7,8.68,0.0006,173986,0,4,IN-C09356-SS|IN-C09427-SS|IN-C09461-SS|IN-C09500-SS|IN-C09635-SS|IN-C09356-TR01|IN-C09356-FD011,0|0|0|0|0|0|0,train
IND-S03689,transformer_overload,india_national_20k,IN-C15567-FD021,feeder,Noida,Uttar Pradesh,5.9657,1.092,1.0098,1,7,1,0,0.0,0.0,0,0,0,,,train
IND-S03690,transformer_overload,india_national_20k,IN-C12346-GEN07,generator,Tiruppur,Tamil Nadu,2.1565,1.0707,1.0208,1,75,2,3,0.06,5e-05,87927,0,2,IN-TAM-HUB|IN-C12390-SS|IN-C14310-SS,0|0|0,train
IND-S03691,transformer_overload,india_national_20k,IN-C15552-GEN07,generator,Prayagraj,Uttar Pradesh,2.7012,1.0521,1.0553,1,119,1,0,0.0,0.0,0,0,0,,,train
IND-S03692,line_outage,india_national_20k,IN-C12347-GEN08,generator,Salem,Tamil Nadu,1.2403,1.2472,1.0434,4,73,1,0,0.0,0.0,0,0,0,,,train
IND-S03693,heatwave,india_national_20k,IN-C12342-FD032,feeder,Kallakurichi,Tamil Nadu,2.0372,1.4262,1.1891,1,10,1,0,8.98,0.0,0,0,0,,,train
IND-S03694,cascade_emergency,india_national_20k,IN-C07045-FD021,feeder,Kanayannur,Kerala,8.2063,1.3945,1.1754,3,8,5,60,10.62,0.0196,25824910,0,6,IN-ER-HUB|IN-KER-HUB|IN-C07045-SS|IN-C07047-SS|IN-C07291-SS|IN-C07643-SS|IN-C07045-TR02|IN-C07045-FD021|IN-C01444-SS|IN-JHA-HUB|IN-C04828-SS|IN-C04829-SS,0|0|0|0|0|0|0|0|1|1|1|1,train
IND-S03695,heatwave,india_national_20k,IN-C07046-FD021,feeder,Thiruvananthapuram,Kerala,3.2413,1.4118,1.1315,1,8,5,48,9.8,0.00521,8541719,0,1,IN-SR-HUB|IN-KER-HUB|IN-ER-HUB|IN-NER-HUB|IN-KAR-HUB|IN-C05537-SS|IN-C05540-SS|IN-C11034-SS|IN-C11047-SS|IN-JHA-HUB|IN-C04828-SS|IN-C04829-SS,0|0|1|1|1|1|1|1|1|2|2|2,train
IND-S03696,high_demand,india_national_20k,IN-C07859-GEN03,generator,Jabalpur,Madhya Pradesh,2.0149,1.3131,1.0251,1,52,2,2,0.09,0.0009,1081677,0,2,IN-MAD-HUB|IN-C07859-SS,0|0,train
IND-S03697,line_outage,india_national_20k,IN-C09286-GEN05,generator,Pimpri-Chinchwad,Maharashtra,1.7772,1.2852,1.0008,3,44,5,25,0.9,0.00553,9029532,0,5,IN-WR-HUB|IN-MAH-HUB|IN-C09286-SS|IN-C09288-SS|IN-C09950-SS|IN-ER-HUB|IN-NER-HUB|IN-C10346-SS|IN-C10353-SS|IN-C10360-SS|IN-C10362-SS|IN-C10384-SS,0|0|0|0|0|1|1|2|2|2|2|2,train
IND-S03698,high_demand,india_national_20k,IN-C03286-FD021,feeder,Bilimora,Gujarat,2.7943,1.4734,1.0866,0,8,2,3,8.88,0.00199,510879,0,3,IN-C03286-SS|IN-C03286-TR02|IN-C03286-FD021,0|0|0,train
IND-S03699,high_demand,india_national_20k,IN-C07870-FD011,feeder,Burhānpur,Madhya Pradesh,2.4595,1.4758,1.0339,0,6,3,9,8.79,0.00155,372694,0,4,IN-MAD-HUB|IN-C07870-SS|IN-C07870-TR01|IN-C07870-FD011|IN-C07885-SS|IN-C07944-SS|IN-C08085-SS|IN-C08275-SS|IN-C09141-SS,0|0|0|0|1|1|1|1|1,train
IND-S03700,transformer_overload,india_national_20k,IN-C00024-GEN08,generator,Rajamahendravaram,Andhra Pradesh,2.6287,1.0721,1.0058,1,41,1,0,0.0,0.0,0,0,0,,,test
IND-S03701,high_demand,india_national_20k,IN-C14895-SS,substation,Patancheru,Telangana,2.0187,1.2751,1.0807,0,7,2,3,0.08,0.00036,98654,0,3,IN-C14895-SS|IN-C14906-SS|IN-C14950-SS,0|0|0,train
IND-S03702,line_outage,india_national_20k,IN-C04135-GEN06,generator,Nāhan,Himachal Pradesh,1.8119,1.291,1.0224,3,16,1,0,0.0,0.0,0,0,0,,,train
IND-S03703,transformer_overload,india_national_20k,IN-C12347-GEN08,generator,Salem,Tamil Nadu,4.1505,1.1746,1.0774,0,73,1,0,0.01,0.0,0,0,0,,,train
IND-S03704,normal_operation,india_national_20k,IN-C12340-FD032,feeder,Chennai,Tamil Nadu,1.0416,0.9663,1.0142,0,10,1,0,0.0,0.0,0,0,0,,,train
IND-S03705,line_outage,india_national_20k,IN-C05533-FD021,feeder,Kalaburagi,Karnataka,1.9482,1.0381,1.0185,3,8,2,11,0.28,0.00171,655363,0,3,IN-C01413-SS|IN-C01446-SS|IN-C01679-SS|IN-C01718-SS|IN-C01767-SS|IN-C01837-SS|IN-C02288-SS|IN-C02465-SS|IN-C05533-SS|IN-C05533-TR02|IN-C05533-FD021,0|0|0|0|0|0|0|0|0|0|0,test
IND-S03706,high_demand,india_national_20k,IN-C07857-FD011,feeder,Indore,Madhya Pradesh,2.0859,1.549,1.0289,0,10,3,11,9.06,0.00332,2671920,0,4,IN-MAD-HUB|IN-C07857-SS|IN-C07857-TR01|IN-C07857-FD011|IN-C07861-SS|IN-C07885-SS|IN-C07944-SS|IN-C08085-SS|IN-C08275-SS|IN-C09141-SS|IN-C09182-SS,0|0|0|0|1|1|1|1|1|1|1,train
IND-S03707,transformer_overload,india_national_20k,IN-C15552-FD012,feeder,Prayagraj,Uttar Pradesh,2.521,1.2753,1.0538,1,10,1,0,0.0,0.0,0,0,0,,,train
IND-S03708,transformer_overload,india_national_20k,IN-C07464-SS,substation,Vadapādam,Kerala,5.3038,1.0173,1.0615,1,3,1,0,0.0,0.0,0,0,0,,,train
IND-S03709,heatwave,india_national_20k,IN-C01221-SS,substation,Durga Nagar Part-V,Assam,2.9853,1.3669,1.0818,2,11,1,0,8.5,0.0,0,0,0,,,val
IND-S03710,transformer_overload,india_national_20k,IN-C19730-FD031,feeder,Howrah,West Bengal,2.2831,1.0714,1.0552,0,10,4,8,0.3,0.00411,5807089,0,5,IN-C19730-SS|IN-C19730-TR03|IN-C19730-FD031|IN-WES-HUB|IN-C19729-SS|IN-C19766-SS|IN-C19864-SS|IN-C19963-SS,0|0|0|1|1|2|2|2,val
IND-S03711,transformer_overload,india_national_20k,IN-C00312-SS,substation,Achingi,Andhra Pradesh,5.3059,1.0113,1.0506,0,7,1,0,0.0,0.0,0,0,0,,,test
IND-S03712,high_demand,india_national_20k,IN-C09301-FD011,feeder,Ulhasnagar,Maharashtra,2.0627,1.3399,1.0966,0,8,3,5,8.63,0.00178,799521,0,4,IN-C09301-SS|IN-C09301-TR01|IN-C09301-FD011|IN-C09312-SS|IN-C09473-SS,0|0|0|1|1,train
IND-S03713,cascade_emergency,india_national_20k,IN-C12346-FD021,feeder,Tiruppur,Tamil Nadu,8.145,1.5893,1.109,4,8,6,823,29.13,0.16063,84275435,0,5,IN-SR-HUB|IN-ER-HUB|IN-KER-HUB|IN-C07054-SS|IN-C10346-SS|IN-C10353-SS|IN-C10362-SS|IN-C10384-SS|IN-TAM-HUB|IN-C12346-SS|IN-C12390-SS|IN-C12474-SS,0|0|0|0|0|0|0|0|0|0|0|0,train
IND-S03714,line_outage,india_national_20k,IN-C07868-GEN12,generator,Murwāra,Madhya Pradesh,1.8983,1.1615,1.0522,2,43,1,0,0.02,0.0,0,0,0,,,train
IND-S03715,heatwave,india_national_20k,IN-C11561-FD021,feeder,Jodhpur,Rajasthan,3.1597,1.2428,1.0809,0,10,2,3,0.13,0.00194,1056191,0,3,IN-C11561-SS|IN-C11561-TR02|IN-C11561-FD021,0|0|0,train
IND-S03716,cascade_emergency,india_national_20k,IN-C00024-GEN08,generator,Rajamahendravaram,Andhra Pradesh,7.4001,1.3965,1.1051,5,41,3,10,8.78,0.00094,617649,0,3,IN-AND-HUB|IN-C00024-SS|IN-C15626-SS|IN-C17199-SS|IN-C17569-SS|IN-C18087-SS|IN-C00037-SS|IN-C00715-SS|IN-C00747-SS|IN-C00866-SS,0|0|0|0|0|0|1|1|1|1,test
IND-S03717,transformer_overload,india_national_20k,IN-C09285-GEN04,generator,Thāne,Maharashtra,3.7511,1.1861,1.0305,1,43,5,22,0.77,0.00755,19517559,0,4,IN-WR-HUB|IN-MAH-HUB|IN-C09282-SS|IN-C09285-SS|IN-ER-HUB|IN-NER-HUB|IN-C10346-SS|IN-C10353-SS|IN-C10360-SS|IN-C10362-SS|IN-C10384-SS|IN-NAG-HUB,0|0|0|0|1|1|2|2|2|2|2|2,train
IND-S03718,line_outage,india_national_20k,IN-C15563-FD011,feeder,Shāhjānpur,Uttar Pradesh,1.2225,1.2819,1.0215,2,7,3,4,0.12,0.00018,131024,0,0,IN-C07261-SS|IN-C07354-SS|IN-C07063-SS|IN-C07401-SS,0|0|1|1,train
IND-S03719,line_outage,india_national_20k,IN-C11058-FD011,feeder,Moga,Punjab,2.3747,1.2539,1.0309,3,7,2,3,0.1,0.00101,163397,0,3,IN-C11058-SS|IN-C11058-TR01|IN-C11058-FD011,0|0|0,train
IND-S03720,transformer_overload,india_national_20k,IN-C00026-GEN10,generator,Tirupati,Andhra Pradesh,4.1629,1.0646,1.0583,1,40,1,0,0.0,0.0,0,0,0,,,test
IND-S03721,normal_operation,india_national_20k,IN-C00138-SS,substation,Podili,Andhra Pradesh,1.1351,0.9502,1.0181,0,5,1,0,0.0,0.0,0,0,0,,,test
IND-S03722,transformer_overload,india_national_20k,IN-C03096-SS,substation,Kondli,Delhi,2.0924,1.1333,1.0081,1,7,1,0,0.0,0.0,0,0,0,,,train
IND-S03723,normal_operation,india_national_20k,IN-C15552-GEN07,generator,Prayagraj,Uttar Pradesh,1.1082,0.9893,0.9852,0,119,1,0,0.0,0.0,0,0,0,,,train
IND-S03724,normal_operation,india_national_20k,IN-C07236-SS,substation,Trittāla,Kerala,1.1041,0.9651,0.9932,0,2,1,0,0.0,0.0,0,0,0,,,train
IND-S03725,transformer_overload,india_national_20k,IN-C19790-FD011,feeder,Rānāghāt,West Bengal,3.0906,1.0414,1.0288,0,5,1,0,0.0,0.0,0,0,0,,,val
IND-S03726,line_outage,india_national_20k,IN-C11052-GEN03,generator,Jalandhar,Punjab,1.9841,1.2095,1.0094,2,24,1,0,0.0,0.0,0,0,0,,,train
IND-S03727,transformer_overload,india_national_20k,IN-C05535-FD011,feeder,Belagavi,Karnataka,3.8227,1.2149,1.0131,1,8,1,0,0.0,0.0,0,0,0,,,test
IND-S03728,cascade_emergency,india_national_20k,IN-C05547-FD011,feeder,Bhadrāvati,Karnataka,8.9133,1.3856,1.1443,3,6,5,45,9.82,0.00807,7560406,0,4,IN-SR-HUB|IN-KAR-HUB|IN-C05547-SS|IN-C05547-TR01|IN-C05547-FD011|IN-ER-HUB|IN-NER-HUB|IN-C11034-SS|IN-C11047-SS|IN-JHA-HUB|IN-C04828-SS|IN-C10290-SS,0|0|0|0|0|1|1|1|1|2|2|2,test
IND-S03729,cascade_emergency,india_national_20k,IN-C12422-FD011,feeder,Attur,Tamil Nadu,6.9301,1.375,1.0838,4,5,1,0,8.52,0.0,0,0,0,,,train
IND-S03730,normal_operation,india_national_20k,IN-C03280-GEN01,generator,Ahmedabad,Gujarat,1.058,1.0175,0.9838,0,28,1,0,0.0,0.0,0,0,0,,,train
IND-S03731,cascade_emergency,india_national_20k,IN-C19747-FD011,feeder,Kharagpur,West Bengal,5.4087,1.4369,1.1188,4,5,1,0,8.77,0.0,0,0,0,,,val
IND-S03732,cascade_emergency,india_national_20k,IN-C06701-SS,substation,Anūr,Karnataka,4.7812,1.5946,1.0634,2,4,1,0,8.98,0.0,0,0,0,,,test
IND-S03733,transformer_overload,india_national_20k,IN-C07864-GEN08,generator,Satna,Madhya Pradesh,4.7407,1.1097,1.0447,0,47,1,0,0.0,0.0,0,0,0,,,train
IND-S03734,line_outage,india_national_20k,IN-C19731-SS,substation,Durgapur,West Bengal,2.2073,1.2222,1.0183,1,54,2,7,0.19,0.00119,1331410,0,7,IN-WES-HUB|IN-C19731-SS|IN-C19733-SS|IN-C19755-SS|IN-C19766-SS|IN-C19864-SS|IN-C19963-SS,0|0|0|0|0|0|0,val
IND-S03735,cascade_emergency,india_national_20k,IN-C15554-FD021,feeder,Bareilly,Uttar Pradesh,7.5527,1.437,1.0595,3,8,4,37,9.6,0.01045,12709330,0,4,IN-NR-HUB|IN-WR-HUB|IN-NER-HUB|IN-C15554-SS|IN-C15554-TR02|IN-C15554-FD021|IN-UTT-HUB|IN-C01444-SS|IN-DEL-HUB|IN-C03058-SS|IN-C10290-SS|IN-C10346-SS,0|0|0|0|0|0|0|1|1|1|1|1,train
IND-S03736,normal_operation,india_national_20k,IN-C07865-GEN09,generator,Saugor,Madhya Pradesh,1.1195,0.9692,1.0022,0,46,1,0,0.0,0.0,0,0,0,,,train
IND-S03737,transformer_overload,india_national_20k,IN-C09313-FD011,feeder,Panvel,Maharashtra,5.9193,1.1334,1.07,0,5,1,0,0.0,0.0,0,0,0,,,train
IND-S03738,line_outage,india_national_20k,IN-C11052-GEN03,generator,Jalandhar,Punjab,1.8264,1.2066,1.0538,3,24,1,0,0.0,0.0,0,0,0,,,train
IND-S03739,heatwave,india_national_20k,IN-C00025-FD021,feeder,Kadapa,Andhra Pradesh,1.5004,1.4149,1.1821,1,8,3,6,9.05,0.0003,511330,0,2,IN-AND-HUB|IN-C00025-SS|IN-C00037-SS|IN-C00715-SS|IN-C00747-SS|IN-C00866-SS,0|0|1|1|1|1,test
IND-S03740,transformer_overload,india_national_20k,IN-TAM-HUB-GEN,generator,Tamil Nadu Hub Generation,Tamil Nadu,5.2061,1.2572,1.0554,1,260,1,0,0.01,0.0,0,0,0,,,train
IND-S03741,transformer_overload,india_national_20k,IN-C12341-SS,substation,Coimbatore,Tamil Nadu,4.4179,1.1001,1.0167,1,260,2,4,0.29,0.00585,2356507,0,4,IN-TAM-HUB|IN-C12341-SS|IN-C12372-SS|IN-C12378-SS,0|0|0|0,train
IND-S03742,transformer_overload,india_national_20k,IN-C07897-FD011,feeder,Tīkamgarh,Madhya Pradesh,4.4912,1.2915,1.0537,1,5,1,0,0.0,0.0,0,0,0,,,train
IND-S03743,normal_operation,india_national_20k,IN-C05538-FD011,feeder,Vijayapura,Karnataka,1.0586,1.0138,0.9951,0,8,1,0,0.0,0.0,0,0,0,,,test
IND-S03744,normal_operation,india_national_20k,IN-C15549-FD011,feeder,Meerut,Uttar Pradesh,1.0036,0.8506,0.999,0,10,1,0,0.0,0.0,0,0,0,,,train
IND-S03745,normal_operation,india_national_20k,IN-C03281-FD012,feeder,Surat,Gujarat,1.1971,1.0189,1.0106,0,10,1,0,0.0,0.0,0,0,0,,,train
IND-S03746,high_demand,india_national_20k,IN-C00027-GEN11,generator,Anantapur,Andhra Pradesh,2.7539,1.3914,1.0279,0,41,1,0,8.39,0.0,0,0,0,,,test
IND-S03747,transformer_overload,india_national_20k,IN-C09293-FD011,feeder,Sholapur,Maharashtra,2.0548,1.0757,1.0269,0,8,2,3,0.16,0.003,997281,0,3,IN-C09293-SS|IN-C09293-TR01|IN-C09293-FD011,0|0|0,train
IND-S03748,normal_operation,india_national_20k,IN-MAH-HUB-GEN,generator,Maharashtra Hub Generation,Maharashtra,1.0395,0.9695,0.9896,0,144,1,0,0.0,0.0,0,0,0,,,train
IND-S03749,line_outage,india_national_20k,IN-C11052-GEN03,generator,Jalandhar,Punjab,2.0535,1.0092,1.0321,2,24,1,0,0.0,0.0,0,0,0,,,train
IND-S03750,high_demand,india_national_20k,IN-C09293-SS,substation,Sholapur,Maharashtra,2.7749,1.3816,1.0955,0,152,1,0,8.56,0.0,0,0,0,,,train
IND-S03751,high_demand,india_national_20k,IN-C09293-GEN12,generator,Sholapur,Maharashtra,1.9379,1.429,1.0305,0,37,5,37,9.37,0.00638,17506116,0,2,IN-WR-HUB|IN-MAH-HUB|IN-ER-HUB|IN-NER-HUB|IN-C10290-SS|IN-C10346-SS|IN-C10353-SS|IN-C10360-SS|IN-C10362-SS|IN-C10384-SS|IN-NAG-HUB|IN-C10388-SS,0|0|1|1|2|2|2|2|2|2|2|2,train
IND-S03752,transformer_overload,india_national_20k,IN-C11565-GEN06,generator,Udaipur,Rajasthan,5.056,1.2786,1.0178,0,32,1,0,0.01,0.0,0,0,0,,,train
IND-S03753,cascade_emergency,india_national_20k,IN-C15838-SS,substation,Jarwal,Uttar Pradesh,8.3122,1.5221,1.0848,4,6,1,0,8.87,0.0,0,0,0,,,train
IND-S03754,transformer_overload,india_national_20k,IN-C04827-FD011,feeder,Deoghar,Jharkhand,4.0455,1.125,1.071,0,7,2,3,0.13,0.00206,203123,0,3,IN-C04827-SS|IN-C04827-TR01|IN-C04827-FD011,0|0|0,train
IND-S03755,normal_operation,india_national_20k,IN-C05569-TR01,transformer,Channapatna,Karnataka,1.0335,0.9314,1.0087,0,6,1,0,0.0,0.0,0,0,0,,,test
IND-S03756,cascade_emergency,india_national_20k,IN-C03280-GEN01,generator,Ahmedabad,Gujarat,5.3299,1.5306,1.0854,1,28,4,65,10.58,0.01454,25577843,0,3,IN-WR-HUB|IN-SR-HUB|IN-ER-HUB|IN-NER-HUB|IN-GUJ-HUB|IN-C03280-SS|IN-KER-HUB|IN-C07054-SS|IN-C10346-SS|IN-C10362-SS|IN-C15600-SS|IN-UTT-HUB,0|0|0|0|0|0|0|0|0|0|0|0,train
IND-S03757,heatwave,india_national_20k,IN-C10425-FD011,feeder,Bhubaneswar,Odisha,3.2098,1.16,1.2172,2,8,2,4,8.56,0.00387,885363,0,4,IN-ODI-HUB|IN-C10425-SS|IN-C10425-TR01|IN-C10425-FD011,0|0|0|0,train
IND-S03758,line_outage,india_national_20k,IN-C07857-FD011,feeder,Indore,Madhya Pradesh,1.5304,1.2933,1.0105,1,10,1,0,0.0,0.0,0,0,0,,,train
IND-S03759,normal_operation,india_national_20k,IN-C10823-SS,substation,Amdāli,Odisha,1.1722,0.9744,1.0061,0,9,1,0,0.0,0.0,0,0,0,,,train
IND-S03760,normal_operation,india_national_20k,IN-C12340-FD021,feeder,Chennai,Tamil Nadu,1.0818,0.9447,1.0034,0,10,1,0,0.0,0.0,0,0,0,,,train
IND-S03761,cascade_emergency,india_national_20k,IN-C12380-FD011,feeder,Tiruchengode,Tamil Nadu,7.4196,1.4296,1.0545,2,6,2,4,8.68,0.00172,95335,0,4,IN-TAM-HUB|IN-C12380-SS|IN-C12380-TR01|IN-C12380-FD011,0|0|0|0,train
IND-S03762,heatwave,india_national_20k,IN-C11498-SS,substation,Argowāl,Punjab,2.1007,1.2163,1.0926,1,6,1,0,0.0,0.0,0,0,0,,,train
IND-S03763,cascade_emergency,india_national_20k,IN-C09343-FD011,feeder,Wāshīm,Maharashtra,7.3659,1.5078,1.071,4,5,1,0,8.78,0.0,0,0,0,,,train
IND-S03764,high_demand,india_national_20k,IN-C07051-GEN07,generator,Alappuzha,Kerala,2.489,1.3161,1.0969,0,29,1,0,8.42,0.0,0,0,0,,,train
IND-S03765,transformer_overload,india_national_20k,IN-C15554-GEN09,generator,Bareilly,Uttar Pradesh,4.3568,1.1243,1.0587,1,116,1,0,0.01,0.0,0,0,0,,,train
IND-S03766,transformer_overload,india_national_20k,IN-C13044-SS,substation,Muttukavundanpudūr,Tamil Nadu,4.318,1.1697,1.0591,1,9,1,0,0.0,0.0,0,0,0,,,train
IND-S03767,line_outage,india_national_20k,IN-C05539-FD021,feeder,Shivamogga,Karnataka,1.5261,1.1725,1.018,3,8,2,2,0.07,0.00058,0,0,2,IN-C05539-TR02|IN-C05539-FD021,0|0,test
IND-S03768,transformer_overload,india_national_20k,IN-C16023-SS,substation,Gokul,Uttar Pradesh,4.8085,1.2298,1.028,0,5,1,0,0.0,0.0,0,0,0,,,train
IND-S03769,high_demand,india_national_20k,IN-C15557-GEN12,generator,Loni,Uttar Pradesh,1.924,1.2707,1.0337,1,117,1,0,0.01,0.0,0,0,0,,,train
IND-S03770,transformer_overload,india_national_20k,IN-C09288-FD012,feeder,Pimpri,Maharashtra,4.1383,1.288,1.0241,1,10,1,0,0.0,0.0,0,0,0,,,train
IND-S03771,high_demand,india_national_20k,IN-C19729-FD031,feeder,Kolkata,West Bengal,1.802,1.4294,1.0251,1,10,6,20,8.93,0.00297,11482300,0,1,IN-ER-HUB|IN-WES-HUB|IN-WR-HUB|IN-C19766-SS|IN-C19864-SS|IN-C19963-SS|IN-C10346-SS|IN-C10362-SS|IN-C15600-SS|IN-UTT-HUB|IN-DEL-HUB|IN-C03058-SS,0|0|1|1|1|1|2|2|2|2|3|3,val
IND-S03772,normal_operation,india_national_20k,IN-C05532-GEN03,generator,Mysuru,Karnataka,1.0413,1.0097,0.9985,0,48,1,0,0.0,0.0,0,0,0,,,test
IND-S03773,line_outage,india_national_20k,IN-C12525-SS,substation,Tirumuruganpūndi,Tamil Nadu,2.4314,1.0905,1.004,2,9,1,0,0.0,0.0,0,0,0,,,train
IND-S03774,cascade_emergency,india_national_20k,IN-C15834-SS,substation,Jalālī,Uttar Pradesh,6.3768,1.3443,1.1184,2,10,6,19,8.97,0.00349,12456423,0,0,IN-C15553-SS|IN-UTT-HUB|IN-TAM-HUB|IN-C12372-SS|IN-C12378-SS|IN-C12392-SS|IN-C19433-SS|IN-C19438-SS|IN-C19462-SS|IN-C19475-SS|IN-WR-HUB|IN-MAH-HUB,0|0|1|1|1|1|1|1|1|1|2|2,train
IND-S03775,normal_operation,india_national_20k,IN-C05549-FD011,feeder,Hassan,Karnataka,1.1381,1.0457,0.9876,0,6,1,0,0.0,0.0,0,0,0,,,test
IND-S03776,cascade_emergency,india_national_20k,IN-C09442-SS,substation,Pulgaon,Maharashtra,7.3161,1.5591,1.1225,2,7,1,0,9.02,0.0,0,0,0,,,train
IND-S03777,transformer_overload,india_national_20k,IN-C14844-FD031,feeder,Hyderabad,Telangana,4.2116,1.0987,1.0467,1,10,1,0,0.0,0.0,0,0,0,,,train
IND-S03778,transformer_overload,india_national_20k,IN-C15501-FD021,feeder,Agartala,Tripura,3.6003,1.0822,1.0327,0,8,2,7,0.22,0.00201,433442,0,4,IN-TRI-HUB|IN-C15501-SS|IN-C15506-SS|IN-C15525-SS|IN-C15543-SS|IN-C15501-TR02|IN-C15501-FD021,0|0|0|0|0|0|0,train
IND-S03779,cascade_emergency,india_national_20k,IN-C03281-FD031,feeder,Surat,Gujarat,4.9261,1.4061,1.0579,3,10,5,47,9.96,0.01703,22332930,0,4,IN-WR-HUB|IN-C01436-SS|IN-C01794-SS|IN-C01845-SS|IN-C02101-SS|IN-GUJ-HUB|IN-C03281-SS|IN-C03281-TR03|IN-C03281-FD031|IN-ER-HUB|IN-NER-HUB|IN-C10290-SS,0|0|0|0|0|0|0|0|0|1|1|2,train
IND-S03780,high_demand,india_national_20k,IN-C03304-FD011,feeder,Kalol,Gujarat,2.0667,1.4617,1.0225,0,5,1,0,8.53,0.0,0,0,0,,,train
IND-S03781,cascade_emergency,india_national_20k,IN-ODI-HUB-GEN,generator,Odisha Hub Generation,Odisha,7.2999,1.4548,1.1756,2,83,1,0,9.01,0.0,0,0,0,,,train
IND-S03782,heatwave,india_national_20k,IN-C00049-SS,substation,Amaravati,Andhra Pradesh,2.6231,1.1504,1.1288,0,7,1,0,0.0,0.0,0,0,0,,,test
IND-S03783,high_demand,india_national_20k,IN-C09288-GEN07,generator,Pimpri,Maharashtra,2.3398,1.2972,1.0436,0,44,5,27,1.06,0.00576,9206078,0,4,IN-WR-HUB|IN-MAH-HUB|IN-C09286-SS|IN-C09288-SS|IN-ER-HUB|IN-NER-HUB|IN-C10290-SS|IN-C10346-SS|IN-C10353-SS|IN-C10360-SS|IN-C10362-SS|IN-C10384-SS,0|0|0|0|1|1|2|2|2|2|2|2,train
IND-S03784,normal_operation,india_national_20k,IN-C10432-GEN09,generator,Balasore,Odisha,1.1034,0.9188,0.9934,0,23,1,0,0.0,0.0,0,0,0,,,train
IND-S03785,heatwave,india_national_20k,IN-C07056-GEN12,generator,Tellicherry,Kerala,1.6597,1.4386,1.0983,2,30,1,0,8.69,0.0,0,0,0,,,train
IND-S03786,line_outage,india_national_20k,IN-C09306-FD011,feeder,Dhule,Maharashtra,1.2387,1.2202,1.0156,1,6,1,0,0.0,0.0,0,0,0,,,train
IND-S03787,high_demand,india_national_20k,IN-C14883-SS,substation,Wanparti,Telangana,2.3867,1.3867,1.0469,0,13,1,0,8.44,0.0,0,0,0,,,train
IND-S03788,cascade_emergency,india_national_20k,IN-C10427-GEN04,generator,Brahmapur,Odisha,7.1577,1.4322,1.0985,1,26,2,2,8.74,0.00073,356598,0,2,IN-ODI-HUB|IN-C10427-SS,0|0,train
IND-S03789,normal_operation,india_national_20k,IN-C03280-FD012,feeder,Ahmedabad,Gujarat,1.0851,0.8983,0.9818,0,10,1,0,0.0,0.0,0,0,0,,,train
IND-S03790,high_demand,india_national_20k,IN-C09801-SS,substation,Guhāgar,Maharashtra,2.1321,1.4853,1.068,1,4,1,0,8.72,0.0,0,0,0,,,train
IND-S03791,heatwave,india_national_20k,IN-C09285-FD012,feeder,Thāne,Maharashtra,2.5336,1.4169,1.0953,1,10,1,0,8.64,0.0,0,0,0,,,train
IND-S03792,transformer_overload,india_national_20k,IN-C00018-GEN02,generator,Vijayawada,Andhra Pradesh,3.7495,1.0851,1.0001,1,45,2,2,0.09,0.00142,1143232,0,2,IN-AND-HUB|IN-C00018-SS,0|0,test
IND-S03793,line_outage,india_national_20k,IN-C05531-FD021,feeder,Hubballi,Karnataka,1.7644,1.0035,1.0241,3,8,2,6,0.21,0.00255,954706,0,3,IN-C05531-SS|IN-C05531-TR02|IN-C05531-FD021|IN-C10542-SS|IN-C10938-SS|IN-C11025-SS,0|0|0|0|0|0,test
IND-S03794,cascade_emergency,india_national_20k,IN-C00033-FD011,feeder,Machilīpatnam,Andhra Pradesh,5.9801,1.557,1.1313,4,6,3,68,10.68,0.01348,2557528,0,4,IN-AND-HUB|IN-C00033-SS|IN-C00033-TR01|IN-C00033-FD011|IN-C00011-SS|IN-C00001-TR01|IN-C00001-FD011|IN-C00020-SS|IN-C00023-SS|IN-C00024-SS|IN-C00026-SS|IN-C00037-SS,0|0|0|0|1|1|1|1|1|1|1|1,test
IND-S03795,transformer_overload,india_national_20k,IN-C10425-FD021,feeder,Bhubaneswar,Odisha,4.0896,1.2288,1.0795,1,8,1,0,0.0,0.0,0,0,0,,,train
IND-S03796,line_outage,india_national_20k,IN-C15547-FD032,feeder,Lucknow,Uttar Pradesh,2.2896,1.2452,1.0372,1,10,1,0,0.0,0.0,0,0,0,,,train
IND-S03797,cascade_emergency,india_national_20k,IN-C07381-SS,substation,Chendrappini,Kerala,4.5815,1.3398,1.1066,4,4,1,0,8.5,0.0,0,0,0,,,train
IND-S03798,heatwave,india_national_20k,IN-C03174-GEN02,generator,Vasco da Gama,Goa,2.5402,1.2055,1.1456,2,13,2,3,0.07,0.00017,210617,0,3,IN-C03173-SS|IN-C03174-SS|IN-C03215-SS,0|0|0,train
IND-S03799,line_outage,india_national_20k,IN-C19761-FD011,feeder,Krishnanagar,West Bengal,2.3704,1.0882,1.0073,3,5,1,0,0.0,0.0,0,0,0,,,val
IND-S03800,cascade_emergency,india_national_20k,IN-C15554-GEN09,generator,Bareilly,Uttar Pradesh,5.1524,1.5276,1.1586,5,116,7,935,31.91,0.18389,69059592,0,15,IN-NR-HUB|IN-WR-HUB|IN-SR-HUB|IN-ER-HUB|IN-NER-HUB|IN-KER-HUB|IN-C07054-SS|IN-C10346-SS|IN-C10362-SS|IN-C15600-SS|IN-UTT-HUB|IN-WES-HUB,0|0|0|0|0|0|0|0|0|0|0|0,train
IND-S03801,line_outage,india_national_20k,IN-C03843-SS,substation,Bablāi,Haryana,2.4907,1.0829,1.0263,4,2,1,0,0.0,0.0,0,0,0,,,train
IND-S03802,line_outage,india_national_20k,IN-C07881-FD011,feeder,Pithampur,Madhya Pradesh,1.6721,1.1739,1.0468,1,6,1,0,0.0,0.0,0,0,0,,,train
IND-S03803,cascade_emergency,india_national_20k,IN-C09287-SS,substation,Nashik,Maharashtra,8.17,1.4586,1.133,5,155,1,0,8.79,0.0,0,0,0,,,train
IND-S03804,heatwave,india_national_20k,IN-C07248-SS,substation,Elamkunnapuzha,Kerala,2.671,1.4013,1.0832,0,4,1,0,8.57,0.0,0,0,0,,,train
IND-S03805,transformer_overload,india_national_20k,IN-C09293-GEN12,generator,Sholapur,Maharashtra,2.4244,1.0617,1.0599,1,37,5,13,0.31,0.00024,198352,0,2,IN-WR-HUB|IN-MAH-HUB|IN-ER-HUB|IN-NER-HUB|IN-C10346-SS|IN-C10360-SS|IN-C10362-SS|IN-C15523-SS|IN-C19963-SS|IN-C15525-SS|IN-C15543-SS|IN-C19766-SS,0|0|1|1|2|2|2|2|2|3|3|3,train
IND-S03806,high_demand,india_national_20k,IN-C00065-FD011,feeder,Palāsa,Andhra Pradesh,1.6739,1.3671,1.0972,0,5,1,0,8.54,0.0,0,0,0,,,test
IND-S03807,high_demand,india_national_20k,IN-C05532-FD011,feeder,Mysuru,Karnataka,2.117,1.4206,1.0696,1,8,1,0,8.57,0.0,0,0,0,,,test
IND-S03808,transformer_overload,india_national_20k,IN-C09290-FD011,feeder,Dombivali,Maharashtra,4.5794,1.245,1.0474,0,9,4,6,0.27,0.0041,3055628,0,4,IN-C09290-SS|IN-C09290-TR01|IN-C09290-FD011|IN-C09473-SS|IN-C09289-SS|IN-C09301-SS,0|0|0|1|2|2,train
IND-S03809,high_demand,india_national_20k,IN-C09285-FD022,feeder,Thāne,Maharashtra,2.3501,1.4406,1.0389,0,10,3,5,8.8,0.00525,14533324,0,4,IN-C09285-SS|IN-C09285-TR02|IN-C09285-FD022|IN-MAH-HUB|IN-C09282-SS,0|0|0|1|1,train
IND-S03810,line_outage,india_national_20k,IN-C11118-SS,substation,Māchhīwāra,Punjab,1.9292,1.256,1.0068,4,5,1,0,0.01,0.0,0,0,0,,,train
IND-S03811,transformer_overload,india_national_20k,IN-C11051-FD021,feeder,Amritsar,Punjab,3.8544,1.2803,1.0626,1,10,1,0,0.0,0.0,0,0,0,,,train
IND-S03812,transformer_overload,india_national_20k,IN-C14869-FD011,feeder,Palwancha,Telangana,2.9032,1.1847,1.0601,0,5,2,11,0.25,0.00093,336877,0,5,IN-C14869-SS|IN-C14870-SS|IN-C14872-SS|IN-C14898-SS|IN-C14936-SS|IN-C14951-SS|IN-C14959-SS|IN-C15008-SS|IN-C15023-SS|IN-C14869-TR01|IN-C14869-FD011,0|0|0|0|0|0|0|0|0|0|0,train
IND-S03813,high_demand,india_national_20k,IN-C15546-SS,substation,Kanpur,Uttar Pradesh,2.3343,1.5285,1.0316,1,260,1,0,8.68,0.0,0,0,0,,,train
IND-S03814,heatwave,india_national_20k,IN-C05530-FD031,feeder,Bengaluru,Karnataka,2.3859,1.3819,1.1554,1,10,1,0,8.75,0.0,0,0,0,,,test
IND-S03815,transformer_overload,india_national_20k,IN-C03280-FD032,feeder,Ahmedabad,Gujarat,3.2049,1.0909,1.0109,0,10,2,3,0.33,0.00769,6357693,0,3,IN-C03280-SS|IN-C03280-TR03|IN-C03280-FD032,0|0|0,train
IND-S03816,transformer_overload,india_national_20k,IN-C14844-FD031,feeder,Hyderabad,Telangana,5.8938,1.0996,1.0776,1,10,1,0,0.0,0.0,0,0,0,,,train
IND-S03817,transformer_overload,india_national_20k,IN-C11560-FD032,feeder,Jaipur,Rajasthan,5.9647,1.2425,1.0184,1,10,1,0,0.0,0.0,0,0,0,,,train
IND-S03818,transformer_overload,india_national_20k,IN-C19436-GEN05,generator,Roorkee,Uttarakhand,2.9816,1.1529,1.028,0,114,1,0,0.0,0.0,0,0,0,,,train
IND-S03819,line_outage,india_national_20k,IN-C07859-FD012,feeder,Jabalpur,Madhya Pradesh,1.6486,1.18,1.0255,1,10,1,0,0.0,0.0,0,0,0,,,train
IND-S03820,line_outage,india_national_20k,IN-C07312-SS,substation,Palai,Kerala,2.1809,1.151,1.0306,2,5,1,0,0.0,0.0,0,0,0,,,train
IND-S03821,normal_operation,india_national_20k,IN-C14852-FD011,feeder,Ramagundam,Telangana,1.1711,0.8982,0.9944,0,6,1,0,0.0,0.0,0,0,0,,,train
IND-S03822,line_outage,india_national_20k,IN-C12352-SS,substation,Avadi,Tamil Nadu,1.4434,1.2936,1.0037,3,260,1,0,0.0,0.0,0,0,0,,,train
IND-S03823,transformer_overload,india_national_20k,IN-C04486-GEN03,generator,Anantnag,Jammu and Kashmir,5.9787,1.1375,1.0096,0,17,1,0,0.0,0.0,0,0,0,,,train
IND-S03824,transformer_overload,india_national_20k,IN-C02193-SS,substation,Andah,Bihar,2.0967,1.139,1.0735,1,4,1,0,0.0,0.0,0,0,0,,,val
IND-S03825,normal_operation,india_national_20k,IN-C12342-FD032,feeder,Kallakurichi,Tamil Nadu,1.0521,0.8938,1.0082,0,10,1,0,0.0,0.0,0,0,0,,,train
IND-S03826,heatwave,india_national_20k,IN-C09292-GEN11,generator,Aurangabad,Maharashtra,1.9045,1.1519,1.1832,1,42,5,34,1.26,0.00718,18620152,0,3,IN-WR-HUB|IN-MAH-HUB|IN-C09292-SS|IN-ER-HUB|IN-NER-HUB|IN-C10290-SS|IN-C10346-SS|IN-C10353-SS|IN-C10360-SS|IN-C10362-SS|IN-C10384-SS|IN-NAG-HUB,0|0|0|1|1|2|2|2|2|2|2|2,train
IND-S03827,line_outage,india_national_20k,IN-C03285-GEN06,generator,Jamnagar,Gujarat,2.1905,1.0213,1.0386,3,24,1,0,0.0,0.0,0,0,0,,,train
IND-S03828,high_demand,india_national_20k,IN-C10426-GEN03,generator,Cuttack,Odisha,2.8518,1.4139,1.0254,0,25,2,1,8.46,0.0,0,0,1,IN-ODI-HUB,0,train
IND-S03829,line_outage,india_national_20k,IN-C11057-GEN08,generator,Mohali,Punjab,1.6331,1.2304,1.0114,3,22,1,0,0.0,0.0,0,0,0,,,train
IND-S03830,high_demand,india_national_20k,IN-C09316-FD011,feeder,Badlapur,Maharashtra,1.9505,1.5256,1.0911,1,4,1,0,8.93,0.0,0,0,0,,,train
IND-S03831,heatwave,india_national_20k,IN-C15549-GEN04,generator,Meerut,Uttar Pradesh,2.1267,1.2486,1.1564,1,119,5,17,8.87,0.00392,12483572,0,4,IN-NR-HUB|IN-C15549-SS|IN-UTT-HUB|IN-SR-HUB|IN-DEL-HUB|IN-C03058-SS|IN-C19438-SS|IN-C19462-SS|IN-C19475-SS|IN-C01444-SS|IN-C10278-SS|IN-C11034-SS,0|0|0|1|1|1|1|1|1|2|2|2,train
IND-S03832,line_outage,india_national_20k,IN-C12342-GEN03,generator,Kallakurichi,Tamil Nadu,1.898,1.0636,1.0214,4,81,2,2,0.09,0.00135,1682687,0,2,IN-TAM-HUB|IN-C12342-SS,0|0,train
IND-S03833,cascade_emergency,india_national_20k,IN-C02532-GEN08,generator,Jagdalpur,Chhattisgarh,4.386,1.536,1.0616,5,22,2,2,8.85,0.00017,125463,0,2,IN-CHH-HUB|IN-C02532-SS,0|0,train
IND-S03834,transformer_overload,india_national_20k,IN-C15557-GEN12,generator,Loni,Uttar Pradesh,5.3165,1.0857,1.0165,0,117,1,0,0.0,0.0,0,0,0,,,train
IND-S03835,transformer_overload,india_national_20k,IN-C03281-GEN02,generator,Surat,Gujarat,5.5528,1.006,1.0704,0,29,2,2,0.28,0.00691,4591246,0,2,IN-GUJ-HUB|IN-C03281-SS,0|0,train
IND-S03836,normal_operation,india_national_20k,IN-TEL-HUB-GEN,generator,Telangana Hub Generation,Telangana,1.0851,0.8654,1.012,0,92,1,0,0.0,0.0,0,0,0,,,train
IND-S03837,transformer_overload,india_national_20k,IN-C15553-FD011,feeder,Alīgarh,Uttar Pradesh,5.009,1.2945,1.0665,0,8,2,3,0.26,0.00488,753207,0,3,IN-C15553-SS|IN-C15553-TR01|IN-C15553-FD011,0|0|0,train
IND-S03838,line_outage,india_national_20k,IN-C12653-SS,substation,Kollivāyal,Tamil Nadu,1.6109,1.164,1.0143,1,5,1,0,0.0,0.0,0,0,0,,,train
IND-S03839,line_outage,india_national_20k,IN-C01280-SS,substation,Uttar Athiabari,Assam,2.4581,1.2532,1.0182,3,3,1,0,0.0,0.0,0,0,0,,,val
IND-S03840,high_demand,india_national_20k,IN-C12349-GEN10,generator,Vellore,Tamil Nadu,1.9086,1.3354,1.0249,0,73,1,0,0.02,0.0,0,0,0,,,train
IND-S03841,transformer_overload,india_national_20k,IN-C11028-SS,substation,Puducherry,Puducherry,2.6232,1.2859,1.0578,0,31,2,2,0.05,8e-05,32871,0,2,IN-PUD-HUB|IN-C11032-SS,0|0,train
IND-S03842,high_demand,india_national_20k,IN-C07957-SS,substation,Jora Khurd,Madhya Pradesh,2.0735,1.418,1.0287,0,46,2,1,8.48,0.00016,32087,0,1,IN-C07957-SS,0,train
IND-S03843,transformer_overload,india_national_20k,IN-DEL-HUB-GEN,generator,Delhi Hub Generation,Delhi,2.6959,1.1966,1.0797,0,33,1,0,0.0,0.0,0,0,0,,,train
IND-S03844,cascade_emergency,india_national_20k,IN-C10467-SS,substation,Titlāgarh,Odisha,5.4165,1.5617,1.0587,4,5,1,0,8.89,0.0,0,0,0,,,train
IND-S03845,transformer_overload,india_national_20k,IN-C12345-GEN06,generator,Tiruchirappalli,Tamil Nadu,2.9392,1.103,1.0719,1,80,2,2,0.08,0.00107,1022518,0,2,IN-TAM-HUB|IN-C12345-SS,0|0,train
IND-S03846,line_outage,india_national_20k,IN-C11566-GEN07,generator,Bhilwara,Rajasthan,2.3535,1.2613,1.0005,4,30,1,0,0.0,0.0,0,0,0,,,train
IND-S03847,normal_operation,india_national_20k,IN-C00026-TR02,transformer,Tirupati,Andhra Pradesh,1.1907,0.9448,1.0115,0,40,1,0,0.0,0.0,0,0,0,,,test
IND-S03848,transformer_overload,india_national_20k,IN-C03799-FD011,feeder,Bhiwāni,Haryana,4.241,1.2628,1.0231,0,5,1,0,0.0,0.0,0,0,0,,,train
IND-S03849,high_demand,india_national_20k,IN-C00021-GEN05,generator,Nellore,Andhra Pradesh,2.0681,1.4169,1.0204,0,40,1,0,8.43,0.0,0,0,0,,,test
IND-S03850,high_demand,india_national_20k,IN-C01079-SS,substation,Daporijo,Arunachal Pradesh,2.5799,1.4905,1.0871,0,5,3,7,8.94,0.00035,124761,0,4,IN-C01078-SS|IN-C01079-SS|IN-C01098-SS|IN-C01117-SS|IN-ARU-HUB|IN-C01070-SS|IN-C01071-SS,0|0|0|0|1|1|1,train
IND-S03851,high_demand,india_national_20k,IN-C05530-FD022,feeder,Bengaluru,Karnataka,2.1369,1.2761,1.0766,1,10,1,0,0.0,0.0,0,0,0,,,test
IND-S03852,normal_operation,india_national_20k,IN-C07864-FD011,feeder,Satna,Madhya Pradesh,1.1012,0.98,0.9937,0,8,1,0,0.0,0.0,0,0,0,,,train
IND-S03853,line_outage,india_national_20k,IN-C10431-FD011,feeder,Sambalpur,Odisha,2.4001,1.2016,1.0153,3,7,2,3,0.1,0.00118,189366,0,3,IN-C10431-SS|IN-C10431-TR01|IN-C10431-FD011,0|0|0,train
IND-S03854,normal_operation,india_national_20k,IN-C09291-SS,substation,Virār,Maharashtra,1.1274,0.9562,1.0125,0,151,1,0,0.0,0.0,0,0,0,,,train
IND-S03855,high_demand,india_national_20k,IN-C03791-FD021,feeder,Gurugram,Haryana,2.3046,1.4706,1.0602,0,8,2,3,8.81,0.00293,886519,0,3,IN-C03791-SS|IN-C03791-TR02|IN-C03791-FD021,0|0|0,train
IND-S03856,high_demand,india_national_20k,IN-C09288-GEN07,generator,Pimpri,Maharashtra,1.9658,1.5063,1.0366,0,44,5,62,10.02,0.00677,16720141,0,5,IN-WR-HUB|IN-SR-HUB|IN-MAH-HUB|IN-C09286-SS|IN-C09288-SS|IN-C09950-SS|IN-NER-HUB|IN-C11034-SS|IN-C11047-SS|IN-C01444-SS|IN-C10290-SS|IN-C10346-SS,0|0|0|0|0|0|1|1|1|2|2|2,train
IND-S03857,normal_operation,india_national_20k,IN-C12357-FD011,feeder,Sivakasi,Tamil Nadu,1.1685,0.9785,0.9988,0,6,1,0,0.0,0.0,0,0,0,,,train
IND-S03858,cascade_emergency,india_national_20k,IN-C07045-GEN01,generator,Kanayannur,Kerala,6.0295,1.4773,1.106,2,29,3,6,8.99,0.00202,1542547,0,4,IN-C07045-SS|IN-C07047-SS|IN-C07291-SS|IN-C07643-SS|IN-C11032-SS|IN-C11047-SS,0|0|0|0|0|1,train
IND-S03859,transformer_overload,india_national_20k,IN-C03059-GEN02,generator,Najafgarh,Delhi,3.6942,1.1512,1.0571,1,20,1,0,0.01,0.0,0,0,0,,,train
IND-S03860,high_demand,india_national_20k,IN-C19730-GEN02,generator,Howrah,West Bengal,1.8695,1.3127,1.0445,1,27,3,6,0.3,0.00339,5807089,0,3,IN-WES-HUB|IN-C19729-SS|IN-C19730-SS|IN-C19766-SS|IN-C19864-SS|IN-C19963-SS,0|0|0|1|1|1,val
IND-S03861,heatwave,india_national_20k,IN-C03283-FD022,feeder,Rājkot,Gujarat,1.8924,1.2735,1.1245,1,10,1,0,8.4,0.0,0,0,0,,,train
IND-S03862,cascade_emergency,india_national_20k,IN-C03069-FD011,feeder,Burāri,Delhi,6.7338,1.3265,1.0788,4,5,1,0,8.4,0.0,0,0,0,,,train
IND-S03863,heatwave,india_national_20k,IN-C03283-FD032,feeder,Rājkot,Gujarat,2.9868,1.3501,1.0912,1,10,1,0,8.49,0.0,0,0,0,,,train
IND-S03864,line_outage,india_national_20k,IN-C00032-FD011,feeder,Ongole,Andhra Pradesh,1.3172,1.0851,1.0146,2,6,1,0,0.01,0.0,0,0,0,,,test
IND-S03865,high_demand,india_national_20k,IN-C12347-FD021,feeder,Salem,Tamil Nadu,2.9994,1.3731,1.0618,1,8,2,2,8.51,0.00054,917414,0,2,IN-TAM-HUB|IN-C12347-SS,0|0,train
IND-S03866,cascade_emergency,india_national_20k,IN-C15373-SS,substation,Annārigūdem,Telangana,4.3221,1.5139,1.0828,4,8,2,2,8.87,6e-05,23337,0,0,IN-C04878-SS|IN-C10723-SS,0|0,train
IND-S03867,transformer_overload,india_national_20k,IN-C12340-FD022,feeder,Chennai,Tamil Nadu,2.608,1.2549,1.0365,0,10,2,5,0.35,0.00677,4767282,0,4,IN-TAM-HUB|IN-C12340-SS|IN-C12392-SS|IN-C12340-TR02|IN-C12340-FD022,0|0|0|0|0,train
IND-S03868,high_demand,india_national_20k,IN-C01381-FD021,feeder,Arrah,Bihar,2.9318,1.5223,1.0352,1,8,3,15,8.98,0.00102,892885,0,2,IN-BIH-HUB|IN-C01381-SS|IN-C01377-SS|IN-C01444-SS|IN-C01445-SS|IN-C01481-SS|IN-C01485-SS|IN-C01486-SS|IN-C01495-SS|IN-C01499-SS|IN-C01521-SS|IN-C01530-SS,0|0|1|1|1|1|1|1|1|1|1|1,val
IND-S03869,heatwave,india_national_20k,IN-C03067-SS,substation,Deoli,Delhi,2.6549,1.4051,1.1509,1,9,1,0,8.8,0.0,0,0,0,,,train
IND-S03870,normal_operation,india_national_20k,IN-C15552-GEN07,generator,Prayagraj,Uttar Pradesh,1.1954,0.8812,0.9972,0,119,1,0,0.0,0.0,0,0,0,,,train
IND-S03871,high_demand,india_national_20k,IN-C15576-FD011,feeder,Sambhal,Uttar Pradesh,1.7393,1.3502,1.0838,1,6,1,0,8.46,0.0,0,0,0,,,train
IND-S03872,line_outage,india_national_20k,IN-C11126-SS,substation,Tapa,Punjab,1.928,1.292,1.0085,2,6,1,0,0.0,0.0,0,0,0,,,train
IND-S03873,cascade_emergency,india_national_20k,IN-CHH-HUB-GEN,generator,Chhattisgarh Hub Generation,Chhattisgarh,7.2075,1.552,1.1523,2,69,7,962,33.85,0.22495,78839621,0,12,IN-WR-HUB|IN-MAD-HUB|IN-C07866-SS|IN-ER-HUB|IN-NER-HUB|IN-CHH-HUB|IN-C02530-SS|IN-C02531-SS|IN-C02533-SS|IN-GOA-HUB|IN-C03175-SS|IN-C03186-SS,0|0|0|1|1|1|1|1|1|1|1|1,train
IND-S03874,normal_operation,india_national_20k,IN-C03173-GEN01,generator,Mormugao,Goa,1.1413,1.0413,1.0054,0,13,1,0,0.0,0.0,0,0,0,,,train
IND-S03875,normal_operation,india_national_20k,IN-C03792-GEN03,generator,Rohtak,Haryana,1.0758,0.8751,1.0139,0,19,1,0,0.0,0.0,0,0,0,,,train
IND-S03876,transformer_overload,india_national_20k,IN-C03058-FD031,feeder,Delhi,Delhi,4.9027,1.038,1.0328,1,10,1,0,0.0,0.0,0,0,0,,,train
IND-S03877,normal_operation,india_national_20k,IN-C09291-GEN10,generator,Virār,Maharashtra,1.096,0.9837,0.9888,0,40,1,0,0.0,0.0,0,0,0,,,train
IND-S03878,line_outage,india_national_20k,IN-C11582-FD011,feeder,Jhunjhunūn,Rajasthan,1.2463,1.0347,1.017,3,5,1,0,0.0,0.0,0,0,0,,,train
IND-S03879,line_outage,india_national_20k,IN-C09284-GEN03,generator,Nagpur,Maharashtra,1.5314,1.0023,1.045,4,43,2,2,0.11,0.00172,2405665,0,2,IN-MAH-HUB|IN-C09284-SS,0|0,train
IND-S03880,heatwave,india_national_20k,IN-C05532-GEN03,generator,Mysuru,Karnataka,1.6275,1.2403,1.0923,0,48,1,0,0.0,0.0,0,0,0,,,test
IND-S03881,cascade_emergency,india_national_20k,IN-C15552-FD022,feeder,Prayagraj,Uttar Pradesh,7.1844,1.4157,1.1499,3,10,5,58,10.27,0.01254,22583096,0,4,IN-NR-HUB|IN-WR-HUB|IN-NER-HUB|IN-C15552-SS|IN-C15552-TR02|IN-C15552-FD022|IN-UTT-HUB|IN-C01444-SS|IN-CHH-HUB|IN-C02530-SS|IN-C02531-SS|IN-C02533-SS,0|0|0|0|0|0|0|1|1|1|1|1,train
IND-S03882,cascade_emergency,india_national_20k,IN-C05535-SS,substation,Belagavi,Karnataka,7.0209,1.5424,1.1662,4,188,6,1063,33.86,0.17534,94711072,0,20,IN-SR-HUB|IN-NER-HUB|IN-C11047-SS|IN-C07848-SS|IN-ER-HUB|IN-C10362-SS|IN-C05537-SS|IN-KAR-HUB|IN-C10346-SS|IN-C05540-SS|IN-WES-HUB|IN-C00527-SS,0|1|1|1|1|1|1|1|1|1|1|1,test
IND-S03883,high_demand,india_national_20k,IN-C03282-FD031,feeder,Vadodara,Gujarat,2.1322,1.5261,1.0849,1,10,1,0,8.89,0.0,0,0,0,,,train
IND-S03884,transformer_overload,india_national_20k,IN-C08326-SS,substation,Garha Brahman,Madhya Pradesh,2.5547,1.0206,1.0725,0,3,1,0,0.0,0.0,0,0,0,,,train
IND-S03885,line_outage,india_national_20k,IN-C01375-GEN02,generator,Gaya,Bihar,2.1317,1.0223,1.0238,4,38,2,1,0.02,0.0,500,0,0,IN-C03775-SS,0,val
IND-S03886,line_outage,india_national_20k,IN-C14849-GEN06,generator,Mulugu,Telangana,2.3926,1.2422,1.0574,2,28,1,0,0.0,0.0,0,0,0,,,train
IND-S03887,transformer_overload,india_national_20k,IN-C03280-FD032,feeder,Ahmedabad,Gujarat,4.908,1.2537,1.0658,1,10,1,0,0.0,0.0,0,0,0,,,train
IND-S03888,cascade_emergency,india_national_20k,IN-C13263-SS,substation,Karugampattur,Tamil Nadu,7.3268,1.314,1.1099,4,2,1,0,8.45,0.0,0,0,0,,,train
IND-S03889,cascade_emergency,india_national_20k,IN-C09310-SS,substation,Ichalkaranji,Maharashtra,7.4998,1.3443,1.1602,1,7,1,0,8.65,0.0,0,0,0,,,train
IND-S03890,high_demand,india_national_20k,IN-C11561-FD021,feeder,Jodhpur,Rajasthan,2.3098,1.419,1.0796,0,10,2,3,8.7,0.00158,1056191,0,3,IN-C11561-SS|IN-C11561-TR02|IN-C11561-FD021,0|0|0,train
IND-S03891,heatwave,india_national_20k,IN-C05530-FD021,feeder,Bengaluru,Karnataka,3.3441,1.2562,1.1181,0,10,2,4,8.69,0.00791,8495492,0,4,IN-KAR-HUB|IN-C05530-SS|IN-C05530-TR02|IN-C05530-FD021,0|0|0|0,test
IND-S03892,line_outage,india_national_20k,IN-C05537-FD011,feeder,Ballari,Karnataka,2.2969,1.1683,1.0581,2,8,2,6,0.17,0.00144,444648,0,3,IN-C05537-SS|IN-C05537-TR01|IN-C05537-FD011|IN-C11185-SS|IN-C11189-SS|IN-C11191-SS,0|0|0|0|0|0,test
IND-S03893,normal_operation,india_national_20k,IN-C09500-SS,substation,Wadgaon,Maharashtra,1.0765,0.9862,1.0098,0,13,1,0,0.0,0.0,0,0,0,,,train
IND-S03894,transformer_overload,india_national_20k,IN-C03294-FD011,feeder,Surendranagar,Gujarat,3.678,1.0726,1.0541,1,5,1,0,0.0,0.0,0,0,0,,,train
IND-S03895,line_outage,india_national_20k,IN-TEL-HUB-GEN,generator,Telangana Hub Generation,Telangana,2.4757,1.1134,1.0547,4,92,1,0,0.0,0.0,0,0,0,,,train
IND-S03896,heatwave,india_national_20k,IN-C12926-SS,substation,Bommināyakkanpatti,Tamil Nadu,3.2719,1.3783,1.1954,1,6,1,0,8.85,0.0,0,0,0,,,train
IND-S03897,cascade_emergency,india_national_20k,IN-C11593-FD011,feeder,Fatehpur,Rajasthan,7.8685,1.5577,1.0661,5,5,1,0,8.92,0.0,0,0,0,,,train
IND-S03898,transformer_overload,india_national_20k,IN-C09343-FD011,feeder,Wāshīm,Maharashtra,3.5892,1.2657,1.0454,0,5,1,0,0.0,0.0,0,0,0,,,train
IND-S03899,line_outage,india_national_20k,IN-UTT-HUB-GEN,generator,Uttarakhand Hub Generation,Uttarakhand,1.9972,1.0687,1.03,2,1,2,1,0.02,0.0001,43696,0,0,IN-C00109-SS,0,train
IND-S03900,heatwave,india_national_20k,IN-C05221-SS,substation,Ambulba,Jharkhand,2.4851,1.2823,1.1454,0,6,1,0,8.48,0.0,0,0,0,,,train
IND-S03901,high_demand,india_national_20k,IN-C12346-SS,substation,Tiruppur,Tamil Nadu,1.7145,1.3365,1.0818,1,260,2,5,8.53,0.00018,128930,0,5,IN-TAM-HUB|IN-C12390-SS|IN-C12474-SS|IN-C14168-SS|IN-C14310-SS,0|0|0|0|0,train
IND-S03902,normal_operation,india_national_20k,IN-C02502-SS,substation,Atrām Chak,Bihar,1.1868,0.8796,1.0192,0,5,1,0,0.0,0.0,0,0,0,,,val
IND-S03903,cascade_emergency,india_national_20k,IN-C03058-SS,substation,Delhi,Delhi,4.5126,1.5932,1.0831,3,44,3,5,9.1,0.00028,348681,0,0,IN-TAM-HUB|IN-C12372-SS|IN-C12378-SS|IN-C12392-SS|IN-C01444-SS,0|0|0|0|1,train
IND-S03904,cascade_emergency,india_national_20k,IN-C11571-FD011,feeder,Pāli,Rajasthan,4.2331,1.4786,1.1359,2,7,5,116,11.5,0.01425,19299616,0,4,IN-WR-HUB|IN-NER-HUB|IN-C11571-SS|IN-C11571-TR01|IN-C11571-FD011|IN-C01444-SS|IN-C01445-SS|IN-CHH-HUB|IN-C02530-SS|IN-C02531-SS|IN-C02533-SS|IN-DEL-HUB,0|0|0|0|0|1|1|1|1|1|1|1,train
IND-S03905,high_demand,india_national_20k,IN-C00170-SS,substation,Srisailam Project RFC Township,Andhra Pradesh,2.9258,1.3837,1.0386,1,2,1,0,8.41,0.0,0,0,0,,,test
IND-S03906,line_outage,india_national_20k,IN-C05530-FD022,feeder,Bengaluru,Karnataka,1.5873,1.238,1.0388,1,10,1,0,0.0,0.0,0,0,0,,,test
IND-S03907,transformer_overload,india_national_20k,IN-C13400-SS,substation,Achchani,Tamil Nadu,4.8939,1.1543,1.0797,0,7,1,0,0.0,0.0,0,0,0,,,train
IND-S03908,normal_operation,india_national_20k,IN-C00036-FD011,feeder,Proddatūr,Andhra Pradesh,1.0641,0.9496,0.9831,0,6,1,0,0.0,0.0,0,0,0,,,test
IND-S03909,high_demand,india_national_20k,IN-C15609-FD011,feeder,Murādnagar,Uttar Pradesh,2.6953,1.4517,1.0729,0,6,6,38,9.57,0.007,17391013,0,4,IN-C15609-SS|IN-C15609-TR01|IN-C15609-FD011|IN-UTT-HUB|IN-WR-HUB|IN-C01444-SS|IN-MAH-HUB|IN-TAM-HUB|IN-C12372-SS|IN-C12378-SS|IN-C12392-SS|IN-C19433-SS,0|0|0|0|1|1|1|1|1|1|1|1,train
IND-S03910,heatwave,india_national_20k,IN-C09289-FD022,feeder,Kalyān,Maharashtra,2.3036,1.242,1.0939,2,10,3,5,0.21,0.00293,3026166,0,4,IN-C09289-SS|IN-C09289-TR02|IN-C09289-FD022|IN-C09290-SS|IN-C09301-SS,0|0|0|1|1,train
IND-S03911,normal_operation,india_national_20k,IN-C05215-SS,substation,Ambatānr,Jharkhand,1.1574,0.9011,0.997,0,5,1,0,0.0,0.0,0,0,0,,,train
IND-S03912,transformer_overload,india_national_20k,IN-C03280-FD012,feeder,Ahmedabad,Gujarat,5.0254,1.02,1.0228,1,10,1,0,0.0,0.0,0,0,0,,,train
IND-S03913,line_outage,india_national_20k,IN-C11179-SS,substation,Khem Karan,Punjab,2.033,1.0588,1.0222,4,9,1,0,0.0,0.0,0,0,0,,,train
IND-S03914,normal_operation,india_national_20k,IN-C03058-FD022,feeder,Delhi,Delhi,1.1147,0.9399,1.0045,0,10,1,0,0.0,0.0,0,0,0,,,train
IND-S03915,normal_operation,india_national_20k,IN-C13074-SS,substation,Kadaparai,Tamil Nadu,1.17,0.9548,1.0136,0,11,1,0,0.0,0.0,0,0,0,,,train
IND-S03916,line_outage,india_national_20k,IN-C01378-FD021,feeder,Bihār Sharīf,Bihar,1.6908,1.1339,1.0519,3,8,2,3,0.09,0.00077,297268,0,3,IN-C01378-SS|IN-C01378-TR02|IN-C01378-FD021,0|0|0,val
IND-S03917,transformer_overload,india_national_20k,IN-C12302-SS,substation,Athera,Rajasthan,3.3065,1.2854,1.0152,1,29,1,0,0.0,0.0,0,0,0,,,train
IND-S03918,high_demand,india_national_20k,IN-C19774-FD011,feeder,Rishra,West Bengal,2.9911,1.4881,1.0283,1,5,1,0,8.59,0.0,0,0,0,,,val
IND-S03919,line_outage,india_national_20k,IN-C18088-SS,substation,Amīnpur,Uttar Pradesh,2.03,1.2637,1.048,2,8,1,0,0.0,0.0,0,0,0,,,train
IND-S03920,transformer_overload,india_national_20k,IN-C12630-SS,substation,Tiruverumbūr,Tamil Nadu,3.9243,1.0132,1.0594,1,7,1,0,0.0,0.0,0,0,0,,,train
IND-S03921,line_outage,india_national_20k,IN-C09643-SS,substation,Nālvādi,Maharashtra,1.8539,1.0417,1.0449,2,6,1,0,0.0,0.0,0,0,0,,,train
IND-S03922,cascade_emergency,india_national_20k,IN-C04485-FD021,feeder,Jammu,Jammu and Kashmir,4.8037,1.3202,1.1438,4,8,2,8,8.83,0.00379,846923,0,4,IN-JAM-HUB|IN-C04485-SS|IN-C04485-TR02|IN-C04485-FD021|IN-C19433-SS|IN-C19438-SS|IN-C19462-SS|IN-C19475-SS,0|0|0|0|0|0|0|0,train
IND-S03923,line_outage,india_national_20k,IN-C12347-FD021,feeder,Salem,Tamil Nadu,1.7767,1.1616,1.0464,4,8,2,3,0.14,0.00246,917414,0,3,IN-C12347-SS|IN-C12347-TR02|IN-C12347-FD021,0|0|0,train
IND-S03924,transformer_overload,india_national_20k,IN-C01376-GEN03,generator,Bhāgalpur,Bihar,2.2914,1.1941,1.012,1,38,1,0,0.0,0.0,0,0,0,,,val
IND-S03925,cascade_emergency,india_national_20k,IN-C19730-FD032,feeder,Howrah,West Bengal,4.1459,1.5175,1.0839,3,10,3,8,9.2,0.00485,5807089,0,5,IN-WES-HUB|IN-C19729-SS|IN-C19730-SS|IN-C19730-TR03|IN-C19730-FD032|IN-C19766-SS|IN-C19864-SS|IN-C19963-SS,0|0|0|0|0|1|1|1,val
IND-S03926,cascade_emergency,india_national_20k,IN-C00021-GEN05,generator,Nellore,Andhra Pradesh,5.3502,1.4346,1.1178,2,40,3,6,8.91,0.00099,714058,0,3,IN-AND-HUB|IN-C00021-SS|IN-C00037-SS|IN-C00715-SS|IN-C00747-SS|IN-C00866-SS,0|0|1|1|1|1,test
IND-S03927,cascade_emergency,india_national_20k,IN-C07857-FD022,feeder,Indore,Madhya Pradesh,8.2862,1.5029,1.1269,4,10,6,150,12.39,0.02228,25070545,0,4,IN-WR-HUB|IN-SR-HUB|IN-ER-HUB|IN-MAD-HUB|IN-C07857-SS|IN-C07857-TR02|IN-C07857-FD022|IN-C09635-SS|IN-C09693-SS|IN-ASS-HUB|IN-C01120-SS|IN-C01122-SS,0|0|0|0|0|0|0|0|0|1|1|1,train
IND-S03928,heatwave,india_national_20k,IN-C03316-SS,substation,Ankleshwar,Gujarat,1.9863,1.294,1.1339,2,8,1,0,8.47,0.0,0,0,0,,,train
IND-S03929,cascade_emergency,india_national_20k,IN-C10425-GEN02,generator,Bhubaneswar,Odisha,5.887,1.5537,1.1573,5,26,8,1085,35.73,0.2169,82586516,0,5,IN-ER-HUB|IN-C05569-SS|IN-C05898-SS|IN-ODI-HUB|IN-C10425-SS|IN-WR-HUB|IN-SR-HUB|IN-BIH-HUB|IN-C01374-SS|IN-C01394-SS|IN-C01444-SS|IN-C01445-SS,0|0|0|0|0|1|1|1|1|1|1|1,train
IND-S03930,normal_operation,india_national_20k,IN-C09303-FD021,feeder,Jalgaon,Maharashtra,1.0583,0.9568,0.9844,0,7,1,0,0.0,0.0,0,0,0,,,train
IND-S03931,heatwave,india_national_20k,IN-C09287-GEN06,generator,Nashik,Maharashtra,1.9221,1.3809,1.0853,2,41,5,38,9.38,0.00479,13446588,0,3,IN-WR-HUB|IN-SR-HUB|IN-MAH-HUB|IN-C09287-SS|IN-NER-HUB|IN-C11034-SS|IN-C11047-SS|IN-C01444-SS|IN-C10290-SS|IN-C10346-SS|IN-C10353-SS|IN-C10360-SS,0|0|0|0|1|1|1|2|2|2|2|2,train
IND-S03932,normal_operation,india_national_20k,IN-C04192-SS,substation,Bhota,Himachal Pradesh,1.0154,0.9965,1.0082,0,5,1,0,0.0,0.0,0,0,0,,,train
IND-S03933,normal_operation,india_national_20k,IN-C02526-FD011,feeder,Bhilai,Chhattisgarh,1.1761,0.8902,0.9921,0,8,1,0,0.0,0.0,0,0,0,,,train
IND-S03934,high_demand,india_national_20k,IN-C01121-GEN03,generator,Dibrugarh,Assam,2.9215,1.2569,1.0879,1,14,1,0,0.0,0.0,0,0,0,,,val
IND-S03935,transformer_overload,india_national_20k,IN-C07051-GEN07,generator,Alappuzha,Kerala,5.8914,1.1587,1.0047,0,29,1,0,0.0,0.0,0,0,0,,,train
IND-S03936,cascade_emergency,india_national_20k,IN-C03058-GEN01,generator,Delhi,Delhi,4.2734,1.3136,1.1574,5,21,4,89,10.67,0.01424,24875096,0,3,IN-NR-HUB|IN-WR-HUB|IN-SR-HUB|IN-ER-HUB|IN-NER-HUB|IN-DEL-HUB|IN-C03058-SS|IN-C10290-SS|IN-C10346-SS|IN-C10353-SS|IN-C10360-SS|IN-C10362-SS,0|0|0|0|0|0|0|1|1|1|1|1,train
IND-S03937,high_demand,india_national_20k,IN-C03791-GEN02,generator,Gurugram,Haryana,2.2414,1.3504,1.0698,0,21,2,2,8.49,0.00078,886519,0,2,IN-HAR-HUB|IN-C03791-SS,0|0,train
IND-S03938,line_outage,india_national_20k,IN-C03058-GEN01,generator,Delhi,Delhi,1.6625,1.2274,1.0472,4,21,2,2,0.15,0.00311,11034555,0,2,IN-DEL-HUB|IN-C03058-SS,0|0,train
IND-S03939,high_demand,india_national_20k,IN-C04109-SS,substation,Asāoti,Haryana,2.4123,1.3094,1.0268,1,5,1,0,0.0,0.0,0,0,0,,,train
IND-S03940,line_outage,india_national_20k,IN-C13708-SS,substation,Alagapuram,Tamil Nadu,1.672,1.0009,1.055,2,6,1,0,0.0,0.0,0,0,0,,,train
IND-S03941,transformer_overload,india_national_20k,IN-C04491-SS,substation,Kathua,Jammu and Kashmir,2.4966,1.272,1.0184,0,54,2,2,0.05,0.00035,59866,0,2,IN-JAM-HUB|IN-C04491-SS,0|0,train
IND-S03942,transformer_overload,india_national_20k,IN-C14844-FD012,feeder,Hyderabad,Telangana,2.0418,1.145,1.0295,1,10,1,0,0.0,0.0,0,0,0,,,train
IND-S03943,transformer_overload,india_national_20k,IN-C19732-GEN04,generator,Siliguri,West Bengal,4.8835,1.0767,1.0602,0,17,1,0,0.0,0.0,0,0,0,,,val
IND-S03944,cascade_emergency,india_national_20k,IN-C07859-GEN03,generator,Jabalpur,Madhya Pradesh,4.9533,1.3818,1.0702,1,52,3,4,8.63,0.00173,1192786,0,3,IN-MAD-HUB|IN-C07859-SS|IN-C07885-SS|IN-C08275-SS,0|0|1|1,train
IND-S03945,cascade_emergency,india_national_20k,IN-C05530-FD021,feeder,Bengaluru,Karnataka,4.7143,1.5439,1.0777,2,10,5,110,11.65,0.02211,34071587,0,4,IN-SR-HUB|IN-ER-HUB|IN-KAR-HUB|IN-C05530-SS|IN-C05530-TR02|IN-C05530-FD021|IN-ASS-HUB|IN-C01122-SS|IN-C01444-SS|IN-CHH-HUB|IN-C02530-SS|IN-C02533-SS,0|0|0|0|0|0|1|1|1|1|1|1,test
IND-S03946,normal_operation,india_national_20k,IN-C15551-SS,substation,Varanasi,Uttar Pradesh,1.1125,0.8994,0.9989,0,260,1,0,0.0,0.0,0,0,0,,,train
IND-S03947,transformer_overload,india_national_20k,IN-C09283-GEN02,generator,Pune,Maharashtra,4.2866,1.2315,1.0373,0,42,5,22,0.91,0.00768,9136365,0,3,IN-WR-HUB|IN-MAH-HUB|IN-C09283-SS|IN-ER-HUB|IN-NER-HUB|IN-C10346-SS|IN-C10353-SS|IN-C10360-SS|IN-C10362-SS|IN-C10384-SS|IN-NAG-HUB|IN-C10388-SS,0|0|0|1|1|2|2|2|2|2|2|2,train
IND-S03948,normal_operation,india_national_20k,IN-C15552-GEN07,generator,Prayagraj,Uttar Pradesh,1.0371,1.0173,0.9998,0,119,1,0,0.0,0.0,0,0,0,,,train
IND-S03949,normal_operation,india_national_20k,IN-C07485-SS,substation,Kozhukkully,Kerala,1.1837,1.0169,1.0089,0,5,1,0,0.0,0.0,0,0,0,,,train
IND-S03950,line_outage,india_national_20k,IN-C10438-FD011,feeder,Parādīp Garh,Odisha,1.5018,1.1944,1.0157,4,6,2,1,0.03,0.0,0,0,1,IN-C10438-TR01,0,train
IND-S03951,transformer_overload,india_national_20k,IN-C03281-SS,substation,Surat,Gujarat,2.9407,1.0815,1.0181,1,89,1,0,0.0,0.0,0,0,0,,,train
IND-S03952,heatwave,india_national_20k,IN-C09454-SS,substation,Ghugus,Maharashtra,3.4756,1.4173,1.0922,2,9,1,0,8.64,0.0,0,0,0,,,train
IND-S03953,cascade_emergency,india_national_20k,IN-C03288-GEN09,generator,Gandhinagar,Gujarat,5.892,1.5841,1.1509,2,24,7,933,31.86,0.18248,61641248,0,3,IN-WR-HUB|IN-SR-HUB|IN-ER-HUB|IN-NER-HUB|IN-C10346-SS|IN-C10362-SS|IN-C15600-SS|IN-UTT-HUB|IN-WES-HUB|IN-C19963-SS|IN-C19864-SS|IN-C19766-SS,0|0|0|0|0|0|0|0|0|1|1|1,train
IND-S03954,transformer_overload,india_national_20k,IN-C12757-SS,substation,Madambakkam,Tamil Nadu,5.2112,1.0679,1.0035,0,74,2,5,0.12,0.00062,143528,0,5,IN-TAM-HUB|IN-C12395-SS|IN-C12461-SS|IN-C12757-SS|IN-C13441-SS,0|0|0|0|0,train
IND-S03955,heatwave,india_national_20k,IN-C12578-SS,substation,Anuppānadi,Tamil Nadu,3.2835,1.2451,1.167,0,80,2,2,8.49,0.00031,69955,0,2,IN-C12462-SS|IN-C12578-SS,0|0,train
IND-S03956,normal_operation,india_national_20k,IN-UTT-HUB-GEN,generator,Uttarakhand Hub Generation,Uttarakhand,1.1109,0.9997,0.9914,0,1,1,0,0.0,0.0,0,0,0,,,train
IND-S03957,normal_operation,india_national_20k,IN-ASS-HUB-GEN,generator,Assam Hub Generation,Assam,1.1629,0.8804,1.013,0,41,1,0,0.0,0.0,0,0,0,,,val
IND-S03958,transformer_overload,india_national_20k,IN-C09286-GEN05,generator,Pimpri-Chinchwad,Maharashtra,3.0477,1.015,1.0434,0,44,5,10,0.32,0.00272,3060088,0,4,IN-WR-HUB|IN-MAH-HUB|IN-C09286-SS|IN-C09288-SS|IN-NER-HUB|IN-C10346-SS|IN-C10362-SS|IN-C15523-SS|IN-C15525-SS|IN-C15543-SS,0|0|0|0|1|2|2|2|3|3,train
IND-S03959,line_outage,india_national_20k,IN-C11051-SS,substation,Amritsar,Punjab,1.6078,1.1691,1.0395,2,86,2,1,0.02,1e-05,3882,0,1,IN-C11268-SS,0,train
IND-S03960,normal_operation,india_national_20k,IN-C00106-SS,substation,Akkarampalle,Andhra Pradesh,1.0102,0.9684,0.9834,0,40,1,0,0.0,0.0,0,0,0,,,test
IND-S03961,cascade_emergency,india_national_20k,IN-C12341-GEN02,generator,Coimbatore,Tamil Nadu,4.0441,1.472,1.0513,2,78,5,38,9.56,0.00698,9031730,0,5,IN-SR-HUB|IN-TAM-HUB|IN-C12341-SS|IN-C12372-SS|IN-C12378-SS|IN-ER-HUB|IN-NER-HUB|IN-C10362-SS|IN-C11034-SS|IN-C11047-SS|IN-C10290-SS|IN-C10343-SS,0|0|0|0|0|1|1|1|1|1|2|2,train
IND-S03962,line_outage,india_national_20k,IN-C00031-FD011,feeder,Nandyāl,Andhra Pradesh,2.3054,1.2752,1.0329,4,6,3,9,0.29,0.00166,812152,0,4,IN-AND-HUB|IN-C00031-SS|IN-C00031-TR01|IN-C00031-FD011|IN-C15557-SS|IN-UTT-HUB|IN-C19438-SS|IN-C19462-SS|IN-C19475-SS,0|0|0|0|0|0|1|1|1,test
IND-S03963,cascade_emergency,india_national_20k,IN-C09362-FD011,feeder,Shāhāda,Maharashtra,5.2975,1.3012,1.0966,3,5,1,0,8.4,0.0,0,0,0,,,train
IND-S03964,cascade_emergency,india_national_20k,IN-C02630-SS,substation,Gharghoda,Chhattisgarh,5.3687,1.549,1.1022,3,8,3,5,9.09,0.00021,160474,0,5,IN-C02630-SS|IN-C02822-SS|IN-C02860-SS|IN-CHH-HUB|IN-C02531-SS,0|0|0|1|1,train
IND-S03965,transformer_overload,india_national_20k,IN-C07199-SS,substation,Cherukavu,Kerala,4.487,1.008,1.0151,1,5,1,0,0.0,0.0,0,0,0,,,train
IND-S03966,line_outage,india_national_20k,IN-C11569-GEN10,generator,Sīkar,Rajasthan,1.8625,1.2156,1.0436,4,27,1,0,0.0,0.0,0,0,0,,,train
IND-S03967,line_outage,india_national_20k,IN-C05530-FD031,feeder,Bengaluru,Karnataka,2.3786,1.1148,1.0238,4,10,2,3,0.29,0.00635,8495492,0,3,IN-C05530-SS|IN-C05530-TR03|IN-C05530-FD031,0|0|0,test
IND-S03968,heatwave,india_national_20k,IN-C05538-GEN09,generator,Vijayapura,Karnataka,2.554,1.3381,1.1515,2,50,2,2,8.65,7e-05,111933,0,2,IN-KAR-HUB|IN-C05556-SS,0|0,test
IND-S03969,high_demand,india_national_20k,IN-C14904-SS,substation,Peddapalli,Telangana,1.7049,1.2632,1.0978,0,5,1,0,0.0,0.0,0,0,0,,,train
IND-S03970,line_outage,india_national_20k,IN-C00018-FD031,feeder,Vijayawada,Andhra Pradesh,1.4163,1.0029,1.0238,3,10,2,1,0.03,8e-05,32871,0,0,IN-C11032-SS,0,test
IND-S03971,cascade_emergency,india_national_20k,IN-C19731-GEN03,generator,Durgapur,West Bengal,8.1658,1.4332,1.1212,4,20,2,11,9.14,0.00534,15985234,0,5,IN-C09282-SS|IN-C09285-SS|IN-C09328-SS|IN-C09548-SS|IN-C10093-SS|IN-C19731-SS|IN-C19733-SS|IN-C19755-SS|IN-C19766-SS|IN-C19864-SS|IN-C19963-SS,0|0|0|0|0|0|0|0|0|0|0,val
IND-S03972,high_demand,india_national_20k,IN-C03288-GEN09,generator,Gandhinagar,Gujarat,1.7297,1.5119,1.0344,1,24,6,71,10.26,0.00882,21074866,0,4,IN-WR-HUB|IN-SR-HUB|IN-NER-HUB|IN-GUJ-HUB|IN-C03285-SS|IN-C03286-SS|IN-MAH-HUB|IN-C09292-SS|IN-C11034-SS|IN-C11047-SS|IN-C01444-SS|IN-HAR-HUB,0|0|1|1|1|1|1|1|1|1|2|2,train
IND-S03973,normal_operation,india_national_20k,IN-C11054-GEN05,generator,Bathinda,Punjab,1.1409,0.8739,0.9883,0,25,1,0,0.0,0.0,0,0,0,,,train
IND-S03974,heatwave,india_national_20k,IN-C15556-GEN11,generator,Gorakhpur,Uttar Pradesh,2.453,1.3876,1.1247,2,116,4,34,9.38,0.00342,11963895,0,4,IN-NR-HUB|IN-WR-HUB|IN-NER-HUB|IN-UTT-HUB|IN-C01444-SS|IN-DEL-HUB|IN-C03058-SS|IN-C10290-SS|IN-C10346-SS|IN-C10353-SS|IN-C10360-SS|IN-C10362-SS,0|0|0|0|1|1|1|1|1|1|1|1,train
IND-S03975,cascade_emergency,india_national_20k,IN-C12348-GEN09,generator,Erode,Tamil Nadu,5.4207,1.3448,1.155,5,73,5,35,9.31,0.00117,1135190,0,5,IN-SR-HUB|IN-TAM-HUB|IN-C12364-SS|IN-C12393-SS|IN-C12401-SS|IN-NER-HUB|IN-C11034-SS|IN-C11047-SS|IN-C01444-SS|IN-C10290-SS|IN-C10346-SS|IN-C10353-SS,0|0|0|0|0|1|1|1|2|2|2|2,train
IND-S03976,line_outage,india_national_20k,IN-C15546-FD021,feeder,Kanpur,Uttar Pradesh,1.4712,1.0007,1.0078,3,10,1,0,0.0,0.0,0,0,0,,,train
IND-S03977,normal_operation,india_national_20k,IN-C19792-FD011,feeder,Gangārāmpur,West Bengal,1.0216,0.921,1.0151,0,5,1,0,0.0,0.0,0,0,0,,,val
IND-S03978,high_demand,india_national_20k,IN-C05542-FD011,feeder,Bidar,Karnataka,2.9555,1.4003,1.0206,0,6,2,4,8.53,0.00163,216020,0,4,IN-KAR-HUB|IN-C05542-SS|IN-C05542-TR01|IN-C05542-FD011,0|0|0|0,test
IND-S03979,cascade_emergency,india_national_20k,IN-C04824-GEN03,generator,Ranchi,Jharkhand,8.0603,1.3131,1.0691,1,33,2,2,0.92,0.00252,1120374,0,2,IN-JHA-HUB|IN-C04824-SS,0|0,train
IND-S03980,cascade_emergency,india_national_20k,IN-C19732-GEN04,generator,Siliguri,West Bengal,4.2596,1.3503,1.144,2,17,1,0,8.62,0.0,0,0,0,,,val
IND-S03981,transformer_overload,india_national_20k,IN-C19734-SS,substation,Bhātpāra,West Bengal,2.6891,1.0796,1.0259,0,59,1,0,0.0,0.0,0,0,0,,,val
IND-S03982,high_demand,india_national_20k,IN-C05541-GEN12,generator,Rāichūr,Karnataka,2.4118,1.3604,1.0293,0,45,1,0,0.62,0.0,0,0,0,,,test
IND-S03983,cascade_emergency,india_national_20k,IN-C09299-FD011,feeder,Nanded,Maharashtra,5.6093,1.3049,1.1277,2,7,2,4,8.7,0.00396,550564,0,4,IN-MAH-HUB|IN-C09299-SS|IN-C09299-TR01|IN-C09299-FD011,0|0|0|0,train
IND-S03984,heatwave,india_national_20k,IN-C03281-SS,substation,Surat,Gujarat,3.4434,1.2134,1.1173,2,89,2,2,0.36,0.00842,4591246,0,2,IN-GUJ-HUB|IN-C03281-SS,0|0,train
IND-S03985,line_outage,india_national_20k,IN-C03301-FD011,feeder,Godhra,Gujarat,2.1737,1.2273,1.0369,1,5,1,0,0.0,0.0,0,0,0,,,train
IND-S03986,transformer_overload,india_national_20k,IN-C15512-SS,substation,Madhuban,Tripura,4.0284,1.1489,1.0091,0,13,3,3,0.07,6e-05,24355,0,0,IN-C15525-SS|IN-C15543-SS|IN-C15523-SS,0|0|1,train
IND-S03987,transformer_overload,india_national_20k,IN-C07563-SS,substation,Adkatodi,Kerala,4.7954,1.2536,1.0794,1,5,1,0,0.0,0.0,0,0,0,,,train
IND-S03988,line_outage,india_national_20k,IN-C12344-GEN05,generator,Tirunelveli,Tamil Nadu,1.6176,1.1622,1.0406,1,79,2,2,0.08,0.00106,1435844,0,2,IN-TAM-HUB|IN-C12344-SS,0|0,train
IND-S03989,transformer_overload,india_national_20k,IN-C07313-SS,substation,Karuvanthuruthy,Kerala,4.3107,1.0811,1.0167,0,10,1,0,0.0,0.0,0,0,0,,,train
IND-S03990,transformer_overload,india_national_20k,IN-C14852-FD011,feeder,Ramagundam,Telangana,5.5439,1.2714,1.0657,1,6,2,5,0.12,0.00032,316596,0,2,IN-C14852-SS|IN-C14916-SS|IN-C14935-SS|IN-C14966-SS|IN-C14985-SS,0|0|0|0|0,train
IND-S03991,normal_operation,india_national_20k,IN-C09291-FD032,feeder,Virār,Maharashtra,1.1043,0.9966,0.9889,0,10,1,0,0.0,0.0,0,0,0,,,train
IND-S03992,cascade_emergency,india_national_20k,IN-C05530-FD032,feeder,Bengaluru,Karnataka,6.889,1.5593,1.118,1,10,6,111,11.86,0.02416,51651644,0,0,IN-WR-HUB|IN-NR-HUB|IN-ER-HUB|IN-NER-HUB|IN-C01444-SS|IN-CHH-HUB|IN-C02530-SS|IN-C02531-SS|IN-C02533-SS|IN-DEL-HUB|IN-C03058-SS|IN-GUJ-HUB,0|1|1|1|1|1|1|1|1|1|1|1,test
IND-S03993,heatwave,india_national_20k,IN-C12385-FD011,feeder,Kadayanallur,Tamil Nadu,3.08,1.3933,1.1349,1,6,1,0,8.69,0.0,0,0,0,,,train
IND-S03994,heatwave,india_national_20k,IN-C10635-SS,substation,Charibatia,Odisha,2.7154,1.2736,1.1082,1,5,1,0,8.35,0.0,0,0,0,,,train
IND-S03995,cascade_emergency,india_national_20k,IN-C05544-SS,substation,Gadag-Betageri,Karnataka,5.36,1.3392,1.1126,3,182,2,4,8.62,0.00083,345925,0,4,IN-KAR-HUB|IN-C05544-SS|IN-C05545-SS|IN-C06977-SS,0|0|0|0,test
IND-S03996,transformer_overload,india_national_20k,IN-C01122-GEN04,generator,Jorhat,Assam,2.1659,1.2442,1.0725,0,16,1,0,0.0,0.0,0,0,0,,,val
IND-S03997,heatwave,india_national_20k,IN-C15547-FD022,feeder,Lucknow,Uttar Pradesh,1.6732,1.4194,1.1452,2,10,2,3,8.96,0.00309,2472011,0,3,IN-C15547-SS|IN-C15547-TR02|IN-C15547-FD022,0|0|0,train
IND-S03998,line_outage,india_national_20k,IN-C04857-SS,substation,Ghātsīla,Jharkhand,1.3536,1.1238,1.0296,4,4,4,6,0.13,0.00021,288505,0,0,IN-C19765-SS|IN-C19898-SS|IN-C19922-SS|IN-C19963-SS|IN-C19766-SS|IN-C19864-SS,0|0|0|1|2|2,train
IND-S03999,normal_operation,india_national_20k,IN-C05532-GEN03,generator,Mysuru,Karnataka,1.0846,0.9489,0.9893,0,48,1,0,0.0,0.0,0,0,0,,,test
IND-S04000,normal_operation,india_national_20k,IN-C05608-SS,substation,Savanūr,Karnataka,1.1673,1.0116,0.9872,0,5,1,0,0.0,0.0,0,0,0,,,test
IND-S04001,high_demand,india_national_20k,IN-C15553-GEN08,generator,Alīgarh,Uttar Pradesh,1.7582,1.2886,1.0218,0,116,1,0,0.01,0.0,0,0,0,,,train
IND-S04002,heatwave,india_national_20k,IN-C14873-FD011,feeder,Sangāreddi,Telangana,2.5809,1.2501,1.1929,0,5,1,0,8.52,0.0,0,0,0,,,train
IND-S04003,transformer_overload,india_national_20k,IN-C03076-FD011,feeder,Chilla Soroda Bāngar,Delhi,2.3568,1.2554,1.0572,1,4,1,0,0.0,0.0,0,0,0,,,train
IND-S04004,heatwave,india_national_20k,IN-C03058-GEN01,generator,Delhi,Delhi,2.2696,1.3942,1.2083,1,21,6,94,11.04,0.01185,23003682,0,3,IN-NR-HUB|IN-WR-HUB|IN-SR-HUB|IN-ER-HUB|IN-NER-HUB|IN-DEL-HUB|IN-C03058-SS|IN-KER-HUB|IN-C07054-SS|IN-C10346-SS|IN-C10353-SS|IN-C10360-SS,0|0|0|0|0|0|0|0|0|0|0|0,train
IND-S04005,line_outage,india_national_20k,IN-C03069-SS,substation,Burāri,Delhi,2.4721,1.1185,1.0191,4,8,1,0,0.0,0.0,0,0,0,,,train
IND-S04006,transformer_overload,india_national_20k,IN-C03380-SS,substation,Dhandhuka,Gujarat,4.112,1.1306,1.0243,0,4,1,0,0.0,0.0,0,0,0,,,train
IND-S04007,cascade_emergency,india_national_20k,IN-C19729-GEN01,generator,Kolkata,West Bengal,5.7779,1.5094,1.1625,2,26,5,131,12.34,0.0289,48174204,0,3,IN-SR-HUB|IN-KER-HUB|IN-C07054-SS|IN-MAH-HUB|IN-C09292-SS|IN-C10346-SS|IN-C10353-SS|IN-C10360-SS|IN-C10362-SS|IN-C10384-SS|IN-TAM-HUB|IN-C12390-SS,0|0|0|0|0|0|0|0|0|0|0|0,val
IND-S04008,line_outage,india_national_20k,IN-C09291-GEN10,generator,Virār,Maharashtra,1.9018,1.0729,1.0469,4,40,1,0,0.0,0.0,0,0,0,,,train
IND-S04009,cascade_emergency,india_national_20k,IN-C11055-GEN06,generator,Pathānkot,Punjab,4.9935,1.4042,1.0695,5,20,1,0,8.53,0.0,0,0,0,,,train
IND-S04010,cascade_emergency,india_national_20k,IN-C11569-GEN10,generator,Sīkar,Rajasthan,8.4087,1.4315,1.0907,5,27,1,0,8.65,0.0,0,0,0,,,train
IND-S04011,normal_operation,india_national_20k,IN-C02531-FD011,feeder,Raigarh,Chhattisgarh,1.1331,1.0377,0.9963,0,7,1,0,0.0,0.0,0,0,0,,,train
IND-S04012,heatwave,india_national_20k,IN-C19753-FD011,feeder,Malda,West Bengal,2.9166,1.3669,1.1662,1,5,1,0,8.75,0.0,0,0,0,,,val
IND-S04013,cascade_emergency,india_national_20k,IN-C05843-SS,substation,Kolambe,Karnataka,7.9149,1.4245,1.0702,1,50,2,3,8.64,0.00024,20979,0,3,IN-C05789-SS|IN-C05842-SS|IN-C05843-SS,0|0|0,test
IND-S04014,cascade_emergency,india_national_20k,IN-C15547-FD011,feeder,Lucknow,Uttar Pradesh,8.6094,1.5235,1.1186,2,10,6,89,11.22,0.019,23528121,0,4,IN-NR-HUB|IN-WR-HUB|IN-SR-HUB|IN-ER-HUB|IN-NER-HUB|IN-KER-HUB|IN-C07054-SS|IN-MAD-HUB|IN-C07881-SS|IN-C10346-SS|IN-C10353-SS|IN-C10362-SS,0|0|0|0|0|0|0|0|0|0|0|0,train
IND-S04015,normal_operation,india_national_20k,IN-C07863-GEN07,generator,Dewas,Madhya Pradesh,1.1164,0.986,1.0126,0,46,1,0,0.0,0.0,0,0,0,,,train
IND-S04016,normal_operation,india_national_20k,IN-C14844-FD022,feeder,Hyderabad,Telangana,1.12,1.0406,0.9939,0,10,1,0,0.0,0.0,0,0,0,,,train
IND-S04017,high_demand,india_national_20k,IN-C12344-GEN05,generator,Tirunelveli,Tamil Nadu,2.2746,1.2968,1.024,0,79,2,2,0.11,0.00128,1435844,0,2,IN-TAM-HUB|IN-C12344-SS,0|0,train
IND-S04018,line_outage,india_national_20k,IN-C11748-SS,substation,Naraina,Rajasthan,1.9417,1.2139,1.0023,1,3,1,0,0.0,0.0,0,0,0,,,train
IND-S04019,heatwave,india_national_20k,IN-C12350-GEN11,generator,Ambattur,Tamil Nadu,2.9046,1.3736,1.2149,0,73,5,116,11.53,0.01579,32068598,0,5,IN-SR-HUB|IN-ER-HUB|IN-TAM-HUB|IN-C12340-SS|IN-C12350-SS|IN-C12392-SS|IN-ASS-HUB|IN-C01122-SS|IN-C01444-SS|IN-CHH-HUB|IN-C02530-SS|IN-C02533-SS,0|0|0|0|0|0|1|1|1|1|1|1,train
IND-S04020,cascade_emergency,india_national_20k,IN-C11560-FD021,feeder,Jaipur,Rajasthan,5.5967,1.3042,1.1321,5,10,2,4,8.85,0.00846,3046163,0,4,IN-RAJ-HUB|IN-C11560-SS|IN-C11560-TR02|IN-C11560-FD021,0|0|0|0,train
IND-S04021,heatwave,india_national_20k,IN-C15617-FD011,feeder,Bhadohi,Uttar Pradesh,2.8767,1.1684,1.1984,2,6,3,7,0.33,0.00066,163214,0,4,IN-C15617-SS|IN-C15617-TR01|IN-C15617-FD011|IN-UTT-HUB|IN-C19438-SS|IN-C19462-SS|IN-C19475-SS,0|0|0|0|1|1|1,train
IND-S04022,high_demand,india_national_20k,IN-C03063-FD011,feeder,Nāngloi Jāt,Delhi,2.5615,1.5209,1.0617,0,5,1,0,8.79,0.0,0,0,0,,,train
IND-S04023,line_outage,india_national_20k,IN-C19243-SS,substation,Athgauna,Uttar Pradesh,2.2057,1.0265,1.0548,4,6,1,0,0.0,0.0,0,0,0,,,train
IND-S04024,normal_operation,india_national_20k,IN-C03282-GEN03,generator,Vadodara,Gujarat,1.0968,0.8616,0.9864,0,29,1,0,0.0,0.0,0,0,0,,,train
IND-S04025,cascade_emergency,india_national_20k,IN-C09289-FD021,feeder,Kalyān,Maharashtra,8.1155,1.362,1.0615,2,10,6,46,9.76,0.01458,24574435,0,5,IN-C09289-SS|IN-C09290-SS|IN-C09301-SS|IN-C09289-TR02|IN-C09289-FD021|IN-NAG-HUB|IN-C15553-SS|IN-C18944-SS|IN-WR-HUB|IN-ER-HUB|IN-NER-HUB|IN-MAH-HUB,0|0|0|0|0|0|0|0|1|2|2|2,train
IND-S04026,line_outage,india_national_20k,IN-C19732-GEN04,generator,Siliguri,West Bengal,1.6115,1.1419,1.0381,2,17,1,0,0.0,0.0,0,0,0,,,val
IND-S04027,line_outage,india_national_20k,IN-C03281-FD011,feeder,Surat,Gujarat,1.7597,1.1382,1.0384,3,10,2,6,0.23,0.00309,86712,0,2,IN-C03281-TR01|IN-C03281-FD011|IN-C07160-SS|IN-C07269-SS|IN-C07273-SS|IN-C07645-SS,0|0|0|0|0|0,train
IND-S04028,cascade_emergency,india_national_20k,IN-C14847-SS,substation,Kukatpally,Telangana,4.1398,1.335,1.0783,2,96,2,7,8.58,0.00136,817769,0,7,IN-C14847-SS|IN-C14853-SS|IN-C14854-SS|IN-C14897-SS|IN-C15271-SS|IN-C15287-SS|IN-C15478-SS,0|0|0|0|0|0|0,train
IND-S04029,line_outage,india_national_20k,IN-C19751-FD011,feeder,Haldia,West Bengal,1.8146,1.0636,1.0582,2,5,2,2,0.1,0.00142,2405665,0,0,IN-MAH-HUB|IN-C09284-SS,0|0,val
IND-S04030,normal_operation,india_national_20k,IN-C11570-GEN11,generator,Sri Ganganagar,Rajasthan,1.099,0.9748,1.014,0,29,1,0,0.0,0.0,0,0,0,,,train
IND-S04031,high_demand,india_national_20k,IN-C15546-FD031,feeder,Kanpur,Uttar Pradesh,2.614,1.4523,1.0308,0,10,6,24,9.24,0.00777,14797170,0,6,IN-C15546-SS|IN-C15583-SS|IN-C15601-SS|IN-C19257-SS|IN-C15546-TR03|IN-C15546-FD031|IN-UTT-HUB|IN-TAM-HUB|IN-C12372-SS|IN-C12378-SS|IN-C12392-SS|IN-C19433-SS,0|0|0|0|0|0|0|1|1|1|1|1,train
IND-S04032,line_outage,india_national_20k,IN-C07864-GEN08,generator,Satna,Madhya Pradesh,1.9029,1.1173,1.0372,4,47,1,0,0.0,0.0,0,0,0,,,train
IND-S04033,line_outage,india_national_20k,IN-C12345-FD012,feeder,Tiruchirappalli,Tamil Nadu,1.9979,1.1157,1.0485,2,10,2,2,0.07,0.0008,0,0,2,IN-C12345-TR01|IN-C12345-FD012,0|0,train
IND-S04034,cascade_emergency,india_national_20k,IN-C07866-GEN10,generator,Ratlām,Madhya Pradesh,8.5687,1.5629,1.1491,2,46,7,983,33.25,0.19796,58550437,0,6,IN-WR-HUB|IN-SR-HUB|IN-ER-HUB|IN-C19963-SS|IN-C19729-SS|IN-WES-HUB|IN-C10362-SS|IN-C19730-SS|IN-C10346-SS|IN-C11047-SS|IN-UTT-HUB|IN-C15600-SS,0|0|0|1|1|1|1|1|1|1|1|1,train
IND-S04035,line_outage,india_national_20k,IN-C09290-GEN09,generator,Dombivali,Maharashtra,1.743,1.1993,1.0195,4,40,2,3,0.1,0.00112,1808301,0,2,IN-C09289-SS|IN-C09301-SS|IN-C09473-SS,0|0|0,train
IND-S04036,transformer_overload,india_national_20k,IN-C11778-SS,substation,Pākhar,Rajasthan,3.4794,1.01,1.0264,1,5,1,0,0.0,0.0,0,0,0,,,train
IND-S04037,transformer_overload,india_national_20k,IN-C04833-GEN12,generator,Sāhibganj,Jharkhand,4.8197,1.2239,1.0767,0,26,1,0,0.0,0.0,0,0,0,,,train
IND-S04038,transformer_overload,india_national_20k,IN-C01375-FD021,feeder,Gaya,Bihar,4.4532,1.0049,1.0164,0,8,2,3,0.16,0.00277,474093,0,3,IN-C01375-SS|IN-C01375-TR02|IN-C01375-FD021,0|0|0,val
IND-S04039,high_demand,india_national_20k,IN-C07421-SS,substation,Cheruthuruthi,Kerala,2.3166,1.4421,1.0871,1,3,1,0,8.66,0.0,0,0,0,,,train
IND-S04040,transformer_overload,india_national_20k,IN-C09285-GEN04,generator,Thāne,Maharashtra,2.2787,1.0126,1.0362,0,43,2,3,0.21,0.0041,14533324,0,3,IN-MAH-HUB|IN-C09282-SS|IN-C09285-SS,0|0|0,train
IND-S04041,normal_operation,india_national_20k,IN-C12324-GEN01,generator,Gangtok,Sikkim,1.1632,0.8796,1.0026,0,12,1,0,0.0,0.0,0,0,0,,,val
IND-S04042,cascade_emergency,india_national_20k,IN-C05399-SS,substation,Aritoli,Jharkhand,7.6541,1.3486,1.1712,2,8,1,0,8.66,0.0,0,0,0,,,train
IND-S04043,transformer_overload,india_national_20k,IN-C19764-FD011,feeder,Kānchrāpāra,West Bengal,4.6828,1.0636,1.0633,0,5,2,7,0.21,0.00199,803826,0,4,IN-C19744-SS|IN-C19750-SS|IN-C19764-SS|IN-C19768-SS|IN-C19779-SS|IN-C19764-TR01|IN-C19764-FD011,0|0|0|0|0|0|0,val
IND-S04044,line_outage,india_national_20k,IN-C03281-SS,substation,Surat,Gujarat,1.5362,1.2829,1.0097,4,89,2,2,0.17,0.00377,4591246,0,2,IN-GUJ-HUB|IN-C03281-SS,0|0,train
IND-S04045,line_outage,india_national_20k,IN-C00026-GEN10,generator,Tirupati,Andhra Pradesh,1.3888,1.0113,1.0015,3,40,1,0,0.0,0.0,0,0,0,,,test
IND-S04046,transformer_overload,india_national_20k,IN-MAH-HUB-GEN,generator,Maharashtra Hub Generation,Maharashtra,4.9748,1.2034,1.0791,0,144,5,21,0.78,0.00343,6011907,0,2,IN-WR-HUB|IN-MAH-HUB|IN-ER-HUB|IN-NER-HUB|IN-C10346-SS|IN-C10353-SS|IN-C10360-SS|IN-C10362-SS|IN-C10384-SS|IN-NAG-HUB|IN-C10388-SS|IN-C15523-SS,0|0|1|1|2|2|2|2|2|2|2|2,train
IND-S04047,transformer_overload,india_national_20k,IN-C00003-SS,substation,Rangat,Andaman and Nicobar,2.1529,1.0293,1.078,0,148,1,0,0.0,0.0,0,0,0,,,train
IND-S04048,heatwave,india_national_20k,IN-C19729-GEN01,generator,Kolkata,West Bengal,3.1885,1.2723,1.2026,1,26,3,6,8.9,0.00533,5807089,0,3,IN-WES-HUB|IN-C19729-SS|IN-C19730-SS|IN-C19766-SS|IN-C19864-SS|IN-C19963-SS,0|0|0|1|1|1,val
IND-S04049,line_outage,india_national_20k,IN-C02526-GEN02,generator,Bhilai,Chhattisgarh,1.9126,1.2747,1.0471,2,23,2,3,0.06,6e-05,98508,0,3,IN-CHH-HUB|IN-C02535-SS|IN-C02780-SS,0|0|0,train
IND-S04050,line_outage,india_national_20k,IN-C12355-SS,substation,Rānipet,Tamil Nadu,1.6331,1.0584,1.0188,4,260,1,0,0.0,0.0,0,0,0,,,train
IND-S04051,normal_operation,india_national_20k,IN-C12421-FD011,feeder,Chidambaram,Tamil Nadu,1.1056,0.9612,0.9818,0,5,1,0,0.0,0.0,0,0,0,,,train
IND-S04052,normal_operation,india_national_20k,IN-C15550-GEN05,generator,Ghāziābād,Uttar Pradesh,1.1153,0.8938,0.9883,0,123,1,0,0.0,0.0,0,0,0,,,train
IND-S04053,transformer_overload,india_national_20k,IN-C01377-SS,substation,Muzaffarpur,Bihar,2.1991,1.216,1.0211,0,145,2,1,0.03,0.0001,42895,0,0,IN-C01444-SS,0,val
IND-S04054,high_demand,india_national_20k,IN-C05543-FD011,feeder,Hosapete,Karnataka,2.2182,1.5095,1.0395,0,6,2,4,8.78,0.0012,206167,0,4,IN-KAR-HUB|IN-C05543-SS|IN-C05543-TR01|IN-C05543-FD011,0|0|0|0,test
IND-S04055,heatwave,india_national_20k,IN-C04843-SS,substation,Chakradharpur,Jharkhand,1.8739,1.1718,1.1758,1,5,1,0,0.0,0.0,0,0,0,,,train
IND-S04056,heatwave,india_national_20k,IN-C03059-FD021,feeder,Najafgarh,Delhi,2.7067,1.1539,1.1127,2,10,2,3,0.14,0.00226,1365000,0,3,IN-C03059-SS|IN-C03059-TR02|IN-C03059-FD021,0|0|0,train
IND-S04057,line_outage,india_national_20k,IN-C09293-GEN12,generator,Sholapur,Maharashtra,2.1459,1.2117,1.0089,3,37,5,20,0.58,0.00282,4984235,0,2,IN-WR-HUB|IN-MAH-HUB|IN-ER-HUB|IN-NER-HUB|IN-C10346-SS|IN-C10353-SS|IN-C10360-SS|IN-C10362-SS|IN-C10384-SS|IN-NAG-HUB|IN-C10388-SS|IN-C15523-SS,0|0|1|1|2|2|2|2|2|2|2|2,train
IND-S04058,transformer_overload,india_national_20k,IN-KAR-HUB-GEN,generator,Karnataka Hub Generation,Karnataka,3.5887,1.1556,1.0007,0,180,1,0,0.0,0.0,0,0,0,,,test
IND-S04059,transformer_overload,india_national_20k,IN-C03797-FD011,feeder,Yamuna Nagar,Haryana,5.1545,1.0754,1.0121,0,6,2,4,0.17,0.00276,217071,0,4,IN-HAR-HUB|IN-C03797-SS|IN-C03797-TR01|IN-C03797-FD011,0|0|0|0,train
IND-S04060,cascade_emergency,india_national_20k,IN-KER-HUB-GEN,generator,Kerala Hub Generation,Kerala,4.9202,1.5254,1.1354,2,103,8,136,12.11,0.01987,37986043,0,7,IN-ER-HUB|IN-WR-HUB|IN-BIH-HUB|IN-C01374-SS|IN-C01444-SS|IN-C01445-SS|IN-C01481-SS|IN-JHA-HUB|IN-C04828-SS|IN-C04829-SS|IN-C04830-SS|IN-C04832-SS,0|1|1|1|1|1|1|1|1|1|1|1,train
IND-S04061,high_demand,india_national_20k,IN-C03359-SS,substation,Kodīnar,Gujarat,2.2248,1.2856,1.064,1,7,1,0,0.0,0.0,0,0,0,,,train
IND-S04062,normal_operation,india_national_20k,IN-C15552-FD011,feeder,Prayagraj,Uttar Pradesh,1.1079,0.8802,1.0142,0,10,1,0,0.0,0.0,0,0,0,,,train
IND-S04063,high_demand,india_national_20k,IN-C09295-SS,substation,Bhayandar,Maharashtra,2.2496,1.2942,1.029,1,148,1,0,0.0,0.0,0,0,0,,,train
IND-S04064,cascade_emergency,india_national_20k,IN-C12583-SS,substation,Mechcheri,Tamil Nadu,8.2039,1.5534,1.0542,5,6,5,73,10.53,0.01045,23610547,0,0,IN-SR-HUB|IN-KAR-HUB|IN-C05536-SS|IN-ER-HUB|IN-NER-HUB|IN-C10346-SS|IN-C10362-SS|IN-C11034-SS|IN-C11047-SS|IN-C01444-SS|IN-JHA-HUB|IN-C04828-SS,0|0|0|1|1|1|1|1|1|2|2|2,train
IND-S04065,cascade_emergency,india_national_20k,IN-C19730-GEN02,generator,Howrah,West Bengal,6.3692,1.5369,1.1106,1,27,6,101,11.69,0.02617,58577830,0,3,IN-SR-HUB|IN-KER-HUB|IN-C07054-SS|IN-C10346-SS|IN-C10353-SS|IN-C10362-SS|IN-C10384-SS|IN-TAM-HUB|IN-C12390-SS|IN-C15523-SS|IN-C15600-SS|IN-UTT-HUB,0|0|0|0|0|0|0|0|0|0|0|0,val
IND-S04066,high_demand,india_national_20k,IN-UTT-HUB-GEN,generator,Uttarakhand Hub Generation,Uttarakhand,2.9959,1.3491,1.0983,1,1,1,0,8.51,0.0,0,0,0,,,train
IND-S04067,transformer_overload,india_national_20k,IN-C00029-SS,substation,Vizianagaram,Andhra Pradesh,4.7354,1.0667,1.0185,1,154,1,0,0.01,0.0,0,0,0,,,test
IND-S04068,normal_operation,india_national_20k,IN-C07871-FD011,feeder,Khandwa,Madhya Pradesh,1.1599,0.8555,1.005,0,6,1,0,0.0,0.0,0,0,0,,,train
IND-S04069,transformer_overload,india_national_20k,IN-C15546-FD032,feeder,Kanpur,Uttar Pradesh,3.5627,1.2436,1.0579,1,10,1,0,0.0,0.0,0,0,0,,,train
IND-S04070,cascade_emergency,india_national_20k,IN-C09308-FD021,feeder,Chānda,Maharashtra,6.4306,1.3112,1.1194,4,6,2,6,8.57,2e-05,8938,0,0,IN-C10410-SS|IN-C10414-SS|IN-C10420-SS|IN-C10421-SS|IN-C10423-SS|IN-C10582-SS,0|0|0|0|0|0,train
IND-S04071,line_outage,india_national_20k,IN-C10434-GEN11,generator,Baripāda,Odisha,2.0587,1.1084,1.0302,3,26,1,0,0.0,0.0,0,0,0,,,train
IND-S04072,transformer_overload,india_national_20k,IN-C04485-GEN02,generator,Jammu,Jammu and Kashmir,4.7133,1.2322,1.0009,1,20,1,0,0.0,0.0,0,0,0,,,train
IND-S04073,transformer_overload,india_national_20k,IN-C12344-GEN05,generator,Tirunelveli,Tamil Nadu,2.5742,1.2335,1.0529,0,79,2,2,0.11,0.00138,1435844,0,2,IN-TAM-HUB|IN-C12344-SS,0|0,train
IND-S04074,cascade_emergency,india_national_20k,IN-C19731-GEN03,generator,Durgapur,West Bengal,6.3828,1.5098,1.1423,1,20,6,123,12.11,0.02655,59412145,0,8,IN-SR-HUB|IN-KER-HUB|IN-C07054-SS|IN-C10346-SS|IN-C10353-SS|IN-C10362-SS|IN-C10384-SS|IN-C15523-SS|IN-C15600-SS|IN-UTT-HUB|IN-C19731-SS|IN-C19733-SS,0|0|0|0|0|0|0|0|0|0|0|0,val
IND-S04075,line_outage,india_national_20k,IN-C02525-FD012,feeder,Raipur,Chhattisgarh,2.4732,1.0171,1.0577,4,10,2,4,0.14,0.00172,1075109,0,3,IN-C02525-SS|IN-C02525-TR01|IN-C02525-FD012|IN-C11091-SS,0|0|0|0,train
IND-S04076,high_demand,india_national_20k,IN-C05572-FD011,feeder,Basavakalyan,Karnataka,1.9386,1.2598,1.0669,1,5,1,0,0.0,0.0,0,0,0,,,test
IND-S04077,line_outage,india_national_20k,IN-C03791-SS,substation,Gurugram,Haryana,1.6995,1.2823,1.0509,2,67,1,0,0.0,0.0,0,0,0,,,train
IND-S04078,line_outage,india_national_20k,IN-C07129-SS,substation,Kāttipparutti,Kerala,1.7043,1.2624,1.0161,2,4,1,0,0.0,0.0,0,0,0,,,train
IND-S04079,heatwave,india_national_20k,IN-C12343-GEN04,generator,Madurai,Tamil Nadu,2.9806,1.3549,1.0928,2,80,5,27,9.07,0.00226,1867491,0,3,IN-SR-HUB|IN-TAM-HUB|IN-C12343-SS|IN-NER-HUB|IN-C11034-SS|IN-C11047-SS|IN-C01444-SS|IN-C10290-SS|IN-C10346-SS|IN-C10353-SS|IN-C10360-SS|IN-C10362-SS,0|0|0|1|1|1|2|2|2|2|2|2,train
IND-S04080,transformer_overload,india_national_20k,IN-C19729-GEN01,generator,Kolkata,West Bengal,2.1115,1.0095,1.0248,0,26,3,6,0.27,0.00427,5807089,0,3,IN-WES-HUB|IN-C19729-SS|IN-C19730-SS|IN-C19766-SS|IN-C19864-SS|IN-C19963-SS,0|0|0|1|1|1,val
IND-S04081,cascade_emergency,india_national_20k,IN-C19770-FD011,feeder,Dārjiling,West Bengal,4.5926,1.4186,1.1455,5,5,2,1,8.82,1e-05,5592,0,0,IN-C05843-SS,0,val
IND-S04082,heatwave,india_national_20k,IN-C04824-FD032,feeder,Ranchi,Jharkhand,3.1567,1.3551,1.1704,2,10,2,4,8.88,0.00205,1120374,0,4,IN-JHA-HUB|IN-C04824-SS|IN-C04824-TR03|IN-C04824-FD032,0|0|0|0,train
IND-S04083,transformer_overload,india_national_20k,IN-C09323-FD011,feeder,Achalpur,Maharashtra,5.1086,1.2547,1.0306,0,5,2,10,0.26,0.00185,780648,0,5,IN-C09296-SS|IN-C09323-SS|IN-C09559-SS|IN-C09875-SS|IN-C10039-SS|IN-C10058-SS|IN-C10109-SS|IN-C10148-SS|IN-C09323-TR01|IN-C09323-FD011,0|0|0|0|0|0|0|0|0|0,train
IND-S04084,transformer_overload,india_national_20k,IN-C01387-FD011,feeder,Saharsa,Bihar,2.9863,1.2709,1.0435,1,6,1,0,0.0,0.0,0,0,0,,,val
IND-S04085,line_outage,india_national_20k,IN-C12361-FD011,feeder,Hosūr,Tamil Nadu,1.2131,1.0355,1.006,1,6,1,0,0.0,0.0,0,0,0,,,train
IND-S04086,line_outage,india_national_20k,IN-C04823-GEN02,generator,Dhanbad,Jharkhand,2.2214,1.2517,1.0555,1,36,2,2,0.04,5e-05,86938,0,2,IN-JHA-HUB|IN-C04836-SS,0|0,train
IND-S04087,transformer_overload,india_national_20k,IN-C09293-FD021,feeder,Sholapur,Maharashtra,2.1948,1.072,1.0492,0,8,2,3,0.17,0.00317,997281,0,3,IN-C09293-SS|IN-C09293-TR02|IN-C09293-FD021,0|0|0,train
IND-S04088,high_demand,india_national_20k,IN-C15657-SS,substation,Aonla,Uttar Pradesh,1.5893,1.5316,1.0234,0,5,2,20,9.03,0.00053,193048,0,5,IN-C15657-SS|IN-C15731-SS|IN-C15772-SS|IN-C15812-SS|IN-C15817-SS|IN-C15853-SS|IN-C15863-SS|IN-C15890-SS|IN-C16167-SS|IN-C16197-SS|IN-C16834-SS|IN-C16876-SS,0|0|0|0|0|0|0|0|0|0|0|0,train
IND-S04089,cascade_emergency,india_national_20k,IN-C11678-SS,substation,Aklera,Rajasthan,4.2165,1.4181,1.0836,3,4,1,0,8.59,0.0,0,0,0,,,train
IND-S04090,transformer_overload,india_national_20k,IN-C19731-GEN03,generator,Durgapur,West Bengal,3.0816,1.2055,1.064,1,20,2,6,0.15,0.00107,1331410,0,5,IN-C19731-SS|IN-C19733-SS|IN-C19755-SS|IN-C19766-SS|IN-C19864-SS|IN-C19963-SS,0|0|0|0|0|0,val
IND-S04091,normal_operation,india_national_20k,IN-C09289-GEN08,generator,Kalyān,Maharashtra,1.1354,1.0135,0.9909,0,41,1,0,0.0,0.0,0,0,0,,,train
IND-S04092,cascade_emergency,india_national_20k,IN-C15550-GEN05,generator,Ghāziābād,Uttar Pradesh,7.8959,1.3023,1.0613,2,123,3,12,0.74,0.0055,12835974,0,8,IN-NR-HUB|IN-C15550-SS|IN-C15557-SS|IN-C16428-SS|IN-C19118-SS|IN-C19203-SS|IN-UTT-HUB|IN-DEL-HUB|IN-C03058-SS|IN-C19438-SS|IN-C19462-SS|IN-C19475-SS,0|0|0|0|0|0|0|1|1|1|1|1,train
IND-S04093,high_demand,india_national_20k,IN-C15612-FD011,feeder,Tāndā,Uttar Pradesh,1.5595,1.4772,1.0724,1,6,1,0,8.71,0.0,0,0,0,,,train
IND-S04094,cascade_emergency,india_national_20k,IN-C12349-GEN10,generator,Vellore,Tamil Nadu,6.4247,1.3213,1.1682,3,73,5,41,9.42,0.00245,3050763,0,7,IN-SR-HUB|IN-NER-HUB|IN-C11034-SS|IN-C11047-SS|IN-TAM-HUB|IN-C12345-SS|IN-C12347-SS|IN-C12390-SS|IN-C12393-SS|IN-C12401-SS|IN-C12469-SS|IN-C12474-SS,0|1|1|1|1|1|1|1|1|1|1|1,train
IND-S04095,transformer_overload,india_national_20k,IN-C07071-FD011,feeder,Kodungallūr,Kerala,5.8987,1.2004,1.0703,0,5,1,0,0.0,0.0,0,0,0,,,train
IND-S04096,high_demand,india_national_20k,IN-C04952-SS,substation,Lāpangā,Jharkhand,2.7712,1.4006,1.0651,1,2,1,0,8.52,0.0,0,0,0,,,train
IND-S04097,high_demand,india_national_20k,IN-C00171-SS,substation,Vinnamāla,Andhra Pradesh,1.5688,1.4349,1.0836,1,4,1,0,8.64,0.0,0,0,0,,,test
IND-S04098,transformer_overload,india_national_20k,IN-C07858-FD031,feeder,Bhopal,Madhya Pradesh,5.0733,1.0326,1.0448,0,10,2,11,0.4,0.00509,2219224,0,5,IN-C07858-SS|IN-C07882-SS|IN-C07888-SS|IN-C07892-SS|IN-C07908-SS|IN-C08007-SS|IN-C08067-SS|IN-C08104-SS|IN-C08742-SS|IN-C07858-TR03|IN-C07858-FD031,0|0|0|0|0|0|0|0|0|0|0,train
IND-S04099,heatwave,india_national_20k,IN-C07869-FD011,feeder,Singrauli,Madhya Pradesh,2.7025,1.415,1.1098,1,6,1,0,8.67,0.0,0,0,0,,,train
IND-S04100,normal_operation,india_national_20k,IN-C12343-FD012,feeder,Madurai,Tamil Nadu,1.1801,0.9881,1.0191,0,10,1,0,0.0,0.0,0,0,0,,,train
IND-S04101,heatwave,india_national_20k,IN-C05530-SS,substation,Bengaluru,Karnataka,2.0112,1.35,1.1746,0,191,2,2,8.95,0.00494,8495492,0,2,IN-KAR-HUB|IN-C05530-SS,0|0,test
IND-S04102,high_demand,india_national_20k,IN-C09358-FD011,feeder,Wadgaon Kolhati,Maharashtra,2.125,1.355,1.0707,1,6,1,0,8.44,0.0,0,0,0,,,train
IND-S04103,heatwave,india_national_20k,IN-C05530-FD022,feeder,Bengaluru,Karnataka,3.2155,1.2408,1.1227,2,10,2,4,0.68,0.00771,8495492,0,4,IN-KAR-HUB|IN-C05530-SS|IN-C05530-TR02|IN-C05530-FD022,0|0|0|0,test
IND-S04104,cascade_emergency,india_national_20k,IN-C02528-FD011,feeder,Bilāspur,Chhattisgarh,5.4424,1.528,1.1548,5,8,6,1138,37.95,0.25365,92243354,0,4,IN-WR-HUB|IN-CHH-HUB|IN-C02528-SS|IN-C02528-TR01|IN-C02528-FD011|IN-MAH-HUB|IN-C09286-SS|IN-C09288-SS|IN-NER-HUB|IN-ER-HUB|IN-C08104-SS|IN-C07908-SS,0|0|0|0|0|0|0|0|1|1|1|1,train
IND-S04105,high_demand,india_national_20k,IN-C03060-FD011,feeder,Narela,Delhi,2.5687,1.4364,1.0544,0,7,2,4,8.74,0.00289,800000,0,4,IN-DEL-HUB|IN-C03060-SS|IN-C03060-TR01|IN-C03060-FD011,0|0|0|0,train
IND-S04106,line_outage,india_national_20k,IN-C15550-GEN05,generator,Ghāziābād,Uttar Pradesh,1.9191,1.2667,1.0247,3,123,2,5,0.15,0.00128,1716773,0,5,IN-C15550-SS|IN-C15557-SS|IN-C16428-SS|IN-C19118-SS|IN-C19203-SS,0|0|0|0|0,train
IND-S04107,transformer_overload,india_national_20k,IN-C15551-GEN06,generator,Varanasi,Uttar Pradesh,3.688,1.0816,1.0798,1,120,3,12,0.27,0.00026,241573,0,3,IN-C15600-SS|IN-C15672-SS|IN-C16266-SS|IN-C17022-SS|IN-C17187-SS|IN-C17734-SS|IN-C17976-SS|IN-C18074-SS|IN-UTT-HUB|IN-C19438-SS|IN-C19462-SS|IN-C19475-SS,0|0|0|0|0|0|0|0|0|1|1|1,train
IND-S04108,high_demand,india_national_20k,IN-TAM-HUB-GEN,generator,Tamil Nadu Hub Generation,Tamil Nadu,2.6801,1.3826,1.0235,0,260,5,30,8.92,0.00082,631021,0,8,IN-SR-HUB|IN-NER-HUB|IN-C11034-SS|IN-C11047-SS|IN-TAM-HUB|IN-C12390-SS|IN-C12393-SS|IN-C12401-SS|IN-C12474-SS|IN-C14168-SS|IN-C14310-SS|IN-C10290-SS,0|1|1|1|1|1|1|1|1|1|1|2,train
IND-S04109,cascade_emergency,india_national_20k,IN-C14844-FD031,feeder,Hyderabad,Telangana,5.1869,1.4022,1.1166,3,10,5,52,10.11,0.01567,14612241,0,4,IN-SR-HUB|IN-TEL-HUB|IN-C14844-SS|IN-C14844-TR03|IN-C14844-FD031|IN-ER-HUB|IN-NER-HUB|IN-C11034-SS|IN-C11047-SS|IN-C14852-SS|IN-C14935-SS|IN-C14966-SS,0|0|0|0|0|1|1|1|1|1|1|1,train
IND-S04110,transformer_overload,india_national_20k,IN-C15554-GEN09,generator,Bareilly,Uttar Pradesh,5.2035,1.2183,1.0775,0,116,1,0,0.01,0.0,0,0,0,,,train
IND-S04111,cascade_emergency,india_national_20k,IN-BIH-HUB-GEN,generator,Bihar Hub Generation,Bihar,6.3901,1.4656,1.066,2,138,1,0,8.65,0.0,0,0,0,,,val
IND-S04112,line_outage,india_national_20k,IN-C10424-FD012,feeder,Nowrangapur,Odisha,1.3751,1.06,1.0108,2,10,2,1,0.02,0.0,500,0,0,IN-C02516-SS,0,train
IND-S04113,high_demand,india_national_20k,IN-C11581-FD011,feeder,Gangāpur,Rajasthan,2.475,1.3287,1.0269,1,5,1,0,0.0,0.0,0,0,0,,,train
IND-S04114,high_demand,india_national_20k,IN-C04825-SS,substation,Bokāro,Jharkhand,2.8102,1.3208,1.0658,1,91,3,3,8.43,0.00111,713818,0,3,IN-C04957-SS|IN-C04825-SS|IN-C04831-SS,0|1|1,train
IND-S04115,heatwave,india_national_20k,IN-C19837-SS,substation,Nalhāti,West Bengal,2.3231,1.1633,1.1726,2,4,1,0,0.0,0.0,0,0,0,,,val
IND-S04116,high_demand,india_national_20k,IN-C02531-SS,substation,Raigarh,Chhattisgarh,1.6932,1.3817,1.0562,0,72,1,0,8.46,0.0,0,0,0,,,train
IND-S04117,cascade_emergency,india_national_20k,IN-C04825-FD021,feeder,Bokāro,Jharkhand,6.0047,1.5123,1.1575,2,8,6,136,12.39,0.02804,47454000,0,6,IN-ER-HUB|IN-JHA-HUB|IN-C04825-SS|IN-C04831-SS|IN-C04957-SS|IN-C04825-TR02|IN-C04825-FD021|IN-WR-HUB|IN-SR-HUB|IN-BIH-HUB|IN-C01374-SS|IN-C01394-SS,0|0|0|0|0|0|0|1|1|1|1|1,train
IND-S04118,high_demand,india_national_20k,IN-C05530-FD011,feeder,Bengaluru,Karnataka,1.6779,1.4548,1.0414,0,10,6,39,9.57,0.00879,20456027,0,3,IN-C05530-SS|IN-C05530-TR01|IN-C05530-FD011|IN-WR-HUB|IN-SR-HUB|IN-NER-HUB|IN-C11034-SS|IN-C11047-SS|IN-C01444-SS|IN-C10290-SS|IN-C10346-SS|IN-C10353-SS,0|0|0|1|1|2|2|2|3|3|3|3,test
IND-S04119,high_demand,india_national_20k,IN-C03356-SS,substation,Bāola,Gujarat,1.8622,1.3838,1.0903,0,5,1,0,8.56,0.0,0,0,0,,,train
IND-S04120,heatwave,india_national_20k,IN-C05538-FD011,feeder,Vijayapura,Karnataka,2.1041,1.4462,1.1715,1,8,6,120,11.64,0.0158,32442431,0,3,IN-KAR-HUB|IN-C05538-SS|IN-C05556-SS|IN-C05639-SS|IN-C05722-SS|IN-C06290-SS|IN-C06328-SS|IN-C06374-SS|IN-C06375-SS|IN-WR-HUB|IN-NR-HUB|IN-ER-HUB,0|0|0|0|0|0|0|0|0|1|2|2,test
IND-S04121,normal_operation,india_national_20k,IN-C02596-SS,substation,Kasdol,Chhattisgarh,1.0589,1.0184,1.0164,0,5,1,0,0.0,0.0,0,0,0,,,train
IND-S04122,transformer_overload,india_national_20k,IN-C12340-FD012,feeder,Chennai,Tamil Nadu,5.4966,1.2637,1.0367,1,10,1,0,0.0,0.0,0,0,0,,,train
IND-S04123,transformer_overload,india_national_20k,IN-C19729-FD022,feeder,Kolkata,West Bengal,3.1063,1.0758,1.0165,0,10,3,7,0.41,0.00765,4779417,0,4,IN-WES-HUB|IN-C19729-SS|IN-C19729-TR02|IN-C19729-FD022|IN-C19766-SS|IN-C19864-SS|IN-C19963-SS,0|0|0|0|1|1|1,val
IND-S04124,normal_operation,india_national_20k,IN-C10319-GEN01,generator,Shillong,Meghalaya,1.1887,0.951,1.0186,0,11,1,0,0.0,0.0,0,0,0,,,val
IND-S04125,cascade_emergency,india_national_20k,IN-C14881-SS,substation,Āmūr,Telangana,7.0403,1.5642,1.1221,3,9,1,0,9.02,0.0,0,0,0,,,train
IND-S04126,line_outage,india_national_20k,IN-C15547-GEN02,generator,Lucknow,Uttar Pradesh,1.7111,1.1007,1.046,2,120,3,5,0.17,0.00196,2556657,0,3,IN-C15547-SS|IN-UTT-HUB|IN-C19438-SS|IN-C19462-SS|IN-C19475-SS,0|0|1|1|1,train
IND-S04127,cascade_emergency,india_national_20k,IN-C09308-FD011,feeder,Chānda,Maharashtra,4.064,1.508,1.0582,4,6,2,2,8.79,0.0,1000,0,0,IN-C04291-SS|IN-C04300-SS,0|0,train
IND-S04128,normal_operation,india_national_20k,IN-C12341-GEN02,generator,Coimbatore,Tamil Nadu,1.1275,0.889,1.0174,0,78,1,0,0.0,0.0,0,0,0,,,train
IND-S04129,transformer_overload,india_national_20k,IN-C09306-FD021,feeder,Dhule,Maharashtra,5.1621,1.2291,1.0256,0,6,1,0,0.0,0.0,0,0,0,,,train
IND-S04130,cascade_emergency,india_national_20k,IN-C09283-FD012,feeder,Pune,Maharashtra,7.2616,1.4094,1.096,5,10,5,53,10.08,0.01425,15071299,0,4,IN-WR-HUB|IN-SR-HUB|IN-MAH-HUB|IN-C09283-SS|IN-C09283-TR01|IN-C09283-FD012|IN-NER-HUB|IN-C11034-SS|IN-C11047-SS|IN-C01444-SS|IN-C10290-SS|IN-C10346-SS,0|0|0|0|0|0|1|1|1|2|2|2,train
IND-S04131,line_outage,india_national_20k,IN-C01375-FD011,feeder,Gaya,Bihar,1.9312,1.1561,1.0082,1,8,1,0,0.0,0.0,0,0,0,,,val
IND-S04132,transformer_overload,india_national_20k,IN-C00025-FD011,feeder,Kadapa,Andhra Pradesh,4.3758,1.0879,1.057,0,8,2,3,0.13,0.00198,344893,0,3,IN-C00025-SS|IN-C00025-TR01|IN-C00025-FD011,0|0|0,test
IND-S04133,line_outage,india_national_20k,IN-C00021-FD021,feeder,Nellore,Andhra Pradesh,1.6162,1.0975,1.02,3,8,2,2,0.08,0.00104,0,0,2,IN-C00021-TR02|IN-C00021-FD021,0|0,test
IND-S04134,cascade_emergency,india_national_20k,IN-C15554-GEN09,generator,Bareilly,Uttar Pradesh,6.3414,1.462,1.0569,2,116,4,34,9.35,0.00342,11963895,0,4,IN-NR-HUB|IN-WR-HUB|IN-NER-HUB|IN-UTT-HUB|IN-C01444-SS|IN-DEL-HUB|IN-C03058-SS|IN-C10290-SS|IN-C10346-SS|IN-C10353-SS|IN-C10360-SS|IN-C10362-SS,0|0|0|0|1|1|1|1|1|1|1|1,train
IND-S04135,line_outage,india_national_20k,IN-C06846-SS,substation,Arekarkal,Karnataka,1.7769,1.2206,1.0048,3,6,2,2,0.05,0.0,1000,0,0,IN-C10414-SS|IN-C10423-SS,0|0,test
IND-S04136,transformer_overload,india_national_20k,IN-C15627-FD011,feeder,Farīdpur,Uttar Pradesh,3.9044,1.1372,1.0288,1,6,1,0,0.0,0.0,0,0,0,,,train
IND-S04137,line_outage,india_national_20k,IN-C05538-GEN09,generator,Vijayapura,Karnataka,1.6679,1.0587,1.0207,2,50,3,16,0.34,0.00041,399646,0,2,IN-KAR-HUB|IN-C05556-SS|IN-C15608-SS|IN-C15673-SS|IN-C15854-SS|IN-C15904-SS|IN-C16297-SS|IN-C16839-SS|IN-C18589-SS|IN-C18951-SS|IN-C15606-SS|IN-C15813-SS,0|0|0|0|0|0|0|0|0|0|1|1,test
IND-S04138,cascade_emergency,india_national_20k,IN-C15546-FD031,feeder,Kanpur,Uttar Pradesh,7.3317,1.3092,1.1229,1,10,1,0,8.47,0.0,0,0,0,,,train
IND-S04139,line_outage,india_national_20k,IN-C04827-GEN06,generator,Deoghar,Jharkhand,1.6178,1.1269,1.0042,4,27,2,1,0.02,2e-05,10097,0,0,IN-C04929-SS,0,train
IND-S04140,cascade_emergency,india_national_20k,IN-C05644-SS,substation,Chītāpur,Karnataka,4.6466,1.3598,1.0886,2,4,1,0,8.51,0.0,0,0,0,,,test
IND-S04141,cascade_emergency,india_national_20k,IN-C15552-FD032,feeder,Prayagraj,Uttar Pradesh,5.5918,1.5326,1.128,1,10,7,131,12.29,0.02674,60692068,0,2,IN-C15552-SS|IN-UTT-HUB|IN-WR-HUB|IN-SR-HUB|IN-BIH-HUB|IN-C01374-SS|IN-C01444-SS|IN-C01445-SS|IN-C01481-SS|IN-C02142-SS|IN-CHH-HUB|IN-C02535-SS,0|0|1|1|1|1|1|1|1|1|1|1,train
IND-S04142,cascade_emergency,india_national_20k,IN-C04827-FD011,feeder,Deoghar,Jharkhand,7.0512,1.3218,1.0512,5,7,2,6,0.28,0.00354,281163,0,4,IN-JHA-HUB|IN-C04827-SS|IN-C04827-TR01|IN-C04827-FD011|IN-C14872-SS|IN-C15023-SS,0|0|0|0|0|0,train
IND-S04143,line_outage,india_national_20k,IN-C03281-FD022,feeder,Surat,Gujarat,1.9904,1.0616,1.0156,2,10,2,2,0.16,0.00326,0,0,2,IN-C03281-TR02|IN-C03281-FD022,0|0,train
IND-S04144,heatwave,india_national_20k,IN-C03128-SS,substation,Tīkri Khurd,Delhi,2.1251,1.3889,1.1185,0,7,2,3,8.7,0.00013,37187,0,3,IN-C03125-SS|IN-C03128-SS|IN-C03145-SS,0|0|0,train
IND-S04145,line_outage,india_national_20k,IN-C15558-FD021,feeder,Sahāranpur,Uttar Pradesh,1.6669,1.2804,1.0244,3,7,2,3,0.1,0.00124,484873,0,3,IN-C15558-SS|IN-C15558-TR02|IN-C15558-FD021,0|0|0,train
IND-S04146,transformer_overload,india_national_20k,IN-C00900-SS,substation,Appalnayudupeta,Andhra Pradesh,3.7491,1.0517,1.0767,1,7,1,0,0.0,0.0,0,0,0,,,test
IND-S04147,heatwave,india_national_20k,IN-C09380-SS,substation,Phaltan,Maharashtra,2.0182,1.2473,1.1086,2,6,2,3,0.06,0.00011,156506,0,0,IN-C09642-SS|IN-ODI-HUB|IN-C10432-SS,0|0|0,train
IND-S04148,transformer_overload,india_national_20k,IN-C00066-SS,substation,Pulivendla,Andhra Pradesh,2.5024,1.1383,1.0015,1,7,1,0,0.0,0.0,0,0,0,,,test
IND-S04149,normal_operation,india_national_20k,IN-C02525-FD012,feeder,Raipur,Chhattisgarh,1.1425,1.0499,0.9878,0,10,1,0,0.0,0.0,0,0,0,,,train
IND-S04150,transformer_overload,india_national_20k,IN-C05668-SS,substation,Tekkalakote,Karnataka,5.1404,1.1518,1.0457,0,5,2,6,0.13,0.00049,155553,0,5,IN-KAR-HUB|IN-C05566-SS|IN-C05592-SS|IN-C05668-SS|IN-C06407-SS|IN-C06772-SS,0|0|0|0|0|0,test
IND-S04151,high_demand,india_national_20k,IN-C19437-SS,substation,Kashipur,Uttarakhand,1.5523,1.2974,1.0506,0,260,1,0,0.0,0.0,0,0,0,,,train
IND-S04152,normal_operation,india_national_20k,IN-C15576-FD011,feeder,Sambhal,Uttar Pradesh,1.1356,1.0364,1.0176,0,6,1,0,0.0,0.0,0,0,0,,,train
IND-S04153,line_outage,india_national_20k,IN-C17519-SS,substation,Alāhdādpur,Uttar Pradesh,2.1578,1.1082,1.0394,2,123,1,0,0.0,0.0,0,0,0,,,train
IND-S04154,heatwave,india_national_20k,IN-GUJ-HUB-GEN,generator,Gujarat Hub Generation,Gujarat,3.1623,1.2669,1.1674,2,80,1,0,8.5,0.0,0,0,0,,,train
IND-S04155,transformer_overload,india_national_20k,IN-C12683-SS,substation,Sankaraperi,Tamil Nadu,2.989,1.0796,1.0101,1,6,1,0,0.0,0.0,0,0,0,,,train
IND-S04156,normal_operation,india_national_20k,IN-C07051-SS,substation,Alappuzha,Kerala,1.1779,0.9406,1.0158,0,108,1,0,0.0,0.0,0,0,0,,,train
IND-S04157,line_outage,india_national_20k,IN-C03281-FD022,feeder,Surat,Gujarat,2.1866,1.106,1.058,3,10,2,3,0.27,0.00603,4591246,0,3,IN-C03281-SS|IN-C03281-TR02|IN-C03281-FD022,0|0|0,train
IND-S04158,cascade_emergency,india_national_20k,IN-C03282-FD012,feeder,Vadodara,Gujarat,7.1683,1.334,1.1547,3,10,2,4,8.91,0.00619,1822221,0,4,IN-GUJ-HUB|IN-C03282-SS|IN-C03282-TR01|IN-C03282-FD012,0|0|0|0,train
IND-S04159,line_outage,india_national_20k,IN-C12349-GEN10,generator,Vellore,Tamil Nadu,2.0946,1.0391,1.0464,3,73,1,0,0.0,0.0,0,0,0,,,train
IND-S04160,line_outage,india_national_20k,IN-C14846-GEN03,generator,Rāmgundam,Telangana,2.4041,1.2816,1.042,1,29,2,6,0.13,0.00037,406531,0,6,IN-C14852-SS|IN-C14865-SS|IN-C14916-SS|IN-C14935-SS|IN-C14966-SS|IN-C14985-SS,0|0|0|0|0|0,train
IND-S04161,normal_operation,india_national_20k,IN-C09283-SS,substation,Pune,Maharashtra,1.0386,0.9895,0.9865,0,156,1,0,0.0,0.0,0,0,0,,,train
IND-S04162,cascade_emergency,india_national_20k,IN-C03297-FD011,feeder,Bharūch,Gujarat,4.2636,1.5531,1.0763,3,5,2,18,9.34,0.00251,712322,0,4,IN-GUJ-HUB|IN-C03290-SS|IN-C03297-SS|IN-C03313-SS|IN-C03341-SS|IN-C03352-SS|IN-C03419-SS|IN-C03448-SS|IN-C03453-SS|IN-C03485-SS|IN-C03512-SS|IN-C03529-SS,0|0|0|0|0|0|0|0|0|0|0|0,train
IND-S04163,transformer_overload,india_national_20k,IN-C07859-FD022,feeder,Jabalpur,Madhya Pradesh,2.9487,1.1674,1.0258,0,10,2,3,0.12,0.00189,1081677,0,3,IN-C07859-SS|IN-C07859-TR02|IN-C07859-FD022,0|0|0,train
IND-S04164,line_outage,india_national_20k,IN-C15556-GEN11,generator,Gorakhpur,Uttar Pradesh,2.071,1.2048,1.0292,3,116,1,0,0.01,0.0,0,0,0,,,train
IND-S04165,transformer_overload,india_national_20k,IN-C03059-FD012,feeder,Najafgarh,Delhi,3.4895,1.0391,1.0185,1,10,1,0,0.0,0.0,0,0,0,,,train
IND-S04166,high_demand,india_national_20k,IN-C14844-SS,substation,Hyderabad,Telangana,1.8372,1.4875,1.0212,1,100,5,40,9.49,0.00567,7927899,0,8,IN-SR-HUB|IN-TEL-HUB|IN-C14844-SS|IN-NER-HUB|IN-C11034-SS|IN-C11047-SS|IN-C14935-SS|IN-C14985-SS|IN-C15208-SS|IN-C15271-SS|IN-C15478-SS|IN-C01444-SS,0|0|0|1|1|1|1|1|1|1|1|2,train
IND-S04167,line_outage,india_national_20k,IN-C09283-FD022,feeder,Pune,Maharashtra,2.0457,1.1426,1.0245,1,10,1,0,0.0,0.0,0,0,0,,,train
IND-S04168,cascade_emergency,india_national_20k,IN-C15546-FD031,feeder,Kanpur,Uttar Pradesh,6.5121,1.5509,1.0694,2,10,6,66,10.73,0.0187,26035517,0,6,IN-NR-HUB|IN-WR-HUB|IN-ER-HUB|IN-NER-HUB|IN-C15546-SS|IN-C15583-SS|IN-C15601-SS|IN-C19257-SS|IN-C15546-TR03|IN-C15546-FD031|IN-UTT-HUB|IN-C01444-SS,0|0|0|0|0|0|0|0|0|0|0|1,train
IND-S04169,transformer_overload,india_national_20k,IN-C15551-GEN06,generator,Varanasi,Uttar Pradesh,5.33,1.2721,1.0508,0,120,3,19,0.45,0.00027,245073,0,6,IN-C15600-SS|IN-C15672-SS|IN-C16266-SS|IN-C16924-SS|IN-C17022-SS|IN-C17187-SS|IN-C17213-SS|IN-C17279-SS|IN-C17309-SS|IN-C17734-SS|IN-C17976-SS|IN-C18074-SS,0|0|0|0|0|0|0|0|0|0|0|0,train
IND-S04170,line_outage,india_national_20k,IN-C12340-GEN01,generator,Chennai,Tamil Nadu,1.3411,1.2559,1.0017,1,78,2,6,0.23,0.00303,4846780,0,5,IN-TAM-HUB|IN-C12340-SS|IN-C12392-SS|IN-C12427-SS|IN-C12699-SS|IN-C14244-SS,0|0|0|0|0|0,train
IND-S04171,heatwave,india_national_20k,IN-C01374-GEN01,generator,Patna,Bihar,1.794,1.2857,1.122,2,44,3,15,8.76,0.00217,2315752,0,3,IN-BIH-HUB|IN-C01374-SS|IN-C01377-SS|IN-C01444-SS|IN-C01445-SS|IN-C01481-SS|IN-C01485-SS|IN-C01486-SS|IN-C01495-SS|IN-C01499-SS|IN-C01521-SS|IN-C01530-SS,0|0|1|1|1|1|1|1|1|1|1|1,val
IND-S04172,line_outage,india_national_20k,IN-C04487-GEN04,generator,Soyībug,Jammu and Kashmir,1.3653,1.0779,1.0516,1,17,1,0,0.0,0.0,0,0,0,,,train
IND-S04173,heatwave,india_national_20k,IN-C15549-GEN04,generator,Meerut,Uttar Pradesh,2.3106,1.2221,1.0837,1,119,3,5,0.19,0.00118,1307830,0,3,IN-C15549-SS|IN-UTT-HUB|IN-C19438-SS|IN-C19462-SS|IN-C19475-SS,0|0|1|1|1,train
IND-S04174,normal_operation,india_national_20k,IN-C00055-SS,substation,Kadiri,Andhra Pradesh,1.1209,0.883,1.0024,0,7,1,0,0.0,0.0,0,0,0,,,test
IND-S04175,high_demand,india_national_20k,IN-C12342-FD021,feeder,Kallakurichi,Tamil Nadu,2.0747,1.4615,1.0493,0,10,2,3,8.72,0.00237,1682687,0,3,IN-C12342-SS|IN-C12342-TR02|IN-C12342-FD021,0|0|0,train
IND-S04176,normal_operation,india_national_20k,IN-C05530-FD032,feeder,Bengaluru,Karnataka,1.0015,0.9425,1.0096,0,10,1,0,0.0,0.0,0,0,0,,,test
IND-S04177,heatwave,india_national_20k,IN-C03791-FD011,feeder,Gurugram,Haryana,1.7113,1.2056,1.2177,1,8,1,0,8.47,0.0,0,0,0,,,train
IND-S04178,line_outage,india_national_20k,IN-C01374-FD031,feeder,Patna,Bihar,2.2261,1.1345,1.0052,2,10,2,3,0.15,0.00247,1684297,0,3,IN-C01374-SS|IN-C01374-TR03|IN-C01374-FD031,0|0|0,val
IND-S04179,line_outage,india_national_20k,IN-C19740-FD021,feeder,Kulti,West Bengal,2.3332,1.1544,1.0564,3,7,3,6,0.17,0.00114,453430,0,3,IN-C19740-SS|IN-C19963-SS|IN-C19740-TR02|IN-C19740-FD021|IN-C19766-SS|IN-C19864-SS,0|0|0|0|1|1,val
IND-S04180,line_outage,india_national_20k,IN-C09285-GEN04,generator,Thāne,Maharashtra,1.8768,1.2411,1.0551,4,43,5,23,0.97,0.00735,20545231,0,4,IN-WR-HUB|IN-MAH-HUB|IN-C09282-SS|IN-C09285-SS|IN-ER-HUB|IN-NER-HUB|IN-C10346-SS|IN-C10353-SS|IN-C10360-SS|IN-C10362-SS|IN-C10384-SS|IN-NAG-HUB,0|0|0|0|1|1|2|2|2|2|2|2,train
IND-S04181,line_outage,india_national_20k,IN-C03286-FD021,feeder,Bilimora,Gujarat,1.464,1.0154,1.006,4,8,1,0,0.0,0.0,0,0,0,,,train
IND-S04182,line_outage,india_national_20k,IN-C12341-GEN02,generator,Coimbatore,Tamil Nadu,1.5917,1.2146,1.0493,2,78,2,3,0.08,0.00013,219591,0,3,IN-TAM-HUB|IN-C12372-SS|IN-C12378-SS,0|0|0,train
IND-S04183,transformer_overload,india_national_20k,IN-C07905-FD011,feeder,Rāghogarh,Madhya Pradesh,4.323,1.1049,1.0371,0,5,2,7,0.17,0.0008,245808,0,5,IN-MAD-HUB|IN-C07874-SS|IN-C07905-SS|IN-C08373-SS|IN-C08939-SS|IN-C07905-TR01|IN-C07905-FD011,0|0|0|0|0|0|0,train
IND-S04184,line_outage,india_national_20k,IN-C00025-FD021,feeder,Kadapa,Andhra Pradesh,1.4127,1.1624,1.0002,3,8,2,3,0.07,0.0,1500,0,0,IN-C16309-SS|IN-C17431-SS|IN-C18838-SS,0|0|0,test
IND-S04185,transformer_overload,india_national_20k,IN-C09305-SS,substation,Latur,Maharashtra,4.6029,1.2041,1.0782,0,149,2,3,0.1,0.00125,419558,0,3,IN-C09305-SS|IN-C09433-SS|IN-C10160-SS,0|0|0,train
IND-S04186,transformer_overload,india_national_20k,IN-C07045-FD021,feeder,Kanayannur,Kerala,5.6898,1.1898,1.0691,0,8,2,6,0.35,0.00662,1509176,0,5,IN-C07045-SS|IN-C07047-SS|IN-C07291-SS|IN-C07643-SS|IN-C07045-TR02|IN-C07045-FD021,0|0|0|0|0|0,train
IND-S04187,heatwave,india_national_20k,IN-C19735-FD021,feeder,Maheshtala,West Bengal,2.5025,1.435,1.204,1,6,7,129,11.94,0.0187,35711733,0,0,IN-ER-HUB|IN-WES-HUB|IN-C19729-SS|IN-C19730-SS|IN-WR-HUB|IN-SR-HUB|IN-C01444-SS|IN-C01445-SS|IN-C01481-SS|IN-JHA-HUB|IN-C04828-SS|IN-C04829-SS,0|0|0|0|1|1|1|1|1|1|1|1,val
IND-S04188,cascade_emergency,india_national_20k,IN-C09347-FD011,feeder,Ambājogāi,Maharashtra,7.7141,1.4666,1.1509,5,5,1,0,8.96,0.0,0,0,0,,,train
IND-S04189,high_demand,india_national_20k,IN-C09402-SS,substation,Jintūr,Maharashtra,2.7799,1.4835,1.0576,1,7,1,0,8.67,0.0,0,0,0,,,train
IND-S04190,high_demand,india_national_20k,IN-C12445-SS,substation,Vīrapāndi,Tamil Nadu,1.9666,1.3378,1.091,1,9,1,0,8.46,0.0,0,0,0,,,train
IND-S04191,line_outage,india_national_20k,IN-C15549-GEN04,generator,Meerut,Uttar Pradesh,1.8119,1.0502,1.044,4,119,1,0,0.01,0.0,0,0,0,,,train
IND-S04192,transformer_overload,india_national_20k,IN-C09284-FD022,feeder,Nagpur,Maharashtra,4.3127,1.1917,1.0279,1,10,1,0,0.0,0.0,0,0,0,,,train
IND-S04193,line_outage,india_national_20k,IN-C09289-GEN08,generator,Kalyān,Maharashtra,2.0147,1.2764,1.0235,3,41,5,25,0.95,0.00566,9291548,0,6,IN-WR-HUB|IN-MAH-HUB|IN-C09289-SS|IN-C09290-SS|IN-C09301-SS|IN-C09312-SS|IN-ER-HUB|IN-NER-HUB|IN-C10346-SS|IN-C10353-SS|IN-C10360-SS|IN-C10362-SS,0|0|0|0|0|0|1|1|2|2|2|2,train
IND-S04194,normal_operation,india_national_20k,IN-C11108-SS,substation,Sujānpur,Punjab,1.1807,0.8607,0.9879,0,3,1,0,0.0,0.0,0,0,0,,,train
IND-S04195,high_demand,india_national_20k,IN-C14853-FD011,feeder,Quthbullapur,Telangana,1.63,1.3591,1.0391,0,7,3,5,8.47,0.001,226816,0,3,IN-C14853-SS|IN-C15271-SS|IN-C14853-TR01|IN-C14853-FD011|IN-C15208-SS,0|0|0|0|1,train
IND-S04196,high_demand,india_national_20k,IN-C09283-FD022,feeder,Pune,Maharashtra,2.7935,1.4113,1.0929,1,10,1,0,8.63,0.0,0,0,0,,,train
IND-S04197,transformer_overload,india_national_20k,IN-C00031-FD011,feeder,Nandyāl,Andhra Pradesh,3.715,1.0613,1.0669,1,6,1,0,0.0,0.0,0,0,0,,,test
IND-S04198,transformer_overload,india_national_20k,IN-C12347-GEN08,generator,Salem,Tamil Nadu,4.1075,1.1508,1.0145,1,73,1,0,0.0,0.0,0,0,0,,,train
IND-S04199,cascade_emergency,india_national_20k,IN-C11579-FD011,feeder,Sawai Madhopur,Rajasthan,8.2741,1.5279,1.1154,3,5,7,98,11.48,0.0216,52352838,0,0,IN-WES-HUB|IN-C19733-SS|IN-C19755-SS|IN-C19766-SS|IN-C19864-SS|IN-SR-HUB|IN-KER-HUB|IN-C07054-SS|IN-C10346-SS|IN-C10353-SS|IN-C10362-SS|IN-C15600-SS,0|0|0|0|0|1|1|1|1|1|1|1,train
IND-S04200,cascade_emergency,india_national_20k,IN-C04143-SS,substation,Kyelang,Himachal Pradesh,5.8367,1.4655,1.1153,5,8,4,55,10.2,0.01235,35691179,0,0,IN-SR-HUB|IN-KER-HUB|IN-C15626-SS|IN-C17199-SS|IN-C17569-SS|IN-C18087-SS|IN-UTT-HUB|IN-WR-HUB|IN-C01444-SS|IN-DEL-HUB|IN-C03058-SS|IN-KAR-HUB,0|0|0|0|0|0|0|1|1|1|1|1,train
IND-S04201,high_demand,india_national_20k,IN-C15551-FD011,feeder,Varanasi,Uttar Pradesh,1.9235,1.3238,1.0207,1,10,3,5,0.21,0.00015,194296,0,1,IN-C15600-SS|IN-UTT-HUB|IN-C19438-SS|IN-C19462-SS|IN-C19475-SS,0|0|1|1|1,train
IND-S04202,high_demand,india_national_20k,IN-C04826-FD011,feeder,Mango,Jharkhand,1.6949,1.2628,1.059,1,7,1,0,0.0,0.0,0,0,0,,,train
IND-S04203,transformer_overload,india_national_20k,IN-C14900-SS,substation,Mahbūbābād,Telangana,5.8001,1.2331,1.0681,0,3,1,0,0.0,0.0,0,0,0,,,train
IND-S04204,heatwave,india_national_20k,IN-MAH-HUB-GEN,generator,Maharashtra Hub Generation,Maharashtra,3.12,1.3192,1.1406,2,144,5,37,9.33,0.00359,11960535,0,3,IN-WR-HUB|IN-SR-HUB|IN-MAH-HUB|IN-NER-HUB|IN-C11034-SS|IN-C11047-SS|IN-C01444-SS|IN-C10290-SS|IN-C10346-SS|IN-C10353-SS|IN-C10360-SS|IN-C10362-SS,0|0|0|1|1|1|2|2|2|2|2|2,train
IND-S04205,cascade_emergency,india_national_20k,IN-C12546-SS,substation,Vadakku Valliyūr,Tamil Nadu,6.0207,1.4851,1.1557,4,7,1,0,9.02,0.0,0,0,0,,,train
IND-S04206,cascade_emergency,india_national_20k,IN-C03280-FD012,feeder,Ahmedabad,Gujarat,8.3149,1.3586,1.1775,2,10,4,77,11.08,0.02681,31374124,0,4,IN-WR-HUB|IN-SR-HUB|IN-ER-HUB|IN-GUJ-HUB|IN-C03280-SS|IN-C03280-TR01|IN-C03280-FD012|IN-C10346-SS|IN-C10362-SS|IN-ASS-HUB|IN-C01122-SS|IN-JHA-HUB,0|0|0|0|0|0|0|0|0|1|1|1,train
IND-S04207,heatwave,india_national_20k,IN-C12347-GEN08,generator,Salem,Tamil Nadu,3.0788,1.1617,1.1183,2,73,1,0,0.0,0.0,0,0,0,,,train
IND-S04208,high_demand,india_national_20k,IN-C05687-SS,substation,Hinakallu,Karnataka,2.6903,1.3435,1.0474,1,11,1,0,8.34,0.0,0,0,0,,,test
IND-S04209,heatwave,india_national_20k,IN-C00541-SS,substation,Allena,Andhra Pradesh,3.3129,1.3576,1.1621,1,7,1,0,8.68,0.0,0,0,0,,,test
IND-S04210,heatwave,india_national_20k,IN-C15550-FD022,feeder,Ghāziābād,Uttar Pradesh,2.5031,1.2377,1.1333,0,10,4,8,1.01,0.00227,1799919,0,4,IN-C15550-SS|IN-C15550-TR02|IN-C15550-FD022|IN-C15557-SS|IN-UTT-HUB|IN-C19438-SS|IN-C19462-SS|IN-C19475-SS,0|0|0|1|1|2|2|2,train
IND-S04211,line_outage,india_national_20k,IN-C05530-FD021,feeder,Bengaluru,Karnataka,2.1258,1.1027,1.0493,4,10,2,4,0.29,0.00594,8495992,0,3,IN-C05530-SS|IN-C05530-TR02|IN-C05530-FD021|IN-C13943-SS,0|0|0|0,test
IND-S04212,transformer_overload,india_national_20k,IN-C09289-GEN08,generator,Kalyān,Maharashtra,3.9867,1.2348,1.0688,0,41,5,26,1.04,0.00634,9451790,0,6,IN-WR-HUB|IN-MAH-HUB|IN-C09289-SS|IN-C09290-SS|IN-C09301-SS|IN-C09312-SS|IN-ER-HUB|IN-NER-HUB|IN-C10346-SS|IN-C10353-SS|IN-C10360-SS|IN-C10362-SS,0|0|0|0|0|0|1|1|2|2|2|2,train
IND-S04213,cascade_emergency,india_national_20k,IN-C04822-FD011,feeder,Jamshedpur,Jharkhand,5.196,1.3874,1.1372,4,10,2,6,8.92,0.00376,1606499,0,6,IN-JHA-HUB|IN-C04822-SS|IN-C04826-SS|IN-C04854-SS|IN-C04822-TR01|IN-C04822-FD011,0|0|0|0|0|0,train
IND-S04214,transformer_overload,india_national_20k,IN-C07422-SS,substation,Irikkūr,Kerala,2.6337,1.0107,1.0244,0,9,1,0,0.0,0.0,0,0,0,,,train
IND-S04215,transformer_overload,india_national_20k,IN-C14857-FD011,feeder,Nalgonda,Telangana,3.7425,1.221,1.0589,1,6,1,0,0.0,0.0,0,0,0,,,train
IND-S04216,cascade_emergency,india_national_20k,IN-C09291-FD022,feeder,Virār,Maharashtra,4.5198,1.3116,1.0743,4,10,2,3,8.48,0.00289,1222390,0,3,IN-C09291-SS|IN-C09291-TR02|IN-C09291-FD022,0|0|0,train
IND-S04217,cascade_emergency,india_national_20k,IN-C09316-FD011,feeder,Badlapur,Maharashtra,4.8595,1.569,1.1437,1,4,1,0,9.02,0.0,0,0,0,,,train
IND-S04218,line_outage,india_national_20k,IN-C10145-SS,substation,Antarwāli Dāi,Maharashtra,2.0744,1.1015,1.06,2,5,1,0,0.0,0.0,0,0,0,,,train
IND-S04219,high_demand,india_national_20k,IN-C19733-GEN05,generator,Āsansol,West Bengal,1.5162,1.2568,1.0828,1,22,2,6,0.18,0.00088,1331410,0,4,IN-C19731-SS|IN-C19733-SS|IN-C19755-SS|IN-C19766-SS|IN-C19864-SS|IN-C19963-SS,0|0|0|0|0|0,val
IND-S04220,transformer_overload,india_national_20k,IN-C12364-SS,substation,Kumarapalayam,Tamil Nadu,4.0134,1.0956,1.0185,1,260,1,0,0.0,0.0,0,0,0,,,train
IND-S04221,transformer_overload,india_national_20k,IN-C03306-SS,substation,Botad,Gujarat,3.7677,1.0358,1.0513,1,7,1,0,0.0,0.0,0,0,0,,,train
IND-S04222,heatwave,india_national_20k,IN-C11086-SS,substation,Dhūri,Punjab,2.2893,1.4464,1.2032,1,5,1,0,9.02,0.0,0,0,0,,,train
IND-S04223,transformer_overload,india_national_20k,IN-C03104-SS,substation,Malakpur Kohi Rangpur,Delhi,2.7118,1.0776,1.0065,1,5,1,0,0.0,0.0,0,0,0,,,train
IND-S04224,transformer_overload,india_national_20k,IN-C03833-SS,substation,Pinjaur,Haryana,5.5526,1.2874,1.0177,0,7,1,0,0.0,0.0,0,0,0,,,train
IND-S04225,heatwave,india_national_20k,IN-C19743-FD021,feeder,Bāli,West Bengal,2.7994,1.2828,1.1744,0,5,2,4,8.66,0.00122,324293,0,4,IN-C19743-SS|IN-C19835-SS|IN-C19743-TR02|IN-C19743-FD021,0|0|0|0,val
IND-S04226,heatwave,india_national_20k,IN-C02532-FD011,feeder,Jagdalpur,Chhattisgarh,2.3706,1.4072,1.1788,0,7,2,3,9.0,0.00078,125463,0,3,IN-C02532-SS|IN-C02532-TR01|IN-C02532-FD011,0|0|0,train
IND-S04227,heatwave,india_national_20k,IN-C11563-GEN04,generator,Bikaner,Rajasthan,2.0293,1.2532,1.124,0,31,1,0,8.31,0.0,0,0,0,,,train
IND-S04228,cascade_emergency,india_national_20k,IN-C03282-FD022,feeder,Vadodara,Gujarat,8.1471,1.4592,1.1645,1,10,6,130,11.79,0.01444,23108040,0,0,IN-WR-HUB|IN-ER-HUB|IN-NER-HUB|IN-CHH-HUB|IN-C02530-SS|IN-C02531-SS|IN-C02533-SS|IN-C07892-SS|IN-C07908-SS|IN-C08007-SS|IN-C08104-SS|IN-MAH-HUB,0|1|1|1|1|1|1|1|1|1|1|1,train
IND-S04229,cascade_emergency,india_national_20k,IN-C17990-SS,substation,Amsin Khurd,Uttar Pradesh,6.0679,1.3814,1.0915,5,6,1,0,8.5,0.0,0,0,0,,,train
IND-S04230,normal_operation,india_national_20k,IN-C05537-GEN08,generator,Ballari,Karnataka,1.1181,0.9562,1.0157,0,48,1,0,0.0,0.0,0,0,0,,,test
IND-S04231,high_demand,india_national_20k,IN-TAM-HUB-GEN,generator,Tamil Nadu Hub Generation,Tamil Nadu,1.9552,1.2897,1.0795,1,260,5,26,1.22,0.00069,459555,0,6,IN-SR-HUB|IN-NER-HUB|IN-C11034-SS|IN-C11047-SS|IN-TAM-HUB|IN-C12390-SS|IN-C12474-SS|IN-C14168-SS|IN-C14310-SS|IN-C10290-SS|IN-C10346-SS|IN-C10353-SS,0|1|1|1|1|1|1|1|1|2|2|2,train
IND-S04232,transformer_overload,india_national_20k,IN-C15558-SS,substation,Sahāranpur,Uttar Pradesh,5.7721,1.0849,1.0609,0,260,3,5,0.17,0.00173,569519,0,3,IN-C15558-SS|IN-UTT-HUB|IN-C19438-SS|IN-C19462-SS|IN-C19475-SS,0|0|1|1|1,train
IND-S04233,transformer_overload,india_national_20k,IN-C07862-GEN06,generator,Punāsa,Madhya Pradesh,4.5871,1.2964,1.024,0,46,1,0,0.0,0.0,0,0,0,,,train
IND-S04234,heatwave,india_national_20k,IN-C05536-GEN07,generator,Davangere,Karnataka,2.0028,1.3396,1.1866,2,49,5,53,9.87,0.00549,8835953,0,7,IN-SR-HUB|IN-ER-HUB|IN-NER-HUB|IN-KAR-HUB|IN-C05537-SS|IN-C05539-SS|IN-C05540-SS|IN-C05541-SS|IN-C05556-SS|IN-C05639-SS|IN-C05722-SS|IN-C06290-SS,0|1|1|1|1|1|1|1|1|1|1|1,test
IND-S04235,normal_operation,india_national_20k,IN-C09286-GEN05,generator,Pimpri-Chinchwad,Maharashtra,1.0582,1.0134,0.9825,0,44,1,0,0.0,0.0,0,0,0,,,train
IND-S04236,transformer_overload,india_national_20k,IN-C12346-GEN07,generator,Tiruppur,Tamil Nadu,3.4186,1.2045,1.0799,1,75,2,5,0.12,0.00015,128930,0,4,IN-TAM-HUB|IN-C12390-SS|IN-C12474-SS|IN-C14168-SS|IN-C14310-SS,0|0|0|0|0,train
IND-S04237,high_demand,india_national_20k,IN-C19759-FD011,feeder,Shāntipur,West Bengal,2.6196,1.309,1.0843,0,5,1,0,8.38,0.0,0,0,0,,,val
IND-S04238,line_outage,india_national_20k,IN-TAM-HUB-GEN,generator,Tamil Nadu Hub Generation,Tamil Nadu,1.9781,1.0682,1.0489,1,260,1,0,0.0,0.0,0,0,0,,,train
IND-S04239,cascade_emergency,india_national_20k,IN-C14847-GEN04,generator,Kukatpally,Telangana,8.8507,1.3107,1.1069,1,28,2,8,8.62,0.0012,818269,0,5,IN-C14847-SS|IN-C14853-SS|IN-C14854-SS|IN-C14897-SS|IN-C15208-SS|IN-C15271-SS|IN-C15287-SS|IN-C15478-SS,0|0|0|0|0|0|0|0,train
IND-S04240,transformer_overload,india_national_20k,IN-C07048-GEN04,generator,Kozhikode,Kerala,3.4392,1.1793,1.035,0,29,1,0,0.0,0.0,0,0,0,,,train
IND-S04241,transformer_overload,india_national_20k,IN-C07878-FD011,feeder,Chhatarpur,Madhya Pradesh,4.8026,1.083,1.0579,1,6,1,0,0.0,0.0,0,0,0,,,train
IND-S04242,heatwave,india_national_20k,IN-C12340-FD011,feeder,Chennai,Tamil Nadu,2.8502,1.3952,1.2193,1,10,6,97,11.17,0.01336,27530336,0,0,IN-WR-HUB|IN-SR-HUB|IN-ER-HUB|IN-NER-HUB|IN-CHH-HUB|IN-C02530-SS|IN-C02531-SS|IN-C02533-SS|IN-KAR-HUB|IN-C05537-SS|IN-C05539-SS|IN-C05540-SS,0|0|1|1|1|1|1|1|1|1|1|1,train
IND-S04243,line_outage,india_national_20k,IN-C14867-FD011,feeder,Sirsilla,Telangana,1.2001,1.1635,1.0396,1,5,1,0,0.0,0.0,0,0,0,,,train
IND-S04244,transformer_overload,india_national_20k,IN-C09176-SS,substation,Ashokhar,Madhya Pradesh,5.1578,1.02,1.0108,1,6,1,0,0.0,0.0,0,0,0,,,train
IND-S04245,heatwave,india_national_20k,IN-C10424-GEN01,generator,Nowrangapur,Odisha,2.3324,1.1817,1.1936,0,34,2,2,8.42,0.0011,1220946,0,2,IN-ODI-HUB|IN-C10424-SS,0|0,train
IND-S04246,cascade_emergency,india_national_20k,IN-C12348-GEN09,generator,Erode,Tamil Nadu,4.4047,1.4906,1.1697,2,73,6,129,12.06,0.02205,52281727,0,5,IN-SR-HUB|IN-ER-HUB|IN-KER-HUB|IN-C07054-SS|IN-C10346-SS|IN-C10362-SS|IN-TAM-HUB|IN-C12364-SS|IN-C12393-SS|IN-C12401-SS|IN-C15600-SS|IN-UTT-HUB,0|0|0|0|0|0|0|0|0|0|0|0,train
IND-S04247,transformer_overload,india_national_20k,IN-C12340-SS,substation,Chennai,Tamil Nadu,4.6646,1.1766,1.0213,1,260,2,6,0.53,0.01161,4846780,0,6,IN-TAM-HUB|IN-C12340-SS|IN-C12392-SS|IN-C12427-SS|IN-C12699-SS|IN-C14244-SS,0|0|0|0|0|0,train
IND-S04248,line_outage,india_national_20k,IN-C05690-SS,substation,Mudgal,Karnataka,1.5318,1.0843,1.0277,4,3,2,1,0.02,0.0,500,0,0,IN-C07727-SS,0,test
IND-S04249,normal_operation,india_national_20k,IN-C07358-SS,substation,Patiriyat,Kerala,1.0812,0.9307,1.009,0,5,1,0,0.0,0.0,0,0,0,,,train
IND-S04250,line_outage,india_national_20k,IN-C12542-SS,substation,Oddanchathiram,Tamil Nadu,1.2431,1.131,1.0054,2,8,1,0,0.0,0.0,0,0,0,,,train
IND-S04251,high_demand,india_national_20k,IN-C15268-SS,substation,Ammāpur,Telangana,2.3253,1.3639,1.0412,1,7,1,0,8.38,0.0,0,0,0,,,train
IND-S04252,transformer_overload,india_national_20k,IN-C00023-GEN07,generator,Kākināda,Andhra Pradesh,2.5035,1.2993,1.0725,1,40,1,0,0.13,0.0,0,0,0,,,test
IND-S04253,normal_operation,india_national_20k,IN-C12344-GEN05,generator,Tirunelveli,Tamil Nadu,1.0601,0.8544,0.9983,0,79,1,0,0.0,0.0,0,0,0,,,train
IND-S04254,line_outage,india_national_20k,IN-C07045-FD011,feeder,Kanayannur,Kerala,2.0494,1.2178,1.0336,2,8,2,5,0.19,0.00262,875623,0,5,IN-C07045-SS|IN-C07291-SS|IN-C07643-SS|IN-C07045-TR01|IN-C07045-FD011,0|0|0|0|0,train
IND-S04255,cascade_emergency,india_national_20k,IN-C03283-FD022,feeder,Rājkot,Gujarat,5.9903,1.3311,1.0798,1,10,1,0,8.4,0.0,0,0,0,,,train
IND-S04256,line_outage,india_national_20k,IN-C03795-FD021,feeder,Panipat,Haryana,2.0568,1.1102,1.0473,4,8,2,3,0.09,0.00089,295970,0,3,IN-C03795-SS|IN-C03795-TR02|IN-C03795-FD021,0|0|0,train
IND-S04257,transformer_overload,india_national_20k,IN-C11565-GEN06,generator,Udaipur,Rajasthan,4.5232,1.2009,1.0025,1,32,1,0,0.0,0.0,0,0,0,,,train
IND-S04258,transformer_overload,india_national_20k,IN-C01381-FD021,feeder,Arrah,Bihar,3.4643,1.2617,1.0284,0,8,2,3,0.1,0.00122,261430,0,3,IN-C01381-SS|IN-C01381-TR02|IN-C01381-FD021,0|0|0,val
IND-S04259,line_outage,india_national_20k,IN-C05007-SS,substation,Gopināthpur,Jharkhand,1.7481,1.2393,1.0499,4,3,1,0,0.0,0.0,0,0,0,,,train
IND-S04260,transformer_overload,india_national_20k,IN-KAR-HUB-GEN,generator,Karnataka Hub Generation,Karnataka,3.7194,1.0241,1.0263,0,180,1,0,0.0,0.0,0,0,0,,,test
IND-S04261,normal_operation,india_national_20k,IN-C03814-FD011,feeder,Gohāna,Haryana,1.0436,0.897,1.0182,0,5,1,0,0.0,0.0,0,0,0,,,train
IND-S04262,heatwave,india_national_20k,IN-C15552-GEN07,generator,Prayagraj,Uttar Pradesh,3.2152,1.3374,1.1584,2,119,4,35,9.42,0.00462,13037333,0,5,IN-NR-HUB|IN-WR-HUB|IN-NER-HUB|IN-C15552-SS|IN-UTT-HUB|IN-C01444-SS|IN-DEL-HUB|IN-C03058-SS|IN-C10290-SS|IN-C10346-SS|IN-C10353-SS|IN-C10360-SS,0|0|0|0|0|1|1|1|1|1|1|1,train
IND-S04263,heatwave,india_national_20k,IN-C11029-FD021,feeder,Gundupālaiyam,Puducherry,2.3979,1.3526,1.1019,2,7,2,7,8.68,0.00113,346078,0,4,IN-PUD-HUB|IN-C11029-SS|IN-C11033-SS|IN-C11034-SS|IN-C11047-SS|IN-C11029-TR02|IN-C11029-FD021,0|0|0|0|0|0|0,train
IND-S04264,high_demand,india_national_20k,IN-C09300-FD021,feeder,Kolhāpur,Maharashtra,2.6254,1.4772,1.0464,1,7,1,0,8.63,0.0,0,0,0,,,train
IND-S04265,line_outage,india_national_20k,IN-C00018-FD012,feeder,Vijayawada,Andhra Pradesh,1.3473,1.0787,1.0459,3,10,1,0,0.0,0.0,0,0,0,,,test
IND-S04266,line_outage,india_national_20k,IN-C14844-FD011,feeder,Hyderabad,Telangana,1.8069,1.2138,1.0214,2,10,2,2,0.15,0.00296,0,0,2,IN-C14844-TR01|IN-C14844-FD011,0|0,train
IND-S04267,high_demand,india_national_20k,IN-C15551-GEN06,generator,Varanasi,Uttar Pradesh,2.4424,1.4807,1.0211,1,120,4,49,9.56,0.00361,12124322,0,8,IN-NR-HUB|IN-WR-HUB|IN-NER-HUB|IN-C15600-SS|IN-C15672-SS|IN-C16266-SS|IN-C16924-SS|IN-C17022-SS|IN-C17187-SS|IN-C17213-SS|IN-C17279-SS|IN-C17309-SS,0|0|0|0|0|0|0|0|0|0|0|0,train
IND-S04268,cascade_emergency,india_national_20k,IN-C07862-FD021,feeder,Punāsa,Madhya Pradesh,6.4695,1.3157,1.0727,4,8,2,3,8.49,0.00287,350000,0,3,IN-C07862-SS|IN-C07862-TR02|IN-C07862-FD021,0|0|0,train
IND-S04269,cascade_emergency,india_national_20k,IN-C15661-SS,substation,Atraulī,Uttar Pradesh,6.8814,1.5935,1.1647,1,8,5,707,26.34,0.13736,106884705,0,0,IN-C15605-SS|IN-C15675-SS|IN-C15826-SS|IN-C15834-SS|IN-C16309-SS|IN-C16329-SS|IN-C16440-SS|IN-C16535-SS|IN-C16881-SS|IN-C17259-SS|IN-C17345-SS|IN-C17431-SS,0|0|0|0|0|0|0|0|0|0|0|0,train
IND-S04270,cascade_emergency,india_national_20k,IN-C09283-SS,substation,Pune,Maharashtra,4.7743,1.36,1.1389,2,156,1,0,8.59,0.0,0,0,0,,,train
IND-S04271,high_demand,india_national_20k,IN-C05963-SS,substation,Addada,Karnataka,2.7682,1.2845,1.0666,0,9,1,0,0.0,0.0,0,0,0,,,test
IND-S04272,high_demand,india_national_20k,IN-C00017-SS,substation,Rasapūdipalem,Andhra Pradesh,2.9108,1.5423,1.0574,0,156,2,5,9.03,0.00375,3054156,0,5,IN-C00017-SS|IN-C00019-SS|IN-C00028-SS|IN-C00260-SS|IN-C00527-SS,0|0|0|0|0,test
IND-S04273,cascade_emergency,india_national_20k,IN-C02531-GEN07,generator,Raigarh,Chhattisgarh,4.4231,1.5068,1.1227,4,22,6,117,11.48,0.01257,20213334,0,4,IN-WR-HUB|IN-ER-HUB|IN-NER-HUB|IN-CHH-HUB|IN-C02530-SS|IN-C02533-SS|IN-C07892-SS|IN-C07908-SS|IN-C08104-SS|IN-MAH-HUB|IN-C09291-SS|IN-C09292-SS,0|1|1|1|1|1|1|1|1|1|1|1,train
IND-S04274,transformer_overload,india_national_20k,IN-C03799-FD011,feeder,Bhiwāni,Haryana,3.6661,1.2279,1.0665,0,5,1,0,0.0,0.0,0,0,0,,,train
IND-S04275,line_outage,india_national_20k,IN-C11053-SS,substation,Patiāla,Punjab,1.5837,1.1427,1.0565,4,82,1,0,0.0,0.0,0,0,0,,,train
IND-S04276,high_demand,india_national_20k,IN-C12348-GEN09,generator,Erode,Tamil Nadu,2.3883,1.5108,1.0857,0,73,5,85,10.72,0.01003,22368132,0,5,IN-SR-HUB|IN-ER-HUB|IN-TAM-HUB|IN-C12364-SS|IN-C12393-SS|IN-C12401-SS|IN-C01444-SS|IN-JHA-HUB|IN-C04828-SS|IN-C04829-SS|IN-C04830-SS|IN-C04832-SS,0|0|0|0|0|0|1|1|1|1|1|1,train
IND-S04277,line_outage,india_national_20k,IN-C07046-FD021,feeder,Thiruvananthapuram,Kerala,1.9996,1.197,1.0237,3,8,2,5,0.18,0.00239,891772,0,3,IN-C07046-SS|IN-C07046-TR02|IN-C07046-FD021|IN-MAD-HUB|IN-C07885-SS,0|0|0|0|0,train
IND-S04278,line_outage,india_national_20k,IN-C15547-SS,substation,Lucknow,Uttar Pradesh,2.1965,1.2982,1.0402,1,260,3,5,0.29,0.00328,2556657,0,3,IN-C15547-SS|IN-UTT-HUB|IN-C19438-SS|IN-C19462-SS|IN-C19475-SS,0|0|1|1|1,train
IND-S04279,high_demand,india_national_20k,IN-C15501-FD021,feeder,Agartala,Tripura,2.4615,1.3945,1.0695,0,8,2,14,8.81,0.00181,572931,0,4,IN-TRI-HUB|IN-C15501-SS|IN-C15502-SS|IN-C15503-SS|IN-C15504-SS|IN-C15506-SS|IN-C15516-SS|IN-C15525-SS|IN-C15529-SS|IN-C15531-SS|IN-C15532-SS|IN-C15543-SS,0|0|0|0|0|0|0|0|0|0|0|0,train
IND-S04280,normal_operation,india_national_20k,IN-C04864-SS,substation,Chhota Gobindpur,Jharkhand,1.0315,0.9327,1.0157,0,5,1,0,0.0,0.0,0,0,0,,,train
IND-S04281,transformer_overload,india_national_20k,IN-C01602-SS,substation,Abdhāra,Bihar,5.1077,1.2604,1.0425,1,3,1,0,0.0,0.0,0,0,0,,,val
IND-S04282,line_outage,india_national_20k,IN-C11579-FD011,feeder,Sawai Madhopur,Rajasthan,2.2806,1.0568,1.0541,2,5,1,0,0.0,0.0,0,0,0,,,train
IND-S04283,normal_operation,india_national_20k,IN-C15551-GEN06,generator,Varanasi,Uttar Pradesh,1.1056,0.9224,0.996,0,120,1,0,0.0,0.0,0,0,0,,,train
IND-S04284,transformer_overload,india_national_20k,IN-C03407-SS,substation,Songadh,Gujarat,2.1386,1.0793,1.0397,1,6,1,0,0.0,0.0,0,0,0,,,train
IND-S04285,heatwave,india_national_20k,IN-C10433-GEN10,generator,Bhadrak,Odisha,1.7321,1.2795,1.1734,0,24,1,0,8.54,0.0,0,0,0,,,train
IND-S04286,transformer_overload,india_national_20k,IN-C15555-GEN10,generator,Morādābād,Uttar Pradesh,5.1815,1.2555,1.0533,1,117,1,0,0.01,0.0,0,0,0,,,train
IND-S04287,line_outage,india_national_20k,IN-UTT-HUB-GEN,generator,Uttarakhand Hub Generation,Uttarakhand,2.3719,1.2485,1.0535,2,1,1,0,0.0,0.0,0,0,0,,,train
IND-S04288,transformer_overload,india_national_20k,IN-C09285-GEN04,generator,Thāne,Maharashtra,4.464,1.232,1.0396,0,43,5,24,0.97,0.00848,20550058,0,4,IN-WR-HUB|IN-MAH-HUB|IN-C09282-SS|IN-C09285-SS|IN-ER-HUB|IN-NER-HUB|IN-C10346-SS|IN-C10353-SS|IN-C10360-SS|IN-C10362-SS|IN-C10384-SS|IN-NAG-HUB,0|0|0|0|1|1|2|2|2|2|2|2,train
IND-S04289,cascade_emergency,india_national_20k,IN-C09364-SS,substation,Shegaon,Maharashtra,4.65,1.5129,1.0971,3,7,5,101,11.0,0.00831,12519182,0,0,IN-SR-HUB|IN-ER-HUB|IN-NER-HUB|IN-WES-HUB|IN-C01444-SS|IN-CHH-HUB|IN-C02530-SS|IN-C02531-SS|IN-C02533-SS|IN-DEL-HUB|IN-C03059-SS|IN-HAR-HUB,0|0|0|0|1|1|1|1|1|1|1|1,train
IND-S04290,transformer_overload,india_national_20k,IN-C07046-GEN02,generator,Thiruvananthapuram,Kerala,3.862,1.2064,1.0317,1,30,1,0,0.0,0.0,0,0,0,,,train
IND-S04291,line_outage,india_national_20k,IN-C12834-SS,substation,Kamuthi,Tamil Nadu,2.4807,1.095,1.0351,3,5,1,0,0.0,0.0,0,0,0,,,train
IND-S04292,line_outage,india_national_20k,IN-C02528-FD011,feeder,Bilāspur,Chhattisgarh,1.2324,1.0099,1.0479,2,8,1,0,0.0,0.0,0,0,0,,,train
IND-S04293,heatwave,india_national_20k,IN-C07055-GEN11,generator,Malappuram,Kerala,3.366,1.4134,1.1288,0,27,1,0,8.75,0.0,0,0,0,,,train
IND-S04294,heatwave,india_national_20k,IN-C09287-FD011,feeder,Nashik,Maharashtra,1.7408,1.2502,1.2184,2,10,2,4,8.72,0.00195,1508010,0,3,IN-C09287-SS|IN-C09287-TR01|IN-C09287-FD011|IN-C15792-SS,0|0|0|0,train
IND-S04295,cascade_emergency,india_national_20k,IN-C03280-GEN01,generator,Ahmedabad,Gujarat,8.842,1.4554,1.1468,4,28,4,72,10.84,0.01813,25733670,0,3,IN-WR-HUB|IN-SR-HUB|IN-ER-HUB|IN-NER-HUB|IN-GUJ-HUB|IN-C03280-SS|IN-KER-HUB|IN-C07054-SS|IN-C10346-SS|IN-C10353-SS|IN-C10362-SS|IN-C10384-SS,0|0|0|0|0|0|0|0|0|0|0|0,train
IND-S04296,normal_operation,india_national_20k,IN-C05530-FD032,feeder,Bengaluru,Karnataka,1.1295,1.0304,0.9817,0,10,1,0,0.0,0.0,0,0,0,,,test
IND-S04297,normal_operation,india_national_20k,IN-C10427-GEN04,generator,Brahmapur,Odisha,1.1399,0.9716,1.0189,0,26,1,0,0.0,0.0,0,0,0,,,train
IND-S04298,transformer_overload,india_national_20k,IN-C09284-FD031,feeder,Nagpur,Maharashtra,5.6636,1.1852,1.0462,0,10,2,4,0.33,0.00675,2405665,0,4,IN-MAH-HUB|IN-C09284-SS|IN-C09284-TR03|IN-C09284-FD031,0|0|0|0,train
IND-S04299,cascade_emergency,india_national_20k,IN-C05539-GEN10,generator,Shivamogga,Karnataka,4.7859,1.3388,1.1568,3,48,1,0,8.63,0.0,0,0,0,,,test
IND-S04300,high_demand,india_national_20k,IN-C03071-FD011,feeder,Delhi Cantonment,Delhi,2.7732,1.3757,1.0891,1,5,1,0,8.54,0.0,0,0,0,,,train
IND-S04301,transformer_overload,india_national_20k,IN-C12340-FD022,feeder,Chennai,Tamil Nadu,4.9628,1.0934,1.0203,1,10,1,0,0.0,0.0,0,0,0,,,train
IND-S04302,cascade_emergency,india_national_20k,IN-RAJ-HUB-GEN,generator,Rajasthan Hub Generation,Rajasthan,7.6979,1.3939,1.1439,5,114,6,112,11.19,0.01203,19522904,0,14,IN-WR-HUB|IN-NER-HUB|IN-C01444-SS|IN-DEL-HUB|IN-C03059-SS|IN-HAR-HUB|IN-C03793-SS|IN-C03794-SS|IN-C03795-SS|IN-JAM-HUB|IN-C04486-SS|IN-C04487-SS,0|0|1|1|1|1|1|1|1|1|1|1,train
IND-S04303,transformer_overload,india_national_20k,IN-C15551-FD012,feeder,Varanasi,Uttar Pradesh,3.0211,1.2519,1.0125,1,10,1,0,0.03,0.0,0,0,0,,,train
IND-S04304,high_demand,india_national_20k,IN-C11592-FD011,feeder,Makrāna,Rajasthan,2.9612,1.2658,1.0319,1,5,1,0,0.0,0.0,0,0,0,,,train
IND-S04305,normal_operation,india_national_20k,IN-C09315-FD011,feeder,Shahuwadi,Maharashtra,1.1606,0.861,1.0112,0,5,1,0,0.0,0.0,0,0,0,,,train
IND-S04306,line_outage,india_national_20k,IN-C19432-GEN01,generator,Dehradun,Uttarakhand,1.6975,1.2954,1.0334,3,116,1,0,0.0,0.0,0,0,0,,,train
IND-S04307,heatwave,india_national_20k,IN-C09286-FD022,feeder,Pimpri-Chinchwad,Maharashtra,2.1176,1.2935,1.2021,2,10,2,3,8.78,0.00246,1727692,0,3,IN-C09286-SS|IN-C09286-TR02|IN-C09286-FD022,0|0|0,train
IND-S04308,cascade_emergency,india_national_20k,IN-C07863-GEN07,generator,Dewas,Madhya Pradesh,4.4143,1.3442,1.0586,1,46,1,0,8.37,0.0,0,0,0,,,train
IND-S04309,transformer_overload,india_national_20k,IN-C01384-GEN11,generator,Munger,Bihar,3.4627,1.2601,1.0503,1,38,3,15,0.33,0.00093,736889,0,3,IN-BIH-HUB|IN-C01397-SS|IN-C01377-SS|IN-C01444-SS|IN-C01445-SS|IN-C01481-SS|IN-C01485-SS|IN-C01486-SS|IN-C01495-SS|IN-C01499-SS|IN-C01521-SS|IN-C01530-SS,0|0|1|1|1|1|1|1|1|1|1|1,val
IND-S04310,line_outage,india_national_20k,IN-C12346-FD011,feeder,Tiruppur,Tamil Nadu,1.2987,1.2648,1.0107,2,8,1,0,0.01,0.0,0,0,0,,,train
IND-S04311,normal_operation,india_national_20k,IN-C03616-SS,substation,Vijayanagar,Gujarat,1.1478,0.9309,0.9803,0,8,1,0,0.0,0.0,0,0,0,,,train
IND-S04312,high_demand,india_national_20k,IN-C13257-SS,substation,Perumbākkam,Tamil Nadu,2.8529,1.2964,1.0886,0,7,1,0,8.35,0.0,0,0,0,,,train
IND-S04313,high_demand,india_national_20k,IN-JAM-HUB-GEN,generator,Jammu and Kashmir Hub Generation,Jammu and Kashmir,2.1868,1.3095,1.0774,1,54,1,0,8.35,0.0,0,0,0,,,train
IND-S04314,heatwave,india_national_20k,IN-C03288-FD021,feeder,Gandhinagar,Gujarat,2.0052,1.4203,1.146,2,8,6,128,11.64,0.01488,22699096,0,4,IN-C03288-SS|IN-C03288-TR02|IN-C03288-FD021|IN-WR-HUB|IN-SR-HUB|IN-ER-HUB|IN-ASS-HUB|IN-C01120-SS|IN-C01122-SS|IN-C01444-SS|IN-CHH-HUB|IN-C02530-SS,0|0|0|1|1|1|2|2|2|2|2|2,train
IND-S04315,transformer_overload,india_national_20k,IN-C11056-GEN07,generator,Hoshiārpur,Punjab,5.0961,1.0958,1.0247,1,21,1,0,0.0,0.0,0,0,0,,,train
IND-S04316,normal_operation,india_national_20k,IN-C03285-SS,substation,Jamnagar,Gujarat,1.0822,1.0097,0.9982,0,85,1,0,0.0,0.0,0,0,0,,,train
IND-S04317,transformer_overload,india_national_20k,IN-C07885-FD011,feeder,Nagda,Madhya Pradesh,3.7818,1.2181,1.0695,1,6,1,0,0.0,0.0,0,0,0,,,train
IND-S04318,transformer_overload,india_national_20k,IN-C13576-SS,substation,Agāram,Tamil Nadu,4.8056,1.2301,1.046,1,9,1,0,0.0,0.0,0,0,0,,,train
IND-S04319,high_demand,india_national_20k,IN-C11051-FD031,feeder,Amritsar,Punjab,2.4173,1.3344,1.0278,0,10,2,3,0.12,0.00179,1159227,0,3,IN-C11051-SS|IN-C11051-TR03|IN-C11051-FD031,0|0|0,train
IND-S04320,transformer_overload,india_national_20k,IN-C03280-FD031,feeder,Ahmedabad,Gujarat,2.9781,1.0206,1.0215,0,10,2,3,0.32,0.00732,6357693,0,3,IN-C03280-SS|IN-C03280-TR03|IN-C03280-FD031,0|0|0,train
IND-S04321,cascade_emergency,india_national_20k,IN-C09301-FD011,feeder,Ulhasnagar,Maharashtra,5.7221,1.5161,1.111,2,8,6,93,11.14,0.01572,25684919,0,7,IN-WR-HUB|IN-SR-HUB|IN-C00114-SS|IN-MAH-HUB|IN-C09289-SS|IN-C09290-SS|IN-C09301-SS|IN-C09312-SS|IN-C09473-SS|IN-C09301-TR01|IN-C09301-FD011|IN-ER-HUB,0|0|0|0|0|0|0|0|0|0|0|1,train
IND-S04322,transformer_overload,india_national_20k,IN-C10341-SS,substation,Aizawl,Mizoram,2.6929,1.1448,1.0155,1,29,2,4,0.08,0.00011,45800,0,2,IN-C10343-SS|IN-C10354-SS|IN-C10359-SS|IN-C10362-SS,0|0|0|0,train
IND-S04323,high_demand,india_national_20k,IN-C03864-SS,substation,Pataudi,Haryana,2.1257,1.2719,1.075,1,5,2,7,0.15,0.00028,87179,0,5,IN-C03852-SS|IN-C03860-SS|IN-C03864-SS|IN-C03890-SS|IN-C03914-SS|IN-C04026-SS|IN-C04037-SS,0|0|0|0|0|0|0,train
IND-S04324,heatwave,india_national_20k,IN-C09284-GEN03,generator,Nagpur,Maharashtra,3.4884,1.2223,1.1839,1,43,5,34,9.25,0.00611,14021624,0,3,IN-WR-HUB|IN-SR-HUB|IN-MAH-HUB|IN-C09284-SS|IN-NER-HUB|IN-C11034-SS|IN-C11047-SS|IN-C01444-SS|IN-C10290-SS|IN-C10346-SS|IN-C10353-SS|IN-C10360-SS,0|0|0|0|1|1|1|2|2|2|2|2,train
IND-S04325,line_outage,india_national_20k,IN-C12345-FD022,feeder,Tiruchirappalli,Tamil Nadu,2.4422,1.2267,1.0198,2,10,2,3,0.11,0.00159,1022518,0,3,IN-C12345-SS|IN-C12345-TR02|IN-C12345-FD022,0|0|0,train
IND-S04326,high_demand,india_national_20k,IN-C07857-FD021,feeder,Indore,Madhya Pradesh,1.8422,1.2563,1.094,0,10,2,3,0.16,0.00262,1994397,0,3,IN-C07857-SS|IN-C07857-TR02|IN-C07857-FD021,0|0|0,train
IND-S04327,normal_operation,india_national_20k,IN-C05532-GEN03,generator,Mysuru,Karnataka,1.0381,0.9488,0.9878,0,48,1,0,0.0,0.0,0,0,0,,,test
IND-S04328,heatwave,india_national_20k,IN-C03796-SS,substation,Sonīpat,Haryana,1.8709,1.2151,1.1217,1,63,1,0,0.0,0.0,0,0,0,,,train
IND-S04329,transformer_overload,india_national_20k,IN-C12661-SS,substation,Kuzhithurai,Tamil Nadu,3.7207,1.0591,1.0192,1,6,1,0,0.0,0.0,0,0,0,,,train
IND-S04330,line_outage,india_national_20k,IN-C09304-FD011,feeder,Akola,Maharashtra,2.2564,1.0137,1.0236,4,7,2,3,0.11,0.00139,428857,0,3,IN-C09304-SS|IN-C09304-TR01|IN-C09304-FD011,0|0|0,train
IND-S04331,high_demand,india_national_20k,IN-C11565-GEN06,generator,Udaipur,Rajasthan,1.6152,1.388,1.0806,0,32,1,0,8.53,0.0,0,0,0,,,train
IND-S04332,high_demand,india_national_20k,IN-C10424-GEN01,generator,Nowrangapur,Odisha,2.1971,1.2737,1.0707,0,34,2,2,0.08,0.00107,1220946,0,2,IN-ODI-HUB|IN-C10424-SS,0|0,train
IND-S04333,high_demand,india_national_20k,IN-C00086-SS,substation,Bhīmunipatnam,Andhra Pradesh,1.8103,1.2684,1.0656,1,4,1,0,0.0,0.0,0,0,0,,,test
IND-S04334,cascade_emergency,india_national_20k,IN-C19761-SS,substation,Krishnanagar,West Bengal,8.8779,1.368,1.1144,2,11,1,0,8.58,0.0,0,0,0,,,val
IND-S04335,transformer_overload,india_national_20k,IN-C15557-SS,substation,Loni,Uttar Pradesh,4.2957,1.219,1.0776,1,260,1,0,0.02,0.0,0,0,0,,,train
IND-S04336,line_outage,india_national_20k,IN-C03283-SS,substation,Rājkot,Gujarat,2.0054,1.1932,1.0343,2,89,1,0,0.0,0.0,0,0,0,,,train
IND-S04337,high_demand,india_national_20k,IN-C19730-SS,substation,Howrah,West Bengal,2.7564,1.3681,1.0657,1,60,3,6,8.76,0.00596,5807089,0,4,IN-WES-HUB|IN-C19729-SS|IN-C19730-SS|IN-C19766-SS|IN-C19864-SS|IN-C19963-SS,0|0|0|1|1|1,val
IND-S04338,line_outage,india_national_20k,IN-C01122-FD011,feeder,Jorhat,Assam,2.1264,1.2194,1.0291,3,7,2,3,0.08,0.00071,126736,0,3,IN-C01122-SS|IN-C01122-TR01|IN-C01122-FD011,0|0|0,val
IND-S04339,cascade_emergency,india_national_20k,IN-C09286-FD031,feeder,Pimpri-Chinchwad,Maharashtra,8.5712,1.5805,1.1311,2,10,7,989,32.89,0.18463,54575631,0,6,IN-WR-HUB|IN-SR-HUB|IN-ER-HUB|IN-NER-HUB|IN-MAH-HUB|IN-C09286-SS|IN-C09288-SS|IN-C09950-SS|IN-C09286-TR03|IN-C09286-FD031|IN-C10346-SS|IN-C10362-SS,0|0|0|0|0|0|0|0|0|0|0|0,train
IND-S04340,line_outage,india_national_20k,IN-C12347-FD021,feeder,Salem,Tamil Nadu,1.8518,1.24,1.0462,1,8,1,0,0.0,0.0,0,0,0,,,train
IND-S04341,transformer_overload,india_national_20k,IN-C13144-SS,substation,Manalūrpettai,Tamil Nadu,3.2815,1.2794,1.0695,0,11,1,0,0.0,0.0,0,0,0,,,train
IND-S04342,line_outage,india_national_20k,IN-C10930-SS,substation,Arakhpadar,Odisha,2.3012,1.2614,1.0334,3,6,1,0,0.0,0.0,0,0,0,,,train
IND-S04343,high_demand,india_national_20k,IN-C12348-GEN09,generator,Erode,Tamil Nadu,2.9774,1.2816,1.0552,0,73,1,0,0.02,0.0,0,0,0,,,train
IND-S04344,cascade_emergency,india_national_20k,IN-C12340-FD022,feeder,Chennai,Tamil Nadu,5.1562,1.5578,1.1364,3,10,6,853,29.59,0.15839,86861741,0,5,IN-SR-HUB|IN-ER-HUB|IN-KER-HUB|IN-C07054-SS|IN-C10346-SS|IN-C10353-SS|IN-C10362-SS|IN-TAM-HUB|IN-C12340-SS|IN-C12350-SS|IN-C12392-SS|IN-C12427-SS,0|0|0|0|0|0|0|0|0|0|0|0,train
IND-S04345,cascade_emergency,india_national_20k,IN-C09395-SS,substation,Jāmner,Maharashtra,8.9128,1.3561,1.1531,1,2,1,0,8.66,0.0,0,0,0,,,train
IND-S04346,transformer_overload,india_national_20k,IN-C00025-GEN09,generator,Kadapa,Andhra Pradesh,5.9762,1.0911,1.0064,0,40,1,0,0.0,0.0,0,0,0,,,test
IND-S04347,line_outage,india_national_20k,IN-C10457-SS,substation,Khordha,Odisha,2.4803,1.1442,1.004,4,2,1,0,0.0,0.0,0,0,0,,,train
IND-S04348,line_outage,india_national_20k,IN-AND-HUB-GEN,generator,Andhra Pradesh Hub Generation,Andhra Pradesh,1.6051,1.2729,1.018,3,148,2,1,0.02,2e-05,7899,0,0,IN-C04157-SS,0,test
IND-S04349,cascade_emergency,india_national_20k,IN-C15554-FD021,feeder,Bareilly,Uttar Pradesh,6.3523,1.4155,1.0679,2,8,5,20,9.24,0.00897,12191902,0,4,IN-NR-HUB|IN-C15554-SS|IN-C15554-TR02|IN-C15554-FD021|IN-UTT-HUB|IN-SR-HUB|IN-DEL-HUB|IN-C03058-SS|IN-C19433-SS|IN-C19438-SS|IN-C19462-SS|IN-C19475-SS,0|0|0|0|0|1|1|1|1|1|1|1,train
IND-S04350,line_outage,india_national_20k,IN-C07046-GEN02,generator,Thiruvananthapuram,Kerala,2.2405,1.089,1.0255,1,30,1,0,0.0,0.0,0,0,0,,,train
IND-S04351,transformer_overload,india_national_20k,IN-C04822-FD032,feeder,Jamshedpur,Jharkhand,5.1321,1.2121,1.0322,0,10,2,6,0.25,0.00372,1606499,0,6,IN-JHA-HUB|IN-C04822-SS|IN-C04826-SS|IN-C04854-SS|IN-C04822-TR03|IN-C04822-FD032,0|0|0|0|0|0,train
IND-S04352,line_outage,india_national_20k,IN-C15583-FD011,feeder,Unnāo,Uttar Pradesh,1.7131,1.2166,1.0131,3,6,2,3,0.09,0.00075,161671,0,3,IN-C15583-SS|IN-C15583-TR01|IN-C15583-FD011,0|0|0,train
IND-S04353,high_demand,india_national_20k,IN-C10425-SS,substation,Bhubaneswar,Odisha,1.7381,1.5496,1.0274,0,86,2,2,8.79,4e-05,13330,0,2,IN-C10525-SS|IN-C10729-SS,0|0,train
IND-S04354,cascade_emergency,india_national_20k,IN-C09288-FD021,feeder,Pimpri,Maharashtra,5.1135,1.3338,1.1409,5,10,6,55,9.98,0.01236,22978128,0,4,IN-C09288-SS|IN-C09288-TR02|IN-C09288-FD021|IN-C12382-SS|IN-C12669-SS|IN-C12721-SS|IN-C12877-SS|IN-C13091-SS|IN-WR-HUB|IN-ER-HUB|IN-NER-HUB|IN-MAH-HUB,0|0|0|0|0|0|0|0|1|2|2|2,train
IND-S04355,cascade_emergency,india_national_20k,IN-C07968-SS,substation,Kareli,Madhya Pradesh,8.2061,1.4907,1.1185,3,5,1,0,8.93,0.0,0,0,0,,,train
IND-S04356,heatwave,india_national_20k,IN-C19743-FD011,feeder,Bāli,West Bengal,2.5156,1.1662,1.0895,2,5,2,4,0.12,0.00112,324293,0,4,IN-C19743-SS|IN-C19835-SS|IN-C19743-TR01|IN-C19743-FD011,0|0|0|0,val
IND-S04357,transformer_overload,india_national_20k,IN-C00056-FD011,feeder,Anakapalle,Andhra Pradesh,4.9179,1.0438,1.0351,0,5,1,0,0.0,0.0,0,0,0,,,test
IND-S04358,transformer_overload,india_national_20k,IN-C09283-SS,substation,Pune,Maharashtra,2.4458,1.1043,1.073,1,156,2,2,0.2,0.0045,3124458,0,2,IN-MAH-HUB|IN-C09283-SS,0|0,train
IND-S04359,normal_operation,india_national_20k,IN-C03060-FD011,feeder,Narela,Delhi,1.0588,1.0291,1.0099,0,7,1,0,0.0,0.0,0,0,0,,,train
IND-S04360,high_demand,india_national_20k,IN-C03173-GEN01,generator,Mormugao,Goa,2.8933,1.4924,1.0392,1,13,2,3,8.7,0.00018,210617,0,3,IN-C03173-SS|IN-C03174-SS|IN-C03215-SS,0|0|0,train
IND-S04361,line_outage,india_national_20k,IN-C07860-GEN04,generator,Gwalior,Madhya Pradesh,1.9638,1.1124,1.0126,2,51,1,0,0.0,0.0,0,0,0,,,train
IND-S04362,line_outage,india_national_20k,IN-C09286-FD021,feeder,Pimpri-Chinchwad,Maharashtra,1.2659,1.1368,1.048,1,10,1,0,0.0,0.0,0,0,0,,,train
IND-S04363,cascade_emergency,india_national_20k,IN-C12340-FD022,feeder,Chennai,Tamil Nadu,7.8882,1.4375,1.0725,3,10,5,41,9.94,0.01674,6117199,0,5,IN-SR-HUB|IN-TAM-HUB|IN-C12340-SS|IN-C12350-SS|IN-C12392-SS|IN-C12427-SS|IN-C12651-SS|IN-C12699-SS|IN-C14244-SS|IN-C12340-TR02|IN-C12340-FD022|IN-NER-HUB,0|0|0|0|0|0|0|0|0|0|0|1,train
IND-S04364,high_demand,india_national_20k,IN-C09399-SS,substation,Digras,Maharashtra,1.7021,1.3693,1.0678,1,12,1,0,8.46,0.0,0,0,0,,,train
IND-S04365,cascade_emergency,india_national_20k,IN-C09303-FD011,feeder,Jalgaon,Maharashtra,6.24,1.31,1.0957,5,7,4,12,8.76,0.00428,1322903,0,4,IN-MAH-HUB|IN-C09303-SS|IN-C09303-TR01|IN-C09303-FD011|IN-C19810-SS|IN-C19902-SS|IN-C19755-SS|IN-C19864-SS|IN-WES-HUB|IN-C19733-SS|IN-C19766-SS|IN-C19963-SS,0|0|0|0|0|0|1|1|2|2|2|2,train
IND-S04366,cascade_emergency,india_national_20k,IN-C12775-SS,substation,Sundakkāmpālaiyam,Tamil Nadu,4.0666,1.5117,1.0608,1,8,1,0,8.77,0.0,0,0,0,,,train
IND-S04367,transformer_overload,india_national_20k,IN-C03284-GEN05,generator,Bhavnagar,Gujarat,4.5123,1.1302,1.0052,1,24,2,2,0.07,0.00086,605882,0,2,IN-GUJ-HUB|IN-C03284-SS,0|0,train
IND-S04368,cascade_emergency,india_national_20k,IN-C04898-SS,substation,Chākuliā,Jharkhand,7.0911,1.4828,1.0573,1,1,1,0,8.65,0.0,0,0,0,,,train
IND-S04369,line_outage,india_national_20k,IN-C03281-GEN02,generator,Surat,Gujarat,1.7678,1.1809,1.0002,3,29,2,2,0.15,0.00321,4591246,0,2,IN-GUJ-HUB|IN-C03281-SS,0|0,train
IND-S04370,transformer_overload,india_national_20k,IN-C07857-FD031,feeder,Indore,Madhya Pradesh,2.8849,1.0879,1.055,1,10,1,0,0.0,0.0,0,0,0,,,train
IND-S04371,transformer_overload,india_national_20k,IN-C05749-SS,substation,Chik Bānavar,Karnataka,4.4506,1.1682,1.0326,0,5,1,0,0.0,0.0,0,0,0,,,test
IND-S04372,high_demand,india_national_20k,IN-C11560-FD011,feeder,Jaipur,Rajasthan,1.5197,1.3517,1.0395,0,10,6,67,9.93,0.01104,21699338,0,4,IN-C11560-SS|IN-C11560-TR01|IN-C11560-FD011|IN-NR-HUB|IN-RAJ-HUB|IN-SR-HUB|IN-DEL-HUB|IN-C03058-SS|IN-C15549-SS|IN-C15550-SS|IN-C15552-SS|IN-C15553-SS,0|0|0|1|1|2|2|2|2|2|2|2,train
IND-S04373,transformer_overload,india_national_20k,IN-C05537-FD021,feeder,Ballari,Karnataka,4.1511,1.1642,1.0649,1,8,1,0,0.0,0.0,0,0,0,,,test
IND-S04374,line_outage,india_national_20k,IN-C04824-GEN03,generator,Ranchi,Jharkhand,1.9907,1.2185,1.0596,3,33,2,2,0.08,0.00092,1120374,0,2,IN-JHA-HUB|IN-C04824-SS,0|0,train
IND-S04375,cascade_emergency,india_national_20k,IN-C12361-SS,substation,Hosūr,Tamil Nadu,4.8251,1.4379,1.1228,5,260,5,86,10.62,0.00905,20083789,0,5,IN-SR-HUB|IN-RAJ-HUB|IN-C11571-SS|IN-TAM-HUB|IN-C12361-SS|IN-ER-HUB|IN-NER-HUB|IN-KAR-HUB|IN-C05537-SS|IN-C05539-SS|IN-C05540-SS|IN-C10346-SS,0|0|0|0|0|1|1|1|1|1|1|1,train
IND-S04376,cascade_emergency,india_national_20k,IN-C04875-SS,substation,Siuliban,Jharkhand,6.2091,1.5684,1.1028,4,4,1,0,9.02,0.0,0,0,0,,,train
IND-S04377,line_outage,india_national_20k,IN-C12340-FD031,feeder,Chennai,Tamil Nadu,1.2315,1.0693,1.0157,4,10,1,0,0.0,0.0,0,0,0,,,train
IND-S04378,transformer_overload,india_national_20k,IN-C03285-SS,substation,Jamnagar,Gujarat,5.3051,1.0285,1.058,0,85,1,0,0.0,0.0,0,0,0,,,train
IND-S04379,normal_operation,india_national_20k,IN-C09282-SS,substation,Mumbai,Maharashtra,1.0764,0.9591,1.0081,0,152,1,0,0.0,0.0,0,0,0,,,train
IND-S04380,transformer_overload,india_national_20k,IN-C03297-FD011,feeder,Bharūch,Gujarat,5.2885,1.0496,1.0639,0,5,2,17,0.43,0.00291,711822,0,4,IN-GUJ-HUB|IN-C03290-SS|IN-C03297-SS|IN-C03313-SS|IN-C03341-SS|IN-C03352-SS|IN-C03419-SS|IN-C03448-SS|IN-C03453-SS|IN-C03485-SS|IN-C03512-SS|IN-C03529-SS,0|0|0|0|0|0|0|0|0|0|0|0,train
IND-S04381,high_demand,india_national_20k,IN-C05532-SS,substation,Mysuru,Karnataka,1.9714,1.3612,1.0673,1,184,2,2,8.51,0.00107,920550,0,2,IN-KAR-HUB|IN-C05532-SS,0|0,test
IND-S04382,transformer_overload,india_national_20k,IN-C19433-GEN02,generator,Haridwar,Uttarakhand,2.8206,1.0339,1.0426,1,114,2,2,0.05,4e-05,66390,0,2,IN-UTT-HUB|IN-C19438-SS,0|0,train
IND-S04383,line_outage,india_national_20k,IN-C14844-FD021,feeder,Hyderabad,Telangana,1.8143,1.255,1.0488,4,10,5,11,0.48,0.00555,7043799,0,4,IN-C14844-SS|IN-C14844-TR02|IN-C14844-FD021|IN-SR-HUB|IN-TEL-HUB|IN-C11034-SS|IN-C11047-SS|IN-C15208-SS|IN-C15271-SS|IN-C15478-SS|IN-C11032-SS,0|0|0|1|1|2|2|2|2|2|3,train
IND-S04384,high_demand,india_national_20k,IN-C05538-GEN09,generator,Vijayapura,Karnataka,2.8233,1.448,1.0647,1,50,2,2,8.65,7e-05,111933,0,2,IN-KAR-HUB|IN-C05556-SS,0|0,test
IND-S04385,high_demand,india_national_20k,IN-C07123-SS,substation,Kalliyoor,Kerala,2.1313,1.3087,1.0884,0,6,1,0,8.39,0.0,0,0,0,,,train
IND-S04386,cascade_emergency,india_national_20k,IN-C05537-FD021,feeder,Ballari,Karnataka,8.9772,1.4072,1.096,4,8,5,41,9.56,0.00562,1228048,0,4,IN-SR-HUB|IN-KAR-HUB|IN-C05537-SS|IN-C05537-TR02|IN-C05537-FD021|IN-C15764-SS|IN-C15988-SS|IN-C16254-SS|IN-C16795-SS|IN-C17095-SS|IN-C19224-SS|IN-NER-HUB,0|0|0|0|0|0|0|0|0|0|0|1,test
IND-S04387,transformer_overload,india_national_20k,IN-C07941-SS,substation,Jhābua,Madhya Pradesh,5.4356,1.1468,1.0567,1,5,1,0,0.0,0.0,0,0,0,,,train
IND-S04388,line_outage,india_national_20k,IN-C15660-SS,substation,Nihtaur,Uttar Pradesh,2.4233,1.0973,1.0104,1,8,1,0,0.0,0.0,0,0,0,,,train
IND-S04389,transformer_overload,india_national_20k,IN-C15574-SS,substation,Gyānpur,Uttar Pradesh,3.8227,1.0875,1.0621,0,260,1,0,0.0,0.0,0,0,0,,,train
IND-S04390,heatwave,india_national_20k,IN-C07045-FD021,feeder,Kanayannur,Kerala,3.3027,1.2889,1.1166,2,8,2,6,8.66,0.00424,1509176,0,5,IN-C07045-SS|IN-C07047-SS|IN-C07291-SS|IN-C07643-SS|IN-C07045-TR02|IN-C07045-FD021,0|0|0|0|0|0,train
IND-S04391,cascade_emergency,india_national_20k,IN-C11052-FD011,feeder,Jalandhar,Punjab,8.5767,1.3537,1.1006,5,8,4,86,10.67,0.01713,20076338,0,4,IN-NR-HUB|IN-WR-HUB|IN-NER-HUB|IN-PUN-HUB|IN-C11052-SS|IN-C11052-TR01|IN-C11052-FD011|IN-DEL-HUB|IN-C03058-SS|IN-C10290-SS|IN-C10346-SS|IN-C10353-SS,0|0|0|0|0|0|0|1|1|1|1|1,train
IND-S04392,line_outage,india_national_20k,IN-C05545-FD011,feeder,Gadag,Karnataka,1.8762,1.2145,1.0311,3,6,2,3,0.09,0.00087,172612,0,3,IN-C05545-SS|IN-C05545-TR01|IN-C05545-FD011,0|0|0,test
IND-S04393,line_outage,india_national_20k,IN-C16098-SS,substation,Abdullapūr Hulsan,Uttar Pradesh,2.323,1.0782,1.0423,2,7,1,0,0.0,0.0,0,0,0,,,train
IND-S04394,normal_operation,india_national_20k,IN-C11112-SS,substation,Basi,Punjab,1.1557,0.9736,0.9811,0,4,1,0,0.0,0.0,0,0,0,,,train
IND-S04395,transformer_overload,india_national_20k,IN-C14844-FD022,feeder,Hyderabad,Telangana,3.9522,1.2874,1.0332,1,10,1,0,0.0,0.0,0,0,0,,,train
IND-S04396,cascade_emergency,india_national_20k,IN-C00017-GEN01,generator,Rasapūdipalem,Andhra Pradesh,8.2051,1.5577,1.0971,4,47,7,132,12.0,0.01911,31565068,0,8,IN-ER-HUB|IN-AND-HUB|IN-C00017-SS|IN-C00019-SS|IN-C00028-SS|IN-C00260-SS|IN-C00527-SS|IN-C10346-SS|IN-C10362-SS|IN-C15502-SS|IN-C15532-SS|IN-C16095-SS,0|0|0|0|0|0|0|0|0|0|0|0,test
IND-S04397,line_outage,india_national_20k,IN-C15549-GEN04,generator,Meerut,Uttar Pradesh,2.1714,1.1251,1.0298,3,119,3,5,0.15,0.00114,1307830,0,3,IN-C15549-SS|IN-UTT-HUB|IN-C19438-SS|IN-C19462-SS|IN-C19475-SS,0|0|1|1|1,train
IND-S04398,line_outage,india_national_20k,IN-C05530-FD032,feeder,Bengaluru,Karnataka,1.5279,1.052,1.0569,2,10,1,0,0.01,0.0,0,0,0,,,test
IND-S04399,normal_operation,india_national_20k,IN-C03074-FD011,feeder,Gharroli,Delhi,1.142,0.8906,0.9939,0,5,1,0,0.0,0.0,0,0,0,,,train
IND-S04400,cascade_emergency,india_national_20k,IN-C10424-FD012,feeder,Nowrangapur,Odisha,8.0417,1.3312,1.093,2,10,2,4,8.68,0.00457,1220946,0,4,IN-ODI-HUB|IN-C10424-SS|IN-C10424-TR01|IN-C10424-FD012,0|0|0|0,train
IND-S04401,heatwave,india_national_20k,IN-C10431-FD011,feeder,Sambalpur,Odisha,2.0379,1.3256,1.0871,1,7,2,2,8.45,0.00011,189366,0,2,IN-ODI-HUB|IN-C10431-SS,0|0,train
IND-S04402,line_outage,india_national_20k,IN-C00020-SS,substation,Guntur,Andhra Pradesh,1.5019,1.0457,1.0207,1,150,1,0,0.01,0.0,0,0,0,,,test
IND-S04403,cascade_emergency,india_national_20k,IN-C03484-SS,substation,Māliya,Gujarat,5.1554,1.5541,1.0724,5,4,2,6,9.05,0.00049,276471,0,4,IN-GUJ-HUB|IN-C03291-SS|IN-C03481-SS|IN-C03484-SS|IN-C03523-SS|IN-C12668-SS,0|0|0|0|0|0,train
IND-S04404,line_outage,india_national_20k,IN-C03281-FD022,feeder,Surat,Gujarat,1.7229,1.1543,1.0598,3,10,2,2,0.14,0.00282,0,0,2,IN-C03281-TR02|IN-C03281-FD022,0|0,train
IND-S04405,transformer_overload,india_national_20k,IN-C15554-FD011,feeder,Bareilly,Uttar Pradesh,5.3363,1.0386,1.0471,1,8,1,0,0.0,0.0,0,0,0,,,train
IND-S04406,high_demand,india_national_20k,IN-C04484-SS,substation,Srinagar,Jammu and Kashmir,2.4396,1.3888,1.0586,0,61,2,2,8.58,0.00174,1206419,0,2,IN-JAM-HUB|IN-C04484-SS,0|0,train
IND-S04407,high_demand,india_national_20k,IN-C14052-SS,substation,Anaikkavundanpatti,Tamil Nadu,2.1786,1.4668,1.0589,1,7,1,0,8.64,0.0,0,0,0,,,train
IND-S04408,transformer_overload,india_national_20k,IN-C09286-GEN05,generator,Pimpri-Chinchwad,Maharashtra,3.872,1.0907,1.005,1,44,5,13,0.4,0.00307,3063125,0,5,IN-WR-HUB|IN-MAH-HUB|IN-C09286-SS|IN-C09288-SS|IN-C09950-SS|IN-ER-HUB|IN-NER-HUB|IN-C10346-SS|IN-C10360-SS|IN-C10362-SS|IN-C15523-SS|IN-C15525-SS,0|0|0|0|0|1|1|2|2|2|2|3,train
IND-S04409,line_outage,india_national_20k,IN-C00177-SS,substation,Rameswaram,Andhra Pradesh,1.7068,1.1112,1.038,4,38,1,0,0.0,0.0,0,0,0,,,test
IND-S04410,normal_operation,india_national_20k,IN-C04825-GEN04,generator,Bokāro,Jharkhand,1.0594,0.8642,1.0139,0,28,1,0,0.0,0.0,0,0,0,,,train
IND-S04411,cascade_emergency,india_national_20k,IN-C11127-SS,substation,Lehragaga,Punjab,8.455,1.5143,1.1073,3,7,1,0,8.9,0.0,0,0,0,,,train
IND-S04412,line_outage,india_national_20k,IN-C03058-FD022,feeder,Delhi,Delhi,2.2387,1.2406,1.0326,2,10,2,4,0.3,0.00612,11034555,0,4,IN-DEL-HUB|IN-C03058-SS|IN-C03058-TR02|IN-C03058-FD022,0|0|0|0,train
IND-S04413,cascade_emergency,india_national_20k,IN-PUN-HUB-GEN,generator,Punjab Hub Generation,Punjab,7.6821,1.5751,1.158,5,78,5,904,32.33,0.21119,74154689,0,17,IN-WR-HUB|IN-NER-HUB|IN-C10362-SS|IN-C10346-SS|IN-C10360-SS|IN-C15523-SS|IN-C10353-SS|IN-C12392-SS|IN-TAM-HUB|IN-C12372-SS|IN-C10384-SS|IN-C12378-SS,0|0|1|1|1|1|1|1|1|1|1|1,train
IND-S04414,line_outage,india_national_20k,IN-C09285-GEN04,generator,Thāne,Maharashtra,1.735,1.0192,1.0108,2,43,2,3,0.2,0.00387,14533324,0,3,IN-MAH-HUB|IN-C09282-SS|IN-C09285-SS,0|0|0,train
IND-S04415,high_demand,india_national_20k,IN-C09286-GEN05,generator,Pimpri-Chinchwad,Maharashtra,1.8321,1.3342,1.0507,1,44,5,38,1.77,0.00844,20495395,0,5,IN-WR-HUB|IN-MAH-HUB|IN-C09286-SS|IN-C09288-SS|IN-C09950-SS|IN-ER-HUB|IN-NER-HUB|IN-C10290-SS|IN-C10346-SS|IN-C10353-SS|IN-C10360-SS|IN-C10362-SS,0|0|0|0|0|1|1|2|2|2|2|2,train
IND-S04416,cascade_emergency,india_national_20k,IN-C07863-SS,substation,Dewas,Madhya Pradesh,4.2308,1.4803,1.1043,5,178,1,0,8.81,0.0,0,0,0,,,train
IND-S04417,line_outage,india_national_20k,IN-C05541-GEN12,generator,Rāichūr,Karnataka,2.3998,1.1074,1.005,4,45,1,0,0.0,0.0,0,0,0,,,test
IND-S04418,normal_operation,india_national_20k,IN-C03443-SS,substation,Raval,Gujarat,1.0792,0.9396,0.9951,0,3,1,0,0.0,0.0,0,0,0,,,train
IND-S04419,line_outage,india_national_20k,IN-C12346-FD021,feeder,Tiruppur,Tamil Nadu,2.0264,1.1834,1.0335,3,8,2,3,0.16,0.00287,963173,0,3,IN-C12346-SS|IN-C12346-TR02|IN-C12346-FD021,0|0|0,train
IND-S04420,heatwave,india_national_20k,IN-C09365-SS,substation,Pāchora,Maharashtra,2.6629,1.4088,1.1322,0,5,1,0,8.75,0.0,0,0,0,,,train
IND-S04421,normal_operation,india_national_20k,IN-C15571-FD011,feeder,Hāpur,Uttar Pradesh,1.073,0.9313,0.9918,0,6,1,0,0.0,0.0,0,0,0,,,train
IND-S04422,line_outage,india_national_20k,IN-C09320-FD011,feeder,Satara,Maharashtra,2.2963,1.216,1.0308,3,5,2,4,0.08,0.0,2000,0,0,IN-C15208-SS|IN-C15271-SS|IN-C15287-SS|IN-C15478-SS,0|0|0|0,train
IND-S04423,high_demand,india_national_20k,IN-C00024-GEN08,generator,Rajamahendravaram,Andhra Pradesh,1.9622,1.4787,1.0833,1,41,1,0,8.77,0.0,0,0,0,,,test
IND-S04424,line_outage,india_national_20k,IN-C01394-FD011,feeder,Mothīhāri,Bihar,1.3648,1.0733,1.0223,4,6,2,3,0.07,0.0002,84034,0,0,IN-C10454-SS|IN-C10465-SS|IN-C10927-SS,0|0|0,val
IND-S04425,transformer_overload,india_national_20k,IN-C12340-GEN01,generator,Chennai,Tamil Nadu,3.2084,1.05,1.0345,0,78,2,7,0.32,0.00514,5312985,0,6,IN-TAM-HUB|IN-C12340-SS|IN-C12350-SS|IN-C12392-SS|IN-C12427-SS|IN-C12699-SS|IN-C14244-SS,0|0|0|0|0|0|0,train
IND-S04426,transformer_overload,india_national_20k,IN-C07061-FD011,feeder,Taliparamba,Kerala,5.2961,1.1002,1.014,0,6,2,3,0.09,0.00095,72465,0,3,IN-C07061-SS|IN-C07061-TR01|IN-C07061-FD011,0|0|0,train
IND-S04427,normal_operation,india_national_20k,IN-C15611-FD011,feeder,Deoband,Uttar Pradesh,1.1394,0.9427,1.0024,0,6,1,0,0.0,0.0,0,0,0,,,train
IND-S04428,transformer_overload,india_national_20k,IN-C07857-FD031,feeder,Indore,Madhya Pradesh,3.2793,1.2474,1.0595,0,10,2,4,0.23,0.00375,1994397,0,4,IN-MAD-HUB|IN-C07857-SS|IN-C07857-TR03|IN-C07857-FD031,0|0|0|0,train
IND-S04429,transformer_overload,india_national_20k,IN-C12343-GEN04,generator,Madurai,Tamil Nadu,2.3757,1.0608,1.0085,0,80,2,2,0.09,0.00134,1465625,0,2,IN-TAM-HUB|IN-C12343-SS,0|0,train
IND-S04430,transformer_overload,india_national_20k,IN-C15607-FD011,feeder,Mainpuri,Uttar Pradesh,3.3096,1.1066,1.008,0,6,3,5,0.13,0.00083,107677,0,4,IN-C15607-SS|IN-C15607-TR01|IN-C15607-FD011|IN-UTT-HUB|IN-C19462-SS,0|0|0|0|1,train
IND-S04431,normal_operation,india_national_20k,IN-C03288-GEN09,generator,Gandhinagar,Gujarat,1.0269,0.9189,0.9874,0,24,1,0,0.0,0.0,0,0,0,,,train
IND-S04432,transformer_overload,india_national_20k,IN-C11560-FD032,feeder,Jaipur,Rajasthan,5.7684,1.0037,1.0564,1,10,1,0,0.0,0.0,0,0,0,,,train
IND-S04433,high_demand,india_national_20k,IN-C12525-SS,substation,Tirumuruganpūndi,Tamil Nadu,2.263,1.5281,1.0327,1,9,2,2,8.72,5e-05,87927,0,2,IN-C12390-SS|IN-C14310-SS,0|0,train
IND-S04434,high_demand,india_national_20k,IN-C15547-GEN02,generator,Lucknow,Uttar Pradesh,2.2312,1.5431,1.0725,0,120,6,61,10.4,0.01192,25413574,0,5,IN-NR-HUB|IN-WR-HUB|IN-ER-HUB|IN-NER-HUB|IN-C15547-SS|IN-UTT-HUB|IN-C01444-SS|IN-CHH-HUB|IN-C02530-SS|IN-C02531-SS|IN-C02533-SS|IN-DEL-HUB,0|0|0|0|0|0|1|1|1|1|1|1,train
IND-S04435,high_demand,india_national_20k,IN-C14847-GEN04,generator,Kukatpally,Telangana,2.6009,1.4068,1.0818,1,28,6,47,9.53,0.00262,3125299,0,12,IN-C14847-SS|IN-C14853-SS|IN-C14854-SS|IN-C14897-SS|IN-C15208-SS|IN-C15271-SS|IN-C15287-SS|IN-C15478-SS|IN-SR-HUB|IN-NER-HUB|IN-C11034-SS|IN-C11047-SS,0|0|0|0|0|0|0|0|1|2|2|2,train
IND-S04436,cascade_emergency,india_national_20k,IN-C14852-GEN09,generator,Ramagundam,Telangana,7.1883,1.3206,1.0883,1,25,2,5,8.52,0.0007,393875,0,3,IN-C14852-SS|IN-C14865-SS|IN-C14916-SS|IN-C14935-SS|IN-C14985-SS,0|0|0|0|0,train
IND-S04437,transformer_overload,india_national_20k,IN-C04485-FD011,feeder,Jammu,Jammu and Kashmir,4.6884,1.2628,1.0545,0,8,2,4,0.21,0.00352,576198,0,4,IN-JAM-HUB|IN-C04485-SS|IN-C04485-TR01|IN-C04485-FD011,0|0|0|0,train
IND-S04438,cascade_emergency,india_national_20k,IN-C15546-FD032,feeder,Kanpur,Uttar Pradesh,7.4271,1.4192,1.1389,2,10,6,65,10.62,0.0196,25885498,0,6,IN-NR-HUB|IN-WR-HUB|IN-ER-HUB|IN-NER-HUB|IN-C15546-SS|IN-C15583-SS|IN-C15601-SS|IN-C19257-SS|IN-C15546-TR03|IN-C15546-FD032|IN-UTT-HUB|IN-C01444-SS,0|0|0|0|0|0|0|0|0|0|0|1,train
IND-S04439,high_demand,india_national_20k,IN-C12708-SS,substation,Kammivapettai,Tamil Nadu,2.024,1.5288,1.0883,0,69,2,4,9.01,0.00026,199662,0,4,IN-TAM-HUB|IN-C12368-SS|IN-C12708-SS|IN-C13224-SS,0|0|0|0,train
IND-S04440,high_demand,india_national_20k,IN-C01120-GEN02,generator,Silchar,Assam,1.5258,1.442,1.0851,0,16,1,0,8.66,0.0,0,0,0,,,val
IND-S04441,normal_operation,india_national_20k,IN-C03058-GEN01,generator,Delhi,Delhi,1.0422,0.9756,0.9994,0,21,1,0,0.0,0.0,0,0,0,,,train
IND-S04442,normal_operation,india_national_20k,IN-C09293-FD011,feeder,Sholapur,Maharashtra,1.1739,0.9378,0.986,0,8,1,0,0.0,0.0,0,0,0,,,train
IND-S04443,high_demand,india_national_20k,IN-C15556-GEN11,generator,Gorakhpur,Uttar Pradesh,1.6739,1.2969,1.0653,1,116,1,0,0.11,0.0,0,0,0,,,train
IND-S04444,transformer_overload,india_national_20k,IN-C15584-FD011,feeder,Budaun,Uttar Pradesh,4.8511,1.0441,1.0697,1,6,1,0,0.0,0.0,0,0,0,,,train
IND-S04445,line_outage,india_national_20k,IN-C04484-FD032,feeder,Srinagar,Jammu and Kashmir,2.0446,1.2695,1.0023,3,10,2,3,0.12,0.00168,1206419,0,3,IN-C04484-SS|IN-C04484-TR03|IN-C04484-FD032,0|0|0,train
IND-S04446,normal_operation,india_national_20k,IN-C02518-GEN01,generator,Chandigarh,Chandigarh,1.1382,0.99,0.9846,0,14,1,0,0.0,0.0,0,0,0,,,train
IND-S04447,transformer_overload,india_national_20k,IN-MAH-HUB-GEN,generator,Maharashtra Hub Generation,Maharashtra,4.7461,1.047,1.0365,0,144,5,10,0.23,0.00012,50327,0,2,IN-WR-HUB|IN-MAH-HUB|IN-ER-HUB|IN-NER-HUB|IN-C10346-SS|IN-C10360-SS|IN-C10362-SS|IN-C15523-SS|IN-C15525-SS|IN-C15543-SS,0|0|1|1|2|2|2|2|3|3,train
IND-S04448,high_demand,india_national_20k,IN-AND-HUB-GEN,generator,Andhra Pradesh Hub Generation,Andhra Pradesh,1.8356,1.5257,1.0904,0,148,1,0,8.92,0.0,0,0,0,,,test
IND-S04449,cascade_emergency,india_national_20k,IN-C11565-SS,substation,Udaipur,Rajasthan,8.9081,1.5899,1.1302,2,119,5,912,32.55,0.21284,73918860,0,25,IN-WR-HUB|IN-NER-HUB|IN-C10362-SS|IN-C10346-SS|IN-C10360-SS|IN-C15523-SS|IN-C10353-SS|IN-TAM-HUB|IN-C12392-SS|IN-C12372-SS|IN-C10384-SS|IN-C12378-SS,0|0|1|1|1|1|1|1|1|1|1|1,train
IND-S04450,high_demand,india_national_20k,IN-C08291-SS,substation,Bherāghāt,Madhya Pradesh,2.4684,1.2768,1.0868,0,6,2,5,0.11,0.0001,31066,0,5,IN-C08110-SS|IN-C08238-SS|IN-C08291-SS|IN-C08968-SS|IN-C09095-SS,0|0|0|0|0,train
IND-S04451,cascade_emergency,india_national_20k,IN-C03283-GEN04,generator,Rājkot,Gujarat,7.1639,1.5406,1.1221,3,28,6,114,11.63,0.0178,31266385,0,3,IN-WR-HUB|IN-SR-HUB|IN-ER-HUB|IN-NER-HUB|IN-GUJ-HUB|IN-C03283-SS|IN-KER-HUB|IN-C07054-SS|IN-C10346-SS|IN-C10353-SS|IN-C10362-SS|IN-C15600-SS,0|0|0|0|0|0|0|0|0|0|0|0,train
IND-S04452,line_outage,india_national_20k,IN-C09286-FD032,feeder,Pimpri-Chinchwad,Maharashtra,1.5298,1.2361,1.0371,2,10,2,2,0.08,0.00104,0,0,2,IN-C09286-TR03|IN-C09286-FD032,0|0,train
IND-S04453,line_outage,india_national_20k,IN-C09294-SS,substation,Bhiwandi,Maharashtra,1.8865,1.0993,1.0491,1,148,1,0,0.0,0.0,0,0,0,,,train
IND-S04454,high_demand,india_national_20k,IN-C14644-SS,substation,Arumbarāmpattu,Tamil Nadu,2.8958,1.3076,1.0352,1,7,1,0,0.0,0.0,0,0,0,,,train
IND-S04455,line_outage,india_national_20k,IN-C05533-GEN04,generator,Kalaburagi,Karnataka,1.9287,1.1353,1.0114,1,47,1,0,0.0,0.0,0,0,0,,,test
IND-S04456,normal_operation,india_national_20k,IN-C09285-GEN04,generator,Thāne,Maharashtra,1.0542,0.8725,0.9826,0,43,1,0,0.0,0.0,0,0,0,,,train
IND-S04457,heatwave,india_national_20k,IN-C03795-GEN06,generator,Panipat,Haryana,2.8176,1.3947,1.15,1,21,1,0,8.77,0.0,0,0,0,,,train
IND-S04458,transformer_overload,india_national_20k,IN-C11053-FD011,feeder,Patiāla,Punjab,2.2864,1.2451,1.0609,1,8,1,0,0.0,0.0,0,0,0,,,train
IND-S04459,transformer_overload,india_national_20k,IN-C13960-SS,substation,Ammaiyagaram,Tamil Nadu,4.2688,1.0435,1.0607,0,3,1,0,0.0,0.0,0,0,0,,,train
IND-S04460,transformer_overload,india_national_20k,IN-C15578-FD011,feeder,Bahraigh,Uttar Pradesh,5.3179,1.0827,1.0204,1,6,1,0,0.0,0.0,0,0,0,,,train
IND-S04461,heatwave,india_national_20k,IN-C03058-FD032,feeder,Delhi,Delhi,2.1321,1.3477,1.0847,1,10,1,0,8.46,0.0,0,0,0,,,train
IND-S04462,normal_operation,india_national_20k,IN-C12343-GEN04,generator,Madurai,Tamil Nadu,1.1045,0.9615,0.99,0,80,1,0,0.0,0.0,0,0,0,,,train
IND-S04463,high_demand,india_national_20k,IN-C09287-GEN06,generator,Nashik,Maharashtra,2.1207,1.5393,1.0239,0,41,5,83,10.5,0.00844,12970719,0,3,IN-WR-HUB|IN-SR-HUB|IN-MAH-HUB|IN-C09287-SS|IN-ER-HUB|IN-NER-HUB|IN-C11034-SS|IN-C11047-SS|IN-DEL-HUB|IN-C03059-SS|IN-HAR-HUB|IN-C03795-SS,0|0|0|0|1|1|1|1|2|2|2|2,train
IND-S04464,cascade_emergency,india_national_20k,IN-C03282-GEN03,generator,Vadodara,Gujarat,8.675,1.4276,1.0704,3,29,5,44,9.67,0.00795,13785756,0,3,IN-WR-HUB|IN-SR-HUB|IN-GUJ-HUB|IN-C03282-SS|IN-NER-HUB|IN-C11034-SS|IN-C11047-SS|IN-C01444-SS|IN-C10290-SS|IN-C10346-SS|IN-C10353-SS|IN-C10360-SS,0|0|0|0|1|1|1|2|2|2|2|2,train
IND-S04465,cascade_emergency,india_national_20k,IN-C09293-GEN12,generator,Sholapur,Maharashtra,4.591,1.437,1.1043,5,37,5,103,10.97,0.01102,16303957,0,3,IN-WR-HUB|IN-SR-HUB|IN-C01837-SS|IN-MAH-HUB|IN-C09293-SS|IN-ER-HUB|IN-NER-HUB|IN-C01392-SS|IN-C01413-SS|IN-C01493-SS|IN-C01556-SS|IN-C01886-SS,0|0|0|0|0|1|1|1|1|1|1|1,train
IND-S04466,line_outage,india_national_20k,IN-C01054-SS,substation,Attavalpalle,Andhra Pradesh,1.226,1.2063,1.0396,3,8,1,0,0.0,0.0,0,0,0,,,test
IND-S04467,high_demand,india_national_20k,IN-C03280-SS,substation,Ahmedabad,Gujarat,1.9314,1.5421,1.0526,1,88,2,3,9.02,0.00474,6358193,0,3,IN-GUJ-HUB|IN-C03280-SS|IN-C03775-SS,0|0|0,train
IND-S04468,high_demand,india_national_20k,IN-C03281-GEN02,generator,Surat,Gujarat,2.6876,1.4883,1.0841,1,29,5,111,11.36,0.01672,25224432,0,3,IN-WR-HUB|IN-SR-HUB|IN-GUJ-HUB|IN-C03281-SS|IN-ER-HUB|IN-NER-HUB|IN-CHH-HUB|IN-C02530-SS|IN-KAR-HUB|IN-C05537-SS|IN-C05539-SS|IN-C05540-SS,0|0|0|0|1|1|1|1|1|1|1|1,train
IND-S04469,high_demand,india_national_20k,IN-C05547-FD011,feeder,Bhadrāvati,Karnataka,2.8183,1.2932,1.0404,1,6,1,0,0.0,0.0,0,0,0,,,test
IND-S04470,cascade_emergency,india_national_20k,IN-C19730-FD022,feeder,Howrah,West Bengal,6.5381,1.4497,1.0652,3,10,3,8,8.97,0.00582,5807089,0,5,IN-WES-HUB|IN-C19729-SS|IN-C19730-SS|IN-C19730-TR02|IN-C19730-FD022|IN-C19766-SS|IN-C19864-SS|IN-C19963-SS,0|0|0|0|0|1|1|1,val
IND-S04471,line_outage,india_national_20k,IN-C15578-FD011,feeder,Bahraigh,Uttar Pradesh,2.459,1.2922,1.0479,1,6,1,0,0.0,0.0,0,0,0,,,train
IND-S04472,normal_operation,india_national_20k,IN-C07858-GEN02,generator,Bhopal,Madhya Pradesh,1.0595,0.981,0.9948,0,52,1,0,0.0,0.0,0,0,0,,,train
IND-S04473,cascade_emergency,india_national_20k,IN-C07048-GEN04,generator,Kozhikode,Kerala,5.89,1.5277,1.1267,2,29,6,94,11.26,0.01677,40236341,0,2,IN-KER-HUB|IN-C07048-SS|IN-ER-HUB|IN-C07291-SS|IN-C07643-SS|IN-C10346-SS|IN-C10362-SS|IN-C15600-SS|IN-UTT-HUB|IN-WES-HUB|IN-WR-HUB|IN-C01444-SS,0|0|1|1|1|1|1|1|1|1|2|2,train
IND-S04474,high_demand,india_national_20k,IN-C02559-SS,substation,Ratanpur,Chhattisgarh,2.2009,1.5256,1.0369,1,5,1,0,8.69,0.0,0,0,0,,,train
IND-S04475,transformer_overload,india_national_20k,IN-C09285-GEN04,generator,Thāne,Maharashtra,5.9005,1.093,1.0666,0,43,5,16,0.56,0.00593,14742548,0,4,IN-WR-HUB|IN-MAH-HUB|IN-C09282-SS|IN-C09285-SS|IN-ER-HUB|IN-NER-HUB|IN-C10346-SS|IN-C10360-SS|IN-C10362-SS|IN-C15523-SS|IN-C19963-SS|IN-C15525-SS,0|0|0|0|1|1|2|2|2|2|2|3,train
IND-S04476,cascade_emergency,india_national_20k,IN-C04485-GEN02,generator,Jammu,Jammu and Kashmir,7.863,1.5964,1.174,2,20,6,966,31.24,0.14735,69726259,0,4,IN-NR-HUB|IN-WR-HUB|IN-NER-HUB|IN-JAM-HUB|IN-C04485-SS|IN-C10362-SS|IN-UTT-HUB|IN-C15600-SS|IN-C10346-SS|IN-DEL-HUB|IN-C03058-SS|IN-C10360-SS,0|0|0|0|0|1|1|1|1|1|1|1,train
IND-S04477,normal_operation,india_national_20k,IN-C04940-SS,substation,Rājābhita,Jharkhand,1.1203,0.9272,1.008,0,4,1,0,0.0,0.0,0,0,0,,,train
IND-S04478,heatwave,india_national_20k,IN-C03281-FD031,feeder,Surat,Gujarat,3.3106,1.1682,1.1171,1,10,1,0,0.0,0.0,0,0,0,,,train
IND-S04479,transformer_overload,india_national_20k,IN-C03288-GEN09,generator,Gandhinagar,Gujarat,5.9026,1.2737,1.065,1,24,1,0,0.01,0.0,0,0,0,,,train
IND-S04480,transformer_overload,india_national_20k,IN-C04484-FD012,feeder,Srinagar,Jammu and Kashmir,2.9407,1.0567,1.0776,0,10,2,3,0.13,0.00211,1206419,0,3,IN-C04484-SS|IN-C04484-TR01|IN-C04484-FD012,0|0|0,train
IND-S04481,heatwave,india_national_20k,IN-C01082-SS,substation,Tawang Town,Arunachal Pradesh,2.5876,1.1713,1.0886,0,4,1,0,0.0,0.0,0,0,0,,,train
IND-S04482,transformer_overload,india_national_20k,IN-C15554-GEN09,generator,Bareilly,Uttar Pradesh,4.5553,1.1954,1.0238,1,116,1,0,0.01,0.0,0,0,0,,,train
IND-S04483,high_demand,india_national_20k,IN-C09610-SS,substation,Chinchani,Maharashtra,2.5239,1.5101,1.0968,1,4,1,0,8.92,0.0,0,0,0,,,train
IND-S04484,line_outage,india_national_20k,IN-C00054-FD011,feeder,Kāvali,Andhra Pradesh,1.4979,1.0591,1.018,4,5,1,0,0.0,0.0,0,0,0,,,test
IND-S04485,cascade_emergency,india_national_20k,IN-AND-HUB-GEN,generator,Andhra Pradesh Hub Generation,Andhra Pradesh,4.072,1.4997,1.121,4,148,2,1,8.96,3e-05,12133,0,0,IN-C09642-SS,0,test
IND-S04486,cascade_emergency,india_national_20k,IN-C09288-SS,substation,Pimpri,Maharashtra,6.8996,1.321,1.0954,3,159,5,36,9.48,0.01186,14628757,0,6,IN-WR-HUB|IN-SR-HUB|IN-MAH-HUB|IN-C09286-SS|IN-C09288-SS|IN-C09950-SS|IN-NER-HUB|IN-C11034-SS|IN-C11047-SS|IN-C01444-SS|IN-C10290-SS|IN-C10346-SS,0|0|0|0|0|0|1|1|1|2|2|2,train
IND-S04487,cascade_emergency,india_national_20k,IN-C11702-SS,substation,Sāmbhar,Rajasthan,4.0149,1.55,1.0929,3,3,1,0,8.98,0.0,0,0,0,,,train
IND-S04488,cascade_emergency,india_national_20k,IN-C01379-FD021,feeder,Darbhanga,Bihar,6.7218,1.4621,1.0872,4,8,2,3,8.88,0.00252,296039,0,3,IN-C01379-SS|IN-C01379-TR02|IN-C01379-FD021,0|0|0,val
IND-S04489,heatwave,india_national_20k,IN-C11054-GEN05,generator,Bathinda,Punjab,2.0009,1.4385,1.2058,0,25,5,170,12.98,0.02722,51193515,0,2,IN-WR-HUB|IN-NER-HUB|IN-PUN-HUB|IN-C11054-SS|IN-BIH-HUB|IN-C01374-SS|IN-C01394-SS|IN-C01444-SS|IN-C01445-SS|IN-C01481-SS|IN-C02142-SS|IN-CHH-HUB,0|0|0|0|1|1|1|1|1|1|1|1,train
IND-S04490,cascade_emergency,india_national_20k,IN-C09302-FD011,feeder,Malegaon,Maharashtra,5.1758,1.3521,1.1733,5,7,5,95,10.87,0.01225,15250512,0,4,IN-WR-HUB|IN-MAH-HUB|IN-C09302-SS|IN-C09302-TR01|IN-C09302-FD011|IN-ER-HUB|IN-NER-HUB|IN-DEL-HUB|IN-C03059-SS|IN-HAR-HUB|IN-C03793-SS|IN-C03795-SS,0|0|0|0|0|1|1|2|2|2|2|2,train
IND-S04491,normal_operation,india_national_20k,IN-C09338-FD011,feeder,Kāmthi,Maharashtra,1.1357,1.0008,0.998,0,5,1,0,0.0,0.0,0,0,0,,,train
IND-S04492,heatwave,india_national_20k,IN-C01383-GEN10,generator,Katihar,Bihar,1.9665,1.1934,1.1276,1,37,1,0,0.0,0.0,0,0,0,,,val
IND-S04493,line_outage,india_national_20k,IN-C09282-FD011,feeder,Mumbai,Maharashtra,1.7672,1.1471,1.0452,2,10,2,2,0.16,0.00289,0,0,2,IN-C09282-TR01|IN-C09282-FD011,0|0,train
IND-S04494,normal_operation,india_national_20k,IN-C00034-FD011,feeder,Adoni,Andhra Pradesh,1.1213,1.0252,0.9922,0,6,1,0,0.0,0.0,0,0,0,,,test
IND-S04495,line_outage,india_national_20k,IN-C03283-GEN04,generator,Rājkot,Gujarat,1.3856,1.2652,1.0343,2,28,1,0,0.0,0.0,0,0,0,,,train
IND-S04496,high_demand,india_national_20k,IN-C03281-FD031,feeder,Surat,Gujarat,2.57,1.4743,1.0531,1,10,1,0,8.64,0.0,0,0,0,,,train
IND-S04497,high_demand,india_national_20k,IN-C09285-FD031,feeder,Thāne,Maharashtra,1.9995,1.4517,1.0398,0,10,3,5,8.82,0.00499,14533324,0,4,IN-C09285-SS|IN-C09285-TR03|IN-C09285-FD031|IN-MAH-HUB|IN-C09282-SS,0|0|0|1|1,train
IND-S04498,line_outage,india_national_20k,IN-C11053-FD011,feeder,Patiāla,Punjab,2.3079,1.1845,1.0436,2,8,2,3,0.11,0.00148,446246,0,3,IN-C11053-SS|IN-C11053-TR01|IN-C11053-FD011,0|0|0,train
IND-S04499,normal_operation,india_national_20k,IN-C09711-SS,substation,Kālundri,Maharashtra,1.138,0.8859,1.0161,0,6,1,0,0.0,0.0,0,0,0,,,train
IND-S04500,line_outage,india_national_20k,IN-C11566-GEN07,generator,Bhilwara,Rajasthan,1.8109,1.2197,1.0351,3,30,1,0,0.0,0.0,0,0,0,,,train
IND-S04501,line_outage,india_national_20k,IN-C11571-GEN12,generator,Pāli,Rajasthan,1.5392,1.2307,1.0247,3,30,2,1,0.02,0.0,500,0,0,IN-C06832-SS,0,train
IND-S04502,cascade_emergency,india_national_20k,IN-C19786-FD011,feeder,Dhuliān,West Bengal,7.8835,1.5112,1.1176,4,5,1,0,8.93,0.0,0,0,0,,,val
IND-S04503,high_demand,india_national_20k,IN-C03059-GEN02,generator,Najafgarh,Delhi,2.3949,1.3918,1.09,0,20,4,87,10.45,0.00861,14001366,0,2,IN-NR-HUB|IN-WR-HUB|IN-ER-HUB|IN-NER-HUB|IN-DEL-HUB|IN-C10290-SS|IN-C10346-SS|IN-C10353-SS|IN-C10360-SS|IN-C10362-SS|IN-C10384-SS|IN-NAG-HUB,0|0|0|0|0|1|1|1|1|1|1|1,train
IND-S04504,transformer_overload,india_national_20k,IN-C03280-FD021,feeder,Ahmedabad,Gujarat,4.2047,1.1381,1.0129,0,10,2,4,0.4,0.00931,6357693,0,4,IN-GUJ-HUB|IN-C03280-SS|IN-C03280-TR02|IN-C03280-FD021,0|0|0|0,train
IND-S04505,cascade_emergency,india_national_20k,IN-C12354-TR02,transformer,Thanjavur,Tamil Nadu,5.0478,1.3715,1.1225,4,72,2,4,8.73,0.00135,291067,0,4,IN-TAM-HUB|IN-C12354-SS|IN-C12354-TR02|IN-C12354-FD021,0|0|0|0,train
IND-S04506,cascade_emergency,india_national_20k,IN-C02528-FD011,feeder,Bilāspur,Chhattisgarh,8.8628,1.4387,1.1433,3,8,5,108,11.27,0.01312,14533232,0,4,IN-WR-HUB|IN-SR-HUB|IN-CHH-HUB|IN-C02528-SS|IN-C02528-TR01|IN-C02528-FD011|IN-ER-HUB|IN-NER-HUB|IN-KAR-HUB|IN-C05537-SS|IN-C05539-SS|IN-C05540-SS,0|0|0|0|0|0|1|1|1|1|1|1,train
IND-S04507,transformer_overload,india_national_20k,IN-C12375-FD011,feeder,Ambur,Tamil Nadu,2.083,1.0831,1.0442,1,6,1,0,0.0,0.0,0,0,0,,,train
IND-S04508,high_demand,india_national_20k,IN-C07048-FD011,feeder,Kozhikode,Kerala,1.9057,1.3015,1.0392,1,8,1,0,0.0,0.0,0,0,0,,,train
IND-S04509,transformer_overload,india_national_20k,IN-C14850-GEN07,generator,Karīmnagar,Telangana,3.1501,1.2723,1.0196,0,27,1,0,0.0,0.0,0,0,0,,,train
IND-S04510,line_outage,india_national_20k,IN-C03729-SS,substation,Amliyāra,Gujarat,1.2222,1.1877,1.0203,4,8,1,0,0.0,0.0,0,0,0,,,train
IND-S04511,normal_operation,india_national_20k,IN-C04834-FD011,feeder,Rāmgarh,Jharkhand,1.1152,1.0487,0.9857,0,6,1,0,0.0,0.0,0,0,0,,,train
IND-S04512,transformer_overload,india_national_20k,IN-C09286-FD011,feeder,Pimpri-Chinchwad,Maharashtra,5.7786,1.0325,1.0635,0,10,2,3,0.23,0.00493,1727692,0,3,IN-C09286-SS|IN-C09286-TR01|IN-C09286-FD011,0|0|0,train
IND-S04513,transformer_overload,india_national_20k,IN-C12347-GEN08,generator,Salem,Tamil Nadu,4.2995,1.0514,1.0229,1,73,1,0,0.0,0.0,0,0,0,,,train
IND-S04514,transformer_overload,india_national_20k,IN-C05553-FD011,feeder,Chikmagalūr,Karnataka,4.9855,1.1981,1.0656,0,6,2,4,0.13,0.0015,121484,0,4,IN-KAR-HUB|IN-C05553-SS|IN-C05553-TR01|IN-C05553-FD011,0|0|0|0,test
IND-S04515,line_outage,india_national_20k,IN-C01456-SS,substation,Bodh Gaya,Bihar,2.2327,1.0224,1.0181,3,5,1,0,0.0,0.0,0,0,0,,,val
IND-S04516,high_demand,india_national_20k,IN-C03064-FD011,feeder,Bhālswa Jahangirpur,Delhi,2.6359,1.469,1.0798,0,5,1,0,8.72,0.0,0,0,0,,,train
IND-S04517,normal_operation,india_national_20k,IN-C09292-GEN11,generator,Aurangabad,Maharashtra,1.0482,0.9492,1.0196,0,42,1,0,0.0,0.0,0,0,0,,,train
IND-S04518,normal_operation,india_national_20k,IN-C10430-GEN07,generator,Puri,Odisha,1.033,0.952,1.0008,0,24,1,0,0.0,0.0,0,0,0,,,train
IND-S04519,line_outage,india_national_20k,IN-C11748-SS,substation,Naraina,Rajasthan,2.4665,1.2416,1.0575,2,3,1,0,0.0,0.0,0,0,0,,,train
IND-S04520,transformer_overload,india_national_20k,IN-C00065-FD011,feeder,Palāsa,Andhra Pradesh,3.7449,1.0739,1.061,1,5,1,0,0.0,0.0,0,0,0,,,test
IND-S04521,normal_operation,india_national_20k,IN-C09288-GEN07,generator,Pimpri,Maharashtra,1.0579,0.8913,1.015,0,44,1,0,0.0,0.0,0,0,0,,,train
IND-S04522,line_outage,india_national_20k,IN-C05569-FD011,feeder,Channapatna,Karnataka,2.17,1.256,1.0265,4,5,2,10,0.21,0.00047,169609,0,5,IN-KAR-HUB|IN-C05558-SS|IN-C05569-SS|IN-C05890-SS|IN-C05898-SS|IN-C06114-SS|IN-C06582-SS|IN-C06822-SS|IN-C05569-TR01|IN-C05569-FD011,0|0|0|0|0|0|0|0|0|0,test
IND-S04523,normal_operation,india_national_20k,IN-C03114-SS,substation,Kādīpur,Delhi,1.1886,1.0393,1.0003,0,6,1,0,0.0,0.0,0,0,0,,,train
IND-S04524,high_demand,india_national_20k,IN-C15551-SS,substation,Varanasi,Uttar Pradesh,2.3362,1.4501,1.0974,0,260,1,0,8.72,0.0,0,0,0,,,train
IND-S04525,transformer_overload,india_national_20k,IN-C12414-FD011,feeder,Puliyankudi,Tamil Nadu,4.8133,1.0558,1.0242,0,5,1,0,0.0,0.0,0,0,0,,,train
IND-S04526,high_demand,india_national_20k,IN-C09289-FD022,feeder,Kalyān,Maharashtra,2.8402,1.5011,1.059,1,10,4,6,8.92,0.002,3309103,0,4,IN-C09473-SS|IN-C09289-SS|IN-C09301-SS|IN-C09312-SS|IN-MAH-HUB|IN-C09290-SS,0|1|1|1|2|2,train
IND-S04527,high_demand,india_national_20k,IN-C01379-GEN06,generator,Darbhanga,Bihar,2.1384,1.382,1.0918,1,38,1,0,8.56,0.0,0,0,0,,,val
IND-S04528,cascade_emergency,india_national_20k,IN-C01120-FD011,feeder,Silchar,Assam,8.2258,1.4835,1.0521,3,7,2,4,8.85,0.00357,178865,0,4,IN-ASS-HUB|IN-C01120-SS|IN-C01120-TR01|IN-C01120-FD011,0|0|0|0,val
IND-S04529,high_demand,india_national_20k,IN-MAH-HUB-GEN,generator,Maharashtra Hub Generation,Maharashtra,2.3848,1.3942,1.0586,1,144,5,34,9.22,0.00332,11630717,0,3,IN-WR-HUB|IN-SR-HUB|IN-MAH-HUB|IN-NER-HUB|IN-C11034-SS|IN-C11047-SS|IN-C01444-SS|IN-C10290-SS|IN-C10346-SS|IN-C10353-SS|IN-C10360-SS|IN-C10362-SS,0|0|0|1|1|1|2|2|2|2|2|2,train
IND-S04530,line_outage,india_national_20k,IN-C03288-FD021,feeder,Gandhinagar,Gujarat,1.7456,1.2199,1.0285,4,8,2,3,0.09,0.00078,292797,0,3,IN-C03288-SS|IN-C03288-TR02|IN-C03288-FD021,0|0|0,train
IND-S04531,high_demand,india_national_20k,IN-C11656-SS,substation,Tārānagar,Rajasthan,2.5182,1.4719,1.048,1,7,1,0,8.63,0.0,0,0,0,,,train
IND-S04532,line_outage,india_national_20k,IN-C07946-SS,substation,Malajkhand,Madhya Pradesh,1.8178,1.1223,1.0016,3,5,1,0,0.0,0.0,0,0,0,,,train
IND-S04533,transformer_overload,india_national_20k,IN-C11051-FD011,feeder,Amritsar,Punjab,4.0721,1.217,1.0391,0,10,2,3,0.15,0.00254,1159227,0,3,IN-C11051-SS|IN-C11051-TR01|IN-C11051-FD011,0|0|0,train
IND-S04534,cascade_emergency,india_national_20k,IN-C01376-FD011,feeder,Bhāgalpur,Bihar,7.0659,1.4115,1.0899,5,8,3,17,9.07,0.00443,1031601,0,4,IN-BIH-HUB|IN-C01376-SS|IN-C01376-TR01|IN-C01376-FD011|IN-C01377-SS|IN-C01444-SS|IN-C01445-SS|IN-C01481-SS|IN-C01485-SS|IN-C01486-SS|IN-C01495-SS|IN-C01499-SS,0|0|0|0|1|1|1|1|1|1|1|1,val
IND-S04535,transformer_overload,india_national_20k,IN-C15555-GEN10,generator,Morādābād,Uttar Pradesh,3.1093,1.1235,1.0036,0,117,1,0,0.0,0.0,0,0,0,,,train
IND-S04536,transformer_overload,india_national_20k,IN-C07862-GEN06,generator,Punāsa,Madhya Pradesh,5.6776,1.0758,1.0508,1,46,1,0,0.0,0.0,0,0,0,,,train
IND-S04537,transformer_overload,india_national_20k,IN-C11050-FD022,feeder,Ludhiana,Punjab,3.1566,1.2045,1.0616,1,10,1,0,0.0,0.0,0,0,0,,,train
IND-S04538,cascade_emergency,india_national_20k,IN-C03790-GEN01,generator,Faridabad,Haryana,4.645,1.3146,1.1436,5,24,2,2,8.65,0.00205,1414050,0,2,IN-HAR-HUB|IN-C03790-SS,0|0,train
IND-S04539,high_demand,india_national_20k,IN-C07862-GEN06,generator,Punāsa,Madhya Pradesh,2.1389,1.3151,1.0911,0,46,1,0,8.4,0.0,0,0,0,,,train
IND-S04540,high_demand,india_national_20k,IN-C03280-SS,substation,Ahmedabad,Gujarat,1.5067,1.4788,1.0213,1,88,5,38,9.5,0.00729,18318228,0,4,IN-WR-HUB|IN-SR-HUB|IN-GUJ-HUB|IN-C03280-SS|IN-NER-HUB|IN-C11034-SS|IN-C11047-SS|IN-C01444-SS|IN-C10290-SS|IN-C10346-SS|IN-C10353-SS|IN-C10360-SS,0|0|0|0|1|1|1|2|2|2|2|2,train
IND-S04541,high_demand,india_national_20k,IN-C15556-GEN11,generator,Gorakhpur,Uttar Pradesh,2.6578,1.5183,1.0795,0,116,5,55,10.13,0.0089,21509658,0,4,IN-NR-HUB|IN-WR-HUB|IN-NER-HUB|IN-UTT-HUB|IN-C01444-SS|IN-CHH-HUB|IN-C02530-SS|IN-C02531-SS|IN-C02533-SS|IN-DEL-HUB|IN-C03058-SS|IN-MAH-HUB,0|0|0|0|1|1|1|1|1|1|1|1,train
IND-S04542,transformer_overload,india_national_20k,IN-C12343-FD031,feeder,Madurai,Tamil Nadu,4.3692,1.1364,1.0447,1,10,1,0,0.0,0.0,0,0,0,,,train
IND-S04543,transformer_overload,india_national_20k,IN-C07857-FD032,feeder,Indore,Madhya Pradesh,2.4968,1.1229,1.0374,1,10,1,0,0.0,0.0,0,0,0,,,train
IND-S04544,high_demand,india_national_20k,IN-C15547-GEN02,generator,Lucknow,Uttar Pradesh,2.9519,1.2647,1.0678,1,120,3,5,0.28,0.00268,2556657,0,3,IN-C15547-SS|IN-UTT-HUB|IN-C19438-SS|IN-C19462-SS|IN-C19475-SS,0|0|1|1|1,train
IND-S04545,transformer_overload,india_national_20k,IN-C16882-SS,substation,Aincholi,Uttar Pradesh,3.9763,1.0234,1.0172,1,9,2,2,0.04,1e-05,1000,0,2,IN-C16678-SS|IN-C17575-SS,0|0,train
IND-S04546,normal_operation,india_national_20k,IN-C07053-GEN09,generator,Kanhangad,Kerala,1.1743,0.8558,1.0078,0,27,1,0,0.0,0.0,0,0,0,,,train
IND-S04547,high_demand,india_national_20k,IN-C05545-FD011,feeder,Gadag,Karnataka,1.6691,1.2807,1.0975,1,6,1,0,8.27,0.0,0,0,0,,,test
IND-S04548,line_outage,india_national_20k,IN-C15555-SS,substation,Morādābād,Uttar Pradesh,1.3343,1.0381,1.0119,3,260,1,0,0.0,0.0,0,0,0,,,train
IND-S04549,transformer_overload,india_national_20k,IN-C12348-GEN09,generator,Erode,Tamil Nadu,5.2067,1.124,1.0167,1,73,1,0,0.01,0.0,0,0,0,,,train
IND-S04550,high_demand,india_national_20k,IN-C04484-FD031,feeder,Srinagar,Jammu and Kashmir,1.7224,1.4347,1.061,0,10,2,3,8.69,0.00153,1206419,0,3,IN-C04484-SS|IN-C04484-TR03|IN-C04484-FD031,0|0|0,train
IND-S04551,transformer_overload,india_national_20k,IN-C03803-SS,substation,Jīnd,Haryana,4.5621,1.2103,1.0331,1,7,1,0,0.0,0.0,0,0,0,,,train
IND-S04552,transformer_overload,india_national_20k,IN-C09282-FD022,feeder,Mumbai,Maharashtra,5.8453,1.0341,1.0454,0,10,5,17,0.82,0.01325,14704151,0,6,IN-WR-HUB|IN-MAH-HUB|IN-C09282-SS|IN-C09285-SS|IN-C09328-SS|IN-C09548-SS|IN-C10093-SS|IN-C09282-TR02|IN-C09282-FD022|IN-ER-HUB|IN-NER-HUB|IN-C10346-SS,0|0|0|0|0|0|0|0|0|1|1|2,train
IND-S04553,normal_operation,india_national_20k,IN-C05568-FD011,feeder,Rabkavi,Karnataka,1.1522,0.9634,0.9832,0,5,1,0,0.0,0.0,0,0,0,,,test
IND-S04554,line_outage,india_national_20k,IN-C01379-FD011,feeder,Darbhanga,Bihar,1.6856,1.2307,1.0155,3,8,2,5,0.14,0.00084,329020,0,3,IN-C01379-SS|IN-C01379-TR01|IN-C01379-FD011|IN-C15506-SS|IN-C15523-SS,0|0|0|0|0,val
IND-S04555,transformer_overload,india_national_20k,IN-C09289-GEN08,generator,Kalyān,Maharashtra,2.1232,1.028,1.0177,0,41,6,12,0.35,0.00242,3344987,0,7,IN-C09290-SS|IN-C09301-SS|IN-WR-HUB|IN-MAH-HUB|IN-C09289-SS|IN-C09312-SS|IN-C09473-SS|IN-NER-HUB|IN-C10346-SS|IN-C10362-SS|IN-C15523-SS|IN-C15543-SS,0|0|1|1|1|1|1|2|3|3|3|4,train
IND-S04556,normal_operation,india_national_20k,IN-C19732-SS,substation,Siliguri,West Bengal,1.0855,1.0177,0.9889,0,47,1,0,0.0,0.0,0,0,0,,,val
IND-S04557,transformer_overload,india_national_20k,IN-C12343-FD022,feeder,Madurai,Tamil Nadu,3.5168,1.1522,1.0647,1,10,1,0,0.0,0.0,0,0,0,,,train
IND-S04558,high_demand,india_national_20k,IN-C15577-SS,substation,Raebareli,Uttar Pradesh,1.6297,1.4324,1.0681,0,260,1,0,8.59,0.0,0,0,0,,,train
IND-S04559,high_demand,india_national_20k,IN-C12342-FD021,feeder,Kallakurichi,Tamil Nadu,2.7661,1.3189,1.0284,1,10,1,0,0.0,0.0,0,0,0,,,train
IND-S04560,normal_operation,india_national_20k,IN-C03300-SS,substation,Bhuj,Gujarat,1.1312,0.9333,0.994,0,9,1,0,0.0,0.0,0,0,0,,,train
IND-S04561,cascade_emergency,india_national_20k,IN-C15605-FD011,feeder,Kāsganj,Uttar Pradesh,6.6945,1.4376,1.0852,2,6,2,24,9.15,0.00228,940448,0,4,IN-C15553-SS|IN-C15605-SS|IN-C15675-SS|IN-C15826-SS|IN-C15834-SS|IN-C16309-SS|IN-C16329-SS|IN-C16440-SS|IN-C16535-SS|IN-C16881-SS|IN-C17259-SS|IN-C17345-SS,0|0|0|0|0|0|0|0|0|0|0|0,train
IND-S04562,normal_operation,india_national_20k,IN-C12341-GEN02,generator,Coimbatore,Tamil Nadu,1.0877,0.8946,1.0067,0,78,1,0,0.0,0.0,0,0,0,,,train
IND-S04563,line_outage,india_national_20k,IN-C05533-FD011,feeder,Kalaburagi,Karnataka,1.5001,1.0177,1.0302,4,8,1,0,0.01,0.0,0,0,0,,,test
IND-S04564,line_outage,india_national_20k,IN-C15652-SS,substation,Konch,Uttar Pradesh,1.8253,1.0507,1.0311,3,5,2,11,0.24,0.00028,75717,0,5,IN-C15652-SS|IN-C15940-SS|IN-C15997-SS|IN-C16745-SS|IN-C17223-SS|IN-C17538-SS|IN-C18284-SS|IN-C18289-SS|IN-C18928-SS|IN-C19314-SS|IN-C19362-SS,0|0|0|0|0|0|0|0|0|0|0,train
IND-S04565,line_outage,india_national_20k,IN-C03286-GEN07,generator,Bilimora,Gujarat,1.3671,1.2652,1.0009,3,24,1,0,0.0,0.0,0,0,0,,,train
IND-S04566,transformer_overload,india_national_20k,IN-C04267-SS,substation,Ajāwāli,Himachal Pradesh,2.7197,1.0404,1.0053,1,5,1,0,0.0,0.0,0,0,0,,,train
IND-S04567,high_demand,india_national_20k,IN-C10321-SS,substation,Mawlai-Mawïong,Meghalaya,1.9216,1.454,1.0816,0,24,2,2,8.72,0.00025,55012,0,2,IN-MEG-HUB|IN-C10321-SS,0|0,val
IND-S04568,line_outage,india_national_20k,IN-C07048-GEN04,generator,Kozhikode,Kerala,2.4651,1.2826,1.0556,4,29,1,0,0.01,0.0,0,0,0,,,train
IND-S04569,transformer_overload,india_national_20k,IN-C19729-GEN01,generator,Kolkata,West Bengal,5.3683,1.0168,1.009,0,26,3,5,0.36,0.00737,5675828,0,3,IN-WES-HUB|IN-C19729-SS|IN-C19730-SS|IN-C19864-SS|IN-C19963-SS,0|0|0|1|1,val
IND-S04570,cascade_emergency,india_national_20k,IN-C06283-SS,substation,Algod,Karnataka,7.4819,1.3353,1.0722,5,3,1,0,8.38,0.0,0,0,0,,,test
IND-S04571,transformer_overload,india_national_20k,IN-UTT-HUB-GEN,generator,Uttarakhand Hub Generation,Uttarakhand,3.6766,1.2843,1.0688,1,1,1,0,0.0,0.0,0,0,0,,,train
IND-S04572,normal_operation,india_national_20k,IN-C19751-FD011,feeder,Haldia,West Bengal,1.002,1.0212,0.9965,0,5,1,0,0.0,0.0,0,0,0,,,val
IND-S04573,transformer_overload,india_national_20k,IN-C07859-FD021,feeder,Jabalpur,Madhya Pradesh,3.4276,1.2067,1.0458,0,10,2,3,0.13,0.0021,1081677,0,3,IN-C07859-SS|IN-C07859-TR02|IN-C07859-FD021,0|0|0,train
IND-S04574,high_demand,india_national_20k,IN-C07858-FD011,feeder,Bhopal,Madhya Pradesh,2.881,1.5177,1.0694,0,10,3,19,9.28,0.00405,2896747,0,6,IN-MAD-HUB|IN-C07858-SS|IN-C07882-SS|IN-C07888-SS|IN-C07892-SS|IN-C07908-SS|IN-C08007-SS|IN-C08067-SS|IN-C08104-SS|IN-C08742-SS|IN-C07858-TR01|IN-C07858-FD011,0|0|0|0|0|0|0|0|0|0|0|0,train
IND-S04575,cascade_emergency,india_national_20k,IN-C07049-GEN05,generator,Kollam,Kerala,4.4399,1.3143,1.1583,3,31,2,2,8.64,0.00051,367107,0,2,IN-KER-HUB|IN-C07049-SS,0|0,train
IND-S04576,normal_operation,india_national_20k,IN-C09282-GEN01,generator,Mumbai,Maharashtra,1.1189,0.9403,1.0135,0,41,1,0,0.0,0.0,0,0,0,,,train
IND-S04577,high_demand,india_national_20k,IN-C07047-FD021,feeder,Kochi,Kerala,2.5785,1.3459,1.0871,0,7,2,3,8.6,0.0023,633553,0,3,IN-C07047-SS|IN-C07047-TR02|IN-C07047-FD021,0|0|0,train
IND-S04578,high_demand,india_national_20k,IN-C07867-FD011,feeder,Rewa,Madhya Pradesh,1.6518,1.4389,1.0506,0,7,2,3,8.65,0.00106,235654,0,3,IN-C07867-SS|IN-C07867-TR01|IN-C07867-FD011,0|0|0,train
IND-S04579,high_demand,india_national_20k,IN-C09286-GEN05,generator,Pimpri-Chinchwad,Maharashtra,1.5624,1.3115,1.076,0,44,2,2,8.41,0.00201,3012298,0,2,IN-C09286-SS|IN-C09288-SS,0|0,train
IND-S04580,line_outage,india_national_20k,IN-C00022-SS,substation,Kurnool,Andhra Pradesh,1.5936,1.2008,1.0532,2,150,2,1,0.02,0.0,500,0,1,IN-C01029-SS,0,test
IND-S04581,line_outage,india_national_20k,IN-RAJ-HUB-GEN,generator,Rajasthan Hub Generation,Rajasthan,2.2376,1.0662,1.0428,3,114,2,3,0.06,0.0001,124607,0,0,IN-C09324-SS|IN-C09648-SS|IN-C10167-SS,0|0|0,train
IND-S04582,normal_operation,india_national_20k,IN-C04822-GEN01,generator,Jamshedpur,Jharkhand,1.0254,0.867,0.9859,0,33,1,0,0.0,0.0,0,0,0,,,train
IND-S04583,normal_operation,india_national_20k,IN-KAR-HUB-GEN,generator,Karnataka Hub Generation,Karnataka,1.1646,0.9608,0.9826,0,180,1,0,0.0,0.0,0,0,0,,,test
IND-S04584,line_outage,india_national_20k,IN-C07861-GEN05,generator,Ujjain,Madhya Pradesh,1.4241,1.1119,1.0202,1,49,2,2,0.04,6e-05,103501,0,2,IN-MAD-HUB|IN-C07885-SS,0|0,train
IND-S04585,line_outage,india_national_20k,IN-C12677-SS,substation,Chinnavādampatti,Tamil Nadu,1.8225,1.0222,1.0033,3,10,1,0,0.0,0.0,0,0,0,,,train
IND-S04586,cascade_emergency,india_national_20k,IN-C09286-GEN05,generator,Pimpri-Chinchwad,Maharashtra,4.3686,1.5143,1.0711,1,44,5,116,11.38,0.01407,20200954,0,5,IN-WR-HUB|IN-SR-HUB|IN-ER-HUB|IN-MAH-HUB|IN-C09286-SS|IN-C09288-SS|IN-C09950-SS|IN-ASS-HUB|IN-C01120-SS|IN-C01122-SS|IN-C01444-SS|IN-CHH-HUB,0|0|0|0|0|0|0|1|1|1|1|1,train
IND-S04587,line_outage,india_national_20k,IN-C00034-FD011,feeder,Adoni,Andhra Pradesh,1.2722,1.1178,1.0357,3,6,1,0,0.01,0.0,0,0,0,,,test
IND-S04588,heatwave,india_national_20k,IN-C12351-GEN12,generator,Thoothukudi,Tamil Nadu,2.8683,1.2776,1.1419,1,73,1,0,8.45,0.0,0,0,0,,,train
IND-S04589,transformer_overload,india_national_20k,IN-C03064-FD011,feeder,Bhālswa Jahangirpur,Delhi,2.0634,1.258,1.0397,1,5,1,0,0.0,0.0,0,0,0,,,train
IND-S04590,high_demand,india_national_20k,IN-C04488-FD011,feeder,Udhampur,Jammu and Kashmir,2.141,1.4517,1.0848,0,7,2,3,8.75,0.00047,84015,0,3,IN-C04488-SS|IN-C04488-TR01|IN-C04488-FD011,0|0|0,train
IND-S04591,heatwave,india_national_20k,IN-C15586-FD011,feeder,Fyzābād,Uttar Pradesh,1.9695,1.3484,1.2046,0,6,6,60,10.23,0.0105,31002743,0,4,IN-C15586-SS|IN-C15586-TR01|IN-C15586-FD011|IN-UTT-HUB|IN-WR-HUB|IN-C01444-SS|IN-DEL-HUB|IN-C03058-SS|IN-MAH-HUB|IN-C09282-SS|IN-C10278-SS|IN-TAM-HUB,0|0|0|0|1|1|1|1|1|1|1|1,train
IND-S04592,heatwave,india_national_20k,IN-C19433-FD011,feeder,Haridwar,Uttarakhand,2.7878,1.1993,1.1165,0,7,2,5,0.2,0.00137,252469,0,4,IN-UTT-HUB|IN-C19433-SS|IN-C19438-SS|IN-C19433-TR01|IN-C19433-FD011,0|0|0|0|0,train
IND-S04593,high_demand,india_national_20k,IN-C15547-FD031,feeder,Lucknow,Uttar Pradesh,1.5356,1.3479,1.0387,1,10,1,0,0.03,0.0,0,0,0,,,train
IND-S04594,heatwave,india_national_20k,IN-C09293-FD021,feeder,Sholapur,Maharashtra,2.5366,1.3327,1.1522,1,8,2,2,8.64,0.00059,997281,0,2,IN-MAH-HUB|IN-C09293-SS,0|0,train
IND-S04595,high_demand,india_national_20k,IN-C02978-SS,substation,Arekel,Chhattisgarh,1.5342,1.498,1.0583,0,5,1,0,8.72,0.0,0,0,0,,,train
IND-S04596,line_outage,india_national_20k,IN-C11562-FD012,feeder,Kota,Rajasthan,1.3582,1.1571,1.0066,2,10,1,0,0.0,0.0,0,0,0,,,train
IND-S04597,heatwave,india_national_20k,IN-C12341-FD022,feeder,Coimbatore,Tamil Nadu,3.1305,1.2525,1.0995,1,10,1,0,0.0,0.0,0,0,0,,,train
IND-S04598,cascade_emergency,india_national_20k,IN-C15559-FD011,feeder,Modīnagar,Uttar Pradesh,8.4164,1.5968,1.1275,2,7,7,968,32.82,0.19248,67041740,0,4,IN-NR-HUB|IN-WR-HUB|IN-SR-HUB|IN-ER-HUB|IN-NER-HUB|IN-C10346-SS|IN-C10362-SS|IN-C15559-SS|IN-C15559-TR01|IN-C15559-FD011|IN-UTT-HUB|IN-WES-HUB,0|0|0|0|0|0|0|0|0|0|0|0,train
IND-S04599,normal_operation,india_national_20k,IN-C12351-GEN12,generator,Thoothukudi,Tamil Nadu,1.1624,0.9654,0.9955,0,73,1,0,0.0,0.0,0,0,0,,,train
IND-S04600,high_demand,india_national_20k,IN-C15550-GEN05,generator,Ghāziābād,Uttar Pradesh,1.7369,1.3433,1.0737,0,123,6,21,8.93,0.0041,12977161,0,8,IN-C15550-SS|IN-C15557-SS|IN-C16428-SS|IN-C19118-SS|IN-C19203-SS|IN-NR-HUB|IN-UTT-HUB|IN-SR-HUB|IN-DEL-HUB|IN-C03058-SS|IN-C19438-SS|IN-C19462-SS,0|0|0|0|0|1|1|2|2|2|2|2,train
IND-S04601,high_demand,india_national_20k,IN-C10425-GEN02,generator,Bhubaneswar,Odisha,1.6286,1.3801,1.0912,1,26,2,1,8.56,0.0,0,0,1,IN-ODI-HUB,0,train
IND-S04602,line_outage,india_national_20k,IN-C07055-GEN11,generator,Malappuram,Kerala,1.6648,1.1088,1.0243,2,27,1,0,0.0,0.0,0,0,0,,,train
IND-S04603,high_demand,india_national_20k,IN-C09283-SS,substation,Pune,Maharashtra,2.8108,1.3036,1.0298,0,156,2,2,0.24,0.00517,3124458,0,2,IN-MAH-HUB|IN-C09283-SS,0|0,train
IND-S04604,cascade_emergency,india_national_20k,IN-C12781-SS,substation,Omalur,Tamil Nadu,7.0813,1.4171,1.0884,3,4,5,30,9.38,0.0063,17309120,0,0,IN-C15555-SS|IN-UTT-HUB|IN-WR-HUB|IN-MAH-HUB|IN-TAM-HUB|IN-C12372-SS|IN-C12378-SS|IN-C12392-SS|IN-C19433-SS|IN-C19438-SS|IN-C19462-SS|IN-C19475-SS,0|0|1|1|1|1|1|1|1|1|1|1,train
IND-S04605,heatwave,india_national_20k,IN-C11573-FD011,feeder,Tonk,Rajasthan,1.9652,1.2364,1.0832,2,6,2,4,0.11,0.00086,165294,0,4,IN-RAJ-HUB|IN-C11573-SS|IN-C11573-TR01|IN-C11573-FD011,0|0|0|0,train
IND-S04606,line_outage,india_national_20k,IN-C15574-FD011,feeder,Gyānpur,Uttar Pradesh,1.3998,1.0126,1.0081,4,6,1,0,0.01,0.0,0,0,0,,,train
IND-S04607,line_outage,india_national_20k,IN-C09290-FD022,feeder,Dombivali,Maharashtra,1.5067,1.2417,1.0576,1,9,1,0,0.0,0.0,0,0,0,,,train
IND-S04608,transformer_overload,india_national_20k,IN-C15556-GEN11,generator,Gorakhpur,Uttar Pradesh,5.2717,1.2658,1.0048,0,116,1,0,0.01,0.0,0,0,0,,,train
IND-S04609,high_demand,india_national_20k,IN-C00019-GEN03,generator,Visakhapatnam,Andhra Pradesh,2.6305,1.3225,1.0838,1,47,3,7,8.56,0.00129,1488559,0,4,IN-AND-HUB|IN-C00019-SS|IN-C00028-SS|IN-C00037-SS|IN-C00715-SS|IN-C00747-SS|IN-C00866-SS,0|0|0|1|1|1|1,test
IND-S04610,high_demand,india_national_20k,IN-C09288-FD031,feeder,Pimpri,Maharashtra,1.5351,1.5169,1.0318,1,10,1,0,8.65,0.0,0,0,0,,,train
IND-S04611,high_demand,india_national_20k,IN-C01502-SS,substation,Nabīnagar,Bihar,2.3133,1.5385,1.0938,1,5,1,0,8.95,0.0,0,0,0,,,val
IND-S04612,transformer_overload,india_national_20k,IN-C03280-SS,substation,Ahmedabad,Gujarat,5.0247,1.0482,1.0052,0,88,2,2,0.47,0.01224,6357693,0,2,IN-GUJ-HUB|IN-C03280-SS,0|0,train
IND-S04613,line_outage,india_national_20k,IN-C19737-FD021,feeder,Rajpur Sonarpur,West Bengal,1.6007,1.2173,1.0086,2,6,1,0,0.0,0.0,0,0,0,,,val
IND-S04614,cascade_emergency,india_national_20k,IN-C12340-FD022,feeder,Chennai,Tamil Nadu,4.6039,1.4214,1.0501,1,10,1,0,8.51,0.0,0,0,0,,,train
IND-S04615,cascade_emergency,india_national_20k,IN-C09423-SS,substation,Pāthri,Maharashtra,8.3379,1.3071,1.1644,2,10,1,0,8.57,0.0,0,0,0,,,train
IND-S04616,high_demand,india_national_20k,IN-C02530-GEN06,generator,Rāj-Nāndgaon,Chhattisgarh,2.814,1.52,1.0361,1,23,1,0,8.68,0.0,0,0,0,,,train
IND-S04617,cascade_emergency,india_national_20k,IN-C03281-GEN02,generator,Surat,Gujarat,5.9691,1.401,1.1148,5,29,5,56,10.09,0.01197,18272014,0,3,IN-WR-HUB|IN-SR-HUB|IN-GUJ-HUB|IN-C03281-SS|IN-NER-HUB|IN-MAH-HUB|IN-C09292-SS|IN-C11034-SS|IN-C11047-SS|IN-C01444-SS|IN-C10290-SS|IN-C10346-SS,0|0|0|0|1|1|1|1|1|2|2|2,train
IND-S04618,line_outage,india_national_20k,IN-C12340-FD021,feeder,Chennai,Tamil Nadu,2.0398,1.0825,1.0209,3,10,2,4,0.2,0.00339,86195,0,3,IN-TAM-HUB|IN-C12392-SS|IN-C12340-TR02|IN-C12340-FD021,0|0|0|0,train
IND-S04619,cascade_emergency,india_national_20k,IN-C19135-SS,substation,Asāwar,Uttar Pradesh,7.4948,1.3912,1.1317,3,4,1,0,8.68,0.0,0,0,0,,,train
IND-S04620,line_outage,india_national_20k,IN-C09297-FD021,feeder,Borivli,Maharashtra,2.4352,1.2182,1.0065,1,7,1,0,0.0,0.0,0,0,0,,,train
IND-S04621,transformer_overload,india_national_20k,IN-C09323-FD011,feeder,Achalpur,Maharashtra,3.8045,1.0015,1.0748,1,5,1,0,0.0,0.0,0,0,0,,,train
IND-S04622,cascade_emergency,india_national_20k,IN-C07860-GEN04,generator,Gwalior,Madhya Pradesh,8.1669,1.5126,1.1165,5,51,6,145,12.11,0.017,24021010,0,5,IN-WR-HUB|IN-SR-HUB|IN-ER-HUB|IN-MAD-HUB|IN-C07860-SS|IN-ASS-HUB|IN-C01120-SS|IN-C01122-SS|IN-C01444-SS|IN-CHH-HUB|IN-C02530-SS|IN-C02531-SS,0|0|0|0|0|1|1|1|1|1|1|1,train
IND-S04623,cascade_emergency,india_national_20k,IN-MAH-HUB-GEN,generator,Maharashtra Hub Generation,Maharashtra,4.4235,1.4433,1.0645,4,144,5,61,9.96,0.00721,18706894,0,3,IN-WR-HUB|IN-SR-HUB|IN-MAH-HUB|IN-ER-HUB|IN-NER-HUB|IN-C10362-SS|IN-C11034-SS|IN-C11047-SS|IN-JHA-HUB|IN-C04829-SS|IN-C04830-SS|IN-C04831-SS,0|0|0|1|1|1|1|1|2|2|2|2,train
IND-S04624,heatwave,india_national_20k,IN-C09300-FD011,feeder,Kolhāpur,Maharashtra,1.5764,1.3729,1.0848,1,7,1,0,8.51,0.0,0,0,0,,,train
IND-S04625,high_demand,india_national_20k,IN-C11059-FD011,feeder,Batāla,Punjab,1.8128,1.384,1.0205,0,6,2,4,8.46,0.00077,158621,0,4,IN-PUN-HUB|IN-C11059-SS|IN-C11059-TR01|IN-C11059-FD011,0|0|0|0,train
IND-S04626,high_demand,india_national_20k,IN-C04829-GEN08,generator,Bhetia,Jharkhand,1.5714,1.4523,1.0794,0,25,1,0,8.66,0.0,0,0,0,,,train
IND-S04627,cascade_emergency,india_national_20k,IN-C15551-FD032,feeder,Varanasi,Uttar Pradesh,6.4816,1.4222,1.1262,1,10,6,50,9.88,0.00648,17429762,0,3,IN-C15600-SS|IN-C15672-SS|IN-C16266-SS|IN-C16924-SS|IN-C17022-SS|IN-C17187-SS|IN-C17213-SS|IN-C17279-SS|IN-C17309-SS|IN-C17734-SS|IN-C17976-SS|IN-C18074-SS,0|0|0|0|0|0|0|0|0|0|0|0,train
IND-S04628,line_outage,india_national_20k,IN-C19733-GEN05,generator,Āsansol,West Bengal,2.0288,1.0924,1.0476,4,22,2,6,0.15,0.00094,1331410,0,4,IN-C19731-SS|IN-C19733-SS|IN-C19755-SS|IN-C19766-SS|IN-C19864-SS|IN-C19963-SS,0|0|0|0|0|0,val
IND-S04629,high_demand,india_national_20k,IN-C01383-GEN10,generator,Katihar,Bihar,2.5824,1.3435,1.0505,1,37,1,0,8.33,0.0,0,0,0,,,val
IND-S04630,normal_operation,india_national_20k,IN-C14854-FD011,feeder,Secunderabad,Telangana,1.1721,0.8769,1.0125,0,7,1,0,0.0,0.0,0,0,0,,,train
IND-S04631,cascade_emergency,india_national_20k,IN-C01385-GEN12,generator,Chāpra,Bihar,8.9871,1.3014,1.1595,1,39,1,0,8.56,0.0,0,0,0,,,val
IND-S04632,cascade_emergency,india_national_20k,IN-C05538-GEN09,generator,Vijayapura,Karnataka,5.8042,1.5521,1.1424,3,50,7,1002,34.08,0.2119,84002671,0,5,IN-SR-HUB|IN-ER-HUB|IN-KAR-HUB|IN-C05538-SS|IN-C05556-SS|IN-C19963-SS|IN-WES-HUB|IN-C19729-SS|IN-C19730-SS|IN-C10362-SS|IN-C11047-SS|IN-C10346-SS,0|0|0|0|0|1|1|1|1|1|1|1,test
IND-S04633,normal_operation,india_national_20k,IN-C02533-GEN09,generator,Ambikāpur,Chhattisgarh,1.0363,0.8854,1.0137,0,23,1,0,0.0,0.0,0,0,0,,,train
IND-S04634,line_outage,india_national_20k,IN-C09287-FD021,feeder,Nashik,Maharashtra,1.3162,1.2612,1.0006,3,10,1,0,0.01,0.0,0,0,0,,,train
IND-S04635,heatwave,india_national_20k,IN-C07155-SS,substation,Ramanattukara,Kerala,3.0522,1.1651,1.1278,0,8,1,0,0.0,0.0,0,0,0,,,train
IND-S04636,line_outage,india_national_20k,IN-C11054-GEN05,generator,Bathinda,Punjab,2.2871,1.0733,1.0395,1,25,2,2,0.06,0.00026,285788,0,2,IN-PUN-HUB|IN-C11054-SS,0|0,train
IND-S04637,heatwave,india_national_20k,IN-C15557-GEN12,generator,Loni,Uttar Pradesh,1.5946,1.174,1.1903,0,117,1,0,0.52,0.0,0,0,0,,,train
IND-S04638,cascade_emergency,india_national_20k,IN-C11561-FD012,feeder,Jodhpur,Rajasthan,6.3059,1.5307,1.089,5,10,4,121,11.55,0.0134,16950657,0,4,IN-WR-HUB|IN-SR-HUB|IN-ER-HUB|IN-NER-HUB|IN-C10346-SS|IN-C10362-SS|IN-RAJ-HUB|IN-C11561-SS|IN-C11561-TR01|IN-C11561-FD012|IN-WES-HUB|IN-C01444-SS,0|0|0|0|0|0|0|0|0|0|0|1,train
IND-S04639,normal_operation,india_national_20k,IN-C15547-GEN02,generator,Lucknow,Uttar Pradesh,1.0497,0.9218,0.9948,0,120,1,0,0.0,0.0,0,0,0,,,train
IND-S04640,transformer_overload,india_national_20k,IN-C07868-GEN12,generator,Murwāra,Madhya Pradesh,4.0221,1.0446,1.0288,1,43,1,0,0.0,0.0,0,0,0,,,train
IND-S04641,high_demand,india_national_20k,IN-C10424-FD011,feeder,Nowrangapur,Odisha,2.5742,1.4852,1.0734,0,10,2,4,8.89,0.00196,1220946,0,4,IN-ODI-HUB|IN-C10424-SS|IN-C10424-TR01|IN-C10424-FD011,0|0|0|0,train
IND-S04642,transformer_overload,india_national_20k,IN-C09293-FD011,feeder,Sholapur,Maharashtra,3.8663,1.0222,1.0716,0,8,2,3,0.24,0.00512,997281,0,3,IN-C09293-SS|IN-C09293-TR01|IN-C09293-FD011,0|0|0,train
IND-S04643,cascade_emergency,india_national_20k,IN-C00048-FD011,feeder,Mangalagiri,Andhra Pradesh,7.6484,1.3863,1.1676,1,5,1,0,8.8,0.0,0,0,0,,,test
IND-S04644,cascade_emergency,india_national_20k,IN-C00026-FD011,feeder,Tirupati,Andhra Pradesh,4.1098,1.481,1.0694,3,8,2,3,8.81,0.00161,295323,0,3,IN-C00026-SS|IN-C00026-TR01|IN-C00026-FD011,0|0|0,test
IND-S04645,normal_operation,india_national_20k,IN-C09287-FD032,feeder,Nashik,Maharashtra,1.0315,1.011,0.9811,0,10,1,0,0.0,0.0,0,0,0,,,train
IND-S04646,line_outage,india_national_20k,IN-C03802-FD011,feeder,Bahadurgarh,Haryana,2.4751,1.0234,1.0432,2,5,1,0,0.0,0.0,0,0,0,,,train
IND-S04647,transformer_overload,india_national_20k,IN-C18384-SS,substation,Anraurpur,Uttar Pradesh,5.8015,1.0639,1.0194,0,10,1,0,0.0,0.0,0,0,0,,,train
IND-S04648,line_outage,india_national_20k,IN-C15568-SS,substation,Kushinagar,Uttar Pradesh,2.2952,1.0933,1.0107,4,260,1,0,0.0,0.0,0,0,0,,,train
IND-S04649,high_demand,india_national_20k,IN-C14845-FD021,feeder,Warangal,Telangana,1.6559,1.3817,1.0213,1,8,1,0,8.34,0.0,0,0,0,,,train
IND-S04650,transformer_overload,india_national_20k,IN-C05533-GEN04,generator,Kalaburagi,Karnataka,5.6061,1.114,1.0219,0,47,1,0,0.0,0.0,0,0,0,,,test
IND-S04651,heatwave,india_national_20k,IN-C09284-FD031,feeder,Nagpur,Maharashtra,2.077,1.2405,1.106,2,10,2,12,0.36,0.00343,2423411,0,3,IN-C09284-SS|IN-C09284-TR03|IN-C09284-FD031|IN-C15901-SS|IN-C16358-SS|IN-C16518-SS|IN-C16557-SS|IN-C16577-SS|IN-C17174-SS|IN-C17582-SS|IN-C18477-SS|IN-C19054-SS,0|0|0|0|0|0|0|0|0|0|0|0,train
IND-S04652,high_demand,india_national_20k,IN-C15581-FD011,feeder,Fatehpur,Uttar Pradesh,1.8814,1.3227,1.0919,0,6,3,10,8.65,0.00104,460988,0,4,IN-C15581-SS|IN-C15581-TR01|IN-C15581-FD011|IN-UTT-HUB|IN-TAM-HUB|IN-C12372-SS|IN-C12392-SS|IN-C19438-SS|IN-C19462-SS|IN-C19475-SS,0|0|0|0|1|1|1|1|1|1,train
IND-S04653,high_demand,india_national_20k,IN-C12344-FD022,feeder,Tirunelveli,Tamil Nadu,2.8337,1.4495,1.0794,0,10,2,3,8.8,0.00245,1435844,0,3,IN-C12344-SS|IN-C12344-TR02|IN-C12344-FD022,0|0|0,train
IND-S04654,cascade_emergency,india_national_20k,IN-C13005-SS,substation,Nasiyanūr,Tamil Nadu,4.3585,1.4786,1.0623,2,6,2,4,8.74,0.0,2000,0,0,IN-C10410-SS|IN-C10414-SS|IN-C10415-SS|IN-C10420-SS,0|0|0|0,train
IND-S04655,high_demand,india_national_20k,IN-C09436-SS,substation,Shirdi,Maharashtra,2.3296,1.4447,1.04,0,15,2,2,8.58,0.00026,101277,0,2,IN-C09360-SS|IN-C09436-SS,0|0,train
IND-S04656,transformer_overload,india_national_20k,IN-C09285-FD011,feeder,Thāne,Maharashtra,4.2652,1.2771,1.0282,1,10,1,0,0.01,0.0,0,0,0,,,train
IND-S04657,cascade_emergency,india_national_20k,IN-C12340-FD031,feeder,Chennai,Tamil Nadu,5.6417,1.4244,1.1642,3,10,6,112,11.66,0.02205,26773077,0,5,IN-SR-HUB|IN-ER-HUB|IN-C10346-SS|IN-C10362-SS|IN-TAM-HUB|IN-C12340-SS|IN-C12350-SS|IN-C12392-SS|IN-C12427-SS|IN-C12651-SS|IN-C12699-SS|IN-C14244-SS,0|0|0|0|0|0|0|0|0|0|0|0,train
IND-S04658,transformer_overload,india_national_20k,IN-C10424-FD022,feeder,Nowrangapur,Odisha,5.966,1.2908,1.0491,1,10,1,0,0.0,0.0,0,0,0,,,train
IND-S04659,cascade_emergency,india_national_20k,IN-C14883-FD011,feeder,Wanparti,Telangana,8.7533,1.5619,1.167,4,5,1,0,9.02,0.0,0,0,0,,,train
IND-S04660,cascade_emergency,india_national_20k,IN-C19732-GEN04,generator,Siliguri,West Bengal,8.2617,1.5493,1.1175,5,17,6,119,11.72,0.01779,34759531,0,3,IN-WR-HUB|IN-SR-HUB|IN-KER-HUB|IN-C07054-SS|IN-C10346-SS|IN-C10362-SS|IN-C15600-SS|IN-UTT-HUB|IN-BIH-HUB|IN-C01374-SS|IN-C01394-SS|IN-C01444-SS,0|0|0|0|0|0|0|0|1|1|1|1,val
IND-S04661,transformer_overload,india_national_20k,IN-C11632-SS,substation,Sirohi,Rajasthan,4.3979,1.2364,1.067,0,6,1,0,0.0,0.0,0,0,0,,,train
IND-S04662,heatwave,india_national_20k,IN-C03282-FD011,feeder,Vadodara,Gujarat,2.2884,1.2978,1.1927,0,10,2,3,8.78,0.00271,1822221,0,3,IN-C03282-SS|IN-C03282-TR01|IN-C03282-FD011,0|0|0,train
IND-S04663,cascade_emergency,india_national_20k,IN-C00018-FD022,feeder,Vijayawada,Andhra Pradesh,7.6862,1.5633,1.1741,5,10,8,1195,38.29,0.23403,82843469,0,4,IN-ER-HUB|IN-AND-HUB|IN-C00018-SS|IN-C00018-TR02|IN-C00018-FD022|IN-C12805-SS|IN-WR-HUB|IN-SR-HUB|IN-C00011-SS|IN-C00001-TR01|IN-C00001-FD011|IN-C00020-SS,0|0|0|0|0|0|1|1|1|1|1|1,test
IND-S04664,line_outage,india_national_20k,IN-C19733-GEN05,generator,Āsansol,West Bengal,1.7928,1.1885,1.0597,2,22,2,6,0.15,0.00091,1331410,0,4,IN-C19731-SS|IN-C19733-SS|IN-C19755-SS|IN-C19766-SS|IN-C19864-SS|IN-C19963-SS,0|0|0|0|0|0,val
IND-S04665,transformer_overload,india_national_20k,IN-C11059-FD011,feeder,Batāla,Punjab,2.6508,1.0494,1.0208,1,6,1,0,0.0,0.0,0,0,0,,,train
IND-S04666,cascade_emergency,india_national_20k,IN-C09282-GEN01,generator,Mumbai,Maharashtra,7.9132,1.5873,1.1462,3,41,6,961,32.45,0.18605,76043667,0,8,IN-WR-HUB|IN-SR-HUB|IN-ER-HUB|IN-NER-HUB|IN-C00037-SS|IN-C00715-SS|IN-C00747-SS|IN-C00866-SS|IN-KER-HUB|IN-C07054-SS|IN-MAH-HUB|IN-C09282-SS,0|0|0|0|0|0|0|0|0|0|0|0,train
IND-S04667,transformer_overload,india_national_20k,IN-C09302-FD011,feeder,Malegaon,Maharashtra,5.8043,1.0961,1.0129,0,7,2,4,0.22,0.00357,481228,0,4,IN-MAH-HUB|IN-C09302-SS|IN-C09302-TR01|IN-C09302-FD011,0|0|0|0,train
IND-S04668,cascade_emergency,india_national_20k,IN-C19731-GEN03,generator,Durgapur,West Bengal,7.9004,1.3415,1.1216,3,20,2,7,8.71,0.00173,1362621,0,5,IN-C12527-SS|IN-C19731-SS|IN-C19733-SS|IN-C19755-SS|IN-C19766-SS|IN-C19864-SS|IN-C19963-SS,0|0|0|0|0|0|0,val
IND-S04669,heatwave,india_national_20k,IN-C03811-FD011,feeder,Narnaul,Haryana,3.4294,1.2144,1.0974,2,5,1,0,0.0,0.0,0,0,0,,,train
IND-S04670,line_outage,india_national_20k,IN-C05540-FD011,feeder,Tumkūr,Karnataka,1.2603,1.0581,1.0457,3,8,1,0,0.0,0.0,0,0,0,,,test
IND-S04671,cascade_emergency,india_national_20k,IN-C15550-FD031,feeder,Ghāziābād,Uttar Pradesh,7.5945,1.4399,1.1692,1,10,6,70,10.71,0.01492,39523658,0,3,IN-C15550-SS|IN-C15557-SS|IN-C15628-SS|IN-C16244-SS|IN-C18094-SS|IN-C19219-SS|IN-UTT-HUB|IN-WR-HUB|IN-C01444-SS|IN-C01445-SS|IN-C02780-SS|IN-DEL-HUB,0|0|0|0|0|0|0|1|1|1|1|1,train
IND-S04672,normal_operation,india_national_20k,IN-C10434-GEN11,generator,Baripāda,Odisha,1.0211,0.9811,1.0199,0,26,1,0,0.0,0.0,0,0,0,,,train
IND-S04673,high_demand,india_national_20k,IN-C03284-GEN05,generator,Bhavnagar,Gujarat,1.7068,1.3569,1.0317,0,24,1,0,0.63,0.0,0,0,0,,,train
IND-S04674,high_demand,india_national_20k,IN-C12351-GEN12,generator,Thoothukudi,Tamil Nadu,2.4872,1.4352,1.0548,1,73,5,38,9.31,0.00121,1069049,0,5,IN-SR-HUB|IN-NER-HUB|IN-C11034-SS|IN-C11047-SS|IN-TAM-HUB|IN-C12390-SS|IN-C12393-SS|IN-C12401-SS|IN-C12474-SS|IN-C14168-SS|IN-C14310-SS|IN-C01444-SS,0|1|1|1|1|1|1|1|1|1|1|2,train
IND-S04675,high_demand,india_national_20k,IN-C07881-FD011,feeder,Pithampur,Madhya Pradesh,1.9582,1.4478,1.0503,0,6,3,14,8.85,0.00094,392031,0,5,IN-MAD-HUB|IN-C07881-SS|IN-C07890-SS|IN-C08245-SS|IN-C08379-SS|IN-C08599-SS|IN-C09037-SS|IN-C07881-TR01|IN-C07881-FD011|IN-C07885-SS|IN-C07944-SS|IN-C08085-SS,0|0|0|0|0|0|0|0|0|1|1|1,train
IND-S04676,transformer_overload,india_national_20k,IN-C09285-FD021,feeder,Thāne,Maharashtra,3.1567,1.22,1.0038,1,10,1,0,0.0,0.0,0,0,0,,,train
IND-S04677,line_outage,india_national_20k,IN-C00017-FD032,feeder,Rasapūdipalem,Andhra Pradesh,1.3734,1.2836,1.0322,4,10,2,2,0.08,0.00093,0,0,2,IN-C00017-TR03|IN-C00017-FD032,0|0,test
IND-S04678,high_demand,india_national_20k,IN-C15701-SS,substation,Jalālābād,Uttar Pradesh,2.1301,1.5355,1.0686,1,5,1,0,8.84,0.0,0,0,0,,,train
IND-S04679,normal_operation,india_national_20k,IN-C09717-SS,substation,Wāghoda,Maharashtra,1.0358,1.0324,0.9894,0,7,1,0,0.0,0.0,0,0,0,,,train
IND-S04680,heatwave,india_national_20k,IN-ASS-HUB-GEN,generator,Assam Hub Generation,Assam,1.9017,1.246,1.1895,2,41,1,0,8.51,0.0,0,0,0,,,val
IND-S04681,heatwave,india_national_20k,IN-C19732-GEN04,generator,Siliguri,West Bengal,2.8543,1.3412,1.1642,2,17,1,0,8.65,0.0,0,0,0,,,val
IND-S04682,cascade_emergency,india_national_20k,IN-C00020-FD021,feeder,Guntur,Andhra Pradesh,4.6333,1.4802,1.1601,3,8,7,134,12.14,0.02193,35476308,0,6,IN-ER-HUB|IN-AND-HUB|IN-C00020-SS|IN-C00037-SS|IN-C00715-SS|IN-C00747-SS|IN-C00866-SS|IN-C00020-TR02|IN-C00020-FD021|IN-WR-HUB|IN-SR-HUB|IN-C01444-SS,0|0|0|0|0|0|0|0|0|1|1|1,test
IND-S04683,line_outage,india_national_20k,IN-C19729-FD011,feeder,Kolkata,West Bengal,1.7429,1.1798,1.0561,2,10,4,7,0.25,0.00297,148025,0,3,IN-C19729-TR01|IN-C19729-FD011|IN-ER-HUB|IN-WES-HUB|IN-C19766-SS|IN-C19864-SS|IN-C19963-SS,0|0|1|1|2|2|2,val
IND-S04684,cascade_emergency,india_national_20k,IN-C09292-GEN11,generator,Aurangabad,Maharashtra,8.8292,1.56,1.1273,1,42,5,878,30.3,0.16694,71653920,0,3,IN-WR-HUB|IN-SR-HUB|IN-ER-HUB|IN-NER-HUB|IN-KER-HUB|IN-C07054-SS|IN-MAH-HUB|IN-C09292-SS|IN-C10346-SS|IN-C10353-SS|IN-C10362-SS|IN-C10384-SS,0|0|0|0|0|0|0|0|0|0|0|0,train
IND-S04685,line_outage,india_national_20k,IN-C09284-FD022,feeder,Nagpur,Maharashtra,1.4158,1.1361,1.0493,4,10,1,0,0.01,0.0,0,0,0,,,train
IND-S04686,line_outage,india_national_20k,IN-C03326-FD011,feeder,Keshod,Gujarat,1.9999,1.2838,1.0526,1,5,1,0,0.0,0.0,0,0,0,,,train
IND-S04687,line_outage,india_national_20k,IN-C09292-FD032,feeder,Aurangabad,Maharashtra,1.5665,1.1662,1.0182,4,10,2,2,0.07,0.00072,0,0,2,IN-C09292-TR03|IN-C09292-FD032,0|0,train
IND-S04688,transformer_overload,india_national_20k,IN-C11051-GEN02,generator,Amritsar,Punjab,5.3833,1.2852,1.013,1,28,2,2,0.11,0.00188,1159227,0,2,IN-PUN-HUB|IN-C11051-SS,0|0,train
IND-S04689,high_demand,india_national_20k,IN-C07866-GEN10,generator,Ratlām,Madhya Pradesh,1.9283,1.2973,1.0668,1,46,1,0,0.03,0.0,0,0,0,,,train
IND-S04690,high_demand,india_national_20k,IN-C04824-GEN03,generator,Ranchi,Jharkhand,1.5009,1.4802,1.0329,0,33,2,2,8.65,0.00079,1120374,0,2,IN-JHA-HUB|IN-C04824-SS,0|0,train
IND-S04691,transformer_overload,india_national_20k,IN-C03795-FD021,feeder,Panipat,Haryana,3.369,1.1456,1.065,1,8,1,0,0.0,0.0,0,0,0,,,train
IND-S04692,transformer_overload,india_national_20k,IN-C03282-FD022,feeder,Vadodara,Gujarat,5.3883,1.075,1.0175,1,10,1,0,0.0,0.0,0,0,0,,,train
IND-S04693,normal_operation,india_national_20k,IN-C12347-GEN08,generator,Salem,Tamil Nadu,1.1477,0.9195,0.9803,0,73,1,0,0.0,0.0,0,0,0,,,train
IND-S04694,heatwave,india_national_20k,IN-C02518-FD011,feeder,Chandigarh,Chandigarh,2.4209,1.402,1.1142,1,8,1,0,8.65,0.0,0,0,0,,,train
IND-S04695,high_demand,india_national_20k,IN-C11568-GEN09,generator,Bharatpur,Rajasthan,2.1941,1.3801,1.0536,0,29,1,0,8.44,0.0,0,0,0,,,train
IND-S04696,line_outage,india_national_20k,IN-C07084-SS,substation,Vazhakkala,Kerala,1.5333,1.0948,1.0287,2,5,1,0,0.0,0.0,0,0,0,,,train
IND-S04697,high_demand,india_national_20k,IN-C19733-GEN05,generator,Āsansol,West Bengal,2.4228,1.4704,1.0278,1,22,2,6,8.69,0.00099,1331410,0,4,IN-C19731-SS|IN-C19733-SS|IN-C19755-SS|IN-C19766-SS|IN-C19864-SS|IN-C19963-SS,0|0|0|0|0|0,val
IND-S04698,heatwave,india_national_20k,IN-C09298-FD021,feeder,Sāngli,Maharashtra,3.2331,1.4413,1.1123,0,7,2,4,8.93,0.00265,601214,0,4,IN-MAH-HUB|IN-C09298-SS|IN-C09298-TR02|IN-C09298-FD021,0|0|0|0,train
IND-S04699,high_demand,india_national_20k,IN-C12352-FD011,feeder,Avadi,Tamil Nadu,2.2085,1.3564,1.084,1,7,1,0,8.48,0.0,0,0,0,,,train
IND-S04700,normal_operation,india_national_20k,IN-C09286-GEN05,generator,Pimpri-Chinchwad,Maharashtra,1.0148,0.9009,1.009,0,44,1,0,0.0,0.0,0,0,0,,,train
IND-S04701,heatwave,india_national_20k,IN-C15566-FD021,feeder,Greater Noida,Uttar Pradesh,2.9309,1.3524,1.2123,0,7,6,50,10.15,0.01239,34123651,0,4,IN-C15566-SS|IN-C15566-TR02|IN-C15566-FD021|IN-UTT-HUB|IN-WR-HUB|IN-C01444-SS|IN-DEL-HUB|IN-C03058-SS|IN-MAH-HUB|IN-C09282-SS|IN-C09283-SS|IN-C10278-SS,0|0|0|0|1|1|1|1|1|1|1|1,train
IND-S04702,high_demand,india_national_20k,IN-C15548-FD021,feeder,Agra,Uttar Pradesh,2.6455,1.481,1.0629,1,10,1,0,8.68,0.0,0,0,0,,,train
IND-S04703,high_demand,india_national_20k,IN-C11561-FD022,feeder,Jodhpur,Rajasthan,2.5508,1.4138,1.0348,1,10,1,0,8.46,0.0,0,0,0,,,train
IND-S04704,line_outage,india_national_20k,IN-C03281-GEN02,generator,Surat,Gujarat,1.7505,1.0441,1.0088,1,29,2,2,0.15,0.0032,4591246,0,2,IN-GUJ-HUB|IN-C03281-SS,0|0,train
IND-S04705,cascade_emergency,india_national_20k,IN-C09286-GEN05,generator,Pimpri-Chinchwad,Maharashtra,7.9022,1.3035,1.0871,5,44,5,41,9.42,0.01098,20535377,0,5,IN-WR-HUB|IN-C00139-SS|IN-MAH-HUB|IN-C09286-SS|IN-C09288-SS|IN-C09950-SS|IN-ER-HUB|IN-NER-HUB|IN-C02780-SS|IN-C10290-SS|IN-C10346-SS|IN-C10353-SS,0|0|0|0|0|0|1|1|1|2|2|2,train
IND-S04706,heatwave,india_national_20k,IN-C09307-FD021,feeder,Ahilyanagar,Maharashtra,1.9907,1.4016,1.1513,2,6,1,0,8.79,0.0,0,0,0,,,train
IND-S04707,high_demand,india_national_20k,IN-C09292-GEN11,generator,Aurangabad,Maharashtra,2.8992,1.3562,1.0528,1,42,5,37,9.32,0.00756,18666474,0,3,IN-WR-HUB|IN-MAH-HUB|IN-C09292-SS|IN-ER-HUB|IN-NER-HUB|IN-C10290-SS|IN-C10346-SS|IN-C10353-SS|IN-C10360-SS|IN-C10362-SS|IN-C10384-SS|IN-NAG-HUB,0|0|0|1|1|2|2|2|2|2|2|2,train
IND-S04708,high_demand,india_national_20k,IN-C19737-FD011,feeder,Rajpur Sonarpur,West Bengal,2.6882,1.4039,1.0708,1,6,1,0,8.54,0.0,0,0,0,,,val
IND-S04709,line_outage,india_national_20k,IN-C03058-FD021,feeder,Delhi,Delhi,1.7292,1.0844,1.0407,3,10,2,2,0.14,0.00283,0,0,2,IN-C03058-TR02|IN-C03058-FD021,0|0,train
IND-S04710,line_outage,india_national_20k,IN-C08351-SS,substation,Abhūd,Madhya Pradesh,1.8857,1.0359,1.0295,4,47,1,0,0.0,0.0,0,0,0,,,train
IND-S04711,line_outage,india_national_20k,IN-C15547-GEN02,generator,Lucknow,Uttar Pradesh,1.2326,1.0818,1.0561,2,120,1,0,0.0,0.0,0,0,0,,,train
IND-S04712,line_outage,india_national_20k,IN-C11564-FD011,feeder,Ajmer,Rajasthan,1.9953,1.188,1.0564,2,8,2,12,0.35,0.00305,2660971,0,3,IN-MAD-HUB|IN-C07858-SS|IN-C07882-SS|IN-C07892-SS|IN-C07908-SS|IN-C08007-SS|IN-C08067-SS|IN-C08104-SS|IN-C08742-SS|IN-C11564-SS|IN-C11564-TR01|IN-C11564-FD011,0|0|0|0|0|0|0|0|0|0|0|0,train
IND-S04713,cascade_emergency,india_national_20k,IN-C03058-FD021,feeder,Delhi,Delhi,8.7411,1.5845,1.174,5,10,7,1000,32.94,0.17993,63922209,0,4,IN-NR-HUB|IN-WR-HUB|IN-SR-HUB|IN-ER-HUB|IN-NER-HUB|IN-C00037-SS|IN-C00747-SS|IN-DEL-HUB|IN-C03058-SS|IN-C03058-TR02|IN-C03058-FD021|IN-KER-HUB,0|0|0|0|0|0|0|0|0|0|0|0,train
IND-S04714,transformer_overload,india_national_20k,IN-C03058-FD031,feeder,Delhi,Delhi,5.409,1.2944,1.0056,0,10,2,4,0.48,0.01125,11034555,0,4,IN-DEL-HUB|IN-C03058-SS|IN-C03058-TR03|IN-C03058-FD031,0|0|0|0,train
IND-S04715,high_demand,india_national_20k,IN-C01406-FD011,feeder,Arāria,Bihar,2.4467,1.4658,1.0532,0,5,1,0,8.63,0.0,0,0,0,,,val
IND-S04716,heatwave,india_national_20k,IN-C02525-GEN01,generator,Raipur,Chhattisgarh,2.1025,1.3923,1.0924,0,30,2,2,8.64,0.00087,1027264,0,2,IN-CHH-HUB|IN-C02525-SS,0|0,train
IND-S04717,high_demand,india_national_20k,IN-C03795-GEN06,generator,Panipat,Haryana,2.2213,1.5012,1.0416,0,21,1,0,8.66,0.0,0,0,0,,,train
IND-S04718,line_outage,india_national_20k,IN-C00019-FD011,feeder,Visakhapatnam,Andhra Pradesh,2.1209,1.1065,1.0516,3,10,3,5,0.16,0.00168,1325528,0,5,IN-C00019-SS|IN-C00019-TR01|IN-C00019-FD011|IN-C00028-SS|IN-C00260-SS,0|0|0|1|1,test
IND-S04719,heatwave,india_national_20k,IN-C12347-FD011,feeder,Salem,Tamil Nadu,1.9756,1.275,1.134,1,8,2,2,8.49,0.00054,917414,0,2,IN-TAM-HUB|IN-C12347-SS,0|0,train
IND-S04720,line_outage,india_national_20k,IN-C12686-SS,substation,Chinna Āndānkovil,Tamil Nadu,1.8223,1.2923,1.0425,1,74,2,2,0.05,9e-05,20279,0,2,IN-C12686-SS|IN-C14533-SS,0|0,train
IND-S04721,line_outage,india_national_20k,IN-C10425-FD011,feeder,Bhubaneswar,Odisha,1.7613,1.0666,1.0313,2,8,2,3,0.14,0.00236,885363,0,3,IN-C10425-SS|IN-C10425-TR01|IN-C10425-FD011,0|0|0,train
IND-S04722,transformer_overload,india_national_20k,IN-C03287-GEN08,generator,Jūnāgadh,Gujarat,3.4513,1.0733,1.061,0,23,1,0,0.0,0.0,0,0,0,,,train
IND-S04723,high_demand,india_national_20k,IN-JHA-HUB-GEN,generator,Jharkhand Hub Generation,Jharkhand,2.9877,1.4437,1.0314,1,88,1,0,8.52,0.0,0,0,0,,,train
IND-S04724,heatwave,india_national_20k,IN-C09292-FD012,feeder,Aurangabad,Maharashtra,1.9669,1.3933,1.0974,2,10,2,3,8.69,0.0016,1175116,0,3,IN-C09292-SS|IN-C09292-TR01|IN-C09292-FD012,0|0|0,train
IND-S04725,heatwave,india_national_20k,IN-PUN-HUB-GEN,generator,Punjab Hub Generation,Punjab,1.5155,1.2499,1.1994,2,78,1,0,8.54,0.0,0,0,0,,,train
IND-S04726,normal_operation,india_national_20k,IN-C19435-FD011,feeder,Haldwani,Uttarakhand,1.0458,0.9165,1.0136,0,7,1,0,0.0,0.0,0,0,0,,,train
IND-S04727,line_outage,india_national_20k,IN-C11560-FD011,feeder,Jaipur,Rajasthan,1.9181,1.2598,1.0094,4,10,2,3,0.21,0.00409,3046163,0,3,IN-C11560-SS|IN-C11560-TR01|IN-C11560-FD011,0|0|0,train
IND-S04728,line_outage,india_national_20k,IN-C12347-FD021,feeder,Salem,Tamil Nadu,1.708,1.0957,1.0015,4,8,2,3,0.14,0.00239,917414,0,3,IN-C12347-SS|IN-C12347-TR02|IN-C12347-FD021,0|0|0,train
IND-S04729,cascade_emergency,india_national_20k,IN-C03280-GEN01,generator,Ahmedabad,Gujarat,8.0965,1.5578,1.1103,2,28,6,121,11.94,0.02333,34309111,0,3,IN-WR-HUB|IN-SR-HUB|IN-ER-HUB|IN-NER-HUB|IN-GUJ-HUB|IN-C03280-SS|IN-KER-HUB|IN-C07054-SS|IN-MAH-HUB|IN-C09292-SS|IN-C10346-SS|IN-C10353-SS,0|0|0|0|0|0|0|0|0|0|0|0,train
IND-S04730,normal_operation,india_national_20k,IN-C13997-SS,substation,Ammanānguppam,Tamil Nadu,1.1213,0.9423,1.0159,0,6,1,0,0.0,0.0,0,0,0,,,train
IND-S04731,heatwave,india_national_20k,IN-C07858-GEN02,generator,Bhopal,Madhya Pradesh,1.6068,1.4128,1.2178,0,52,6,108,11.52,0.01715,41727167,0,10,IN-SR-HUB|IN-MAD-HUB|IN-C07858-SS|IN-C07882-SS|IN-C07888-SS|IN-C07892-SS|IN-C07908-SS|IN-C08007-SS|IN-C08067-SS|IN-C08104-SS|IN-C08742-SS|IN-ER-HUB,0|0|0|0|0|0|0|0|0|0|0|1,train
IND-S04732,high_demand,india_national_20k,IN-C12345-GEN06,generator,Tiruchirappalli,Tamil Nadu,2.259,1.321,1.093,1,80,2,2,8.5,0.00091,1022518,0,2,IN-TAM-HUB|IN-C12345-SS,0|0,train
IND-S04733,high_demand,india_national_20k,IN-C12343-SS,substation,Madurai,Tamil Nadu,2.2678,1.2675,1.0728,1,260,2,4,0.09,0.00026,86987,0,4,IN-C12462-SS|IN-C12553-SS|IN-C13217-SS|IN-C13233-SS,0|0|0|0,train
IND-S04734,transformer_overload,india_national_20k,IN-C03281-SS,substation,Surat,Gujarat,3.3605,1.2725,1.0064,0,89,2,2,0.33,0.00822,4591246,0,2,IN-GUJ-HUB|IN-C03281-SS,0|0,train
IND-S04735,line_outage,india_national_20k,IN-C12341-GEN02,generator,Coimbatore,Tamil Nadu,2.322,1.2208,1.0579,3,78,2,4,0.16,0.00206,2356507,0,4,IN-TAM-HUB|IN-C12341-SS|IN-C12372-SS|IN-C12378-SS,0|0|0|0,train
IND-S04736,transformer_overload,india_national_20k,IN-C09620-SS,substation,Umri,Maharashtra,5.0717,1.1951,1.0618,1,6,1,0,0.0,0.0,0,0,0,,,train
IND-S04737,heatwave,india_national_20k,IN-C03281-SS,substation,Surat,Gujarat,2.1473,1.3184,1.0823,0,89,2,2,8.62,0.00527,4591246,0,2,IN-GUJ-HUB|IN-C03281-SS,0|0,train
IND-S04738,transformer_overload,india_national_20k,IN-C01374-GEN01,generator,Patna,Bihar,4.657,1.0581,1.045,1,44,3,15,0.41,0.00331,2315752,0,3,IN-BIH-HUB|IN-C01374-SS|IN-C01377-SS|IN-C01444-SS|IN-C01445-SS|IN-C01481-SS|IN-C01485-SS|IN-C01486-SS|IN-C01495-SS|IN-C01499-SS|IN-C01521-SS|IN-C01530-SS,0|0|1|1|1|1|1|1|1|1|1|1,val
IND-S04739,transformer_overload,india_national_20k,IN-C03531-SS,substation,Bhagdawada,Gujarat,4.94,1.1165,1.046,0,5,1,0,0.0,0.0,0,0,0,,,train
IND-S04740,high_demand,india_national_20k,IN-C07891-FD011,feeder,Shahdol,Madhya Pradesh,1.5768,1.468,1.0642,0,6,3,10,8.85,0.00059,251597,0,4,IN-MAD-HUB|IN-C07891-SS|IN-C07891-TR01|IN-C07891-FD011|IN-C07885-SS|IN-C07944-SS|IN-C08085-SS|IN-C08275-SS|IN-C09141-SS|IN-C09182-SS,0|0|0|0|1|1|1|1|1|1,train
IND-S04741,cascade_emergency,india_national_20k,IN-C14849-FD021,feeder,Mulugu,Telangana,6.8556,1.3129,1.1477,1,8,4,9,8.72,0.00038,450067,0,2,IN-TEL-HUB|IN-C14849-SS|IN-C14935-SS|IN-C14985-SS|IN-C15208-SS|IN-C15271-SS|IN-C15478-SS|IN-C14865-SS|IN-C14916-SS,0|0|1|1|1|1|1|2|2,train
IND-S04742,cascade_emergency,india_national_20k,IN-C10489-SS,substation,Bhanjanagar,Odisha,4.0101,1.5445,1.1539,3,3,2,3,9.07,5e-05,19414,0,0,IN-C04929-SS|IN-C05022-SS|IN-C05027-SS,0|0|0,train
IND-S04743,high_demand,india_national_20k,IN-C15567-FD011,feeder,Noida,Uttar Pradesh,1.8744,1.2539,1.0367,1,7,1,0,0.0,0.0,0,0,0,,,train
IND-S04744,cascade_emergency,india_national_20k,IN-C03284-GEN05,generator,Bhavnagar,Gujarat,7.3726,1.5369,1.1557,3,24,7,870,30.38,0.17272,65974557,0,3,IN-WR-HUB|IN-SR-HUB|IN-ER-HUB|IN-NER-HUB|IN-GUJ-HUB|IN-C03284-SS|IN-KER-HUB|IN-C07054-SS|IN-C10346-SS|IN-C10362-SS|IN-C15600-SS|IN-UTT-HUB,0|0|0|0|0|0|0|0|0|0|0|0,train
IND-S04745,high_demand,india_national_20k,IN-C01376-SS,substation,Bhāgalpur,Bihar,1.5402,1.4932,1.0924,1,140,1,0,8.81,0.0,0,0,0,,,val
IND-S04746,line_outage,india_national_20k,IN-C12911-SS,substation,Kodikkulam,Tamil Nadu,1.2291,1.2697,1.0154,1,4,1,0,0.0,0.0,0,0,0,,,train
IND-S04747,transformer_overload,india_national_20k,IN-C01377-SS,substation,Muzaffarpur,Bihar,3.5582,1.2144,1.0399,0,145,2,2,0.05,0.0002,84958,0,0,IN-C01444-SS|IN-C01445-SS,0|0,val
IND-S04748,high_demand,india_national_20k,IN-C03285-GEN06,generator,Jamnagar,Gujarat,2.0968,1.4058,1.0658,1,24,1,0,8.54,0.0,0,0,0,,,train
IND-S04749,heatwave,india_national_20k,IN-C01376-GEN03,generator,Bhāgalpur,Bihar,1.6966,1.2249,1.1716,0,38,1,0,8.4,0.0,0,0,0,,,val
IND-S04750,normal_operation,india_national_20k,IN-C00121-SS,substation,Sūlūru,Andhra Pradesh,1.0944,0.9193,0.9863,0,8,1,0,0.0,0.0,0,0,0,,,test
IND-S04751,high_demand,india_national_20k,IN-C11918-SS,substation,Adkālia,Rajasthan,1.6828,1.3189,1.0492,0,6,1,0,0.0,0.0,0,0,0,,,train
IND-S04752,heatwave,india_national_20k,IN-C05538-GEN09,generator,Vijayapura,Karnataka,3.4309,1.2865,1.1332,2,50,2,2,8.48,7e-05,111933,0,2,IN-KAR-HUB|IN-C05556-SS,0|0,test
IND-S04753,high_demand,india_national_20k,IN-PUD-HUB-GEN,generator,Puducherry Hub Generation,Puducherry,2.9592,1.2959,1.0478,1,24,1,0,0.0,0.0,0,0,0,,,train
IND-S04754,line_outage,india_national_20k,IN-C19729-GEN01,generator,Kolkata,West Bengal,1.3095,1.0335,1.0261,4,26,1,0,0.01,0.0,0,0,0,,,val
IND-S04755,heatwave,india_national_20k,IN-C09282-FD031,feeder,Mumbai,Maharashtra,3.19,1.1802,1.1614,0,10,2,8,0.5,0.00885,14653824,0,6,IN-MAH-HUB|IN-C09282-SS|IN-C09285-SS|IN-C09328-SS|IN-C09548-SS|IN-C10093-SS|IN-C09282-TR03|IN-C09282-FD031,0|0|0|0|0|0|0|0,train
IND-S04756,transformer_overload,india_national_20k,IN-AND-HUB-GEN,generator,Andhra Pradesh Hub Generation,Andhra Pradesh,4.1408,1.1541,1.0523,1,148,1,0,0.0,0.0,0,0,0,,,test
IND-S04757,transformer_overload,india_national_20k,IN-C19770-FD011,feeder,Dārjiling,West Bengal,2.4548,1.2998,1.0576,0,5,1,0,0.0,0.0,0,0,0,,,val
IND-S04758,high_demand,india_national_20k,IN-C05540-GEN11,generator,Tumkūr,Karnataka,2.8017,1.523,1.0778,0,49,5,91,10.8,0.00881,20140307,0,7,IN-SR-HUB|IN-ER-HUB|IN-NER-HUB|IN-KAR-HUB|IN-C05536-SS|IN-C05537-SS|IN-C05539-SS|IN-C05541-SS|IN-C05556-SS|IN-C05639-SS|IN-C05722-SS|IN-C06290-SS,0|1|1|1|1|1|1|1|1|1|1|1,test
IND-S04759,line_outage,india_national_20k,IN-C01377-FD011,feeder,Muzaffarpur,Bihar,2.4987,1.0047,1.0297,3,8,2,4,0.13,0.00136,397357,0,3,IN-C01377-SS|IN-C01444-SS|IN-C01377-TR01|IN-C01377-FD011,0|0|0|0,val
IND-S04760,high_demand,india_national_20k,IN-C01374-FD021,feeder,Patna,Bihar,1.8553,1.2782,1.0983,1,10,1,0,0.16,0.0,0,0,0,,,val
IND-S04761,transformer_overload,india_national_20k,IN-C19738-FD011,feeder,Pānihāti,West Bengal,2.4508,1.2587,1.046,1,6,1,0,0.0,0.0,0,0,0,,,val
IND-S04762,high_demand,india_national_20k,IN-C12345-GEN06,generator,Tiruchirappalli,Tamil Nadu,2.5962,1.3281,1.0948,1,80,2,2,8.52,0.00099,1022518,0,2,IN-TAM-HUB|IN-C12345-SS,0|0,train
IND-S04763,high_demand,india_national_20k,IN-C03280-GEN01,generator,Ahmedabad,Gujarat,1.9591,1.4099,1.0905,0,28,5,53,9.82,0.0071,18491592,0,3,IN-WR-HUB|IN-SR-HUB|IN-GUJ-HUB|IN-C03280-SS|IN-NER-HUB|IN-C11034-SS|IN-C11047-SS|IN-C01444-SS|IN-C10290-SS|IN-C10346-SS|IN-C10353-SS|IN-C10360-SS,0|0|0|0|1|1|1|2|2|2|2|2,train
IND-S04764,transformer_overload,india_national_20k,IN-C12447-SS,substation,Tirupparangunram,Tamil Nadu,2.0066,1.0998,1.0672,1,9,1,0,0.0,0.0,0,0,0,,,train
IND-S04765,line_outage,india_national_20k,IN-C00017-SS,substation,Rasapūdipalem,Andhra Pradesh,1.2301,1.0438,1.0061,1,156,1,0,0.0,0.0,0,0,0,,,test
IND-S04766,cascade_emergency,india_national_20k,IN-C01396-FD011,feeder,Kishanganj,Bihar,8.3492,1.5004,1.072,3,6,3,17,9.18,0.00301,737237,0,4,IN-BIH-HUB|IN-C01396-SS|IN-C01396-TR01|IN-C01396-FD011|IN-C01377-SS|IN-C01444-SS|IN-C01445-SS|IN-C01481-SS|IN-C01485-SS|IN-C01486-SS|IN-C01495-SS|IN-C01499-SS,0|0|0|0|1|1|1|1|1|1|1|1,val
IND-S04767,heatwave,india_national_20k,IN-C05530-FD012,feeder,Bengaluru,Karnataka,1.6087,1.2006,1.1682,2,10,6,33,1.69,0.00825,20059795,0,3,IN-C05530-SS|IN-C05530-TR01|IN-C05530-FD012|IN-WR-HUB|IN-SR-HUB|IN-NER-HUB|IN-C11034-SS|IN-C11047-SS|IN-C10290-SS|IN-C10346-SS|IN-C10353-SS|IN-C10360-SS,0|0|0|1|1|2|2|2|3|3|3|3,test
IND-S04768,high_demand,india_national_20k,IN-C12436-SS,substation,Periya Semūr,Tamil Nadu,1.688,1.3879,1.0571,1,8,1,0,8.47,0.0,0,0,0,,,train
IND-S04769,cascade_emergency,india_national_20k,IN-C09282-FD021,feeder,Mumbai,Maharashtra,6.034,1.337,1.1403,4,10,5,50,10.09,0.01701,26617359,0,6,IN-WR-HUB|IN-SR-HUB|IN-MAH-HUB|IN-C09282-SS|IN-C09285-SS|IN-C09328-SS|IN-C09548-SS|IN-C10093-SS|IN-C09282-TR02|IN-C09282-FD021|IN-NER-HUB|IN-C11034-SS,0|0|0|0|0|0|0|0|0|0|1|1,train
IND-S04770,cascade_emergency,india_national_20k,IN-C05530-FD022,feeder,Bengaluru,Karnataka,4.9121,1.5779,1.1427,1,10,6,888,30.14,0.15521,84435081,0,0,IN-WR-HUB|IN-NR-HUB|IN-ER-HUB|IN-NER-HUB|IN-C01444-SS|IN-CHH-HUB|IN-C02530-SS|IN-C02531-SS|IN-C02533-SS|IN-DEL-HUB|IN-C03058-SS|IN-GOA-HUB,0|1|1|1|1|1|1|1|1|1|1|1,test
IND-S04771,line_outage,india_national_20k,IN-C19732-FD011,feeder,Siliguri,West Bengal,1.3595,1.1771,1.0298,4,8,2,1,0.03,3e-05,13850,0,0,IN-C00203-SS,0,val
IND-S04772,cascade_emergency,india_national_20k,IN-C19735-FD021,feeder,Maheshtala,West Bengal,8.4587,1.5967,1.158,1,6,8,1032,34.09,0.19617,76501534,0,0,IN-ER-HUB|IN-WES-HUB|IN-C19729-SS|IN-C19730-SS|IN-WR-HUB|IN-SR-HUB|IN-BIH-HUB|IN-C01374-SS|IN-C01394-SS|IN-C01444-SS|IN-C01445-SS|IN-C01481-SS,0|0|0|0|1|1|1|1|1|1|1|1,val
IND-S04773,cascade_emergency,india_national_20k,IN-C03310-FD011,feeder,Amreli,Gujarat,5.2844,1.5586,1.1123,2,5,6,123,12.04,0.02416,53794845,0,4,IN-SR-HUB|IN-C03284-SS|IN-C03310-SS|IN-C03330-SS|IN-C03342-SS|IN-C03369-SS|IN-C03544-SS|IN-C03549-SS|IN-C03559-SS|IN-C03570-SS|IN-C03695-SS|IN-C03310-TR01,0|0|0|0|0|0|0|0|0|0|0|0,train
IND-S04774,transformer_overload,india_national_20k,IN-C04830-GEN09,generator,Hazāribāgh,Jharkhand,4.9927,1.1596,1.0288,0,26,1,0,0.0,0.0,0,0,0,,,train
IND-S04775,line_outage,india_national_20k,IN-C09283-FD021,feeder,Pune,Maharashtra,2.0813,1.1374,1.057,3,10,2,3,0.21,0.0044,3124458,0,3,IN-C09283-SS|IN-C09283-TR02|IN-C09283-FD021,0|0|0,train
IND-S04776,cascade_emergency,india_national_20k,IN-C12343-GEN04,generator,Madurai,Tamil Nadu,7.0226,1.4598,1.1217,5,80,5,74,10.57,0.01254,23268049,0,3,IN-SR-HUB|IN-ER-HUB|IN-TAM-HUB|IN-C12343-SS|IN-JHA-HUB|IN-C04828-SS|IN-C04829-SS|IN-C04830-SS|IN-C04832-SS|IN-KAR-HUB|IN-C05537-SS|IN-C05539-SS,0|0|0|0|1|1|1|1|1|1|1|1,train
IND-S04777,high_demand,india_national_20k,IN-C03067-FD011,feeder,Deoli,Delhi,1.5998,1.4101,1.0898,0,5,1,0,8.59,0.0,0,0,0,,,train
IND-S04778,line_outage,india_national_20k,IN-C15552-GEN07,generator,Prayagraj,Uttar Pradesh,1.2134,1.1397,1.0088,3,119,1,0,0.0,0.0,0,0,0,,,train
IND-S04779,heatwave,india_national_20k,IN-C11566-FD021,feeder,Bhilwara,Rajasthan,1.9167,1.4203,1.1763,0,8,2,3,9.03,0.00103,359483,0,3,IN-C11566-SS|IN-C11566-TR02|IN-C11566-FD021,0|0|0,train
IND-S04780,line_outage,india_national_20k,IN-C05587-SS,substation,Kanakapura,Karnataka,2.2798,1.1482,1.0081,2,6,1,0,0.0,0.0,0,0,0,,,test
IND-S04781,transformer_overload,india_national_20k,IN-C07857-FD022,feeder,Indore,Madhya Pradesh,4.3706,1.2892,1.021,1,10,1,0,0.0,0.0,0,0,0,,,train
IND-S04782,normal_operation,india_national_20k,IN-C07046-GEN02,generator,Thiruvananthapuram,Kerala,1.135,1.0426,1.0096,0,30,1,0,0.0,0.0,0,0,0,,,train
IND-S04783,normal_operation,india_national_20k,IN-C15568-FD021,feeder,Kushinagar,Uttar Pradesh,1.1677,0.8878,1.0174,0,7,1,0,0.0,0.0,0,0,0,,,train
IND-S04784,heatwave,india_national_20k,IN-C12350-GEN11,generator,Ambattur,Tamil Nadu,2.4183,1.2102,1.1919,0,73,2,3,8.48,0.00048,552400,0,3,IN-TAM-HUB|IN-C12350-SS|IN-C12392-SS,0|0|0,train
IND-S04785,line_outage,india_national_20k,IN-C19738-FD021,feeder,Pānihāti,West Bengal,1.3993,1.1066,1.0441,4,6,1,0,0.0,0.0,0,0,0,,,val
IND-S04786,high_demand,india_national_20k,IN-C05540-FD021,feeder,Tumkūr,Karnataka,2.4281,1.4136,1.0838,1,8,2,2,8.63,0.00018,307359,0,2,IN-KAR-HUB|IN-C05540-SS,0|0,test
IND-S04787,line_outage,india_national_20k,IN-C00019-FD012,feeder,Visakhapatnam,Andhra Pradesh,1.417,1.101,1.0361,3,10,1,0,0.0,0.0,0,0,0,,,test
IND-S04788,heatwave,india_national_20k,IN-C11050-GEN01,generator,Ludhiana,Punjab,2.3606,1.3329,1.1361,1,29,2,2,8.65,0.00148,1618879,0,2,IN-PUN-HUB|IN-C11050-SS,0|0,train
IND-S04789,line_outage,india_national_20k,IN-C15548-GEN03,generator,Agra,Uttar Pradesh,1.933,1.0301,1.0314,3,122,1,0,0.0,0.0,0,0,0,,,train
IND-S04790,cascade_emergency,india_national_20k,IN-C09293-GEN12,generator,Sholapur,Maharashtra,5.6622,1.3026,1.052,1,37,5,35,1.33,0.00799,18475051,0,3,IN-WR-HUB|IN-MAH-HUB|IN-C09293-SS|IN-ER-HUB|IN-NER-HUB|IN-C10290-SS|IN-C10346-SS|IN-C10353-SS|IN-C10360-SS|IN-C10362-SS|IN-C10384-SS|IN-NAG-HUB,0|0|0|1|1|2|2|2|2|2|2|2,train
IND-S04791,heatwave,india_national_20k,IN-C19435-GEN04,generator,Haldwani,Uttarakhand,1.8096,1.2963,1.1502,1,113,6,18,8.96,0.00305,11656634,0,3,IN-UTT-HUB|IN-C19435-SS|IN-TAM-HUB|IN-C12372-SS|IN-C12378-SS|IN-C12392-SS|IN-C19438-SS|IN-C19462-SS|IN-C19475-SS|IN-WR-HUB|IN-MAH-HUB|IN-C01444-SS,0|0|1|1|1|1|1|1|1|2|2|3,train
IND-S04792,line_outage,india_national_20k,IN-C09286-GEN05,generator,Pimpri-Chinchwad,Maharashtra,2.4025,1.1316,1.0083,2,44,5,16,0.45,0.00259,3211150,0,5,IN-WR-HUB|IN-MAH-HUB|IN-C09286-SS|IN-C09288-SS|IN-C09950-SS|IN-ER-HUB|IN-NER-HUB|IN-C10346-SS|IN-C10360-SS|IN-C10362-SS|IN-C15523-SS|IN-C19963-SS,0|0|0|0|0|1|1|2|2|2|2|2,train
IND-S04793,cascade_emergency,india_national_20k,IN-C19432-FD021,feeder,Dehradun,Uttarakhand,4.4607,1.4653,1.1537,5,8,5,64,10.53,0.01335,23989528,0,4,IN-NR-HUB|IN-WR-HUB|IN-NER-HUB|IN-TAM-HUB|IN-C12351-SS|IN-UTT-HUB|IN-C19432-SS|IN-C19432-TR02|IN-C19432-FD021|IN-C01444-SS|IN-C01445-SS|IN-C01481-SS,0|0|0|0|0|0|0|0|0|1|1|1,train
IND-S04794,normal_operation,india_national_20k,IN-C06795-SS,substation,Arasanagatta,Karnataka,1.1702,0.9933,1.0045,0,5,1,0,0.0,0.0,0,0,0,,,test
IND-S04795,normal_operation,india_national_20k,IN-C16645-SS,substation,Ahiāpur,Uttar Pradesh,1.0596,0.957,0.9893,0,2,1,0,0.0,0.0,0,0,0,,,train
IND-S04796,high_demand,india_national_20k,IN-C09293-GEN12,generator,Sholapur,Maharashtra,2.0107,1.4018,1.0525,1,37,5,34,9.22,0.00331,11630717,0,2,IN-WR-HUB|IN-SR-HUB|IN-MAH-HUB|IN-NER-HUB|IN-C11034-SS|IN-C11047-SS|IN-C01444-SS|IN-C10290-SS|IN-C10346-SS|IN-C10353-SS|IN-C10360-SS|IN-C10362-SS,0|0|0|1|1|1|2|2|2|2|2|2,train
IND-S04797,high_demand,india_national_20k,IN-C15553-FD011,feeder,Alīgarh,Uttar Pradesh,1.5745,1.258,1.0351,1,8,3,5,0.18,0.00014,184108,0,1,IN-C15605-SS|IN-UTT-HUB|IN-C19438-SS|IN-C19462-SS|IN-C19475-SS,0|0|1|1|1,train
IND-S04798,normal_operation,india_national_20k,IN-C09350-FD011,feeder,Pālghar,Maharashtra,1.04,0.8532,0.9913,0,5,1,0,0.0,0.0,0,0,0,,,train
IND-S04799,line_outage,india_national_20k,IN-C12340-FD012,feeder,Chennai,Tamil Nadu,1.7699,1.2888,1.012,4,10,5,27,1.14,0.00971,12265242,0,4,IN-WR-HUB|IN-MAH-HUB|IN-C09287-SS|IN-TAM-HUB|IN-C12340-SS|IN-C12392-SS|IN-C12340-TR01|IN-C12340-FD012|IN-ER-HUB|IN-NER-HUB|IN-C10346-SS|IN-C10353-SS,0|0|0|0|0|0|0|0|1|1|2|2,train
IND-S04800,cascade_emergency,india_national_20k,IN-C12340-FD022,feeder,Chennai,Tamil Nadu,6.7843,1.4597,1.0971,4,10,5,53,10.47,0.02148,24667989,0,5,IN-SR-HUB|IN-ER-HUB|IN-TAM-HUB|IN-C12340-SS|IN-C12350-SS|IN-C12392-SS|IN-C12427-SS|IN-C12651-SS|IN-C12699-SS|IN-C14244-SS|IN-C12340-TR02|IN-C12340-FD022,0|0|0|0|0|0|0|0|0|0|0|0,train
IND-S04801,transformer_overload,india_national_20k,IN-C05530-FD031,feeder,Bengaluru,Karnataka,5.0526,1.1509,1.0523,0,10,2,4,0.45,0.01068,8495492,0,4,IN-KAR-HUB|IN-C05530-SS|IN-C05530-TR03|IN-C05530-FD031,0|0|0|0,test
IND-S04802,cascade_emergency,india_national_20k,IN-C03516-SS,substation,Sukhpar,Gujarat,5.5945,1.5841,1.1453,1,8,1,0,9.02,0.0,0,0,0,,,train
IND-S04803,cascade_emergency,india_national_20k,IN-C01122-GEN04,generator,Jorhat,Assam,4.3815,1.3465,1.0844,3,16,1,0,8.45,0.0,0,0,0,,,val
IND-S04804,heatwave,india_national_20k,IN-C05537-FD011,feeder,Ballari,Karnataka,1.6709,1.269,1.1873,1,8,2,2,8.59,0.00024,410445,0,2,IN-KAR-HUB|IN-C05537-SS,0|0,test
IND-S04805,line_outage,india_national_20k,IN-C19767-FD011,feeder,Khardah,West Bengal,2.313,1.2373,1.0464,2,5,3,7,0.16,0.00036,334474,0,0,IN-C07261-SS|IN-C07315-SS|IN-C11070-SS|IN-C11076-SS|IN-C07063-SS|IN-C07247-SS|IN-C07401-SS,0|0|0|0|1|1|1,val
IND-S04806,high_demand,india_national_20k,IN-C07046-GEN02,generator,Thiruvananthapuram,Kerala,1.7939,1.4939,1.0497,0,30,1,0,8.66,0.0,0,0,0,,,train
IND-S04807,cascade_emergency,india_national_20k,IN-C08377-SS,substation,Achnār,Madhya Pradesh,5.7037,1.351,1.1118,4,4,1,0,8.54,0.0,0,0,0,,,train
IND-S04808,transformer_overload,india_national_20k,IN-C00023-FD021,feeder,Kākināda,Andhra Pradesh,2.8625,1.2409,1.0222,1,8,1,0,0.0,0.0,0,0,0,,,test
IND-S04809,normal_operation,india_national_20k,IN-C07858-GEN02,generator,Bhopal,Madhya Pradesh,1.1365,1.0005,0.9966,0,52,1,0,0.0,0.0,0,0,0,,,train
IND-S04810,high_demand,india_national_20k,IN-C12368-FD011,feeder,Cuddalore,Tamil Nadu,2.8339,1.442,1.0753,1,6,1,0,8.63,0.0,0,0,0,,,train
IND-S04811,line_outage,india_national_20k,IN-C15566-FD011,feeder,Greater Noida,Uttar Pradesh,1.4089,1.093,1.0407,1,7,1,0,0.0,0.0,0,0,0,,,train
IND-S04812,cascade_emergency,india_national_20k,IN-C01128-FD011,feeder,Sibsāgar,Assam,8.3525,1.3661,1.1619,5,5,1,0,8.68,0.0,0,0,0,,,val
IND-S04813,line_outage,india_national_20k,IN-C09749-SS,substation,Kuwarbav,Maharashtra,1.3368,1.0648,1.0391,3,5,2,1,0.02,0.0,500,0,0,IN-C02939-SS,0,train
IND-S04814,normal_operation,india_national_20k,IN-C03795-FD011,feeder,Panipat,Haryana,1.0098,0.8832,1.0035,0,8,1,0,0.0,0.0,0,0,0,,,train
IND-S04815,transformer_overload,india_national_20k,IN-C14844-FD022,feeder,Hyderabad,Telangana,3.6189,1.2142,1.0567,1,10,1,0,0.0,0.0,0,0,0,,,train
IND-S04816,normal_operation,india_national_20k,IN-C15711-SS,substation,Bisauli,Uttar Pradesh,1.1402,0.885,1.0072,0,4,1,0,0.0,0.0,0,0,0,,,train
IND-S04817,transformer_overload,india_national_20k,IN-C01119-FD021,feeder,Guwahati,Assam,2.9151,1.2267,1.0313,0,8,2,4,0.21,0.00387,962334,0,4,IN-ASS-HUB|IN-C01119-SS|IN-C01119-TR02|IN-C01119-FD021,0|0|0|0,val
IND-S04818,high_demand,india_national_20k,IN-C03063-FD011,feeder,Nāngloi Jāt,Delhi,1.639,1.3218,1.0578,0,5,1,0,0.0,0.0,0,0,0,,,train
IND-S04819,heatwave,india_national_20k,IN-C03343-SS,substation,Kotharia,Gujarat,1.6429,1.2177,1.1993,2,5,1,0,8.46,0.0,0,0,0,,,train
IND-S04820,line_outage,india_national_20k,IN-C10424-GEN01,generator,Nowrangapur,Odisha,1.9732,1.188,1.0282,4,34,2,2,0.07,0.001,1220946,0,2,IN-ODI-HUB|IN-C10424-SS,0|0,train
IND-S04821,heatwave,india_national_20k,IN-C19730-SS,substation,Howrah,West Bengal,2.6325,1.2968,1.0969,0,60,3,6,8.68,0.00577,5807089,0,4,IN-WES-HUB|IN-C19729-SS|IN-C19730-SS|IN-C19766-SS|IN-C19864-SS|IN-C19963-SS,0|0|0|1|1|1,val
IND-S04822,heatwave,india_national_20k,IN-C15548-GEN03,generator,Agra,Uttar Pradesh,3.4614,1.2105,1.2088,2,122,4,33,9.23,0.00489,13164976,0,4,IN-NR-HUB|IN-WR-HUB|IN-NER-HUB|IN-C15548-SS|IN-UTT-HUB|IN-DEL-HUB|IN-C03058-SS|IN-C10290-SS|IN-C10346-SS|IN-C10353-SS|IN-C10360-SS|IN-C10362-SS,0|0|0|0|0|1|1|1|1|1|1|1,train
IND-S04823,transformer_overload,india_national_20k,IN-HAR-HUB-GEN,generator,Haryana Hub Generation,Haryana,4.4758,1.1454,1.0772,1,60,1,0,0.0,0.0,0,0,0,,,train
IND-S04824,cascade_emergency,india_national_20k,IN-C09555-SS,substation,Bhor,Maharashtra,4.6728,1.3717,1.1482,2,2,1,0,8.68,0.0,0,0,0,,,train
IND-S04825,line_outage,india_national_20k,IN-C09289-FD022,feeder,Kalyān,Maharashtra,1.9995,1.1952,1.0498,1,10,1,0,0.0,0.0,0,0,0,,,train
IND-S04826,transformer_overload,india_national_20k,IN-C02530-FD011,feeder,Rāj-Nāndgaon,Chhattisgarh,2.7459,1.2811,1.0437,1,7,2,2,0.04,0.0001,163114,0,2,IN-CHH-HUB|IN-C02530-SS,0|0,train
IND-S04827,heatwave,india_national_20k,IN-C10430-FD011,feeder,Puri,Odisha,2.2347,1.1555,1.1896,0,7,2,3,0.1,0.00118,200564,0,3,IN-C10430-SS|IN-C10430-TR01|IN-C10430-FD011,0|0|0,train
IND-S04828,heatwave,india_national_20k,IN-C04822-SS,substation,Jamshedpur,Jharkhand,2.0312,1.2314,1.1739,1,95,2,4,8.57,0.00194,1606499,0,4,IN-JHA-HUB|IN-C04822-SS|IN-C04826-SS|IN-C04854-SS,0|0|0|0,train
IND-S04829,transformer_overload,india_national_20k,IN-C07050-GEN06,generator,Thrissur,Kerala,5.9208,1.138,1.0302,0,29,1,0,0.0,0.0,0,0,0,,,train
IND-S04830,heatwave,india_national_20k,IN-C15558-FD011,feeder,Sahāranpur,Uttar Pradesh,3.4816,1.2958,1.1444,1,7,1,0,8.5,0.0,0,0,0,,,train
IND-S04831,transformer_overload,india_national_20k,IN-C12349-GEN10,generator,Vellore,Tamil Nadu,4.6223,1.109,1.0415,0,73,1,0,0.0,0.0,0,0,0,,,train
IND-S04832,high_demand,india_national_20k,IN-C04485-SS,substation,Jammu,Jammu and Kashmir,2.0243,1.2704,1.0376,0,58,1,0,0.01,0.0,0,0,0,,,train
IND-S04833,transformer_overload,india_national_20k,IN-C12347-FD021,feeder,Salem,Tamil Nadu,4.7779,1.1614,1.031,0,8,2,3,0.26,0.00569,917414,0,3,IN-C12347-SS|IN-C12347-TR02|IN-C12347-FD021,0|0|0,train
IND-S04834,cascade_emergency,india_national_20k,IN-C11072-SS,substation,Farīdkot,Punjab,7.2897,1.5389,1.144,5,11,6,1193,37.8,0.22229,95736446,0,6,IN-ER-HUB|IN-C11054-SS|IN-C11070-SS|IN-C11072-SS|IN-C11076-SS|IN-C11098-SS|IN-C11166-SS|IN-C11371-SS|IN-C11386-SS|IN-C11387-SS|IN-C11388-SS|IN-WR-HUB,0|0|0|0|0|0|0|0|0|0|0|1,train
IND-S04835,cascade_emergency,india_national_20k,IN-C03062-FD021,feeder,Kirāri Sulemānnagar,Delhi,6.5507,1.5172,1.1628,4,6,1,0,9.01,0.0,0,0,0,,,train
IND-S04836,cascade_emergency,india_national_20k,IN-C11052-FD021,feeder,Jalandhar,Punjab,8.1597,1.3228,1.0832,5,8,5,39,9.53,0.01285,13806740,0,4,IN-NER-HUB|IN-C01444-SS|IN-PUN-HUB|IN-C11052-SS|IN-C11052-TR02|IN-C11052-FD021|IN-WR-HUB|IN-SR-HUB|IN-C10290-SS|IN-C10346-SS|IN-C10353-SS|IN-C10360-SS,0|0|0|0|0|0|1|1|1|1|1|1,train
IND-S04837,heatwave,india_national_20k,IN-C09289-GEN08,generator,Kalyān,Maharashtra,2.4153,1.3388,1.1517,1,41,5,57,9.86,0.0061,15484149,0,6,IN-WR-HUB|IN-SR-HUB|IN-MAH-HUB|IN-C09289-SS|IN-C09290-SS|IN-C09301-SS|IN-C09312-SS|IN-NER-HUB|IN-C11034-SS|IN-C11047-SS|IN-C01444-SS|IN-C10290-SS,0|0|0|0|0|0|0|1|1|1|2|2,train
IND-S04838,high_demand,india_national_20k,IN-C14844-FD031,feeder,Hyderabad,Telangana,2.1936,1.3745,1.0647,0,10,6,40,9.51,0.00936,18625479,0,4,IN-C14844-SS|IN-C14844-TR03|IN-C14844-FD031|IN-WR-HUB|IN-SR-HUB|IN-TEL-HUB|IN-NER-HUB|IN-C11034-SS|IN-C11047-SS|IN-C15208-SS|IN-C15271-SS|IN-C15478-SS,0|0|0|1|1|1|2|2|2|2|2|2,train
IND-S04839,line_outage,india_national_20k,IN-C15929-SS,substation,Mundāli,Uttar Pradesh,2.0023,1.0037,1.0286,4,5,1,0,0.0,0.0,0,0,0,,,train
IND-S04840,high_demand,india_national_20k,IN-C09285-GEN04,generator,Thāne,Maharashtra,2.2429,1.3668,1.0909,1,43,5,37,9.44,0.00746,26263503,0,4,IN-WR-HUB|IN-SR-HUB|IN-MAH-HUB|IN-C09282-SS|IN-C09285-SS|IN-NER-HUB|IN-C11034-SS|IN-C11047-SS|IN-C01444-SS|IN-C10290-SS|IN-C10346-SS|IN-C10353-SS,0|0|0|0|0|1|1|1|2|2|2|2,train
IND-S04841,cascade_emergency,india_national_20k,IN-C12343-GEN04,generator,Madurai,Tamil Nadu,5.4411,1.5742,1.1565,3,80,6,780,26.66,0.11135,60917835,0,10,IN-SR-HUB|IN-ER-HUB|IN-BIH-HUB|IN-C01374-SS|IN-KER-HUB|IN-C07054-SS|IN-C10346-SS|IN-C10353-SS|IN-C10362-SS|IN-C10384-SS|IN-TAM-HUB|IN-C12343-SS,0|0|0|0|0|0|0|0|0|0|0|0,train
IND-S04842,heatwave,india_national_20k,IN-C09336-FD011,feeder,Roha,Maharashtra,2.0338,1.2192,1.1441,1,5,1,0,0.0,0.0,0,0,0,,,train
IND-S04843,line_outage,india_national_20k,IN-C04488-GEN05,generator,Udhampur,Jammu and Kashmir,2.006,1.2997,1.0106,3,16,3,8,0.21,0.00024,355851,0,0,IN-C10854-SS|IN-C15601-SS|IN-UTT-HUB|IN-C15583-SS|IN-C19257-SS|IN-C19438-SS|IN-C19462-SS|IN-C19475-SS,0|0|0|1|1|1|1|1,train
IND-S04844,cascade_emergency,india_national_20k,IN-C19729-FD031,feeder,Kolkata,West Bengal,5.751,1.4042,1.0619,2,10,3,8,9.08,0.01252,5807089,0,5,IN-WES-HUB|IN-C19729-SS|IN-C19730-SS|IN-C19729-TR03|IN-C19729-FD031|IN-C19766-SS|IN-C19864-SS|IN-C19963-SS,0|0|0|0|0|1|1|1,val
IND-S04845,line_outage,india_national_20k,IN-C03173-GEN01,generator,Mormugao,Goa,2.074,1.2787,1.0053,1,13,2,3,0.06,0.00016,210617,0,3,IN-C03173-SS|IN-C03174-SS|IN-C03215-SS,0|0|0,train
IND-S04846,heatwave,india_national_20k,IN-C15547-SS,substation,Lucknow,Uttar Pradesh,1.8524,1.4268,1.1669,0,260,6,63,10.65,0.01743,41883234,0,6,IN-C15547-SS|IN-UTT-HUB|IN-WR-HUB|IN-C01444-SS|IN-C02780-SS|IN-DEL-HUB|IN-C03058-SS|IN-C07908-SS|IN-C08104-SS|IN-MAH-HUB|IN-C09282-SS|IN-C09283-SS,0|0|1|1|1|1|1|1|1|1|1|1,train
IND-S04847,high_demand,india_national_20k,IN-C05530-SS,substation,Bengaluru,Karnataka,1.5381,1.3826,1.0795,1,191,1,0,8.51,0.0,0,0,0,,,test
IND-S04848,line_outage,india_national_20k,IN-C04835-SS,substation,Jhumri Telaiya,Jharkhand,1.3707,1.2806,1.0139,4,93,1,0,0.0,0.0,0,0,0,,,train
IND-S04849,transformer_overload,india_national_20k,IN-C09288-FD032,feeder,Pimpri,Maharashtra,3.3948,1.2723,1.0436,1,10,1,0,0.0,0.0,0,0,0,,,train
IND-S04850,high_demand,india_national_20k,IN-C07910-SS,substation,Gohad,Madhya Pradesh,2.5184,1.4859,1.0988,0,5,1,0,8.82,0.0,0,0,0,,,train
IND-S04851,high_demand,india_national_20k,IN-C07050-FD011,feeder,Thrissur,Kerala,2.1504,1.3708,1.056,1,8,2,2,8.47,0.00019,315957,0,2,IN-KER-HUB|IN-C07050-SS,0|0,train
IND-S04852,transformer_overload,india_national_20k,IN-C19730-GEN02,generator,Howrah,West Bengal,5.7121,1.0145,1.0784,0,27,3,6,0.27,0.00432,5807089,0,3,IN-WES-HUB|IN-C19729-SS|IN-C19730-SS|IN-C19766-SS|IN-C19864-SS|IN-C19963-SS,0|0|0|1|1|1,val
IND-S04853,heatwave,india_national_20k,IN-C00025-SS,substation,Kadapa,Andhra Pradesh,3.3269,1.4381,1.168,0,152,2,2,8.99,0.00022,95469,0,2,IN-C00068-SS|IN-C00136-SS,0|0,test
IND-S04854,transformer_overload,india_national_20k,IN-C10341-GEN01,generator,Aizawl,Mizoram,4.9262,1.1684,1.0244,1,15,2,11,0.23,0.00034,145287,0,5,IN-MIZ-HUB|IN-C10342-SS|IN-C10343-SS|IN-C10346-SS|IN-C10350-SS|IN-C10353-SS|IN-C10354-SS|IN-C10359-SS|IN-C10360-SS|IN-C10362-SS|IN-C10384-SS,0|0|0|0|0|0|0|0|0|0|0,train
IND-S04855,high_demand,india_national_20k,IN-C15645-SS,substation,Ujhāni,Uttar Pradesh,2.754,1.2897,1.0556,1,5,1,0,0.0,0.0,0,0,0,,,train
IND-S04856,high_demand,india_national_20k,IN-C03791-GEN02,generator,Gurugram,Haryana,2.8955,1.4355,1.052,0,21,2,2,8.63,0.00092,886519,0,2,IN-HAR-HUB|IN-C03791-SS,0|0,train
IND-S04857,transformer_overload,india_national_20k,IN-C01378-GEN05,generator,Bihār Sharīf,Bihar,2.3495,1.1748,1.0711,1,38,1,0,0.0,0.0,0,0,0,,,val
IND-S04858,transformer_overload,india_national_20k,IN-C12342-GEN03,generator,Kallakurichi,Tamil Nadu,2.1505,1.106,1.0523,1,81,2,2,0.09,0.00145,1682687,0,2,IN-TAM-HUB|IN-C12342-SS,0|0,train
IND-S04859,cascade_emergency,india_national_20k,IN-C11566-SS,substation,Bhilwara,Rajasthan,6.3134,1.3182,1.0858,5,119,1,0,8.39,0.0,0,0,0,,,train
IND-S04860,heatwave,india_national_20k,IN-C07862-FD011,feeder,Punāsa,Madhya Pradesh,3.3731,1.2863,1.1946,0,8,2,3,8.72,0.0016,350000,0,3,IN-C07862-SS|IN-C07862-TR01|IN-C07862-FD011,0|0|0,train
IND-S04861,transformer_overload,india_national_20k,IN-C03180-SS,substation,Sancoale,Goa,3.0928,1.0574,1.0781,1,8,1,0,0.0,0.0,0,0,0,,,train
IND-S04862,line_outage,india_national_20k,IN-C09315-FD011,feeder,Shahuwadi,Maharashtra,1.8932,1.1822,1.0062,3,5,2,6,0.17,0.00099,214300,0,4,IN-C09315-SS|IN-C09500-SS|IN-C09789-SS|IN-C09799-SS|IN-C09315-TR01|IN-C09315-FD011,0|0|0|0|0|0,train
IND-S04863,line_outage,india_national_20k,IN-C12343-FD022,feeder,Madurai,Tamil Nadu,2.3971,1.0928,1.0053,2,10,2,3,0.14,0.00225,1465625,0,3,IN-C12343-SS|IN-C12343-TR02|IN-C12343-FD022,0|0|0,train
IND-S04864,line_outage,india_national_20k,IN-C01374-FD022,feeder,Patna,Bihar,1.2913,1.2099,1.0442,4,10,2,3,0.07,0.0,1500,0,0,IN-C17345-SS|IN-C17919-SS|IN-C18655-SS,0|0|0,val
IND-S04865,transformer_overload,india_national_20k,IN-C12344-FD032,feeder,Tirunelveli,Tamil Nadu,4.6231,1.1444,1.0224,1,10,1,0,0.0,0.0,0,0,0,,,train
IND-S04866,line_outage,india_national_20k,IN-C07927-SS,substation,Raisen,Madhya Pradesh,1.8366,1.1366,1.0061,2,4,1,0,0.0,0.0,0,0,0,,,train
IND-S04867,transformer_overload,india_national_20k,IN-C11054-SS,substation,Bathinda,Punjab,3.6913,1.2016,1.007,1,87,1,0,0.0,0.0,0,0,0,,,train
IND-S04868,transformer_overload,india_national_20k,IN-C01379-GEN06,generator,Darbhanga,Bihar,5.0938,1.0393,1.014,1,38,1,0,0.0,0.0,0,0,0,,,val
IND-S04869,transformer_overload,india_national_20k,IN-C15552-GEN07,generator,Prayagraj,Uttar Pradesh,5.9546,1.1267,1.0161,0,119,3,5,0.17,0.00197,1158084,0,3,IN-C15552-SS|IN-UTT-HUB|IN-C19438-SS|IN-C19462-SS|IN-C19475-SS,0|0|1|1|1,train
IND-S04870,line_outage,india_national_20k,IN-C09290-FD012,feeder,Dombivali,Maharashtra,1.8059,1.0061,1.0077,1,9,1,0,0.0,0.0,0,0,0,,,train
IND-S04871,line_outage,india_national_20k,IN-C10424-FD011,feeder,Nowrangapur,Odisha,2.3412,1.067,1.0463,1,10,1,0,0.0,0.0,0,0,0,,,train
IND-S04872,transformer_overload,india_national_20k,IN-C00053-FD011,feeder,Rayachoti,Andhra Pradesh,4.5994,1.0644,1.0736,1,5,1,0,0.0,0.0,0,0,0,,,test
IND-S04873,normal_operation,india_national_20k,IN-C03298-FD011,feeder,Vapi,Gujarat,1.0421,1.0323,0.9831,0,5,1,0,0.0,0.0,0,0,0,,,train
IND-S04874,heatwave,india_national_20k,IN-JHA-HUB-GEN,generator,Jharkhand Hub Generation,Jharkhand,2.6649,1.2032,1.1929,2,88,1,0,8.4,0.0,0,0,0,,,train
IND-S04875,transformer_overload,india_national_20k,IN-C09282-FD011,feeder,Mumbai,Maharashtra,4.1247,1.2482,1.031,0,10,2,8,0.53,0.01037,14653824,0,6,IN-MAH-HUB|IN-C09282-SS|IN-C09285-SS|IN-C09328-SS|IN-C09548-SS|IN-C10093-SS|IN-C09282-TR01|IN-C09282-FD011,0|0|0|0|0|0|0|0,train
IND-S04876,cascade_emergency,india_national_20k,IN-C03295-FD011,feeder,Verāval,Gujarat,8.2886,1.5713,1.1315,4,5,1,0,9.02,0.0,0,0,0,,,train
IND-S04877,transformer_overload,india_national_20k,IN-MAH-HUB-GEN,generator,Maharashtra Hub Generation,Maharashtra,5.5037,1.2859,1.0464,1,144,5,25,0.93,0.00357,6193780,0,2,IN-WR-HUB|IN-MAH-HUB|IN-ER-HUB|IN-NER-HUB|IN-C10290-SS|IN-C10346-SS|IN-C10353-SS|IN-C10360-SS|IN-C10362-SS|IN-C10384-SS|IN-NAG-HUB|IN-C10388-SS,0|0|1|1|2|2|2|2|2|2|2|2,train
IND-S04878,heatwave,india_national_20k,IN-C12347-GEN08,generator,Salem,Tamil Nadu,1.7229,1.2936,1.1481,2,73,1,0,8.49,0.0,0,0,0,,,train
IND-S04879,heatwave,india_national_20k,IN-C19729-FD022,feeder,Kolkata,West Bengal,2.6093,1.3875,1.1585,1,10,6,93,10.67,0.00667,9777033,0,1,IN-ER-HUB|IN-WES-HUB|IN-WR-HUB|IN-JHA-HUB|IN-C04828-SS|IN-C04829-SS|IN-C04830-SS|IN-C19766-SS|IN-C19864-SS|IN-C19963-SS|IN-ASS-HUB|IN-C01120-SS,0|0|1|1|1|1|1|1|1|1|2|2,val
IND-S04880,high_demand,india_national_20k,IN-C09283-FD022,feeder,Pune,Maharashtra,2.9394,1.4953,1.0802,0,10,7,114,11.38,0.01576,19780714,0,4,IN-WR-HUB|IN-MAH-HUB|IN-C09283-SS|IN-C09283-TR02|IN-C09283-FD022|IN-ER-HUB|IN-NER-HUB|IN-CHH-HUB|IN-C02530-SS|IN-C02533-SS|IN-C01444-SS|IN-DEL-HUB,0|0|0|0|0|1|1|1|1|1|2|2,train
IND-S04881,line_outage,india_national_20k,IN-C15546-FD032,feeder,Kanpur,Uttar Pradesh,2.4173,1.2993,1.0441,2,10,3,10,0.44,0.00459,3178600,0,6,IN-C15546-SS|IN-C15583-SS|IN-C15601-SS|IN-C19257-SS|IN-C15546-TR03|IN-C15546-FD032|IN-UTT-HUB|IN-C19438-SS|IN-C19462-SS|IN-C19475-SS,0|0|0|0|0|0|0|1|1|1,train
IND-S04882,heatwave,india_national_20k,IN-C07086-SS,substation,Perintalmanna,Kerala,3.2292,1.1534,1.2108,0,7,1,0,0.0,0.0,0,0,0,,,train
IND-S04883,line_outage,india_national_20k,IN-C03058-FD021,feeder,Delhi,Delhi,1.9813,1.2076,1.0468,1,10,1,0,0.0,0.0,0,0,0,,,train
IND-S04884,high_demand,india_national_20k,IN-C01385-FD011,feeder,Chāpra,Bihar,2.7943,1.545,1.0822,1,7,7,143,11.98,0.01459,22729538,0,2,IN-ER-HUB|IN-BIH-HUB|IN-C01385-SS|IN-WR-HUB|IN-SR-HUB|IN-C01377-SS|IN-C01444-SS|IN-C01445-SS|IN-C01481-SS|IN-C01485-SS|IN-C01486-SS|IN-C01495-SS,0|0|0|1|1|1|1|1|1|1|1|1,val
IND-S04885,normal_operation,india_national_20k,IN-C12340-GEN01,generator,Chennai,Tamil Nadu,1.0539,1.0424,0.9825,0,78,1,0,0.0,0.0,0,0,0,,,train
IND-S04886,normal_operation,india_national_20k,IN-C03281-FD032,feeder,Surat,Gujarat,1.1506,0.9803,1.0091,0,10,1,0,0.0,0.0,0,0,0,,,train
IND-S04887,line_outage,india_national_20k,IN-C15554-FD011,feeder,Bareilly,Uttar Pradesh,1.7801,1.0402,1.046,1,8,1,0,0.0,0.0,0,0,0,,,train
IND-S04888,high_demand,india_national_20k,IN-C07857-SS,substation,Indore,Madhya Pradesh,2.5661,1.2607,1.0593,1,187,1,0,0.0,0.0,0,0,0,,,train
IND-S04889,heatwave,india_national_20k,IN-C04887-SS,substation,Sirka,Jharkhand,1.9674,1.2459,1.1473,1,3,1,0,8.4,0.0,0,0,0,,,train
IND-S04890,high_demand,india_national_20k,IN-C05533-GEN04,generator,Kalaburagi,Karnataka,2.1323,1.4173,1.0502,0,47,1,0,8.52,0.0,0,0,0,,,test
IND-S04891,heatwave,india_national_20k,IN-C11570-FD011,feeder,Sri Ganganagar,Rajasthan,3.0137,1.3069,1.1314,0,7,2,3,8.62,0.00183,237780,0,3,IN-C11570-SS|IN-C11570-TR01|IN-C11570-FD011,0|0|0,train
IND-S04892,line_outage,india_national_20k,IN-C15550-FD022,feeder,Ghāziābād,Uttar Pradesh,1.3573,1.0646,1.0399,1,10,1,0,0.0,0.0,0,0,0,,,train
IND-S04893,high_demand,india_national_20k,IN-C15550-GEN05,generator,Ghāziābād,Uttar Pradesh,1.5435,1.5136,1.078,1,123,5,60,10.22,0.01007,23226431,0,9,IN-NR-HUB|IN-WR-HUB|IN-NER-HUB|IN-C15550-SS|IN-C15557-SS|IN-C16428-SS|IN-C19118-SS|IN-C19203-SS|IN-UTT-HUB|IN-C01444-SS|IN-CHH-HUB|IN-C02530-SS,0|0|0|0|0|0|0|0|0|1|1|1,train
IND-S04894,line_outage,india_national_20k,IN-C05530-FD022,feeder,Bengaluru,Karnataka,1.2187,1.2362,1.0097,4,10,1,0,0.0,0.0,0,0,0,,,test
IND-S04895,line_outage,india_national_20k,IN-C12375-FD011,feeder,Ambur,Tamil Nadu,2.36,1.2374,1.0321,2,6,2,5,0.14,0.00071,115108,0,4,IN-C10723-SS|IN-TAM-HUB|IN-C12375-SS|IN-C12375-TR01|IN-C12375-FD011,0|0|0|0|0,train
IND-S04896,transformer_overload,india_national_20k,IN-C07864-FD021,feeder,Satna,Madhya Pradesh,3.4488,1.1543,1.033,0,8,2,3,0.1,0.00132,282977,0,3,IN-C07864-SS|IN-C07864-TR02|IN-C07864-FD021,0|0|0,train
IND-S04897,heatwave,india_national_20k,IN-C01131-SS,substation,Karīmganj,Assam,3.4895,1.4029,1.1269,0,3,1,0,8.69,0.0,0,0,0,,,val
IND-S04898,cascade_emergency,india_national_20k,IN-UTT-HUB-GEN,generator,Uttarakhand Hub Generation,Uttarakhand,5.9659,1.3179,1.1784,2,1,1,0,8.64,0.0,0,0,0,,,train
IND-S04899,transformer_overload,india_national_20k,IN-C14847-GEN04,generator,Kukatpally,Telangana,4.2299,1.1411,1.0593,1,28,2,7,0.16,0.00071,614087,0,4,IN-C14847-SS|IN-C14853-SS|IN-C14897-SS|IN-C15208-SS|IN-C15271-SS|IN-C15287-SS|IN-C15478-SS,0|0|0|0|0|0|0,train
IND-S04900,line_outage,india_national_20k,IN-C07861-GEN05,generator,Ujjain,Madhya Pradesh,2.048,1.1919,1.0583,4,49,2,2,0.04,6e-05,103501,0,2,IN-MAD-HUB|IN-C07885-SS,0|0,train
IND-S04901,normal_operation,india_national_20k,IN-C10434-FD011,feeder,Baripāda,Odisha,1.0781,0.9204,0.9877,0,7,1,0,0.0,0.0,0,0,0,,,train
IND-S04902,line_outage,india_national_20k,IN-C00019-GEN03,generator,Visakhapatnam,Andhra Pradesh,1.9893,1.0857,1.0543,1,47,1,0,0.0,0.0,0,0,0,,,test
IND-S04903,heatwave,india_national_20k,IN-C16831-SS,substation,Aikāru,Uttar Pradesh,3.258,1.4112,1.1116,1,10,1,0,8.67,0.0,0,0,0,,,train
IND-S04904,heatwave,india_national_20k,IN-C09285-GEN04,generator,Thāne,Maharashtra,2.7187,1.3533,1.096,0,43,5,36,9.42,0.0076,26164041,0,4,IN-WR-HUB|IN-SR-HUB|IN-MAH-HUB|IN-C09282-SS|IN-C09285-SS|IN-NER-HUB|IN-C11034-SS|IN-C11047-SS|IN-C01444-SS|IN-C10290-SS|IN-C10346-SS|IN-C10353-SS,0|0|0|0|0|1|1|1|2|2|2|2,train
IND-S04905,transformer_overload,india_national_20k,IN-C11684-SS,substation,Ābu,Rajasthan,4.5015,1.2452,1.0555,1,5,1,0,0.0,0.0,0,0,0,,,train
IND-S04906,normal_operation,india_national_20k,IN-C07947-SS,substation,Begamganj,Madhya Pradesh,1.0743,1.0035,1.0069,0,11,1,0,0.0,0.0,0,0,0,,,train
IND-S04907,cascade_emergency,india_national_20k,IN-C09294-FD021,feeder,Bhiwandi,Maharashtra,5.4435,1.4513,1.078,4,7,6,72,10.44,0.01358,19681333,0,4,IN-WR-HUB|IN-SR-HUB|IN-MAH-HUB|IN-C09294-SS|IN-C09294-TR02|IN-C09294-FD021|IN-NER-HUB|IN-C11034-SS|IN-C11047-SS|IN-C01444-SS|IN-HAR-HUB|IN-C03795-SS,0|0|0|0|0|0|1|1|1|2|2|2,train
IND-S04908,heatwave,india_national_20k,IN-C11560-FD021,feeder,Jaipur,Rajasthan,1.6476,1.363,1.0916,1,10,1,0,8.52,0.0,0,0,0,,,train
IND-S04909,high_demand,india_national_20k,IN-C09291-FD031,feeder,Virār,Maharashtra,2.6211,1.3657,1.037,1,10,1,0,8.37,0.0,0,0,0,,,train
IND-S04910,line_outage,india_national_20k,IN-C05541-GEN12,generator,Rāichūr,Karnataka,1.3967,1.1413,1.0121,2,45,1,0,0.0,0.0,0,0,0,,,test
IND-S04911,heatwave,india_national_20k,IN-C17578-SS,substation,Alīpur Madaiyān,Uttar Pradesh,2.8363,1.4181,1.1581,1,5,1,0,8.84,0.0,0,0,0,,,train
IND-S04912,heatwave,india_national_20k,IN-C14854-GEN11,generator,Secunderabad,Telangana,3.0037,1.4207,1.1462,0,25,5,89,10.85,0.01208,26213784,0,13,IN-SR-HUB|IN-C14853-SS|IN-C14854-SS|IN-C14897-SS|IN-C15208-SS|IN-C15271-SS|IN-C15287-SS|IN-C15478-SS|IN-ER-HUB|IN-NER-HUB|IN-KAR-HUB|IN-C05537-SS,0|0|0|0|0|0|0|0|1|1|1|1,train
IND-S04913,line_outage,india_national_20k,IN-C01525-SS,substation,Pupri,Bihar,1.4368,1.1675,1.0009,4,4,1,0,0.0,0.0,0,0,0,,,val
IND-S04914,high_demand,india_national_20k,IN-C11605-FD011,feeder,Bāri,Rajasthan,2.6455,1.4481,1.04,0,5,1,0,8.55,0.0,0,0,0,,,train
IND-S04915,cascade_emergency,india_national_20k,IN-C15565-FD011,feeder,Rāmpur,Uttar Pradesh,5.8676,1.3088,1.1187,2,7,6,19,9.0,0.0051,11717631,0,4,IN-C15565-SS|IN-C15565-TR01|IN-C15565-FD011|IN-UTT-HUB|IN-TAM-HUB|IN-C12372-SS|IN-C12392-SS|IN-C19438-SS|IN-C19462-SS|IN-C19475-SS|IN-WR-HUB|IN-MAH-HUB,0|0|0|0|1|1|1|1|1|1|2|2,train
IND-S04916,cascade_emergency,india_national_20k,IN-C19742-FD011,feeder,Bārāsat,West Bengal,7.5651,1.3487,1.0547,1,6,1,0,8.38,0.0,0,0,0,,,val
IND-S04917,transformer_overload,india_national_20k,IN-C01122-GEN04,generator,Jorhat,Assam,3.8138,1.2352,1.0003,0,16,1,0,0.0,0.0,0,0,0,,,val
IND-S04918,heatwave,india_national_20k,IN-C15554-GEN09,generator,Bareilly,Uttar Pradesh,1.804,1.1564,1.1471,0,116,1,0,0.01,0.0,0,0,0,,,train
IND-S04919,heatwave,india_national_20k,IN-C00069-FD011,feeder,Pidugurālla,Andhra Pradesh,2.8465,1.3953,1.1179,2,5,1,0,8.65,0.0,0,0,0,,,test
IND-S04920,transformer_overload,india_national_20k,IN-C15613-FD011,feeder,Bijnor,Uttar Pradesh,2.892,1.2521,1.0561,0,6,3,7,0.21,0.00071,169239,0,4,IN-C15613-SS|IN-C15613-TR01|IN-C15613-FD011|IN-UTT-HUB|IN-C19438-SS|IN-C19462-SS|IN-C19475-SS,0|0|0|0|1|1|1,train
IND-S04921,transformer_overload,india_national_20k,IN-C14629-SS,substation,Arulachipatti,Tamil Nadu,2.104,1.0709,1.0228,0,10,1,0,0.0,0.0,0,0,0,,,train
IND-S04922,cascade_emergency,india_national_20k,IN-C04822-FD031,feeder,Jamshedpur,Jharkhand,6.3733,1.5945,1.1366,5,10,8,1139,37.24,0.23368,81709259,0,6,IN-ER-HUB|IN-C01380-SS|IN-C01819-SS|IN-C01948-SS|IN-C01380-TR01|IN-C01380-FD011|IN-C01380-TR02|IN-C01380-FD021|IN-JHA-HUB|IN-C04822-SS|IN-C04826-SS|IN-C04854-SS,0|0|0|0|0|0|0|0|0|0|0|0,train
IND-S04923,heatwave,india_national_20k,IN-C12506-SS,substation,Sīrkāzhi,Tamil Nadu,2.2031,1.371,1.1548,1,7,2,8,8.84,0.00026,131263,0,4,IN-TAM-HUB|IN-C12391-SS|IN-C12506-SS|IN-C13198-SS|IN-C13511-SS|IN-C14017-SS|IN-C14648-SS|IN-C14695-SS,0|0|0|0|0|0|0|0,train
IND-S04924,normal_operation,india_national_20k,IN-C07858-FD011,feeder,Bhopal,Madhya Pradesh,1.0789,0.9204,1.0079,0,10,1,0,0.0,0.0,0,0,0,,,train
IND-S04925,high_demand,india_national_20k,IN-C07859-SS,substation,Jabalpur,Madhya Pradesh,2.3045,1.4613,1.074,1,185,1,0,8.66,0.0,0,0,0,,,train
IND-S04926,cascade_emergency,india_national_20k,IN-C12352-FD021,feeder,Avadi,Tamil Nadu,4.9007,1.554,1.0932,4,7,6,135,11.96,0.01688,23683539,0,4,IN-SR-HUB|IN-ER-HUB|IN-NER-HUB|IN-TAM-HUB|IN-C12352-SS|IN-C12352-TR02|IN-C12352-FD021|IN-C01444-SS|IN-C01445-SS|IN-CHH-HUB|IN-C02530-SS|IN-C02531-SS,0|0|0|0|0|0|0|1|1|1|1|1,train
IND-S04927,transformer_overload,india_national_20k,IN-C19729-GEN01,generator,Kolkata,West Bengal,3.7077,1.2352,1.0039,0,26,3,6,0.32,0.00583,5807089,0,3,IN-WES-HUB|IN-C19729-SS|IN-C19730-SS|IN-C19766-SS|IN-C19864-SS|IN-C19963-SS,0|0|0|1|1|1,val
IND-S04928,transformer_overload,india_national_20k,IN-C01374-SS,substation,Patna,Bihar,5.2625,1.032,1.0739,1,146,3,15,0.51,0.00607,2315752,0,6,IN-BIH-HUB|IN-C01374-SS|IN-C01377-SS|IN-C01444-SS|IN-C01445-SS|IN-C01481-SS|IN-C01485-SS|IN-C01486-SS|IN-C01495-SS|IN-C01499-SS|IN-C01521-SS|IN-C01530-SS,0|0|1|1|1|1|1|1|1|1|1|1,val
IND-S04929,cascade_emergency,india_national_20k,IN-C07859-FD022,feeder,Jabalpur,Madhya Pradesh,6.6283,1.3083,1.1106,5,10,4,10,8.75,0.00397,1899047,0,3,IN-C07859-SS|IN-C07859-TR02|IN-C07859-FD022|IN-C19902-SS|IN-C19755-SS|IN-C19864-SS|IN-WES-HUB|IN-C19733-SS|IN-C19766-SS|IN-C19963-SS,0|0|0|0|1|1|2|2|2|2,train
IND-S04930,high_demand,india_national_20k,IN-C09291-FD011,feeder,Virār,Maharashtra,1.8588,1.546,1.0351,1,10,2,2,8.82,0.00072,1222390,0,2,IN-MAH-HUB|IN-C09291-SS,0|0,train
IND-S04931,normal_operation,india_national_20k,IN-C01119-FD011,feeder,Guwahati,Assam,1.0976,1.0109,1.0013,0,8,1,0,0.0,0.0,0,0,0,,,val
IND-S04932,transformer_overload,india_national_20k,IN-C00018-FD012,feeder,Vijayawada,Andhra Pradesh,5.7621,1.0636,1.046,1,10,1,0,0.0,0.0,0,0,0,,,test
IND-S04933,normal_operation,india_national_20k,IN-C01385-GEN12,generator,Chāpra,Bihar,1.034,0.8725,1.0012,0,39,1,0,0.0,0.0,0,0,0,,,val
IND-S04934,line_outage,india_national_20k,IN-C14844-FD022,feeder,Hyderabad,Telangana,1.3511,1.1293,1.0257,2,10,1,0,0.0,0.0,0,0,0,,,train
IND-S04935,normal_operation,india_national_20k,IN-C00019-FD021,feeder,Visakhapatnam,Andhra Pradesh,1.0797,0.8609,0.9958,0,10,1,0,0.0,0.0,0,0,0,,,test
IND-S04936,line_outage,india_national_20k,IN-C09287-SS,substation,Nashik,Maharashtra,1.4492,1.1496,1.0235,2,155,1,0,0.0,0.0,0,0,0,,,train
IND-S04937,normal_operation,india_national_20k,IN-C14853-GEN10,generator,Quthbullapur,Telangana,1.0532,0.8868,1.015,0,28,1,0,0.0,0.0,0,0,0,,,train
IND-S04938,high_demand,india_national_20k,IN-C11055-FD011,feeder,Pathānkot,Punjab,1.5119,1.3282,1.0407,1,7,1,0,0.0,0.0,0,0,0,,,train
IND-S04939,line_outage,india_national_20k,IN-C10479-SS,substation,Dhamanagar,Odisha,2.4115,1.2954,1.0076,4,8,2,1,0.05,0.00011,47845,0,0,IN-C11091-SS,0,train
IND-S04940,heatwave,india_national_20k,IN-C12473-SS,substation,Manapparai,Tamil Nadu,1.6082,1.3134,1.1638,2,7,1,0,8.59,0.0,0,0,0,,,train
IND-S04941,high_demand,india_national_20k,IN-C07859-FD032,feeder,Jabalpur,Madhya Pradesh,2.2312,1.5402,1.0463,0,10,2,3,8.89,0.00159,1081677,0,3,IN-C07859-SS|IN-C07859-TR03|IN-C07859-FD032,0|0|0,train
IND-S04942,high_demand,india_national_20k,IN-C09284-SS,substation,Nagpur,Maharashtra,2.1215,1.4112,1.084,1,159,1,0,8.58,0.0,0,0,0,,,train
IND-S04943,cascade_emergency,india_national_20k,IN-C12347-GEN08,generator,Salem,Tamil Nadu,5.7451,1.3031,1.0637,1,73,1,0,0.35,0.0,0,0,0,,,train
IND-S04944,transformer_overload,india_national_20k,IN-C02546-SS,substation,Mungeli,Chhattisgarh,2.4111,1.288,1.0527,1,7,1,0,0.0,0.0,0,0,0,,,train
IND-S04945,high_demand,india_national_20k,IN-C11072-FD011,feeder,Farīdkot,Punjab,2.8215,1.3286,1.0756,1,4,1,0,8.38,0.0,0,0,0,,,train
IND-S04946,cascade_emergency,india_national_20k,IN-C09285-SS,substation,Thāne,Maharashtra,8.2836,1.4512,1.0835,5,154,4,48,10.23,0.01863,33193029,0,8,IN-WR-HUB|IN-SR-HUB|IN-ER-HUB|IN-MAH-HUB|IN-C09282-SS|IN-C09285-SS|IN-C09328-SS|IN-C09548-SS|IN-C10093-SS|IN-C10362-SS|IN-JHA-HUB|IN-C04828-SS,0|0|0|0|0|0|0|0|0|0|1|1,train
IND-S04947,cascade_emergency,india_national_20k,IN-C15556-FD021,feeder,Gorakhpur,Uttar Pradesh,8.3652,1.4661,1.1716,1,8,7,125,12.13,0.02565,59292995,0,2,IN-C15556-SS|IN-UTT-HUB|IN-WR-HUB|IN-SR-HUB|IN-C01444-SS|IN-C01445-SS|IN-C01481-SS|IN-CHH-HUB|IN-C02535-SS|IN-C02780-SS|IN-DEL-HUB|IN-C03058-SS,0|0|1|1|1|1|1|1|1|1|1|1,train
IND-S04948,line_outage,india_national_20k,IN-C09659-SS,substation,Hinjawadi,Maharashtra,1.8167,1.0762,1.0368,3,3,1,0,0.0,0.0,0,0,0,,,train
IND-S04949,normal_operation,india_national_20k,IN-C07171-SS,substation,Chelambra,Kerala,1.0431,1.0484,1.0023,0,6,1,0,0.0,0.0,0,0,0,,,train
IND-S04950,line_outage,india_national_20k,IN-C11560-FD011,feeder,Jaipur,Rajasthan,1.789,1.0626,1.0237,3,10,2,2,0.12,0.00214,0,0,2,IN-C11560-TR01|IN-C11560-FD011,0|0,train
IND-S04951,transformer_overload,india_national_20k,IN-C11050-GEN01,generator,Ludhiana,Punjab,4.8339,1.111,1.039,0,29,2,2,0.13,0.00242,1618879,0,2,IN-PUN-HUB|IN-C11050-SS,0|0,train
IND-S04952,line_outage,india_national_20k,IN-C09289-SS,substation,Kalyān,Maharashtra,1.584,1.1465,1.0451,2,154,2,3,0.12,0.00164,1808301,0,3,IN-C09289-SS|IN-C09301-SS|IN-C09473-SS,0|0|0,train
IND-S04953,transformer_overload,india_national_20k,IN-C09302-SS,substation,Malegaon,Maharashtra,4.4067,1.163,1.0758,1,148,2,4,0.15,0.00158,541235,0,4,IN-MAH-HUB|IN-C09302-SS|IN-C09387-SS|IN-C09667-SS,0|0|0|0,train
IND-S04954,line_outage,india_national_20k,IN-C10433-GEN10,generator,Bhadrak,Odisha,1.9753,1.2362,1.0477,2,24,1,0,0.0,0.0,0,0,0,,,train
IND-S04955,heatwave,india_national_20k,IN-C10427-FD021,feeder,Brahmapur,Odisha,2.134,1.4221,1.1834,2,8,2,4,9.06,0.00111,356598,0,4,IN-ODI-HUB|IN-C10427-SS|IN-C10427-TR02|IN-C10427-FD021,0|0|0|0,train
IND-S04956,heatwave,india_national_20k,IN-C15551-GEN06,generator,Varanasi,Uttar Pradesh,2.4811,1.4138,1.1335,0,120,6,64,10.2,0.0087,21012076,0,8,IN-NR-HUB|IN-WR-HUB|IN-NER-HUB|IN-C15600-SS|IN-C15672-SS|IN-C16266-SS|IN-C16924-SS|IN-C17022-SS|IN-C17187-SS|IN-C17213-SS|IN-C17279-SS|IN-C17309-SS,0|0|0|0|0|0|0|0|0|0|0|0,train
IND-S04957,line_outage,india_national_20k,IN-C12382-SS,substation,Kovilpatti,Tamil Nadu,1.2657,1.0417,1.0437,1,260,1,0,0.0,0.0,0,0,0,,,train
IND-S04958,transformer_overload,india_national_20k,IN-C01375-GEN02,generator,Gaya,Bihar,2.8994,1.0751,1.0273,0,38,1,0,0.0,0.0,0,0,0,,,val
IND-S04959,high_demand,india_national_20k,IN-C12551-SS,substation,Avinashi,Tamil Nadu,1.6991,1.3078,1.0919,1,3,1,0,8.4,0.0,0,0,0,,,train
IND-S04960,heatwave,india_national_20k,IN-C07361-SS,substation,Manalur,Kerala,2.6544,1.3007,1.1088,1,7,1,0,8.42,0.0,0,0,0,,,train
IND-S04961,transformer_overload,india_national_20k,IN-C09282-FD012,feeder,Mumbai,Maharashtra,2.532,1.1915,1.0633,1,10,1,0,0.0,0.0,0,0,0,,,train
IND-S04962,line_outage,india_national_20k,IN-C19771-FD011,feeder,Dam Dam,West Bengal,1.5349,1.2619,1.0433,1,4,1,0,0.0,0.0,0,0,0,,,val
IND-S04963,heatwave,india_national_20k,IN-C09289-FD032,feeder,Kalyān,Maharashtra,2.3269,1.3988,1.1977,2,10,7,76,10.68,0.01122,22750278,0,5,IN-C09289-SS|IN-C09290-SS|IN-C09301-SS|IN-C09289-TR03|IN-C09289-FD032|IN-WR-HUB|IN-SR-HUB|IN-MAH-HUB|IN-ER-HUB|IN-NER-HUB|IN-CHH-HUB|IN-C02530-SS,0|0|0|0|0|1|1|1|2|2|2|2,train
IND-S04964,line_outage,india_national_20k,IN-C03287-GEN08,generator,Jūnāgadh,Gujarat,1.265,1.1961,1.0402,3,23,1,0,0.0,0.0,0,0,0,,,train
IND-S04965,transformer_overload,india_national_20k,IN-C01421-SS,substation,Raxaul,Bihar,2.592,1.1885,1.0614,0,6,1,0,0.0,0.0,0,0,0,,,val
IND-S04966,cascade_emergency,india_national_20k,IN-C01393-FD011,feeder,Bettiah,Bihar,8.0701,1.4792,1.0892,5,6,3,17,9.2,0.00345,763664,0,4,IN-BIH-HUB|IN-C01393-SS|IN-C01393-TR01|IN-C01393-FD011|IN-C01377-SS|IN-C01444-SS|IN-C01445-SS|IN-C01481-SS|IN-C01485-SS|IN-C01486-SS|IN-C01495-SS|IN-C01499-SS,0|0|0|0|1|1|1|1|1|1|1|1,val
IND-S04967,transformer_overload,india_national_20k,IN-C03059-GEN02,generator,Najafgarh,Delhi,2.1286,1.2171,1.0117,0,20,1,0,0.01,0.0,0,0,0,,,train
IND-S04968,cascade_emergency,india_national_20k,IN-C15867-SS,substation,Ūn,Uttar Pradesh,5.4948,1.3373,1.1076,4,6,6,36,9.28,0.00356,11747782,0,5,IN-C15606-SS|IN-C15615-SS|IN-C15673-SS|IN-C15794-SS|IN-C15813-SS|IN-C15854-SS|IN-C15867-SS|IN-C15904-SS|IN-C15911-SS|IN-C16144-SS|IN-C16297-SS|IN-C16457-SS,0|0|0|0|0|0|0|0|0|0|0|0,train
IND-S04969,transformer_overload,india_national_20k,IN-C03851-SS,substation,Ugrākheri,Haryana,5.4639,1.2835,1.0514,1,3,1,0,0.0,0.0,0,0,0,,,train
IND-S04970,high_demand,india_national_20k,IN-C11575-FD011,feeder,Kishangarh,Rajasthan,1.6929,1.5191,1.0367,0,6,2,4,8.78,0.00071,154886,0,4,IN-RAJ-HUB|IN-C11575-SS|IN-C11575-TR01|IN-C11575-FD011,0|0|0|0,train
IND-S04971,transformer_overload,india_national_20k,IN-C13141-SS,substation,Thevūr,Tamil Nadu,5.0137,1.2223,1.0343,1,9,1,0,0.0,0.0,0,0,0,,,train
IND-S04972,high_demand,india_national_20k,IN-C12341-FD021,feeder,Coimbatore,Tamil Nadu,2.2485,1.4022,1.0748,1,10,1,0,8.54,0.0,0,0,0,,,train
IND-S04973,transformer_overload,india_national_20k,IN-C11564-FD011,feeder,Ajmer,Rajasthan,2.5929,1.2175,1.0311,0,8,2,3,0.13,0.00198,542321,0,3,IN-C11564-SS|IN-C11564-TR01|IN-C11564-FD011,0|0|0,train
IND-S04974,normal_operation,india_national_20k,IN-C09557-SS,substation,Chicholi,Maharashtra,1.0334,1.0238,0.985,0,7,1,0,0.0,0.0,0,0,0,,,train
IND-S04975,line_outage,india_national_20k,IN-C02612-SS,substation,Bilha,Chhattisgarh,2.237,1.0846,1.0356,4,7,2,2,0.04,0.00016,65901,0,0,IN-C03342-SS|IN-C03549-SS,0|0,train
IND-S04976,normal_operation,india_national_20k,IN-C19732-GEN04,generator,Siliguri,West Bengal,1.0833,0.9759,0.9915,0,17,1,0,0.0,0.0,0,0,0,,,val
IND-S04977,transformer_overload,india_national_20k,IN-C15846-SS,substation,Phaphūnd,Uttar Pradesh,5.0327,1.193,1.0602,1,8,1,0,0.0,0.0,0,0,0,,,train
IND-S04978,cascade_emergency,india_national_20k,IN-C09403-SS,substation,Varangaon,Maharashtra,8.3436,1.5208,1.0872,1,8,2,9,9.09,0.00141,596688,0,4,IN-MAH-HUB|IN-C09303-SS|IN-C09403-SS|IN-C09428-SS|IN-C09492-SS|IN-C09542-SS|IN-C09721-SS|IN-C10128-SS|IN-C10265-SS,0|0|0|0|0|0|0|0|0,train
IND-S04979,cascade_emergency,india_national_20k,IN-C00018-GEN02,generator,Vijayawada,Andhra Pradesh,6.1324,1.4862,1.0942,3,45,4,61,10.21,0.0095,20217549,0,3,IN-NR-HUB|IN-ER-HUB|IN-NER-HUB|IN-AND-HUB|IN-C00018-SS|IN-C10346-SS|IN-C10362-SS|IN-C15600-SS|IN-C15672-SS|IN-C16266-SS|IN-C16924-SS|IN-C17022-SS,0|0|0|0|0|0|0|0|0|0|0|0,test
IND-S04980,high_demand,india_national_20k,IN-C19780-SS,substation,Jalpāiguri,West Bengal,1.6519,1.3182,1.027,1,5,1,0,0.0,0.0,0,0,0,,,val
IND-S04981,high_demand,india_national_20k,IN-C03328-FD011,feeder,Māngrol,Gujarat,2.1728,1.4553,1.0712,0,4,1,0,8.65,0.0,0,0,0,,,train
IND-S04982,high_demand,india_national_20k,IN-C11170-SS,substation,Nūrmahal,Punjab,2.9799,1.4642,1.0926,1,9,1,0,8.76,0.0,0,0,0,,,train
IND-S04983,cascade_emergency,india_national_20k,IN-C01382-GEN09,generator,Begusarai,Bihar,6.6462,1.4145,1.0626,2,38,1,0,8.54,0.0,0,0,0,,,val
IND-S04984,high_demand,india_national_20k,IN-C14846-GEN03,generator,Rāmgundam,Telangana,2.0908,1.5349,1.0813,0,29,6,115,11.3,0.0098,14849255,0,15,IN-SR-HUB|IN-C14852-SS|IN-C14865-SS|IN-C14916-SS|IN-C14935-SS|IN-C14966-SS|IN-C14985-SS|IN-ER-HUB|IN-NER-HUB|IN-KAR-HUB|IN-C05537-SS|IN-C05539-SS,0|0|0|0|0|0|0|1|1|1|1|1,train
IND-S04985,normal_operation,india_national_20k,IN-C19433-GEN02,generator,Haridwar,Uttarakhand,1.0069,1.0188,0.9812,0,114,1,0,0.0,0.0,0,0,0,,,train
IND-S04986,transformer_overload,india_national_20k,IN-C05535-FD011,feeder,Belagavi,Karnataka,4.951,1.2698,1.0533,1,8,1,0,0.0,0.0,0,0,0,,,test
IND-S04987,heatwave,india_national_20k,IN-C05534-SS,substation,Mangaluru,Karnataka,3.4508,1.2723,1.2078,1,184,2,2,8.65,7e-05,15293,0,2,IN-C05789-SS|IN-C05843-SS,0|0,test
IND-S04988,line_outage,india_national_20k,IN-KAR-HUB-GEN,generator,Karnataka Hub Generation,Karnataka,2.0833,1.2821,1.0403,4,180,1,0,0.0,0.0,0,0,0,,,test
IND-S04989,high_demand,india_national_20k,IN-C03287-GEN08,generator,Jūnāgadh,Gujarat,2.6963,1.3285,1.0765,0,23,1,0,8.39,0.0,0,0,0,,,train
IND-S04990,cascade_emergency,india_national_20k,IN-C09301-FD011,feeder,Ulhasnagar,Maharashtra,6.9333,1.3543,1.1551,3,8,5,84,10.69,0.0149,24437849,0,7,IN-WR-HUB|IN-AND-HUB|IN-C00025-SS|IN-MAH-HUB|IN-C09289-SS|IN-C09290-SS|IN-C09301-SS|IN-C09312-SS|IN-C09473-SS|IN-C09301-TR01|IN-C09301-FD011|IN-ER-HUB,0|0|0|0|0|0|0|0|0|0|0|1,train
IND-S04991,line_outage,india_national_20k,IN-C04824-FD022,feeder,Ranchi,Jharkhand,1.545,1.1699,1.0175,4,10,2,2,0.06,0.00068,0,0,2,IN-C04824-TR02|IN-C04824-FD022,0|0,train
IND-S04992,high_demand,india_national_20k,IN-C10428-GEN05,generator,Rourkela,Odisha,2.3819,1.3602,1.0921,0,26,2,3,8.58,0.00042,505516,0,3,IN-C10428-SS|IN-C10429-SS|IN-C10511-SS,0|0|0,train
IND-S04993,line_outage,india_national_20k,IN-C15550-SS,substation,Ghāziābād,Uttar Pradesh,1.9246,1.1112,1.0443,4,260,2,5,0.16,0.00167,1716773,0,5,IN-C15550-SS|IN-C15557-SS|IN-C16428-SS|IN-C19118-SS|IN-C19203-SS,0|0|0|0|0,train
IND-S04994,line_outage,india_national_20k,IN-C12340-FD011,feeder,Chennai,Tamil Nadu,1.2885,1.0784,1.0555,3,10,1,0,0.01,0.0,0,0,0,,,train
IND-S04995,high_demand,india_national_20k,IN-C09292-GEN11,generator,Aurangabad,Maharashtra,2.4716,1.5374,1.0248,0,42,5,83,10.5,0.00827,12659782,0,3,IN-WR-HUB|IN-SR-HUB|IN-MAH-HUB|IN-C09292-SS|IN-ER-HUB|IN-NER-HUB|IN-C11034-SS|IN-C11047-SS|IN-DEL-HUB|IN-C03059-SS|IN-HAR-HUB|IN-C03795-SS,0|0|0|0|1|1|1|1|2|2|2|2,train
IND-S04996,transformer_overload,india_national_20k,IN-C07859-GEN03,generator,Jabalpur,Madhya Pradesh,2.4841,1.123,1.0653,0,52,2,2,0.08,0.00102,1081677,0,2,IN-MAD-HUB|IN-C07859-SS,0|0,train
IND-S04997,transformer_overload,india_national_20k,IN-C15550-GEN05,generator,Ghāziābād,Uttar Pradesh,5.645,1.1539,1.0688,0,123,2,5,0.19,0.00233,1716773,0,5,IN-C15550-SS|IN-C15557-SS|IN-C16428-SS|IN-C19118-SS|IN-C19203-SS,0|0|0|0|0,train
IND-S04998,line_outage,india_national_20k,IN-C09293-GEN12,generator,Sholapur,Maharashtra,1.3516,1.1487,1.0498,3,37,1,0,0.0,0.0,0,0,0,,,train
IND-S04999,cascade_emergency,india_national_20k,IN-C01450-SS,substation,Jhajha,Bihar,5.6518,1.3468,1.1744,4,4,1,0,8.65,0.0,0,0,0,,,val
