scenario_id,initiating_city,initiating_state,cascade_risk_pct,topology_structure,transformers_before,transformers_after,reserve_margin_pct,n_minus_1_secure,estimated_loss_reduction_pct,estimated_capex_reduction_pct,dispatch_action
IND-S00000,Murwāra,Madhya Pradesh,8.52,ring-main,15,13,22.5,False,4.24,11.16,Reconfigure ties; balance 13 transformer banks
IND-S00001,Tamil Nadu Hub Generation,Tamil Nadu,8.47,double-bus,15,13,18.2,True,2.38,11.63,Reconfigure ties; balance 13 transformer banks
IND-S00002,Nagpur,Maharashtra,9.97,meshed-N-1,15,13,21.6,True,3.49,12.36,Reconfigure ties; balance 13 transformer banks
IND-S00003,Sambhal,Uttar Pradesh,9.18,radial-spur,15,13,25.4,False,3.27,11.02,Reconfigure ties; balance 13 transformer banks
IND-S00004,Kāraikkudi,Tamil Nadu,8.49,parallel-bank,15,13,20.1,True,2.01,12.91,Reconfigure ties; balance 13 transformer banks
IND-S00005,Jamnagar,Gujarat,0.01,sectionalized-ring,15,13,23.4,True,4.07,11.57,Reconfigure ties; balance 13 transformer banks
IND-S00006,Mysuru,Karnataka,8.85,ring-main,15,13,23.6,False,4.78,12.21,Reconfigure ties; balance 13 transformer banks
IND-S00007,Kundla,Gujarat,0.14,double-bus,15,13,13.6,True,4.7,10.73,Reconfigure ties; balance 13 transformer banks
IND-S00008,Chāndor,Maharashtra,0.04,meshed-N-1,15,13,20.7,True,2.89,11.81,Reconfigure ties; balance 13 transformer banks
IND-S00009,Tirunelveli,Tamil Nadu,9.1,radial-spur,15,13,20.4,False,4.05,9.72,Reconfigure ties; balance 13 transformer banks
IND-S00010,Gudivāda,Andhra Pradesh,0.0,parallel-bank,15,13,24.0,True,3.47,12.04,Reconfigure ties; balance 13 transformer banks
IND-S00011,Nagaon,Assam,0.0,sectionalized-ring,15,13,24.3,True,2.98,11.58,Reconfigure ties; balance 13 transformer banks
IND-S00012,Thoothukudi,Tamil Nadu,9.1,ring-main,15,13,17.5,False,3.65,12.92,Reconfigure ties; balance 13 transformer banks
IND-S00013,Bhāgalpur,Bihar,0.0,double-bus,15,13,20.5,True,5.06,11.12,Reconfigure ties; balance 13 transformer banks
IND-S00014,Madgaon,Goa,0.0,meshed-N-1,15,13,25.0,True,4.55,12.04,Reconfigure ties; balance 13 transformer banks
IND-S00015,Punjab Hub Generation,Punjab,0.0,radial-spur,15,13,22.1,False,4.96,10.57,Reconfigure ties; balance 13 transformer banks
IND-S00016,Bargūr,Tamil Nadu,38.23,parallel-bank,15,13,24.6,True,4.11,11.41,Reconfigure ties; balance 13 transformer banks
IND-S00017,Ahmedabad,Gujarat,0.15,sectionalized-ring,15,13,18.5,True,3.74,11.67,Reconfigure ties; balance 13 transformer banks
IND-S00018,Bhubaneswar,Odisha,0.18,ring-main,15,13,23.5,False,4.29,10.93,Reconfigure ties; balance 13 transformer banks
IND-S00019,Kalyān,Maharashtra,0.0,double-bus,15,13,27.1,True,4.04,11.41,Reconfigure ties; balance 13 transformer banks
IND-S00020,Ahmedabad,Gujarat,8.52,meshed-N-1,15,13,22.7,True,4.05,11.62,Reconfigure ties; balance 13 transformer banks
IND-S00021,Kolkata,West Bengal,0.0,radial-spur,15,13,20.2,False,4.23,11.3,Reconfigure ties; balance 13 transformer banks
IND-S00022,Nashik,Maharashtra,0.14,parallel-bank,15,13,25.7,True,3.85,11.69,Reconfigure ties; balance 13 transformer banks
IND-S00023,Nellore,Andhra Pradesh,0.12,sectionalized-ring,15,13,19.6,True,4.73,10.5,Reconfigure ties; balance 13 transformer banks
IND-S00024,Gangāpur,Rajasthan,0.0,ring-main,15,13,15.8,False,3.36,13.37,Reconfigure ties; balance 13 transformer banks
IND-S00025,Faridabad,Haryana,11.3,double-bus,15,13,17.4,True,4.92,12.48,Reconfigure ties; balance 13 transformer banks
IND-S00026,Kolkata,West Bengal,0.0,meshed-N-1,15,13,27.2,True,3.06,10.89,Reconfigure ties; balance 13 transformer banks
IND-S00027,Kadapa,Andhra Pradesh,0.05,radial-spur,15,13,20.3,False,5.74,12.27,Reconfigure ties; balance 13 transformer banks
IND-S00028,Mau,Uttar Pradesh,9.0,parallel-bank,15,13,19.9,True,5.27,12.58,Reconfigure ties; balance 13 transformer banks
IND-S00029,Kochi,Kerala,8.68,sectionalized-ring,15,13,21.7,True,5.27,11.08,Reconfigure ties; balance 13 transformer banks
IND-S00030,Faridabad,Haryana,11.46,ring-main,15,13,18.5,False,4.14,11.38,Reconfigure ties; balance 13 transformer banks
IND-S00031,Erode,Tamil Nadu,0.01,double-bus,15,13,19.3,True,2.46,9.64,Reconfigure ties; balance 13 transformer banks
IND-S00032,Najafgarh,Delhi,0.18,meshed-N-1,15,13,15.4,True,2.27,12.08,Reconfigure ties; balance 13 transformer banks
IND-S00033,Nowrangapur,Odisha,8.9,radial-spur,15,13,25.6,False,3.25,11.45,Reconfigure ties; balance 13 transformer banks
IND-S00034,Raja Pur Khurd,Delhi,0.0,parallel-bank,15,13,18.0,True,4.25,11.22,Reconfigure ties; balance 13 transformer banks
IND-S00035,Kolkata,West Bengal,9.02,sectionalized-ring,15,13,19.8,True,3.33,10.02,Reconfigure ties; balance 13 transformer banks
IND-S00036,Karauli,Rajasthan,0.0,ring-main,15,13,24.5,False,1.85,12.61,Reconfigure ties; balance 13 transformer banks
IND-S00037,Loni,Uttar Pradesh,9.26,double-bus,15,13,18.4,True,4.07,11.74,Reconfigure ties; balance 13 transformer banks
IND-S00038,Bhilai,Chhattisgarh,0.0,meshed-N-1,15,13,14.2,True,3.75,11.57,Reconfigure ties; balance 13 transformer banks
IND-S00039,Makhu,Punjab,8.66,radial-spur,15,13,20.2,False,4.38,12.32,Reconfigure ties; balance 13 transformer banks
IND-S00040,Bikaner,Rajasthan,0.13,parallel-bank,15,13,19.1,True,4.85,11.63,Reconfigure ties; balance 13 transformer banks
IND-S00041,Pāndātarai,Chhattisgarh,8.46,sectionalized-ring,15,13,25.3,True,3.68,11.64,Reconfigure ties; balance 13 transformer banks
IND-S00042,Delhi,Delhi,0.77,ring-main,15,13,19.4,False,4.03,11.01,Reconfigure ties; balance 13 transformer banks
IND-S00043,Nellore,Andhra Pradesh,0.0,double-bus,15,13,23.7,True,3.36,10.88,Reconfigure ties; balance 13 transformer banks
IND-S00044,Coimbatore,Tamil Nadu,8.46,meshed-N-1,15,13,23.1,True,5.31,10.79,Reconfigure ties; balance 13 transformer banks
IND-S00045,Aichana,Uttar Pradesh,8.47,radial-spur,15,13,15.8,False,4.69,10.45,Reconfigure ties; balance 13 transformer banks
IND-S00046,Andhra Pradesh Hub Generation,Andhra Pradesh,0.0,parallel-bank,15,13,23.3,True,4.0,12.05,Reconfigure ties; balance 13 transformer banks
IND-S00047,Kithor,Uttar Pradesh,0.0,sectionalized-ring,15,13,25.5,True,4.91,10.52,Reconfigure ties; balance 13 transformer banks
IND-S00048,Atātia,Rajasthan,0.0,ring-main,15,13,19.1,False,3.37,11.85,Reconfigure ties; balance 13 transformer banks
IND-S00049,Indore,Madhya Pradesh,0.0,double-bus,15,13,17.6,True,2.77,12.28,Reconfigure ties; balance 13 transformer banks
IND-S00050,Bengaluru,Karnataka,0.0,meshed-N-1,15,13,19.6,True,4.66,11.2,Reconfigure ties; balance 13 transformer banks
IND-S00051,Hubballi,Karnataka,0.01,radial-spur,15,13,27.3,False,2.25,10.78,Reconfigure ties; balance 13 transformer banks
IND-S00052,Ahmedabad,Gujarat,9.84,parallel-bank,15,13,22.1,True,4.64,11.17,Reconfigure ties; balance 13 transformer banks
IND-S00053,Begusarai,Bihar,0.12,sectionalized-ring,15,13,14.0,True,3.73,11.76,Reconfigure ties; balance 13 transformer banks
IND-S00054,Hyderabad,Telangana,34.15,ring-main,15,13,25.3,False,2.53,12.49,Reconfigure ties; balance 13 transformer banks
IND-S00055,Tsrār Sharīf,Jammu and Kashmir,8.54,double-bus,15,13,19.6,True,4.59,10.45,Reconfigure ties; balance 13 transformer banks
IND-S00056,Aizawl,Mizoram,9.44,meshed-N-1,15,13,25.9,True,4.71,10.29,Reconfigure ties; balance 13 transformer banks
IND-S00057,Kāraikāl,Puducherry,0.08,radial-spur,15,13,12.6,False,3.73,11.93,Reconfigure ties; balance 13 transformer banks
IND-S00058,Belagavi,Karnataka,8.62,parallel-bank,15,13,24.3,True,4.58,11.95,Reconfigure ties; balance 13 transformer banks
IND-S00059,Mangaluru,Karnataka,0.0,sectionalized-ring,15,13,24.3,True,3.0,12.64,Reconfigure ties; balance 13 transformer banks
IND-S00060,Uttarakhand Hub Generation,Uttarakhand,8.46,ring-main,15,13,20.6,False,1.42,11.13,Reconfigure ties; balance 13 transformer banks
IND-S00061,Āmlāgora,West Bengal,11.49,double-bus,15,13,14.3,True,3.86,12.06,Reconfigure ties; balance 13 transformer banks
IND-S00062,Pollachi,Tamil Nadu,8.54,meshed-N-1,15,13,26.9,True,5.01,12.59,Reconfigure ties; balance 13 transformer banks
IND-S00063,Indāpur,Maharashtra,0.0,radial-spur,15,13,22.2,False,2.72,11.03,Reconfigure ties; balance 13 transformer banks
IND-S00064,Āsansol,West Bengal,0.02,parallel-bank,15,13,24.6,True,4.4,10.47,Reconfigure ties; balance 13 transformer banks
IND-S00065,West Bengal Hub Generation,West Bengal,0.0,sectionalized-ring,15,13,23.7,True,4.18,11.74,Reconfigure ties; balance 13 transformer banks
IND-S00066,Proddatūr,Andhra Pradesh,8.85,ring-main,15,13,23.1,False,4.45,10.8,Reconfigure ties; balance 13 transformer banks
IND-S00067,Husainpur,Punjab,0.0,double-bus,15,13,17.8,True,1.63,10.69,Reconfigure ties; balance 13 transformer banks
IND-S00068,Hyderabad,Telangana,0.0,meshed-N-1,15,13,29.5,True,4.16,11.12,Reconfigure ties; balance 13 transformer banks
IND-S00069,Nellore,Andhra Pradesh,8.67,radial-spur,15,13,28.2,False,4.48,11.76,Reconfigure ties; balance 13 transformer banks
IND-S00070,Salem,Tamil Nadu,0.0,parallel-bank,15,13,14.1,True,3.95,11.81,Reconfigure ties; balance 13 transformer banks
IND-S00071,Donkamokam,Assam,0.0,sectionalized-ring,15,13,21.2,True,3.1,11.64,Reconfigure ties; balance 13 transformer banks
IND-S00072,Bihār Sharīf,Bihar,0.0,ring-main,15,13,26.7,False,3.71,11.42,Reconfigure ties; balance 13 transformer banks
IND-S00073,Rāwatsār,Rajasthan,8.44,double-bus,15,13,26.3,True,3.8,11.74,Reconfigure ties; balance 13 transformer banks
IND-S00074,Arumanai,Tamil Nadu,8.69,meshed-N-1,15,13,20.8,True,3.66,10.38,Reconfigure ties; balance 13 transformer banks
IND-S00075,Indore,Madhya Pradesh,0.09,radial-spur,15,13,18.7,False,2.86,12.4,Reconfigure ties; balance 13 transformer banks
IND-S00076,Ujjain,Madhya Pradesh,0.26,parallel-bank,15,13,22.5,True,4.87,11.58,Reconfigure ties; balance 13 transformer banks
IND-S00077,Vidisha,Madhya Pradesh,0.0,sectionalized-ring,15,13,15.8,True,4.82,11.5,Reconfigure ties; balance 13 transformer banks
IND-S00078,Suchindram,Tamil Nadu,8.6,ring-main,15,13,28.8,False,1.96,12.31,Reconfigure ties; balance 13 transformer banks
IND-S00079,Kalyān,Maharashtra,9.5,double-bus,15,13,20.6,True,4.08,11.39,Reconfigure ties; balance 13 transformer banks
IND-S00080,Prayagraj,Uttar Pradesh,10.55,meshed-N-1,15,13,22.7,True,5.64,12.5,Reconfigure ties; balance 13 transformer banks
IND-S00081,Rāj-Nāndgaon,Chhattisgarh,0.0,radial-spur,15,13,28.0,False,5.0,11.53,Reconfigure ties; balance 13 transformer banks
IND-S00082,Ahmedabad,Gujarat,0.35,parallel-bank,15,13,16.1,True,3.5,12.41,Reconfigure ties; balance 13 transformer banks
IND-S00083,Asanda,Uttar Pradesh,8.65,sectionalized-ring,15,13,23.8,True,3.96,11.48,Reconfigure ties; balance 13 transformer banks
IND-S00084,Hubballi,Karnataka,8.82,ring-main,15,13,17.1,False,3.21,12.36,Reconfigure ties; balance 13 transformer banks
IND-S00085,Shirpur,Maharashtra,0.0,double-bus,15,13,12.0,True,4.69,11.8,Reconfigure ties; balance 13 transformer banks
IND-S00086,Kosi,Uttar Pradesh,0.0,meshed-N-1,15,13,16.4,True,5.29,11.08,Reconfigure ties; balance 13 transformer banks
IND-S00087,Chennai,Tamil Nadu,0.0,radial-spur,15,13,25.2,False,3.38,11.79,Reconfigure ties; balance 13 transformer banks
IND-S00088,Lucknow,Uttar Pradesh,0.14,parallel-bank,15,13,24.6,True,3.72,11.89,Reconfigure ties; balance 13 transformer banks
IND-S00089,Rourkela,Odisha,0.09,sectionalized-ring,15,13,15.5,True,3.34,12.28,Reconfigure ties; balance 13 transformer banks
IND-S00090,Jorhat,Assam,8.58,ring-main,15,13,20.7,False,1.5,11.78,Reconfigure ties; balance 13 transformer banks
IND-S00091,Akbarpurkot,Uttar Pradesh,10.44,double-bus,15,13,18.3,True,2.72,11.54,Reconfigure ties; balance 13 transformer banks
IND-S00092,Virār,Maharashtra,0.09,meshed-N-1,15,13,18.9,True,4.34,11.12,Reconfigure ties; balance 13 transformer banks
IND-S00093,Tirupati,Andhra Pradesh,0.13,radial-spur,15,13,25.0,False,3.48,11.93,Reconfigure ties; balance 13 transformer banks
IND-S00094,Jaggayyapeta,Andhra Pradesh,8.66,parallel-bank,15,13,21.6,True,4.41,11.48,Reconfigure ties; balance 13 transformer banks
IND-S00095,Pune,Maharashtra,11.44,sectionalized-ring,15,13,26.5,True,4.27,10.83,Reconfigure ties; balance 13 transformer banks
IND-S00096,Lucknow,Uttar Pradesh,8.82,ring-main,15,13,27.0,False,2.29,11.02,Reconfigure ties; balance 13 transformer banks
IND-S00097,Kolkata,West Bengal,12.19,double-bus,15,13,21.1,True,3.81,10.61,Reconfigure ties; balance 13 transformer banks
IND-S00098,Howrah,West Bengal,0.24,meshed-N-1,15,13,20.0,True,5.88,10.28,Reconfigure ties; balance 13 transformer banks
IND-S00099,Lal Bahadur Nagar,Telangana,8.74,radial-spur,15,13,22.1,False,4.5,11.55,Reconfigure ties; balance 13 transformer banks
IND-S00100,Hyderabad,Telangana,9.36,parallel-bank,15,13,24.5,True,2.68,10.76,Reconfigure ties; balance 13 transformer banks
IND-S00101,Rajasthan Hub Generation,Rajasthan,0.0,sectionalized-ring,15,13,25.6,True,1.34,10.63,Reconfigure ties; balance 13 transformer banks
IND-S00102,Sirsa,Haryana,8.49,ring-main,15,13,26.5,False,3.82,10.32,Reconfigure ties; balance 13 transformer banks
IND-S00103,Kothri Kalān,Madhya Pradesh,8.67,double-bus,15,13,23.2,True,3.58,12.24,Reconfigure ties; balance 13 transformer banks
IND-S00104,Rāichūr,Karnataka,0.0,meshed-N-1,15,13,31.4,True,4.04,12.22,Reconfigure ties; balance 13 transformer banks
IND-S00105,Jabalpur,Madhya Pradesh,0.0,radial-spur,15,13,19.3,False,4.48,11.61,Reconfigure ties; balance 13 transformer banks
IND-S00106,Manāsa,Madhya Pradesh,8.42,parallel-bank,15,13,19.6,True,3.38,12.18,Reconfigure ties; balance 13 transformer banks
IND-S00107,Ahmedabad,Gujarat,0.0,sectionalized-ring,15,13,16.3,True,3.64,12.57,Reconfigure ties; balance 13 transformer banks
IND-S00108,Betūl,Madhya Pradesh,0.12,ring-main,15,13,15.9,False,3.51,12.28,Reconfigure ties; balance 13 transformer banks
IND-S00109,Rabkavi,Karnataka,0.0,double-bus,15,13,23.8,True,2.94,12.18,Reconfigure ties; balance 13 transformer banks
IND-S00110,Udaipur,Rajasthan,0.11,meshed-N-1,15,13,20.2,True,2.57,13.33,Reconfigure ties; balance 13 transformer banks
IND-S00111,Deoghar,Jharkhand,32.56,radial-spur,15,13,19.9,False,4.51,12.31,Reconfigure ties; balance 13 transformer banks
IND-S00112,Pune,Maharashtra,0.26,parallel-bank,15,13,26.4,True,5.89,12.2,Reconfigure ties; balance 13 transformer banks
IND-S00113,Chandigarh Hub Generation,Chandigarh,8.81,sectionalized-ring,15,13,20.1,True,3.64,12.1,Reconfigure ties; balance 13 transformer banks
IND-S00114,Howrah,West Bengal,0.0,ring-main,15,13,21.7,False,5.03,9.98,Reconfigure ties; balance 13 transformer banks
IND-S00115,Vaijāpur,Maharashtra,0.0,double-bus,15,13,21.0,True,3.5,11.17,Reconfigure ties; balance 13 transformer banks
IND-S00116,Minicoy,Lakshadweep,0.0,meshed-N-1,15,13,18.9,True,4.36,12.02,Reconfigure ties; balance 13 transformer banks
IND-S00117,Khilchipur,Madhya Pradesh,0.0,radial-spur,15,13,21.5,False,6.99,12.3,Reconfigure ties; balance 13 transformer banks
IND-S00118,Rasapūdipalem,Andhra Pradesh,9.16,parallel-bank,15,13,21.6,True,4.84,11.81,Reconfigure ties; balance 13 transformer banks
IND-S00119,Kolār,Karnataka,0.12,sectionalized-ring,15,13,25.2,True,4.25,12.03,Reconfigure ties; balance 13 transformer banks
IND-S00120,Gorakhpur,Uttar Pradesh,0.01,ring-main,15,13,26.0,False,3.11,11.11,Reconfigure ties; balance 13 transformer banks
IND-S00121,Anantapur,Andhra Pradesh,0.0,double-bus,15,13,25.7,True,4.78,13.32,Reconfigure ties; balance 13 transformer banks
IND-S00122,Korba,Chhattisgarh,0.0,meshed-N-1,15,13,12.9,True,3.62,11.63,Reconfigure ties; balance 13 transformer banks
IND-S00123,Abhūpura,Uttar Pradesh,8.78,radial-spur,15,13,23.5,False,3.01,12.09,Reconfigure ties; balance 13 transformer banks
IND-S00124,Salem,Tamil Nadu,0.0,parallel-bank,15,13,25.3,True,6.33,12.07,Reconfigure ties; balance 13 transformer banks
IND-S00125,Kolkata,West Bengal,8.9,sectionalized-ring,15,13,19.2,True,2.91,11.32,Reconfigure ties; balance 13 transformer banks
IND-S00126,Puducherry Hub Generation,Puducherry,8.4,ring-main,15,13,16.7,False,2.91,11.59,Reconfigure ties; balance 13 transformer banks
IND-S00127,Visakhapatnam,Andhra Pradesh,0.07,double-bus,15,13,20.9,True,3.94,11.35,Reconfigure ties; balance 13 transformer banks
IND-S00128,Puri,Odisha,8.63,meshed-N-1,15,13,12.0,True,3.69,11.36,Reconfigure ties; balance 13 transformer banks
IND-S00129,Siliguri,West Bengal,0.0,radial-spur,15,13,23.1,False,2.41,11.85,Reconfigure ties; balance 13 transformer banks
IND-S00130,Delhi,Delhi,11.46,parallel-bank,15,13,23.1,True,3.1,11.34,Reconfigure ties; balance 13 transformer banks
IND-S00131,Andhra Pradesh Hub Generation,Andhra Pradesh,0.0,sectionalized-ring,15,13,26.7,True,3.92,11.42,Reconfigure ties; balance 13 transformer banks
IND-S00132,Bhadrak,Odisha,0.0,ring-main,15,13,20.9,False,6.81,10.6,Reconfigure ties; balance 13 transformer banks
IND-S00133,Dombivali,Maharashtra,10.35,double-bus,15,13,24.7,True,4.14,11.83,Reconfigure ties; balance 13 transformer banks
IND-S00134,Coimbatore,Tamil Nadu,9.09,meshed-N-1,15,13,22.9,True,2.61,12.13,Reconfigure ties; balance 13 transformer banks
IND-S00135,Badlapur,Maharashtra,8.38,radial-spur,15,13,19.5,False,2.76,11.44,Reconfigure ties; balance 13 transformer banks
IND-S00136,Tirunelveli,Tamil Nadu,0.01,parallel-bank,15,13,29.4,True,5.16,12.36,Reconfigure ties; balance 13 transformer banks
IND-S00137,Mumbai,Maharashtra,1.32,sectionalized-ring,15,13,24.2,True,2.95,11.84,Reconfigure ties; balance 13 transformer banks
IND-S00138,Tiruchirappalli,Tamil Nadu,8.43,ring-main,15,13,18.3,False,4.08,11.48,Reconfigure ties; balance 13 transformer banks
IND-S00139,Lucknow,Uttar Pradesh,9.38,double-bus,15,13,26.0,True,6.2,11.05,Reconfigure ties; balance 13 transformer banks
IND-S00140,Coimbatore,Tamil Nadu,0.24,meshed-N-1,15,13,22.3,True,3.72,10.73,Reconfigure ties; balance 13 transformer banks
IND-S00141,Jalandhar,Punjab,0.03,radial-spur,15,13,17.2,False,2.57,11.83,Reconfigure ties; balance 13 transformer banks
IND-S00142,Vadnagar,Gujarat,0.0,parallel-bank,15,13,18.7,True,6.22,10.84,Reconfigure ties; balance 13 transformer banks
IND-S00143,Ānaiyūr,Tamil Nadu,0.0,sectionalized-ring,15,13,18.2,True,3.91,11.87,Reconfigure ties; balance 13 transformer banks
IND-S00144,Nandurbar,Maharashtra,0.0,ring-main,15,13,24.3,False,3.02,11.27,Reconfigure ties; balance 13 transformer banks
IND-S00145,Ajmer,Rajasthan,8.67,double-bus,15,13,14.5,True,3.64,12.42,Reconfigure ties; balance 13 transformer banks
IND-S00146,Kolkata,West Bengal,12.1,meshed-N-1,15,13,20.8,True,3.35,11.59,Reconfigure ties; balance 13 transformer banks
IND-S00147,Pimpri-Chinchwad,Maharashtra,1.37,radial-spur,15,13,24.7,False,4.43,12.41,Reconfigure ties; balance 13 transformer banks
IND-S00148,Bhubaneswar,Odisha,9.33,parallel-bank,15,13,22.7,True,4.52,10.95,Reconfigure ties; balance 13 transformer banks
IND-S00149,Fyzābād,Uttar Pradesh,0.0,sectionalized-ring,15,13,20.4,True,1.82,11.54,Reconfigure ties; balance 13 transformer banks
IND-S00150,Latur,Maharashtra,0.0,ring-main,15,13,19.1,False,4.11,11.85,Reconfigure ties; balance 13 transformer banks
IND-S00151,Pune,Maharashtra,0.37,double-bus,15,13,29.9,True,2.08,11.9,Reconfigure ties; balance 13 transformer banks
IND-S00152,Fīrozābād,Uttar Pradesh,10.31,meshed-N-1,15,13,28.1,True,3.91,12.34,Reconfigure ties; balance 13 transformer banks
IND-S00153,Delhi,Delhi,0.5,radial-spur,15,13,23.6,False,3.54,11.44,Reconfigure ties; balance 13 transformer banks
IND-S00154,Vadodara,Gujarat,0.09,parallel-bank,15,13,26.9,True,1.2,12.76,Reconfigure ties; balance 13 transformer banks
IND-S00155,Bhadrāvati,Karnataka,11.01,sectionalized-ring,15,13,24.0,True,5.16,12.07,Reconfigure ties; balance 13 transformer banks
IND-S00156,Sivakasi,Tamil Nadu,8.56,ring-main,15,13,19.9,False,4.3,13.17,Reconfigure ties; balance 13 transformer banks
IND-S00157,Jilādiguda,Telangana,0.0,double-bus,15,13,26.7,True,4.89,11.47,Reconfigure ties; balance 13 transformer banks
IND-S00158,Siliguri,West Bengal,0.0,meshed-N-1,15,13,18.5,True,3.79,11.7,Reconfigure ties; balance 13 transformer banks
IND-S00159,Madgaon,Goa,0.0,radial-spur,15,13,23.0,False,3.48,11.51,Reconfigure ties; balance 13 transformer banks
IND-S00160,Madurai,Tamil Nadu,0.17,parallel-bank,15,13,15.8,True,2.3,11.51,Reconfigure ties; balance 13 transformer banks
IND-S00161,Karnataka Hub Generation,Karnataka,12.11,sectionalized-ring,15,13,22.4,True,3.15,10.96,Reconfigure ties; balance 13 transformer banks
IND-S00162,Siliguri,West Bengal,8.51,ring-main,15,13,21.3,False,4.57,12.22,Reconfigure ties; balance 13 transformer banks
IND-S00163,Indore,Madhya Pradesh,8.68,double-bus,15,13,21.3,True,4.69,11.05,Reconfigure ties; balance 13 transformer banks
IND-S00164,Pithampur,Madhya Pradesh,8.97,meshed-N-1,15,13,19.2,True,4.47,12.3,Reconfigure ties; balance 13 transformer banks
IND-S00165,Bharatpur,Rajasthan,0.0,radial-spur,15,13,23.9,False,3.71,12.31,Reconfigure ties; balance 13 transformer banks
IND-S00166,Kanpur,Uttar Pradesh,9.17,parallel-bank,15,13,14.1,True,3.64,11.43,Reconfigure ties; balance 13 transformer banks
IND-S00167,Burāri,Delhi,0.0,sectionalized-ring,15,13,33.8,True,4.22,10.5,Reconfigure ties; balance 13 transformer banks
IND-S00168,Adigaratti,Tamil Nadu,8.52,ring-main,15,13,17.7,False,4.01,11.69,Reconfigure ties; balance 13 transformer banks
IND-S00169,Gadag-Betageri,Karnataka,8.48,double-bus,15,13,24.6,True,4.5,12.16,Reconfigure ties; balance 13 transformer banks
IND-S00170,Varanasi,Uttar Pradesh,0.03,meshed-N-1,15,13,16.5,True,4.17,10.95,Reconfigure ties; balance 13 transformer banks
IND-S00171,Chitradurga,Karnataka,10.75,radial-spur,15,13,20.9,False,3.81,12.17,Reconfigure ties; balance 13 transformer banks
IND-S00172,Neyveli,Tamil Nadu,12.37,parallel-bank,15,13,18.4,True,2.92,11.87,Reconfigure ties; balance 13 transformer banks
IND-S00173,Brahmapur,Odisha,0.12,sectionalized-ring,15,13,21.6,True,6.37,12.15,Reconfigure ties; balance 13 transformer banks
IND-S00174,Betamcherla,Andhra Pradesh,0.17,ring-main,15,13,18.4,False,3.73,11.88,Reconfigure ties; balance 13 transformer banks
IND-S00175,Durg,Chhattisgarh,8.77,double-bus,15,13,23.3,True,4.09,11.59,Reconfigure ties; balance 13 transformer banks
IND-S00176,Shājāpur,Madhya Pradesh,0.0,meshed-N-1,15,13,23.9,True,4.53,11.51,Reconfigure ties; balance 13 transformer banks
IND-S00177,Rāmgundam,Telangana,0.12,radial-spur,15,13,21.1,False,3.53,11.6,Reconfigure ties; balance 13 transformer banks
IND-S00178,Varanasi,Uttar Pradesh,0.0,parallel-bank,15,13,24.3,True,2.55,11.89,Reconfigure ties; balance 13 transformer banks
IND-S00179,Aruppukkottai,Tamil Nadu,0.0,sectionalized-ring,15,13,23.7,True,3.96,11.41,Reconfigure ties; balance 13 transformer banks
IND-S00180,Madurai,Tamil Nadu,0.0,ring-main,15,13,25.0,False,2.83,12.63,Reconfigure ties; balance 13 transformer banks
IND-S00181,Itanagar,Arunachal Pradesh,0.0,double-bus,15,13,19.8,True,3.0,11.4,Reconfigure ties; balance 13 transformer banks
IND-S00182,Gudiyatham,Tamil Nadu,0.13,meshed-N-1,15,13,19.3,True,3.16,11.53,Reconfigure ties; balance 13 transformer banks
IND-S00183,Munger,Bihar,8.93,radial-spur,15,13,27.9,False,3.27,11.3,Reconfigure ties; balance 13 transformer banks
IND-S00184,Port Blair,Andaman and Nicobar,0.0,parallel-bank,15,13,14.3,True,4.34,10.69,Reconfigure ties; balance 13 transformer banks
IND-S00185,Ramagundam,Telangana,8.38,sectionalized-ring,15,13,19.0,True,4.02,11.77,Reconfigure ties; balance 13 transformer banks
IND-S00186,Nizāmābād,Telangana,8.5,ring-main,15,13,21.1,False,3.74,11.07,Reconfigure ties; balance 13 transformer banks
IND-S00187,Nallūr,Tamil Nadu,0.11,double-bus,15,13,14.6,True,3.6,12.01,Reconfigure ties; balance 13 transformer banks
IND-S00188,Rājkot,Gujarat,0.11,meshed-N-1,15,13,23.9,True,4.5,13.36,Reconfigure ties; balance 13 transformer banks
IND-S00189,Surat,Gujarat,0.0,radial-spur,15,13,31.4,False,3.73,11.07,Reconfigure ties; balance 13 transformer banks
IND-S00190,Sāngli,Maharashtra,8.99,parallel-bank,15,13,20.0,True,2.71,10.21,Reconfigure ties; balance 13 transformer banks
IND-S00191,Nadiād,Gujarat,10.99,sectionalized-ring,15,13,20.8,True,3.26,12.91,Reconfigure ties; balance 13 transformer banks
IND-S00192,Agartala,Tripura,0.09,ring-main,15,13,19.9,False,5.19,11.15,Reconfigure ties; balance 13 transformer banks
IND-S00193,Soyībug,Jammu and Kashmir,0.0,double-bus,15,13,22.4,True,3.85,11.7,Reconfigure ties; balance 13 transformer banks
IND-S00194,Mangaluru,Karnataka,8.63,meshed-N-1,15,13,21.0,True,3.25,11.89,Reconfigure ties; balance 13 transformer banks
IND-S00195,Bhavnagar,Gujarat,0.0,radial-spur,15,13,17.9,False,2.56,12.41,Reconfigure ties; balance 13 transformer banks
IND-S00196,Mumbai,Maharashtra,11.15,parallel-bank,15,13,19.0,True,3.4,12.41,Reconfigure ties; balance 13 transformer banks
IND-S00197,Chennai,Tamil Nadu,0.05,sectionalized-ring,15,13,20.1,True,2.8,10.73,Reconfigure ties; balance 13 transformer banks
IND-S00198,Narela,Delhi,0.28,ring-main,15,13,14.1,False,3.51,11.45,Reconfigure ties; balance 13 transformer banks
IND-S00199,Kattur,Kerala,0.0,double-bus,15,13,21.2,True,4.52,12.05,Reconfigure ties; balance 13 transformer banks
IND-S00200,Gorakhpur,Uttar Pradesh,8.74,meshed-N-1,15,13,21.7,True,3.17,11.31,Reconfigure ties; balance 13 transformer banks
IND-S00201,Nizāmābād,Telangana,8.68,radial-spur,15,13,18.1,False,4.19,11.99,Reconfigure ties; balance 13 transformer banks
IND-S00202,Jhārgrām,West Bengal,0.0,parallel-bank,15,13,16.5,True,2.85,13.21,Reconfigure ties; balance 13 transformer banks
IND-S00203,Virār,Maharashtra,11.37,sectionalized-ring,15,13,16.4,True,3.38,10.83,Reconfigure ties; balance 13 transformer banks
IND-S00204,Lucknow,Uttar Pradesh,0.0,ring-main,15,13,17.1,False,2.45,11.62,Reconfigure ties; balance 13 transformer banks
IND-S00205,Tonk,Rajasthan,0.0,double-bus,15,13,25.1,True,4.35,9.9,Reconfigure ties; balance 13 transformer banks
IND-S00206,Virār,Maharashtra,9.24,meshed-N-1,15,13,22.5,True,3.95,12.48,Reconfigure ties; balance 13 transformer banks
IND-S00207,Dayapar,Gujarat,0.0,radial-spur,15,13,12.0,False,3.27,11.61,Reconfigure ties; balance 13 transformer banks
IND-S00208,Chennai,Tamil Nadu,10.88,parallel-bank,15,13,17.5,True,4.12,12.31,Reconfigure ties; balance 13 transformer banks
IND-S00209,Bilāsipāra,Assam,8.53,sectionalized-ring,15,13,19.3,True,4.17,12.01,Reconfigure ties; balance 13 transformer banks
IND-S00210,Visakhapatnam,Andhra Pradesh,0.0,ring-main,15,13,30.5,False,4.72,12.05,Reconfigure ties; balance 13 transformer banks
IND-S00211,Akhtaumangadpur,Uttar Pradesh,0.0,double-bus,15,13,17.2,True,2.9,10.7,Reconfigure ties; balance 13 transformer banks
IND-S00212,Kalaburagi,Karnataka,8.46,meshed-N-1,15,13,21.9,True,2.71,11.26,Reconfigure ties; balance 13 transformer banks
IND-S00213,Salem,Tamil Nadu,0.0,radial-spur,15,13,21.9,False,2.82,11.71,Reconfigure ties; balance 13 transformer banks
IND-S00214,Araila,Uttar Pradesh,9.02,parallel-bank,15,13,17.4,True,5.03,11.73,Reconfigure ties; balance 13 transformer banks
IND-S00215,Maharashtra Hub Generation,Maharashtra,0.54,sectionalized-ring,15,13,20.7,True,7.41,11.54,Reconfigure ties; balance 13 transformer banks
IND-S00216,Bhetia,Jharkhand,8.92,ring-main,15,13,22.4,False,3.43,11.15,Reconfigure ties; balance 13 transformer banks
IND-S00217,Kapurthala Town,Punjab,0.0,double-bus,15,13,19.0,True,4.02,11.89,Reconfigure ties; balance 13 transformer banks
IND-S00218,Bālurghāt,West Bengal,0.0,meshed-N-1,15,13,20.7,True,5.5,12.09,Reconfigure ties; balance 13 transformer banks
IND-S00219,Bikaner,Rajasthan,0.0,radial-spur,15,13,20.0,False,4.41,13.17,Reconfigure ties; balance 13 transformer banks
IND-S00220,Rasapūdipalem,Andhra Pradesh,0.14,parallel-bank,15,13,16.3,True,5.39,10.21,Reconfigure ties; balance 13 transformer banks
IND-S00221,Kadapa,Andhra Pradesh,9.05,sectionalized-ring,15,13,23.7,True,1.2,11.13,Reconfigure ties; balance 13 transformer banks
IND-S00222,Nagpur,Maharashtra,0.7,ring-main,15,13,18.4,False,4.14,11.08,Reconfigure ties; balance 13 transformer banks
IND-S00223,Barddhamān,West Bengal,0.0,double-bus,15,13,19.6,True,2.74,10.44,Reconfigure ties; balance 13 transformer banks
IND-S00224,Arrah,Bihar,9.33,meshed-N-1,15,13,19.3,True,5.51,12.04,Reconfigure ties; balance 13 transformer banks
IND-S00225,Kadipikonda,Telangana,0.0,radial-spur,15,13,29.0,False,2.95,11.06,Reconfigure ties; balance 13 transformer banks
IND-S00226,Thāne,Maharashtra,8.65,parallel-bank,15,13,17.4,True,2.39,11.08,Reconfigure ties; balance 13 transformer banks
IND-S00227,Vellore,Tamil Nadu,0.0,sectionalized-ring,15,13,18.6,True,1.51,11.3,Reconfigure ties; balance 13 transformer banks
IND-S00228,Bilimora,Gujarat,0.0,ring-main,15,13,14.2,False,5.17,11.27,Reconfigure ties; balance 13 transformer banks
IND-S00229,Uttarakhand Hub Generation,Uttarakhand,0.0,double-bus,15,13,19.0,True,3.46,12.27,Reconfigure ties; balance 13 transformer banks
IND-S00230,Porbandar,Gujarat,0.0,meshed-N-1,15,13,23.1,True,3.63,12.7,Reconfigure ties; balance 13 transformer banks
IND-S00231,Ahmedabad,Gujarat,10.35,radial-spur,15,13,22.8,False,3.81,10.46,Reconfigure ties; balance 13 transformer banks
IND-S00232,Kōttakkal,Kerala,8.56,parallel-bank,15,13,18.0,True,4.16,11.23,Reconfigure ties; balance 13 transformer banks
IND-S00233,Gadag,Karnataka,0.0,sectionalized-ring,15,13,23.9,True,3.3,12.15,Reconfigure ties; balance 13 transformer banks
IND-S00234,Ahmedabad,Gujarat,0.36,ring-main,15,13,21.3,False,4.45,10.76,Reconfigure ties; balance 13 transformer banks
IND-S00235,Bhusawal,Maharashtra,0.0,double-bus,15,13,22.2,True,4.7,11.2,Reconfigure ties; balance 13 transformer banks
IND-S00236,Bālāghāt,Madhya Pradesh,0.0,meshed-N-1,15,13,21.5,True,2.84,11.4,Reconfigure ties; balance 13 transformer banks
IND-S00237,Mumbai,Maharashtra,8.58,radial-spur,15,13,26.7,False,3.03,11.56,Reconfigure ties; balance 13 transformer banks
IND-S00238,Jodhpur,Rajasthan,8.79,parallel-bank,15,13,24.0,True,2.82,11.78,Reconfigure ties; balance 13 transformer banks
IND-S00239,Shertallai,Kerala,8.75,sectionalized-ring,15,13,17.2,True,2.65,11.44,Reconfigure ties; balance 13 transformer banks
IND-S00240,Uppal Kalan,Telangana,0.0,ring-main,15,13,21.9,False,4.15,11.72,Reconfigure ties; balance 13 transformer banks
IND-S00241,Sānand,Gujarat,0.0,double-bus,15,13,24.4,True,5.12,11.94,Reconfigure ties; balance 13 transformer banks
IND-S00242,Korba,Chhattisgarh,0.17,meshed-N-1,15,13,19.3,True,3.27,11.01,Reconfigure ties; balance 13 transformer banks
IND-S00243,Loni,Uttar Pradesh,8.67,radial-spur,15,13,22.5,False,5.27,11.8,Reconfigure ties; balance 13 transformer banks
IND-S00244,Nagpur,Maharashtra,0.0,parallel-bank,15,13,15.2,True,4.63,10.74,Reconfigure ties; balance 13 transformer banks
IND-S00245,Nirmāli,Bihar,8.83,sectionalized-ring,15,13,18.5,True,4.8,10.53,Reconfigure ties; balance 13 transformer banks
IND-S00246,Mulugu,Telangana,0.0,ring-main,15,13,17.1,False,4.44,11.87,Reconfigure ties; balance 13 transformer banks
IND-S00247,Dhanbad,Jharkhand,0.0,double-bus,15,13,27.6,True,2.63,11.83,Reconfigure ties; balance 13 transformer banks
IND-S00248,Sonīpat,Haryana,0.12,meshed-N-1,15,13,17.4,True,4.05,12.04,Reconfigure ties; balance 13 transformer banks
IND-S00249,Kushinagar,Uttar Pradesh,8.67,radial-spur,15,13,22.2,False,4.64,11.55,Reconfigure ties; balance 13 transformer banks
IND-S00250,Pune,Maharashtra,0.0,parallel-bank,15,13,22.5,True,2.8,11.44,Reconfigure ties; balance 13 transformer banks
IND-S00251,Deoria,Uttar Pradesh,8.4,sectionalized-ring,15,13,19.8,True,3.78,10.34,Reconfigure ties; balance 13 transformer banks
IND-S00252,Siliguri,West Bengal,11.56,ring-main,15,13,17.4,False,3.29,11.37,Reconfigure ties; balance 13 transformer banks
IND-S00253,Hadiāya,Punjab,0.0,double-bus,15,13,16.9,True,3.62,11.23,Reconfigure ties; balance 13 transformer banks
IND-S00254,Ahmedabad,Gujarat,0.0,meshed-N-1,15,13,23.0,True,5.45,11.48,Reconfigure ties; balance 13 transformer banks
IND-S00255,Coimbatore,Tamil Nadu,9.73,radial-spur,15,13,19.0,False,4.42,11.05,Reconfigure ties; balance 13 transformer banks
IND-S00256,Koratla,Telangana,8.46,parallel-bank,15,13,18.5,True,3.7,11.52,Reconfigure ties; balance 13 transformer banks
IND-S00257,Punāsa,Madhya Pradesh,0.0,sectionalized-ring,15,13,22.3,True,4.33,11.23,Reconfigure ties; balance 13 transformer banks
IND-S00258,Noida,Uttar Pradesh,0.0,ring-main,15,13,17.4,False,4.22,12.07,Reconfigure ties; balance 13 transformer banks
IND-S00259,Gaya,Bihar,8.64,double-bus,15,13,22.9,True,3.98,10.61,Reconfigure ties; balance 13 transformer banks
IND-S00260,Godhra,Gujarat,0.0,meshed-N-1,15,13,19.7,True,4.2,11.56,Reconfigure ties; balance 13 transformer banks
IND-S00261,Kolkata,West Bengal,8.78,radial-spur,15,13,20.8,False,3.38,11.16,Reconfigure ties; balance 13 transformer banks
IND-S00262,Tirunelveli,Tamil Nadu,0.19,parallel-bank,15,13,22.2,True,3.05,11.94,Reconfigure ties; balance 13 transformer banks
IND-S00263,Sansari,Maharashtra,0.05,sectionalized-ring,15,13,17.3,True,5.58,11.23,Reconfigure ties; balance 13 transformer banks
IND-S00264,Kānke,Jharkhand,0.03,ring-main,15,13,21.8,False,4.4,12.15,Reconfigure ties; balance 13 transformer banks
IND-S00265,Karnāl,Haryana,0.0,double-bus,15,13,15.2,True,4.34,11.65,Reconfigure ties; balance 13 transformer banks
IND-S00266,Ahsanpur,Uttar Pradesh,8.63,meshed-N-1,15,13,16.3,True,4.11,11.14,Reconfigure ties; balance 13 transformer banks
IND-S00267,Rajpura,Punjab,0.0,radial-spur,15,13,22.0,False,4.63,12.23,Reconfigure ties; balance 13 transformer banks
IND-S00268,Mumbai,Maharashtra,9.04,parallel-bank,15,13,26.6,True,3.62,10.61,Reconfigure ties; balance 13 transformer banks
IND-S00269,Ambikāpur,Chhattisgarh,0.0,sectionalized-ring,15,13,19.6,True,2.88,11.93,Reconfigure ties; balance 13 transformer banks
IND-S00270,Khaniādhāna,Madhya Pradesh,8.71,ring-main,15,13,22.7,False,4.47,12.25,Reconfigure ties; balance 13 transformer banks
IND-S00271,Amalner,Maharashtra,8.82,double-bus,15,13,19.2,True,3.91,11.8,Reconfigure ties; balance 13 transformer banks
IND-S00272,Kolkata,West Bengal,10.2,meshed-N-1,15,13,15.6,True,5.42,10.3,Reconfigure ties; balance 13 transformer banks
IND-S00273,Tamil Nadu Hub Generation,Tamil Nadu,0.42,radial-spur,15,13,22.3,False,3.75,11.95,Reconfigure ties; balance 13 transformer banks
IND-S00274,Tiruppur,Tamil Nadu,0.09,parallel-bank,15,13,18.3,True,2.03,12.7,Reconfigure ties; balance 13 transformer banks
IND-S00275,Gandhinagar,Gujarat,0.0,sectionalized-ring,15,13,22.6,True,3.15,9.88,Reconfigure ties; balance 13 transformer banks
IND-S00276,Kakkodi,Kerala,0.0,ring-main,15,13,19.3,False,2.42,12.26,Reconfigure ties; balance 13 transformer banks
IND-S00277,Seppa,Arunachal Pradesh,8.85,double-bus,15,13,22.3,True,5.68,10.55,Reconfigure ties; balance 13 transformer banks
IND-S00278,Faridabad,Haryana,0.0,meshed-N-1,15,13,27.9,True,3.49,11.11,Reconfigure ties; balance 13 transformer banks
IND-S00279,Kanchipuram,Tamil Nadu,8.61,radial-spur,15,13,20.1,False,4.33,11.82,Reconfigure ties; balance 13 transformer banks
IND-S00280,Fīrozābād,Uttar Pradesh,0.0,parallel-bank,15,13,22.4,True,5.15,11.91,Reconfigure ties; balance 13 transformer banks
IND-S00281,Baharampur,West Bengal,0.0,sectionalized-ring,15,13,21.7,True,4.03,11.61,Reconfigure ties; balance 13 transformer banks
IND-S00282,Bhāgalpur,Bihar,0.0,ring-main,15,13,22.0,False,2.25,10.77,Reconfigure ties; balance 13 transformer banks
IND-S00283,Najafgarh,Delhi,0.0,double-bus,15,13,20.9,True,4.99,12.18,Reconfigure ties; balance 13 transformer banks
IND-S00284,Gorakhpur,Uttar Pradesh,8.7,meshed-N-1,15,13,26.8,True,3.0,10.32,Reconfigure ties; balance 13 transformer banks
IND-S00285,Mumbai,Maharashtra,0.12,radial-spur,15,13,13.8,False,4.95,11.38,Reconfigure ties; balance 13 transformer banks
IND-S00286,Mysuru,Karnataka,10.83,parallel-bank,15,13,24.2,True,2.4,10.2,Reconfigure ties; balance 13 transformer banks
IND-S00287,Milavittan,Tamil Nadu,0.13,sectionalized-ring,15,13,22.2,True,3.67,12.61,Reconfigure ties; balance 13 transformer banks
IND-S00288,Dombivali,Maharashtra,0.81,ring-main,15,13,12.0,False,3.41,12.74,Reconfigure ties; balance 13 transformer banks
IND-S00289,Sīkar,Rajasthan,0.0,double-bus,15,13,27.3,True,5.32,10.88,Reconfigure ties; balance 13 transformer banks
IND-S00290,Barauni,Bihar,0.0,meshed-N-1,15,13,26.6,True,2.02,10.43,Reconfigure ties; balance 13 transformer banks
IND-S00291,Virār,Maharashtra,0.14,radial-spur,15,13,22.8,False,3.9,11.0,Reconfigure ties; balance 13 transformer banks
IND-S00292,Nagpur,Maharashtra,0.28,parallel-bank,15,13,13.6,True,5.58,11.73,Reconfigure ties; balance 13 transformer banks
IND-S00293,Port Blair,Andaman and Nicobar,0.0,sectionalized-ring,15,13,28.5,True,3.48,10.16,Reconfigure ties; balance 13 transformer banks
IND-S00294,Laitumkhrah,Meghalaya,0.0,ring-main,15,13,17.8,False,3.37,11.03,Reconfigure ties; balance 13 transformer banks
IND-S00295,Chik Ballāpur,Karnataka,8.51,double-bus,15,13,29.1,True,3.95,12.06,Reconfigure ties; balance 13 transformer banks
IND-S00296,Aurangabad,Maharashtra,33.51,meshed-N-1,15,13,18.1,True,3.68,10.94,Reconfigure ties; balance 13 transformer banks
IND-S00297,Ranchi,Jharkhand,0.81,radial-spur,15,13,26.0,False,3.38,11.68,Reconfigure ties; balance 13 transformer banks
IND-S00298,Sarwar,Rajasthan,8.9,parallel-bank,15,13,16.5,True,3.98,11.22,Reconfigure ties; balance 13 transformer banks
IND-S00299,Bengaluru,Karnataka,29.38,sectionalized-ring,15,13,16.6,True,3.57,11.65,Reconfigure ties; balance 13 transformer banks
IND-S00300,Pimpri,Maharashtra,0.68,ring-main,15,13,16.7,False,4.87,10.81,Reconfigure ties; balance 13 transformer banks
IND-S00301,Valparai,Tamil Nadu,0.07,double-bus,15,13,23.1,True,4.63,11.01,Reconfigure ties; balance 13 transformer banks
IND-S00302,Nīlokheri,Haryana,0.0,meshed-N-1,15,13,25.6,True,3.48,12.4,Reconfigure ties; balance 13 transformer banks
IND-S00303,Jamunāmukh,Assam,0.0,radial-spur,15,13,24.7,False,3.8,11.95,Reconfigure ties; balance 13 transformer banks
IND-S00304,Khamānon Kalān,Punjab,0.0,parallel-bank,15,13,24.8,True,4.41,11.82,Reconfigure ties; balance 13 transformer banks
IND-S00305,Lebur Bit ? I,Andhra Pradesh,34.61,sectionalized-ring,15,13,25.4,True,4.14,10.74,Reconfigure ties; balance 13 transformer banks
IND-S00306,Kalyān,Maharashtra,11.03,ring-main,15,13,25.1,False,5.05,9.73,Reconfigure ties; balance 13 transformer banks
IND-S00307,Visakhapatnam,Andhra Pradesh,8.66,double-bus,15,13,24.0,True,3.73,11.23,Reconfigure ties; balance 13 transformer banks
IND-S00308,Khammam,Telangana,0.0,meshed-N-1,15,13,17.4,True,4.23,11.57,Reconfigure ties; balance 13 transformer banks
IND-S00309,Kākināda,Andhra Pradesh,0.0,radial-spur,15,13,16.7,False,2.56,12.03,Reconfigure ties; balance 13 transformer banks
IND-S00310,Quthbullapur,Telangana,0.14,parallel-bank,15,13,19.4,True,3.21,9.91,Reconfigure ties; balance 13 transformer banks
IND-S00311,Haripur,West Bengal,9.02,sectionalized-ring,15,13,26.8,True,4.6,11.75,Reconfigure ties; balance 13 transformer banks
IND-S00312,Kalyān,Maharashtra,30.28,ring-main,15,13,18.2,False,4.63,11.34,Reconfigure ties; balance 13 transformer banks
IND-S00313,Tirunelveli,Tamil Nadu,0.0,double-bus,15,13,16.3,True,3.37,11.43,Reconfigure ties; balance 13 transformer banks
IND-S00314,Bārāsat,West Bengal,0.0,meshed-N-1,15,13,13.6,True,5.05,10.85,Reconfigure ties; balance 13 transformer banks
IND-S00315,Tamgaon,Maharashtra,0.08,radial-spur,15,13,16.6,False,3.54,12.57,Reconfigure ties; balance 13 transformer banks
IND-S00316,Ajtūpur,Uttar Pradesh,0.0,parallel-bank,15,13,26.7,True,4.63,12.83,Reconfigure ties; balance 13 transformer banks
IND-S00317,Howrah,West Bengal,0.3,sectionalized-ring,15,13,21.2,True,4.93,11.59,Reconfigure ties; balance 13 transformer banks
IND-S00318,Pune,Maharashtra,0.0,ring-main,15,13,24.4,False,4.66,11.53,Reconfigure ties; balance 13 transformer banks
IND-S00319,Badlapur,Maharashtra,8.95,double-bus,15,13,18.9,True,3.15,11.39,Reconfigure ties; balance 13 transformer banks
IND-S00320,Nashik,Maharashtra,8.59,meshed-N-1,15,13,19.4,True,3.62,11.95,Reconfigure ties; balance 13 transformer banks
IND-S00321,Sāhibganj,Jharkhand,0.0,radial-spur,15,13,16.3,False,3.37,11.8,Reconfigure ties; balance 13 transformer banks
IND-S00322,Chāībāsa,Jharkhand,8.54,parallel-bank,15,13,18.0,True,4.21,11.08,Reconfigure ties; balance 13 transformer banks
IND-S00323,Rasapūdipalem,Andhra Pradesh,0.0,sectionalized-ring,15,13,22.2,True,4.23,12.26,Reconfigure ties; balance 13 transformer banks
IND-S00324,Palakkad,Kerala,8.4,ring-main,15,13,17.1,False,3.47,11.29,Reconfigure ties; balance 13 transformer banks
IND-S00325,Kozhikode,Kerala,0.0,double-bus,15,13,21.1,True,2.19,10.36,Reconfigure ties; balance 13 transformer banks
IND-S00326,Tamil Nadu Hub Generation,Tamil Nadu,0.3,meshed-N-1,15,13,13.1,True,2.72,10.96,Reconfigure ties; balance 13 transformer banks
IND-S00327,Pimpri,Maharashtra,0.44,radial-spur,15,13,26.6,False,4.24,12.19,Reconfigure ties; balance 13 transformer banks
IND-S00328,Sillod,Maharashtra,0.0,parallel-bank,15,13,22.4,True,3.11,12.41,Reconfigure ties; balance 13 transformer banks
IND-S00329,Pune,Maharashtra,10.25,sectionalized-ring,15,13,18.1,True,1.97,12.62,Reconfigure ties; balance 13 transformer banks
IND-S00330,Uluberiya,West Bengal,0.0,ring-main,15,13,22.8,False,5.32,11.72,Reconfigure ties; balance 13 transformer banks
IND-S00331,Anwarkhera,Uttar Pradesh,0.0,double-bus,15,13,17.9,True,5.08,11.83,Reconfigure ties; balance 13 transformer banks
IND-S00332,Amboditharbail,Karnataka,0.0,meshed-N-1,15,13,18.1,True,3.55,11.16,Reconfigure ties; balance 13 transformer banks
IND-S00333,Sīkar,Rajasthan,0.0,radial-spur,15,13,20.4,False,4.39,11.9,Reconfigure ties; balance 13 transformer banks
IND-S00334,Kanayannur,Kerala,0.2,parallel-bank,15,13,22.0,True,5.34,10.81,Reconfigure ties; balance 13 transformer banks
IND-S00335,Samālka,Delhi,0.0,sectionalized-ring,15,13,34.2,True,4.4,11.39,Reconfigure ties; balance 13 transformer banks
IND-S00336,Begowāl,Punjab,9.02,ring-main,15,13,20.4,False,2.8,11.46,Reconfigure ties; balance 13 transformer banks
IND-S00337,Rasapūdipalem,Andhra Pradesh,0.23,double-bus,15,13,25.7,True,2.32,12.97,Reconfigure ties; balance 13 transformer banks
IND-S00338,Fatehābād,Haryana,0.0,meshed-N-1,15,13,21.9,True,4.39,11.02,Reconfigure ties; balance 13 transformer banks
IND-S00339,Palakkad,Kerala,0.0,radial-spur,15,13,24.4,False,2.34,11.36,Reconfigure ties; balance 13 transformer banks
IND-S00340,Ahmedabad,Gujarat,0.0,parallel-bank,15,13,18.7,True,3.56,12.2,Reconfigure ties; balance 13 transformer banks
IND-S00341,Pune,Maharashtra,0.88,sectionalized-ring,15,13,20.6,True,2.7,11.5,Reconfigure ties; balance 13 transformer banks
IND-S00342,Budaun,Uttar Pradesh,29.35,ring-main,15,13,20.5,False,4.39,12.12,Reconfigure ties; balance 13 transformer banks
IND-S00343,Purnia,Bihar,0.0,double-bus,15,13,19.3,True,3.55,11.01,Reconfigure ties; balance 13 transformer banks
IND-S00344,Bihar Hub Generation,Bihar,8.54,meshed-N-1,15,13,17.5,True,4.22,10.97,Reconfigure ties; balance 13 transformer banks
IND-S00345,Jamshedpur,Jharkhand,9.84,radial-spur,15,13,20.7,False,3.61,11.42,Reconfigure ties; balance 13 transformer banks
IND-S00346,Kalliyasshēri,Kerala,0.06,parallel-bank,15,13,19.2,True,5.41,12.32,Reconfigure ties; balance 13 transformer banks
IND-S00347,Thoothukudi,Tamil Nadu,11.27,sectionalized-ring,15,13,27.7,True,5.36,11.63,Reconfigure ties; balance 13 transformer banks
IND-S00348,Bilāspur,Chhattisgarh,8.83,ring-main,15,13,21.3,False,3.05,12.61,Reconfigure ties; balance 13 transformer banks
IND-S00349,Malegaon,Maharashtra,0.0,double-bus,15,13,19.9,True,4.29,10.6,Reconfigure ties; balance 13 transformer banks
IND-S00350,Fatehpur,Uttar Pradesh,9.61,meshed-N-1,15,13,19.7,True,3.74,12.29,Reconfigure ties; balance 13 transformer banks
IND-S00351,Akaltara,Chhattisgarh,0.0,radial-spur,15,13,29.3,False,3.43,10.95,Reconfigure ties; balance 13 transformer banks
IND-S00352,Bangaon,Bihar,32.24,parallel-bank,15,13,21.1,True,2.04,12.09,Reconfigure ties; balance 13 transformer banks
IND-S00353,Bilimora,Gujarat,0.12,sectionalized-ring,15,13,17.8,True,3.93,11.36,Reconfigure ties; balance 13 transformer banks
IND-S00354,Shivamogga,Karnataka,0.63,ring-main,15,13,20.9,False,1.75,10.92,Reconfigure ties; balance 13 transformer banks
IND-S00355,Prayagraj,Uttar Pradesh,8.45,double-bus,15,13,17.8,True,3.7,11.2,Reconfigure ties; balance 13 transformer banks
IND-S00356,Neyyāttinkara,Kerala,0.0,meshed-N-1,15,13,19.7,True,5.1,11.32,Reconfigure ties; balance 13 transformer banks
IND-S00357,Hoshiārpur,Punjab,0.0,radial-spur,15,13,21.9,False,4.5,11.81,Reconfigure ties; balance 13 transformer banks
IND-S00358,Sambalpur,Odisha,0.1,parallel-bank,15,13,25.4,True,4.61,10.59,Reconfigure ties; balance 13 transformer banks
IND-S00359,Kalamb,Maharashtra,8.65,sectionalized-ring,15,13,20.9,True,3.95,11.01,Reconfigure ties; balance 13 transformer banks
IND-S00360,Amritsar,Punjab,8.83,ring-main,15,13,23.0,False,2.37,12.52,Reconfigure ties; balance 13 transformer banks
IND-S00361,Virār,Maharashtra,0.0,double-bus,15,13,13.4,True,4.99,11.45,Reconfigure ties; balance 13 transformer banks
IND-S00362,Bhavnagar,Gujarat,0.11,meshed-N-1,15,13,18.8,True,4.15,11.19,Reconfigure ties; balance 13 transformer banks
IND-S00363,Hoskote,Karnataka,0.0,radial-spur,15,13,26.0,False,4.68,10.67,Reconfigure ties; balance 13 transformer banks
IND-S00364,Guntur,Andhra Pradesh,0.1,parallel-bank,15,13,22.5,True,2.76,12.32,Reconfigure ties; balance 13 transformer banks
IND-S00365,Islāmpur,West Bengal,8.51,sectionalized-ring,15,13,20.1,True,5.22,11.43,Reconfigure ties; balance 13 transformer banks
IND-S00366,Punāsa,Madhya Pradesh,10.22,ring-main,15,13,15.4,False,2.77,11.93,Reconfigure ties; balance 13 transformer banks
IND-S00367,Indore,Madhya Pradesh,0.0,double-bus,15,13,23.3,True,3.6,11.56,Reconfigure ties; balance 13 transformer banks
IND-S00368,Madurai,Tamil Nadu,0.12,meshed-N-1,15,13,27.0,True,3.85,10.65,Reconfigure ties; balance 13 transformer banks
IND-S00369,Arrah,Bihar,0.0,radial-spur,15,13,28.1,False,1.63,12.97,Reconfigure ties; balance 13 transformer banks
IND-S00370,Kohima,Nagaland,0.18,parallel-bank,15,13,17.5,True,4.0,11.98,Reconfigure ties; balance 13 transformer banks
IND-S00371,Gwalior,Madhya Pradesh,0.11,sectionalized-ring,15,13,19.8,True,2.53,12.02,Reconfigure ties; balance 13 transformer banks
IND-S00372,Bhawanipur,Bihar,0.0,ring-main,15,13,22.9,False,4.4,11.74,Reconfigure ties; balance 13 transformer banks
IND-S00373,Bhabhua,Bihar,8.59,double-bus,15,13,28.2,True,2.72,10.87,Reconfigure ties; balance 13 transformer banks
IND-S00374,Amdāri,Uttar Pradesh,0.0,meshed-N-1,15,13,19.7,True,3.2,11.82,Reconfigure ties; balance 13 transformer banks
IND-S00375,Nashik,Maharashtra,8.89,radial-spur,15,13,12.0,False,2.76,11.23,Reconfigure ties; balance 13 transformer banks
IND-S00376,Guwahati,Assam,32.35,parallel-bank,15,13,16.3,True,3.34,11.79,Reconfigure ties; balance 13 transformer banks
IND-S00377,Bengaluru,Karnataka,0.0,sectionalized-ring,15,13,24.5,True,4.26,11.75,Reconfigure ties; balance 13 transformer banks
IND-S00378,Bathinda,Punjab,9.07,ring-main,15,13,20.2,False,3.3,11.05,Reconfigure ties; balance 13 transformer banks
IND-S00379,Pālkonda,Andhra Pradesh,0.0,double-bus,15,13,24.1,True,3.75,10.81,Reconfigure ties; balance 13 transformer banks
IND-S00380,Tiruchengode,Tamil Nadu,0.0,meshed-N-1,15,13,25.6,True,4.04,11.96,Reconfigure ties; balance 13 transformer banks
IND-S00381,Dwāraka Tirumala,Andhra Pradesh,0.0,radial-spur,15,13,17.9,False,4.52,11.97,Reconfigure ties; balance 13 transformer banks
IND-S00382,Baripāda,Odisha,8.78,parallel-bank,15,13,27.0,True,3.67,10.55,Reconfigure ties; balance 13 transformer banks
IND-S00383,Panipat,Haryana,0.29,sectionalized-ring,15,13,24.4,True,4.48,11.37,Reconfigure ties; balance 13 transformer banks
IND-S00384,Jaigaon,West Bengal,8.53,ring-main,15,13,23.3,False,4.54,10.95,Reconfigure ties; balance 13 transformer banks
IND-S00385,Panchkula,Haryana,0.0,double-bus,15,13,20.9,True,1.76,11.49,Reconfigure ties; balance 13 transformer banks
IND-S00386,Deesa,Gujarat,0.0,meshed-N-1,15,13,20.5,True,3.85,12.34,Reconfigure ties; balance 13 transformer banks
IND-S00387,Muttayyāpuram,Tamil Nadu,0.0,radial-spur,15,13,20.5,False,2.35,12.02,Reconfigure ties; balance 13 transformer banks
IND-S00388,Rourkela,Odisha,8.98,parallel-bank,15,13,18.9,True,3.21,12.05,Reconfigure ties; balance 13 transformer banks
IND-S00389,Chennai,Tamil Nadu,0.27,sectionalized-ring,15,13,13.6,True,3.03,11.6,Reconfigure ties; balance 13 transformer banks
IND-S00390,Indore,Madhya Pradesh,0.0,ring-main,15,13,24.5,False,4.18,11.88,Reconfigure ties; balance 13 transformer banks
IND-S00391,Ainchhāka,Rajasthan,8.63,double-bus,15,13,17.0,True,1.82,10.53,Reconfigure ties; balance 13 transformer banks
IND-S00392,Dhanbad,Jharkhand,0.0,meshed-N-1,15,13,21.7,True,5.42,11.46,Reconfigure ties; balance 13 transformer banks
IND-S00393,Brahmapur,Odisha,0.0,radial-spur,15,13,18.3,False,4.71,11.66,Reconfigure ties; balance 13 transformer banks
IND-S00394,Cuttack,Odisha,8.57,parallel-bank,15,13,23.1,True,3.69,10.92,Reconfigure ties; balance 13 transformer banks
IND-S00395,Shahuwadi,Maharashtra,0.0,sectionalized-ring,15,13,22.8,True,1.84,10.78,Reconfigure ties; balance 13 transformer banks
IND-S00396,Kolkata,West Bengal,0.0,ring-main,15,13,22.6,False,3.32,11.46,Reconfigure ties; balance 13 transformer banks
IND-S00397,Kerala Hub Generation,Kerala,8.57,double-bus,15,13,12.0,True,4.96,12.23,Reconfigure ties; balance 13 transformer banks
IND-S00398,Kolkata,West Bengal,0.01,meshed-N-1,15,13,16.3,True,4.23,10.57,Reconfigure ties; balance 13 transformer banks
IND-S00399,Dombivali,Maharashtra,10.87,radial-spur,15,13,19.9,False,4.85,11.91,Reconfigure ties; balance 13 transformer banks
IND-S00400,Tiruchirappalli,Tamil Nadu,0.0,parallel-bank,15,13,23.3,True,2.6,10.78,Reconfigure ties; balance 13 transformer banks
IND-S00401,Rudrapur,Uttarakhand,0.0,sectionalized-ring,15,13,17.7,True,5.42,11.01,Reconfigure ties; balance 13 transformer banks
IND-S00402,Khargone,Madhya Pradesh,0.0,ring-main,15,13,12.7,False,1.87,11.35,Reconfigure ties; balance 13 transformer banks
IND-S00403,Kalyān,Maharashtra,0.34,double-bus,15,13,20.6,True,3.95,11.16,Reconfigure ties; balance 13 transformer banks
IND-S00404,Meerut,Uttar Pradesh,10.28,meshed-N-1,15,13,26.2,True,4.39,11.93,Reconfigure ties; balance 13 transformer banks
IND-S00405,Jaipur,Rajasthan,11.56,radial-spur,15,13,21.4,False,3.51,10.66,Reconfigure ties; balance 13 transformer banks
IND-S00406,Alappuzha,Kerala,8.53,parallel-bank,15,13,15.0,True,3.12,10.9,Reconfigure ties; balance 13 transformer banks
IND-S00407,Agron,Himachal Pradesh,0.0,sectionalized-ring,15,13,22.7,True,4.2,12.58,Reconfigure ties; balance 13 transformer banks
IND-S00408,Bidar,Karnataka,0.14,ring-main,15,13,21.8,False,1.2,12.02,Reconfigure ties; balance 13 transformer banks
IND-S00409,Chas,Jharkhand,8.37,double-bus,15,13,24.3,True,4.32,12.51,Reconfigure ties; balance 13 transformer banks
IND-S00410,Chānda,Maharashtra,0.02,meshed-N-1,15,13,21.9,True,3.05,12.18,Reconfigure ties; balance 13 transformer banks
IND-S00411,Rasapūdipalem,Andhra Pradesh,34.1,radial-spur,15,13,19.8,False,4.51,11.01,Reconfigure ties; balance 13 transformer banks
IND-S00412,Bareilly,Uttar Pradesh,0.01,parallel-bank,15,13,21.5,True,4.12,11.07,Reconfigure ties; balance 13 transformer banks
IND-S00413,Gudivāda,Andhra Pradesh,0.0,sectionalized-ring,15,13,21.2,True,5.25,11.19,Reconfigure ties; balance 13 transformer banks
IND-S00414,Tiruchirappalli,Tamil Nadu,0.14,ring-main,15,13,17.8,False,3.67,11.87,Reconfigure ties; balance 13 transformer banks
IND-S00415,Bhopal,Madhya Pradesh,0.0,double-bus,15,13,21.1,True,3.11,11.3,Reconfigure ties; balance 13 transformer banks
IND-S00416,Sāngola,Maharashtra,0.0,meshed-N-1,15,13,18.4,True,4.53,11.38,Reconfigure ties; balance 13 transformer banks
IND-S00417,Kota,Rajasthan,0.08,radial-spur,15,13,17.7,False,4.43,11.47,Reconfigure ties; balance 13 transformer banks
IND-S00418,Salem,Tamil Nadu,0.0,parallel-bank,15,13,21.1,True,2.91,12.17,Reconfigure ties; balance 13 transformer banks
IND-S00419,Prayagraj,Uttar Pradesh,10.13,sectionalized-ring,15,13,18.2,True,4.91,11.02,Reconfigure ties; balance 13 transformer banks
IND-S00420,Saharsa,Bihar,0.0,ring-main,15,13,17.0,False,4.68,10.07,Reconfigure ties; balance 13 transformer banks
IND-S00421,Ahupe,Maharashtra,0.0,double-bus,15,13,20.4,True,5.12,11.24,Reconfigure ties; balance 13 transformer banks
IND-S00422,Robertsonpet,Karnataka,12.97,meshed-N-1,15,13,18.3,True,2.82,12.09,Reconfigure ties; balance 13 transformer banks
IND-S00423,Sangāreddi,Telangana,0.0,radial-spur,15,13,21.7,False,4.36,11.25,Reconfigure ties; balance 13 transformer banks
IND-S00424,Pankhedi,Madhya Pradesh,8.61,parallel-bank,15,13,20.4,True,5.13,11.99,Reconfigure ties; balance 13 transformer banks
IND-S00425,Bhubaneswar,Odisha,0.0,sectionalized-ring,15,13,20.9,True,2.49,11.94,Reconfigure ties; balance 13 transformer banks
IND-S00426,Mumbai,Maharashtra,0.16,ring-main,15,13,18.0,False,4.9,11.69,Reconfigure ties; balance 13 transformer banks
IND-S00427,Goa Hub Generation,Goa,9.51,double-bus,15,13,16.0,True,2.98,11.63,Reconfigure ties; balance 13 transformer banks
IND-S00428,Varanasi,Uttar Pradesh,0.12,meshed-N-1,15,13,18.4,True,2.57,11.39,Reconfigure ties; balance 13 transformer banks
IND-S00429,Pune,Maharashtra,10.94,radial-spur,15,13,26.4,False,3.31,11.95,Reconfigure ties; balance 13 transformer banks
IND-S00430,Gyānpur,Uttar Pradesh,0.03,parallel-bank,15,13,23.5,True,3.65,12.54,Reconfigure ties; balance 13 transformer banks
IND-S00431,Chīka,Haryana,11.72,sectionalized-ring,15,13,17.4,True,4.78,11.95,Reconfigure ties; balance 13 transformer banks
IND-S00432,Gwalior,Madhya Pradesh,0.06,ring-main,15,13,21.1,False,5.55,11.79,Reconfigure ties; balance 13 transformer banks
IND-S00433,Kadapa,Andhra Pradesh,8.75,double-bus,15,13,25.0,True,4.26,11.78,Reconfigure ties; balance 13 transformer banks
IND-S00434,Kandanvilai,Tamil Nadu,0.0,meshed-N-1,15,13,25.8,True,1.91,12.03,Reconfigure ties; balance 13 transformer banks
IND-S00435,Airānikulam,Kerala,0.0,radial-spur,15,13,23.0,False,3.83,12.83,Reconfigure ties; balance 13 transformer banks
IND-S00436,Kallakurichi,Tamil Nadu,0.22,parallel-bank,15,13,16.7,True,4.51,11.33,Reconfigure ties; balance 13 transformer banks
IND-S00437,Meerut,Uttar Pradesh,8.65,sectionalized-ring,15,13,25.3,True,4.33,12.08,Reconfigure ties; balance 13 transformer banks
IND-S00438,Chandigarh,Chandigarh,10.75,ring-main,15,13,17.0,False,1.2,12.04,Reconfigure ties; balance 13 transformer banks
IND-S00439,Hyderabad,Telangana,0.0,double-bus,15,13,18.3,True,2.9,11.89,Reconfigure ties; balance 13 transformer banks
IND-S00440,Jodhpur,Rajasthan,0.07,meshed-N-1,15,13,20.9,True,4.09,11.24,Reconfigure ties; balance 13 transformer banks
IND-S00441,Vengola Kizhakkumbāgam,Kerala,8.62,radial-spur,15,13,14.4,False,4.07,10.8,Reconfigure ties; balance 13 transformer banks
IND-S00442,Bhopal,Madhya Pradesh,9.93,parallel-bank,15,13,24.3,True,2.59,12.06,Reconfigure ties; balance 13 transformer banks
IND-S00443,Hoshiārpur,Punjab,8.68,sectionalized-ring,15,13,22.9,True,5.15,11.38,Reconfigure ties; balance 13 transformer banks
IND-S00444,Jorhat,Assam,0.0,ring-main,15,13,13.1,False,2.85,11.25,Reconfigure ties; balance 13 transformer banks
IND-S00445,Ghāziābād,Uttar Pradesh,0.0,double-bus,15,13,17.2,True,5.34,12.42,Reconfigure ties; balance 13 transformer banks
IND-S00446,Mango,Jharkhand,8.6,meshed-N-1,15,13,22.9,True,4.98,11.76,Reconfigure ties; balance 13 transformer banks
IND-S00447,Gangtok,Sikkim,0.05,radial-spur,15,13,23.8,False,3.65,12.2,Reconfigure ties; balance 13 transformer banks
IND-S00448,Gandhinagar,Gujarat,0.0,parallel-bank,15,13,20.9,True,2.28,11.84,Reconfigure ties; balance 13 transformer banks
IND-S00449,Jaipur,Rajasthan,0.02,sectionalized-ring,15,13,28.1,True,3.26,13.22,Reconfigure ties; balance 13 transformer banks
IND-S00450,Tamil Nadu Hub Generation,Tamil Nadu,0.0,ring-main,15,13,22.3,False,3.44,9.87,Reconfigure ties; balance 13 transformer banks
IND-S00451,Balasore,Odisha,0.0,double-bus,15,13,14.4,True,4.38,11.39,Reconfigure ties; balance 13 transformer banks
IND-S00452,Dewas,Madhya Pradesh,0.0,meshed-N-1,15,13,26.5,True,5.03,12.13,Reconfigure ties; balance 13 transformer banks
IND-S00453,Kuniyamuttūr,Tamil Nadu,0.1,radial-spur,15,13,16.1,False,2.77,12.66,Reconfigure ties; balance 13 transformer banks
IND-S00454,Gwalior,Madhya Pradesh,0.14,parallel-bank,15,13,19.9,True,1.47,11.54,Reconfigure ties; balance 13 transformer banks
IND-S00455,Kaij,Maharashtra,0.0,sectionalized-ring,15,13,23.2,True,4.3,11.8,Reconfigure ties; balance 13 transformer banks
IND-S00456,Indore,Madhya Pradesh,0.23,ring-main,15,13,18.1,False,3.4,11.94,Reconfigure ties; balance 13 transformer banks
IND-S00457,Hubballi,Karnataka,0.07,double-bus,15,13,21.0,True,2.8,11.4,Reconfigure ties; balance 13 transformer banks
IND-S00458,Raipur,Chhattisgarh,8.86,meshed-N-1,15,13,25.4,True,3.86,10.94,Reconfigure ties; balance 13 transformer banks
IND-S00459,Jaigaon,West Bengal,0.0,radial-spur,15,13,20.1,False,4.41,11.32,Reconfigure ties; balance 13 transformer banks
IND-S00460,Loni,Uttar Pradesh,0.01,parallel-bank,15,13,12.5,True,4.17,10.55,Reconfigure ties; balance 13 transformer banks
IND-S00461,Thoubāl,Manipur,8.83,sectionalized-ring,15,13,24.0,True,3.36,11.11,Reconfigure ties; balance 13 transformer banks
IND-S00462,Surat,Gujarat,0.0,ring-main,15,13,22.9,False,5.97,10.92,Reconfigure ties; balance 13 transformer banks
IND-S00463,Vyāra,Gujarat,0.0,double-bus,15,13,14.6,True,1.2,12.46,Reconfigure ties; balance 13 transformer banks
IND-S00464,Baripāda,Odisha,8.68,meshed-N-1,15,13,20.9,True,2.0,12.21,Reconfigure ties; balance 13 transformer banks
IND-S00465,Gorakhpur,Uttar Pradesh,8.58,radial-spur,15,13,12.0,False,4.26,10.94,Reconfigure ties; balance 13 transformer banks
IND-S00466,Hisar,Haryana,0.0,parallel-bank,15,13,20.0,True,5.17,10.62,Reconfigure ties; balance 13 transformer banks
IND-S00467,Ahmedabad,Gujarat,8.4,sectionalized-ring,15,13,19.8,True,5.34,12.17,Reconfigure ties; balance 13 transformer banks
IND-S00468,Varanasi,Uttar Pradesh,10.33,ring-main,15,13,20.4,False,4.91,10.4,Reconfigure ties; balance 13 transformer banks
IND-S00469,Haryana Hub Generation,Haryana,0.0,double-bus,15,13,22.0,True,2.12,11.32,Reconfigure ties; balance 13 transformer banks
IND-S00470,Brahmapur,Odisha,0.0,meshed-N-1,15,13,20.4,True,4.47,11.8,Reconfigure ties; balance 13 transformer banks
IND-S00471,Dimāpur,Nagaland,0.02,radial-spur,15,13,20.6,False,2.58,12.47,Reconfigure ties; balance 13 transformer banks
IND-S00472,Gorakhpur,Uttar Pradesh,0.01,parallel-bank,15,13,17.2,True,5.61,10.73,Reconfigure ties; balance 13 transformer banks
IND-S00473,Varanasi,Uttar Pradesh,0.13,sectionalized-ring,15,13,26.7,True,6.73,11.22,Reconfigure ties; balance 13 transformer banks
IND-S00474,Dibrugarh,Assam,0.0,ring-main,15,13,28.0,False,3.11,11.38,Reconfigure ties; balance 13 transformer banks
IND-S00475,Karīmnagar,Telangana,8.58,double-bus,15,13,22.8,True,1.76,10.75,Reconfigure ties; balance 13 transformer banks
IND-S00476,Rājkot,Gujarat,0.46,meshed-N-1,15,13,15.8,True,2.57,10.42,Reconfigure ties; balance 13 transformer banks
IND-S00477,Hisar,Haryana,0.01,radial-spur,15,13,19.5,False,5.16,11.29,Reconfigure ties; balance 13 transformer banks
IND-S00478,Purnia,Bihar,0.0,parallel-bank,15,13,16.4,True,3.87,11.6,Reconfigure ties; balance 13 transformer banks
IND-S00479,Palappallam,Tamil Nadu,8.88,sectionalized-ring,15,13,16.2,True,2.58,9.97,Reconfigure ties; balance 13 transformer banks
IND-S00480,Karnāl,Haryana,0.11,ring-main,15,13,24.6,False,4.13,11.59,Reconfigure ties; balance 13 transformer banks
IND-S00481,Kalaburagi,Karnataka,8.54,double-bus,15,13,15.2,True,3.03,11.06,Reconfigure ties; balance 13 transformer banks
IND-S00482,Hyderabad,Telangana,0.02,meshed-N-1,15,13,25.1,True,3.78,12.37,Reconfigure ties; balance 13 transformer banks
IND-S00483,Vadodara,Gujarat,0.0,radial-spur,15,13,28.4,False,1.69,10.18,Reconfigure ties; balance 13 transformer banks
IND-S00484,Aurangabad,Maharashtra,11.26,parallel-bank,15,13,19.1,True,3.71,10.97,Reconfigure ties; balance 13 transformer banks
IND-S00485,Haryana Hub Generation,Haryana,8.53,sectionalized-ring,15,13,13.9,True,4.67,11.77,Reconfigure ties; balance 13 transformer banks
IND-S00486,Bilimora,Gujarat,0.0,ring-main,15,13,21.2,False,2.11,11.76,Reconfigure ties; balance 13 transformer banks
IND-S00487,Loni,Uttar Pradesh,0.01,double-bus,15,13,19.3,True,3.77,11.61,Reconfigure ties; balance 13 transformer banks
IND-S00488,Amravati,Maharashtra,9.07,meshed-N-1,15,13,25.0,True,3.0,12.39,Reconfigure ties; balance 13 transformer banks
IND-S00489,Agra,Uttar Pradesh,8.61,radial-spur,15,13,21.1,False,6.44,11.2,Reconfigure ties; balance 13 transformer banks
IND-S00490,Gujarat Hub Generation,Gujarat,0.0,parallel-bank,15,13,14.8,True,3.51,12.3,Reconfigure ties; balance 13 transformer banks
IND-S00491,Davangere,Karnataka,8.63,sectionalized-ring,15,13,18.2,True,4.22,11.65,Reconfigure ties; balance 13 transformer banks
IND-S00492,Aghara,Uttar Pradesh,8.57,ring-main,15,13,22.7,False,4.19,12.54,Reconfigure ties; balance 13 transformer banks
IND-S00493,Ahmedabad,Gujarat,0.5,double-bus,15,13,19.8,True,2.92,11.75,Reconfigure ties; balance 13 transformer banks
IND-S00494,Indargarh,Rajasthan,8.46,meshed-N-1,15,13,20.1,True,3.5,12.12,Reconfigure ties; balance 13 transformer banks
IND-S00495,Anehoshalli,Karnataka,9.02,radial-spur,15,13,25.2,False,4.69,11.36,Reconfigure ties; balance 13 transformer banks
IND-S00496,Okha,Gujarat,0.0,parallel-bank,15,13,21.0,True,5.35,11.16,Reconfigure ties; balance 13 transformer banks
IND-S00497,Kalaburagi,Karnataka,0.0,sectionalized-ring,15,13,17.9,True,6.67,11.59,Reconfigure ties; balance 13 transformer banks
IND-S00498,Milavittan,Tamil Nadu,0.0,ring-main,15,13,18.2,False,5.58,12.13,Reconfigure ties; balance 13 transformer banks
IND-S00499,Coimbatore,Tamil Nadu,0.0,double-bus,15,13,19.1,True,2.44,10.75,Reconfigure ties; balance 13 transformer banks
IND-S00500,Thrissur,Kerala,8.47,meshed-N-1,15,13,22.6,True,3.45,11.55,Reconfigure ties; balance 13 transformer banks
IND-S00501,Telangana Hub Generation,Telangana,0.0,radial-spur,15,13,28.4,False,2.07,11.53,Reconfigure ties; balance 13 transformer banks
IND-S00502,Vadodara,Gujarat,8.99,parallel-bank,15,13,23.8,True,4.79,11.52,Reconfigure ties; balance 13 transformer banks
IND-S00503,Mysuru,Karnataka,11.68,sectionalized-ring,15,13,17.9,True,2.8,12.65,Reconfigure ties; balance 13 transformer banks
IND-S00504,Kollancode,Tamil Nadu,0.0,ring-main,15,13,27.6,False,2.25,11.7,Reconfigure ties; balance 13 transformer banks
IND-S00505,Alwar,Rajasthan,30.86,double-bus,15,13,18.8,True,3.26,10.34,Reconfigure ties; balance 13 transformer banks
IND-S00506,Dehradun,Uttarakhand,0.0,meshed-N-1,15,13,23.7,True,5.12,11.38,Reconfigure ties; balance 13 transformer banks
IND-S00507,Madurai,Tamil Nadu,0.0,radial-spur,15,13,22.4,False,6.28,12.83,Reconfigure ties; balance 13 transformer banks
IND-S00508,Eluru,Andhra Pradesh,0.17,parallel-bank,15,13,22.1,True,4.34,11.76,Reconfigure ties; balance 13 transformer banks
IND-S00509,Virār,Maharashtra,0.0,sectionalized-ring,15,13,23.0,True,2.89,12.33,Reconfigure ties; balance 13 transformer banks
IND-S00510,Morādābād,Uttar Pradesh,0.01,ring-main,15,13,17.9,False,2.22,12.51,Reconfigure ties; balance 13 transformer banks
IND-S00511,Vilavoorkkal,Kerala,0.0,double-bus,15,13,23.5,True,4.05,10.87,Reconfigure ties; balance 13 transformer banks
IND-S00512,Paramagudi,Tamil Nadu,0.11,meshed-N-1,15,13,19.2,True,3.66,10.87,Reconfigure ties; balance 13 transformer banks
IND-S00513,Ranchi,Jharkhand,0.18,radial-spur,15,13,26.2,False,3.08,11.59,Reconfigure ties; balance 13 transformer banks
IND-S00514,Pāli,Rajasthan,8.63,parallel-bank,15,13,20.0,True,3.44,10.79,Reconfigure ties; balance 13 transformer banks
IND-S00515,Rāj-Nāndgaon,Chhattisgarh,0.0,sectionalized-ring,15,13,19.9,True,3.62,11.35,Reconfigure ties; balance 13 transformer banks
IND-S00516,Hazāribāgh,Jharkhand,8.83,ring-main,15,13,24.2,False,4.62,11.14,Reconfigure ties; balance 13 transformer banks
IND-S00517,Prayagraj,Uttar Pradesh,0.03,double-bus,15,13,23.5,True,3.07,10.41,Reconfigure ties; balance 13 transformer banks
IND-S00518,Bareilly,Uttar Pradesh,10.63,meshed-N-1,15,13,21.3,True,5.0,12.64,Reconfigure ties; balance 13 transformer banks
IND-S00519,Nashik,Maharashtra,0.0,radial-spur,15,13,22.1,False,3.14,10.66,Reconfigure ties; balance 13 transformer banks
IND-S00520,Kākināda,Andhra Pradesh,8.53,parallel-bank,15,13,16.0,True,5.23,10.09,Reconfigure ties; balance 13 transformer banks
IND-S00521,Shivamogga,Karnataka,0.0,sectionalized-ring,15,13,19.0,True,3.28,11.5,Reconfigure ties; balance 13 transformer banks
IND-S00522,Sambalpur,Odisha,9.13,ring-main,15,13,21.9,False,6.01,11.3,Reconfigure ties; balance 13 transformer banks
IND-S00523,Bilha,Chhattisgarh,0.0,double-bus,15,13,21.0,True,3.94,10.76,Reconfigure ties; balance 13 transformer banks
IND-S00524,Pushkar,Rajasthan,0.07,meshed-N-1,15,13,26.4,True,3.81,9.91,Reconfigure ties; balance 13 transformer banks
IND-S00525,Kuttuparamba,Kerala,0.0,radial-spur,15,13,29.0,False,3.38,12.06,Reconfigure ties; balance 13 transformer banks
IND-S00526,Chennai,Tamil Nadu,9.63,parallel-bank,15,13,26.3,True,3.38,11.06,Reconfigure ties; balance 13 transformer banks
IND-S00527,Srinagar,Jammu and Kashmir,0.0,sectionalized-ring,15,13,22.9,True,4.51,10.91,Reconfigure ties; balance 13 transformer banks
IND-S00528,Anantapur,Andhra Pradesh,0.0,ring-main,15,13,16.7,False,4.69,10.57,Reconfigure ties; balance 13 transformer banks
IND-S00529,Pimpri,Maharashtra,9.38,double-bus,15,13,17.1,True,4.49,10.54,Reconfigure ties; balance 13 transformer banks
IND-S00530,Luckeesarai,Bihar,0.0,meshed-N-1,15,13,27.9,True,3.21,12.32,Reconfigure ties; balance 13 transformer banks
IND-S00531,Hyderabad,Telangana,10.22,radial-spur,15,13,18.2,False,5.6,12.25,Reconfigure ties; balance 13 transformer banks
IND-S00532,Kolkata,West Bengal,0.0,parallel-bank,15,13,19.6,True,4.43,11.66,Reconfigure ties; balance 13 transformer banks
IND-S00533,Manmād,Maharashtra,0.15,sectionalized-ring,15,13,20.8,True,1.2,11.64,Reconfigure ties; balance 13 transformer banks
IND-S00534,Tilda Newra,Chhattisgarh,0.36,ring-main,15,13,22.1,False,4.17,12.96,Reconfigure ties; balance 13 transformer banks
IND-S00535,Sohāgpur,Madhya Pradesh,0.0,double-bus,15,13,20.0,True,4.57,10.91,Reconfigure ties; balance 13 transformer banks
IND-S00536,Munderi,Kerala,0.0,meshed-N-1,15,13,20.0,True,4.48,12.02,Reconfigure ties; balance 13 transformer banks
IND-S00537,Kottayam,Kerala,0.0,radial-spur,15,13,18.3,False,5.77,10.57,Reconfigure ties; balance 13 transformer banks
IND-S00538,Jaipur,Rajasthan,8.56,parallel-bank,15,13,23.3,True,3.6,11.68,Reconfigure ties; balance 13 transformer banks
IND-S00539,Chhota Udepur,Gujarat,8.54,sectionalized-ring,15,13,22.7,True,2.66,10.96,Reconfigure ties; balance 13 transformer banks
IND-S00540,Kolkata,West Bengal,0.26,ring-main,15,13,13.9,False,4.18,11.09,Reconfigure ties; balance 13 transformer banks
IND-S00541,Madhya Pradesh Hub Generation,Madhya Pradesh,8.61,double-bus,15,13,18.3,True,5.39,11.43,Reconfigure ties; balance 13 transformer banks
IND-S00542,Patna,Bihar,9.57,meshed-N-1,15,13,21.4,True,4.42,12.22,Reconfigure ties; balance 13 transformer banks
IND-S00543,Miryalaguda,Telangana,8.59,radial-spur,15,13,33.1,False,3.59,11.05,Reconfigure ties; balance 13 transformer banks
IND-S00544,Gurugram,Haryana,0.26,parallel-bank,15,13,24.3,True,3.62,11.31,Reconfigure ties; balance 13 transformer banks
IND-S00545,Kanpur,Uttar Pradesh,10.69,sectionalized-ring,15,13,26.4,True,3.16,11.67,Reconfigure ties; balance 13 transformer banks
IND-S00546,Alīgarh,Uttar Pradesh,0.0,ring-main,15,13,22.7,False,4.38,12.84,Reconfigure ties; balance 13 transformer banks
IND-S00547,Kolkata,West Bengal,0.28,double-bus,15,13,15.2,True,4.94,10.21,Reconfigure ties; balance 13 transformer banks
IND-S00548,Kanuru,Andhra Pradesh,0.11,meshed-N-1,15,13,18.7,True,3.54,10.99,Reconfigure ties; balance 13 transformer banks
IND-S00549,Kochi,Kerala,0.0,radial-spur,15,13,23.2,False,3.34,11.17,Reconfigure ties; balance 13 transformer banks
IND-S00550,Hubballi,Karnataka,9.58,parallel-bank,15,13,24.5,True,3.93,10.6,Reconfigure ties; balance 13 transformer banks
IND-S00551,Durgapur,West Bengal,0.09,sectionalized-ring,15,13,16.3,True,3.53,11.2,Reconfigure ties; balance 13 transformer banks
IND-S00552,Miryalaguda,Telangana,0.0,ring-main,15,13,26.7,False,3.64,11.09,Reconfigure ties; balance 13 transformer banks
IND-S00553,Kāsipālaiyam,Tamil Nadu,0.17,double-bus,15,13,19.4,True,5.22,12.37,Reconfigure ties; balance 13 transformer banks
IND-S00554,Rajpur Sonarpur,West Bengal,0.0,meshed-N-1,15,13,16.7,True,4.54,11.56,Reconfigure ties; balance 13 transformer banks
IND-S00555,Dewas,Madhya Pradesh,9.99,radial-spur,15,13,15.5,False,3.13,11.75,Reconfigure ties; balance 13 transformer banks
IND-S00556,Mumbai,Maharashtra,9.01,parallel-bank,15,13,25.0,True,4.76,12.34,Reconfigure ties; balance 13 transformer banks
IND-S00557,Pāli,Rajasthan,0.17,sectionalized-ring,15,13,20.3,True,3.67,10.69,Reconfigure ties; balance 13 transformer banks
IND-S00558,Arkhāpur,Uttar Pradesh,0.0,ring-main,15,13,21.4,False,4.38,12.14,Reconfigure ties; balance 13 transformer banks
IND-S00559,Coimbatore,Tamil Nadu,9.93,double-bus,15,13,21.2,True,2.65,11.9,Reconfigure ties; balance 13 transformer banks
IND-S00560,Port Blair,Andaman and Nicobar,8.65,meshed-N-1,15,13,16.6,True,3.49,10.52,Reconfigure ties; balance 13 transformer banks
IND-S00561,Kallakurichi,Tamil Nadu,8.99,radial-spur,15,13,26.0,False,1.44,11.44,Reconfigure ties; balance 13 transformer banks
IND-S00562,Varanasi,Uttar Pradesh,10.25,parallel-bank,15,13,20.2,True,3.28,11.94,Reconfigure ties; balance 13 transformer banks
IND-S00563,Bhayandar,Maharashtra,0.0,sectionalized-ring,15,13,20.7,True,4.11,12.46,Reconfigure ties; balance 13 transformer banks
IND-S00564,Thāne,Maharashtra,8.44,ring-main,15,13,22.6,False,3.57,11.44,Reconfigure ties; balance 13 transformer banks
IND-S00565,Gorrakunta,Telangana,8.49,double-bus,15,13,22.4,True,4.81,10.78,Reconfigure ties; balance 13 transformer banks
IND-S00566,Greater Noida,Uttar Pradesh,0.23,meshed-N-1,15,13,20.9,True,2.27,11.57,Reconfigure ties; balance 13 transformer banks
IND-S00567,Nagpur,Maharashtra,0.19,radial-spur,15,13,17.8,False,4.79,11.04,Reconfigure ties; balance 13 transformer banks
IND-S00568,Panvel,Maharashtra,0.0,parallel-bank,15,13,17.6,True,3.86,11.27,Reconfigure ties; balance 13 transformer banks
IND-S00569,Bhiwandi,Maharashtra,8.46,sectionalized-ring,15,13,18.6,True,4.4,10.18,Reconfigure ties; balance 13 transformer banks
IND-S00570,Kanpur,Uttar Pradesh,9.79,ring-main,15,13,23.3,False,3.2,11.28,Reconfigure ties; balance 13 transformer banks
IND-S00571,Bengaluru,Karnataka,0.0,double-bus,15,13,29.5,True,4.29,11.03,Reconfigure ties; balance 13 transformer banks
IND-S00572,Srinagar,Jammu and Kashmir,8.77,meshed-N-1,15,13,20.3,True,3.78,11.05,Reconfigure ties; balance 13 transformer banks
IND-S00573,Porsa,Madhya Pradesh,8.64,radial-spur,15,13,22.1,False,4.53,11.1,Reconfigure ties; balance 13 transformer banks
IND-S00574,Rāmgundam,Telangana,0.0,parallel-bank,15,13,21.8,True,4.95,11.41,Reconfigure ties; balance 13 transformer banks
IND-S00575,Jhalidā,West Bengal,8.54,sectionalized-ring,15,13,18.1,True,7.32,11.3,Reconfigure ties; balance 13 transformer banks
IND-S00576,Anjār,Gujarat,0.15,ring-main,15,13,19.3,False,5.17,12.23,Reconfigure ties; balance 13 transformer banks
IND-S00577,Etāwah,Uttar Pradesh,8.67,double-bus,15,13,17.5,True,2.71,10.89,Reconfigure ties; balance 13 transformer banks
IND-S00578,Bhātpāra,West Bengal,0.27,meshed-N-1,15,13,22.7,True,4.27,11.47,Reconfigure ties; balance 13 transformer banks
IND-S00579,Ajmer,Rajasthan,30.29,radial-spur,15,13,19.1,False,4.04,10.32,Reconfigure ties; balance 13 transformer banks
IND-S00580,Jeypore,Odisha,0.02,parallel-bank,15,13,20.2,True,4.13,10.64,Reconfigure ties; balance 13 transformer banks
IND-S00581,Srikakulam,Andhra Pradesh,0.0,sectionalized-ring,15,13,24.1,True,4.44,12.29,Reconfigure ties; balance 13 transformer banks
IND-S00582,Ashta,Madhya Pradesh,0.09,ring-main,15,13,28.5,False,5.67,12.84,Reconfigure ties; balance 13 transformer banks
IND-S00583,Pālanpur,Gujarat,0.0,double-bus,15,13,16.8,True,3.23,11.0,Reconfigure ties; balance 13 transformer banks
IND-S00584,Lucknow,Uttar Pradesh,0.27,meshed-N-1,15,13,21.1,True,2.72,11.49,Reconfigure ties; balance 13 transformer banks
IND-S00585,Bhavnagar,Gujarat,0.0,radial-spur,15,13,20.3,False,5.44,11.1,Reconfigure ties; balance 13 transformer banks
IND-S00586,Alīgarh,Uttar Pradesh,8.6,parallel-bank,15,13,22.2,True,4.15,12.68,Reconfigure ties; balance 13 transformer banks
IND-S00587,Bhopal,Madhya Pradesh,0.29,sectionalized-ring,15,13,23.0,True,5.26,10.61,Reconfigure ties; balance 13 transformer banks
IND-S00588,Bathinda,Punjab,8.69,ring-main,15,13,25.8,False,5.01,11.66,Reconfigure ties; balance 13 transformer banks
IND-S00589,Indore,Madhya Pradesh,0.11,double-bus,15,13,20.2,True,4.87,11.21,Reconfigure ties; balance 13 transformer banks
IND-S00590,Loni,Uttar Pradesh,0.08,meshed-N-1,15,13,12.2,True,3.91,12.41,Reconfigure ties; balance 13 transformer banks
IND-S00591,Murwāra,Madhya Pradesh,9.67,radial-spur,15,13,19.9,False,1.52,11.88,Reconfigure ties; balance 13 transformer banks
IND-S00592,Akhār,Uttar Pradesh,8.82,parallel-bank,15,13,15.9,True,2.81,12.15,Reconfigure ties; balance 13 transformer banks
IND-S00593,Mandāwa,Rajasthan,0.35,sectionalized-ring,15,13,22.9,True,3.31,12.55,Reconfigure ties; balance 13 transformer banks
IND-S00594,Ammankovilpudūr,Tamil Nadu,0.0,ring-main,15,13,22.5,False,4.36,10.68,Reconfigure ties; balance 13 transformer banks
IND-S00595,Baliyasan,Gujarat,8.4,double-bus,15,13,16.7,True,2.13,11.84,Reconfigure ties; balance 13 transformer banks
IND-S00596,Bhavnagar,Gujarat,0.0,meshed-N-1,15,13,20.6,True,4.0,11.17,Reconfigure ties; balance 13 transformer banks
IND-S00597,Dhrāngadhra,Gujarat,0.0,radial-spur,15,13,15.8,False,4.11,10.24,Reconfigure ties; balance 13 transformer banks
IND-S00598,Allītola,Maharashtra,0.0,parallel-bank,15,13,22.9,True,4.61,9.53,Reconfigure ties; balance 13 transformer banks
IND-S00599,Howrah,West Bengal,0.25,sectionalized-ring,15,13,19.7,True,4.27,11.99,Reconfigure ties; balance 13 transformer banks
IND-S00600,Hyderabad,Telangana,0.0,ring-main,15,13,26.8,False,4.18,11.03,Reconfigure ties; balance 13 transformer banks
IND-S00601,Dehradun,Uttarakhand,9.66,double-bus,15,13,19.7,True,3.53,13.0,Reconfigure ties; balance 13 transformer banks
IND-S00602,Sankaramanallur,Tamil Nadu,0.0,meshed-N-1,15,13,19.7,True,3.45,12.0,Reconfigure ties; balance 13 transformer banks
IND-S00603,Morādābād,Uttar Pradesh,0.02,radial-spur,15,13,20.5,False,2.53,13.2,Reconfigure ties; balance 13 transformer banks
IND-S00604,Gujarat Hub Generation,Gujarat,0.0,parallel-bank,15,13,12.0,True,5.14,10.6,Reconfigure ties; balance 13 transformer banks
IND-S00605,Jodhpur,Rajasthan,8.4,sectionalized-ring,15,13,22.2,True,2.96,9.85,Reconfigure ties; balance 13 transformer banks
IND-S00606,Vadodara,Gujarat,0.0,ring-main,15,13,21.2,False,4.55,11.98,Reconfigure ties; balance 13 transformer banks
IND-S00607,Kota,Rajasthan,0.09,double-bus,15,13,19.5,True,2.39,10.63,Reconfigure ties; balance 13 transformer banks
IND-S00608,Maharashtra Hub Generation,Maharashtra,0.33,meshed-N-1,15,13,23.7,True,3.92,11.84,Reconfigure ties; balance 13 transformer banks
IND-S00609,Jamshedpur,Jharkhand,0.07,radial-spur,15,13,19.4,False,4.51,10.75,Reconfigure ties; balance 13 transformer banks
IND-S00610,Kallakurichi,Tamil Nadu,0.0,parallel-bank,15,13,22.4,True,4.81,9.81,Reconfigure ties; balance 13 transformer banks
IND-S00611,Patiāla,Punjab,11.34,sectionalized-ring,15,13,18.8,True,3.96,11.24,Reconfigure ties; balance 13 transformer banks
IND-S00612,Nellore,Andhra Pradesh,8.4,ring-main,15,13,25.4,False,3.1,11.39,Reconfigure ties; balance 13 transformer banks
IND-S00613,Ludhiana,Punjab,8.56,double-bus,15,13,27.0,True,4.1,10.89,Reconfigure ties; balance 13 transformer banks
IND-S00614,Yamuna Nagar,Haryana,8.51,meshed-N-1,15,13,17.5,True,3.52,12.27,Reconfigure ties; balance 13 transformer banks
IND-S00615,Gandhinagar,Gujarat,8.52,radial-spur,15,13,18.5,False,2.85,11.03,Reconfigure ties; balance 13 transformer banks
IND-S00616,Adoni,Andhra Pradesh,0.0,parallel-bank,15,13,19.1,True,3.81,10.86,Reconfigure ties; balance 13 transformer banks
IND-S00617,Maharashtra Hub Generation,Maharashtra,0.6,sectionalized-ring,15,13,24.3,True,2.32,12.89,Reconfigure ties; balance 13 transformer banks
IND-S00618,Durg,Chhattisgarh,0.09,ring-main,15,13,21.4,False,4.68,12.1,Reconfigure ties; balance 13 transformer banks
IND-S00619,Kolkata,West Bengal,0.0,double-bus,15,13,25.1,True,4.99,11.57,Reconfigure ties; balance 13 transformer banks
IND-S00620,Chennai,Tamil Nadu,11.42,meshed-N-1,15,13,22.7,True,4.83,11.61,Reconfigure ties; balance 13 transformer banks
IND-S00621,Delhi,Delhi,1.35,radial-spur,15,13,19.3,False,3.83,13.06,Reconfigure ties; balance 13 transformer banks
IND-S00622,Hubballi,Karnataka,0.0,parallel-bank,15,13,20.0,True,3.31,10.61,Reconfigure ties; balance 13 transformer banks
IND-S00623,Khammam,Telangana,0.0,sectionalized-ring,15,13,20.3,True,6.33,10.61,Reconfigure ties; balance 13 transformer banks
IND-S00624,Morādābād,Uttar Pradesh,10.08,ring-main,15,13,20.7,False,5.54,11.96,Reconfigure ties; balance 13 transformer banks
IND-S00625,Mangawān,Madhya Pradesh,0.0,double-bus,15,13,16.0,True,3.65,12.91,Reconfigure ties; balance 13 transformer banks
IND-S00626,Alīgarh,Uttar Pradesh,0.0,meshed-N-1,15,13,18.4,True,3.15,11.49,Reconfigure ties; balance 13 transformer banks
IND-S00627,Nanded,Maharashtra,8.45,radial-spur,15,13,31.2,False,4.97,10.91,Reconfigure ties; balance 13 transformer banks
IND-S00628,Jodhpur,Rajasthan,0.09,parallel-bank,15,13,19.4,True,4.65,10.0,Reconfigure ties; balance 13 transformer banks
IND-S00629,Rājkot,Gujarat,11.2,sectionalized-ring,15,13,23.4,True,2.83,12.07,Reconfigure ties; balance 13 transformer banks
IND-S00630,Kolkata,West Bengal,9.23,ring-main,15,13,17.0,False,2.05,11.24,Reconfigure ties; balance 13 transformer banks
IND-S00631,Belagavi,Karnataka,0.0,double-bus,15,13,21.9,True,5.07,10.73,Reconfigure ties; balance 13 transformer banks
IND-S00632,Muzaffarpur,Bihar,0.14,meshed-N-1,15,13,25.4,True,3.86,11.59,Reconfigure ties; balance 13 transformer banks
IND-S00633,Delhi,Delhi,10.48,radial-spur,15,13,25.8,False,5.45,11.37,Reconfigure ties; balance 13 transformer banks
IND-S00634,Sarbhog,Assam,0.0,parallel-bank,15,13,19.8,True,2.96,12.15,Reconfigure ties; balance 13 transformer banks
IND-S00635,Nowrangapur,Odisha,0.0,sectionalized-ring,15,13,21.5,True,5.15,10.8,Reconfigure ties; balance 13 transformer banks
IND-S00636,Mumbai,Maharashtra,0.07,ring-main,15,13,21.4,False,5.54,12.13,Reconfigure ties; balance 13 transformer banks
IND-S00637,Bagalkot,Karnataka,0.0,double-bus,15,13,17.9,True,3.75,12.87,Reconfigure ties; balance 13 transformer banks
IND-S00638,Tumkūr,Karnataka,0.0,meshed-N-1,15,13,22.4,True,1.83,12.07,Reconfigure ties; balance 13 transformer banks
IND-S00639,Vadodara,Gujarat,0.15,radial-spur,15,13,21.3,False,4.93,11.04,Reconfigure ties; balance 13 transformer banks
IND-S00640,Chāībāsa,Jharkhand,8.66,parallel-bank,15,13,25.2,True,3.77,12.2,Reconfigure ties; balance 13 transformer banks
IND-S00641,Shimla,Himachal Pradesh,0.0,sectionalized-ring,15,13,22.6,True,5.57,10.82,Reconfigure ties; balance 13 transformer banks
IND-S00642,Mahesāna,Gujarat,0.0,ring-main,15,13,13.9,False,4.3,11.32,Reconfigure ties; balance 13 transformer banks
IND-S00643,Chaumu,Rajasthan,8.78,double-bus,15,13,23.3,True,4.64,11.85,Reconfigure ties; balance 13 transformer banks
IND-S00644,Dariāwad,Rajasthan,0.0,meshed-N-1,15,13,25.0,True,3.33,10.92,Reconfigure ties; balance 13 transformer banks
IND-S00645,Pune,Maharashtra,10.84,radial-spur,15,13,25.2,False,3.05,11.68,Reconfigure ties; balance 13 transformer banks
IND-S00646,Jāridih,Jharkhand,0.0,parallel-bank,15,13,23.0,True,4.61,10.99,Reconfigure ties; balance 13 transformer banks
IND-S00647,Pimpri,Maharashtra,11.5,sectionalized-ring,15,13,17.0,True,5.67,10.77,Reconfigure ties; balance 13 transformer banks
IND-S00648,Khaniādhāna,Madhya Pradesh,9.02,ring-main,15,13,25.2,False,5.11,11.13,Reconfigure ties; balance 13 transformer banks
IND-S00649,Hyderabad,Telangana,0.0,double-bus,15,13,19.7,True,4.56,9.81,Reconfigure ties; balance 13 transformer banks
IND-S00650,Beohāri,Madhya Pradesh,0.0,meshed-N-1,15,13,25.7,True,5.87,11.19,Reconfigure ties; balance 13 transformer banks
IND-S00651,Jodhpur,Rajasthan,0.0,radial-spur,15,13,12.0,False,3.23,12.1,Reconfigure ties; balance 13 transformer banks
IND-S00652,Ranchi,Jharkhand,0.11,parallel-bank,15,13,27.4,True,4.12,10.69,Reconfigure ties; balance 13 transformer banks
IND-S00653,Chandigarh,Chandigarh,1.37,sectionalized-ring,15,13,23.9,True,3.53,12.76,Reconfigure ties; balance 13 transformer banks
IND-S00654,Bhubaneswar,Odisha,0.0,ring-main,15,13,21.4,False,2.5,10.45,Reconfigure ties; balance 13 transformer banks
IND-S00655,Nimach,Rajasthan,0.0,double-bus,15,13,18.6,True,4.05,10.88,Reconfigure ties; balance 13 transformer banks
IND-S00656,Madurai,Tamil Nadu,8.63,meshed-N-1,15,13,17.8,True,3.64,11.27,Reconfigure ties; balance 13 transformer banks
IND-S00657,Tiruppur,Tamil Nadu,11.61,radial-spur,15,13,18.5,False,4.73,11.24,Reconfigure ties; balance 13 transformer banks
IND-S00658,Mathura,Uttar Pradesh,9.78,parallel-bank,15,13,24.7,True,3.26,10.77,Reconfigure ties; balance 13 transformer banks
IND-S00659,Hyderabad,Telangana,0.4,sectionalized-ring,15,13,23.3,True,3.23,10.24,Reconfigure ties; balance 13 transformer banks
IND-S00660,Sholapur,Maharashtra,0.0,ring-main,15,13,22.4,False,4.1,12.1,Reconfigure ties; balance 13 transformer banks
IND-S00661,Mumbai,Maharashtra,0.01,double-bus,15,13,18.0,True,2.81,10.69,Reconfigure ties; balance 13 transformer banks
IND-S00662,Singrauli,Madhya Pradesh,0.07,meshed-N-1,15,13,12.5,True,3.62,11.9,Reconfigure ties; balance 13 transformer banks
IND-S00663,Acharājdih,Bihar,8.58,radial-spur,15,13,20.4,False,1.89,11.46,Reconfigure ties; balance 13 transformer banks
IND-S00664,Hatwāns,Madhya Pradesh,8.44,parallel-bank,15,13,18.6,True,2.08,11.45,Reconfigure ties; balance 13 transformer banks
IND-S00665,Pīpri,Maharashtra,8.77,sectionalized-ring,15,13,16.4,True,4.61,12.29,Reconfigure ties; balance 13 transformer banks
IND-S00666,Virār,Maharashtra,10.73,ring-main,15,13,18.7,False,4.15,11.77,Reconfigure ties; balance 13 transformer banks
IND-S00667,Madurai,Tamil Nadu,10.91,double-bus,15,13,28.1,True,3.12,11.68,Reconfigure ties; balance 13 transformer banks
IND-S00668,Dalsingh Sarai,Bihar,0.0,meshed-N-1,15,13,22.7,True,5.79,11.2,Reconfigure ties; balance 13 transformer banks
IND-S00669,Jamshedpur,Jharkhand,8.81,radial-spur,15,13,20.2,False,2.82,11.83,Reconfigure ties; balance 13 transformer banks
IND-S00670,Patiāla,Punjab,0.0,parallel-bank,15,13,24.1,True,5.12,11.09,Reconfigure ties; balance 13 transformer banks
IND-S00671,Sāngli,Maharashtra,0.0,sectionalized-ring,15,13,23.2,True,5.78,11.25,Reconfigure ties; balance 13 transformer banks
IND-S00672,Raipur,Chhattisgarh,0.07,ring-main,15,13,23.8,False,6.16,12.62,Reconfigure ties; balance 13 transformer banks
IND-S00673,Surat,Gujarat,0.02,double-bus,15,13,22.8,True,5.29,11.59,Reconfigure ties; balance 13 transformer banks
IND-S00674,Ropar,Punjab,8.72,meshed-N-1,15,13,24.9,True,4.02,11.56,Reconfigure ties; balance 13 transformer banks
IND-S00675,Tiruchirappalli,Tamil Nadu,0.0,radial-spur,15,13,24.5,False,5.52,11.11,Reconfigure ties; balance 13 transformer banks
IND-S00676,Agra,Uttar Pradesh,0.13,parallel-bank,15,13,17.6,True,2.89,10.61,Reconfigure ties; balance 13 transformer banks
IND-S00677,Amīlahwa,Uttar Pradesh,0.0,sectionalized-ring,15,13,27.8,True,5.4,11.47,Reconfigure ties; balance 13 transformer banks
IND-S00678,Rājkot,Gujarat,0.17,ring-main,15,13,15.5,False,4.93,12.41,Reconfigure ties; balance 13 transformer banks
IND-S00679,Arjuni,Maharashtra,0.0,double-bus,15,13,22.8,True,3.71,10.84,Reconfigure ties; balance 13 transformer banks
IND-S00680,Deoghar,Jharkhand,11.83,meshed-N-1,15,13,23.8,True,3.75,11.56,Reconfigure ties; balance 13 transformer banks
IND-S00681,Chennai,Tamil Nadu,9.53,radial-spur,15,13,23.5,False,4.68,10.78,Reconfigure ties; balance 13 transformer banks
IND-S00682,Bhopal,Madhya Pradesh,0.0,parallel-bank,15,13,23.4,True,3.24,11.94,Reconfigure ties; balance 13 transformer banks
IND-S00683,Pantheeramkavu,Kerala,0.0,sectionalized-ring,15,13,18.3,True,3.98,11.38,Reconfigure ties; balance 13 transformer banks
IND-S00684,Agra,Uttar Pradesh,0.26,ring-main,15,13,31.2,False,3.73,10.16,Reconfigure ties; balance 13 transformer banks
IND-S00685,Patna,Bihar,0.0,double-bus,15,13,24.9,True,3.96,11.68,Reconfigure ties; balance 13 transformer banks
IND-S00686,Brajarajnagar,Odisha,0.0,meshed-N-1,15,13,19.8,True,4.21,11.95,Reconfigure ties; balance 13 transformer banks
IND-S00687,Āsansol,West Bengal,0.15,radial-spur,15,13,21.6,False,1.66,11.18,Reconfigure ties; balance 13 transformer banks
IND-S00688,Dehradun,Uttarakhand,0.11,parallel-bank,15,13,22.6,True,3.56,10.47,Reconfigure ties; balance 13 transformer banks
IND-S00689,Uttarakhand Hub Generation,Uttarakhand,8.71,sectionalized-ring,15,13,22.8,True,3.67,11.98,Reconfigure ties; balance 13 transformer banks
IND-S00690,Kalyān,Maharashtra,9.27,ring-main,15,13,25.0,False,4.0,10.74,Reconfigure ties; balance 13 transformer banks
IND-S00691,Dehradun,Uttarakhand,0.0,double-bus,15,13,16.7,True,4.57,11.14,Reconfigure ties; balance 13 transformer banks
IND-S00692,Visakhapatnam,Andhra Pradesh,0.0,meshed-N-1,15,13,21.7,True,5.19,13.05,Reconfigure ties; balance 13 transformer banks
IND-S00693,Delhi,Delhi,0.41,radial-spur,15,13,22.8,False,4.01,10.54,Reconfigure ties; balance 13 transformer banks
IND-S00694,Prayagraj,Uttar Pradesh,8.96,parallel-bank,15,13,17.4,True,2.99,12.5,Reconfigure ties; balance 13 transformer banks
IND-S00695,Gyānpur,Uttar Pradesh,0.0,sectionalized-ring,15,13,22.9,True,1.84,11.41,Reconfigure ties; balance 13 transformer banks
IND-S00696,Sivakasi,Tamil Nadu,0.1,ring-main,15,13,21.8,False,4.76,11.88,Reconfigure ties; balance 13 transformer banks
IND-S00697,Paralakhemundi,Odisha,0.0,double-bus,15,13,22.2,True,2.74,11.32,Reconfigure ties; balance 13 transformer banks
IND-S00698,Ulhasnagar,Maharashtra,0.0,meshed-N-1,15,13,22.5,True,4.25,12.0,Reconfigure ties; balance 13 transformer banks
IND-S00699,Bhuj,Gujarat,0.0,radial-spur,15,13,25.3,False,3.04,11.21,Reconfigure ties; balance 13 transformer banks
IND-S00700,Bisauli,Uttar Pradesh,0.0,parallel-bank,15,13,22.9,True,5.05,12.06,Reconfigure ties; balance 13 transformer banks
IND-S00701,Udaipur,Rajasthan,0.07,sectionalized-ring,15,13,18.1,True,6.31,12.13,Reconfigure ties; balance 13 transformer banks
IND-S00702,Hyderabad,Telangana,0.51,ring-main,15,13,23.5,False,2.55,11.93,Reconfigure ties; balance 13 transformer banks
IND-S00703,Kollam,Kerala,8.57,double-bus,15,13,22.7,True,4.03,9.91,Reconfigure ties; balance 13 transformer banks
IND-S00704,Nagpur,Maharashtra,0.12,meshed-N-1,15,13,23.6,True,3.01,12.18,Reconfigure ties; balance 13 transformer banks
IND-S00705,Jalandhar,Punjab,0.18,radial-spur,15,13,26.3,False,2.68,12.66,Reconfigure ties; balance 13 transformer banks
IND-S00706,Deoli,Delhi,0.0,parallel-bank,15,13,22.3,True,1.75,10.89,Reconfigure ties; balance 13 transformer banks
IND-S00707,Thiruvananthapuram,Kerala,11.1,sectionalized-ring,15,13,16.2,True,3.58,11.96,Reconfigure ties; balance 13 transformer banks
IND-S00708,Meerut,Uttar Pradesh,9.59,ring-main,15,13,18.4,False,3.94,12.08,Reconfigure ties; balance 13 transformer banks
IND-S00709,Rūdarpur,Uttar Pradesh,0.0,double-bus,15,13,29.5,True,2.77,11.46,Reconfigure ties; balance 13 transformer banks
IND-S00710,Belagavi,Karnataka,8.46,meshed-N-1,15,13,22.4,True,4.31,11.91,Reconfigure ties; balance 13 transformer banks
IND-S00711,Datia,Madhya Pradesh,9.17,radial-spur,15,13,23.6,False,3.14,10.53,Reconfigure ties; balance 13 transformer banks
IND-S00712,Panipat,Haryana,10.67,parallel-bank,15,13,23.7,True,4.28,11.74,Reconfigure ties; balance 13 transformer banks
IND-S00713,Bhilwara,Rajasthan,0.0,sectionalized-ring,15,13,19.1,True,4.77,10.52,Reconfigure ties; balance 13 transformer banks
IND-S00714,Nāndgaon,Maharashtra,9.16,ring-main,15,13,23.3,False,3.63,11.59,Reconfigure ties; balance 13 transformer banks
IND-S00715,Rāj-Nāndgaon,Chhattisgarh,8.92,double-bus,15,13,19.5,True,4.53,11.3,Reconfigure ties; balance 13 transformer banks
IND-S00716,Jamshedpur,Jharkhand,0.0,meshed-N-1,15,13,22.2,True,4.66,11.41,Reconfigure ties; balance 13 transformer banks
IND-S00717,Tiruppur,Tamil Nadu,10.31,radial-spur,15,13,21.8,False,2.91,11.85,Reconfigure ties; balance 13 transformer banks
IND-S00718,Chennai,Tamil Nadu,0.34,parallel-bank,15,13,18.7,True,5.15,11.6,Reconfigure ties; balance 13 transformer banks
IND-S00719,Korba,Chhattisgarh,0.0,sectionalized-ring,15,13,19.4,True,2.07,10.56,Reconfigure ties; balance 13 transformer banks
IND-S00720,Hisar,Haryana,8.56,ring-main,15,13,21.8,False,6.04,12.14,Reconfigure ties; balance 13 transformer banks
IND-S00721,Kallakurichi,Tamil Nadu,7.93,double-bus,15,13,20.7,True,3.04,11.51,Reconfigure ties; balance 13 transformer banks
IND-S00722,Udaipur,Rajasthan,0.0,meshed-N-1,15,13,23.0,True,3.57,11.41,Reconfigure ties; balance 13 transformer banks
IND-S00723,Lucknow,Uttar Pradesh,0.19,radial-spur,15,13,20.5,False,4.87,11.48,Reconfigure ties; balance 13 transformer banks
IND-S00724,Kalyān,Maharashtra,8.98,parallel-bank,15,13,24.1,True,4.54,11.42,Reconfigure ties; balance 13 transformer banks
IND-S00725,Madurai,Tamil Nadu,0.15,sectionalized-ring,15,13,19.4,True,3.14,11.56,Reconfigure ties; balance 13 transformer banks
IND-S00726,Arodba,Himachal Pradesh,8.76,ring-main,15,13,27.3,False,3.33,12.37,Reconfigure ties; balance 13 transformer banks
IND-S00727,Tirupananthal,Tamil Nadu,0.0,double-bus,15,13,19.0,True,3.95,11.69,Reconfigure ties; balance 13 transformer banks
IND-S00728,Chhaya,Gujarat,8.52,meshed-N-1,15,13,17.7,True,4.68,11.05,Reconfigure ties; balance 13 transformer banks
IND-S00729,Bengaluru,Karnataka,0.33,radial-spur,15,13,20.7,False,3.28,10.71,Reconfigure ties; balance 13 transformer banks
IND-S00730,Karīmnagar,Telangana,0.0,parallel-bank,15,13,26.4,True,4.29,10.94,Reconfigure ties; balance 13 transformer banks
IND-S00731,Warangal,Telangana,8.95,sectionalized-ring,15,13,18.7,True,4.59,10.71,Reconfigure ties; balance 13 transformer banks
IND-S00732,Meerut,Uttar Pradesh,0.17,ring-main,15,13,16.9,False,3.8,10.32,Reconfigure ties; balance 13 transformer banks
IND-S00733,Saugor,Madhya Pradesh,8.63,double-bus,15,13,18.0,True,2.67,11.26,Reconfigure ties; balance 13 transformer banks
IND-S00734,Neelagiri,Tamil Nadu,8.65,meshed-N-1,15,13,24.8,True,5.39,11.64,Reconfigure ties; balance 13 transformer banks
IND-S00735,Lucknow,Uttar Pradesh,10.77,radial-spur,15,13,26.7,False,2.86,12.18,Reconfigure ties; balance 13 transformer banks
IND-S00736,Bilimora,Gujarat,0.0,parallel-bank,15,13,23.3,True,2.05,12.65,Reconfigure ties; balance 13 transformer banks
IND-S00737,Porbandar,Gujarat,0.0,sectionalized-ring,15,13,16.1,True,2.22,11.56,Reconfigure ties; balance 13 transformer banks
IND-S00738,Jodhpur,Rajasthan,0.11,ring-main,15,13,25.7,False,5.19,11.79,Reconfigure ties; balance 13 transformer banks
IND-S00739,Gandhinagar,Gujarat,0.0,double-bus,15,13,16.5,True,4.48,11.74,Reconfigure ties; balance 13 transformer banks
IND-S00740,Siliguri,West Bengal,0.0,meshed-N-1,15,13,21.1,True,2.65,11.64,Reconfigure ties; balance 13 transformer banks
IND-S00741,Saidpur,Uttar Pradesh,0.01,radial-spur,15,13,19.3,False,3.6,11.0,Reconfigure ties; balance 13 transformer banks
IND-S00742,Nowrangapur,Odisha,0.0,parallel-bank,15,13,21.7,True,3.86,11.32,Reconfigure ties; balance 13 transformer banks
IND-S00743,Hājīpur,Bihar,0.4,sectionalized-ring,15,13,16.9,True,3.11,11.31,Reconfigure ties; balance 13 transformer banks
IND-S00744,Nagari,Andhra Pradesh,0.0,ring-main,15,13,23.0,False,4.0,11.31,Reconfigure ties; balance 13 transformer banks
IND-S00745,Bhāgalpur,Bihar,0.16,double-bus,15,13,22.4,True,3.47,11.75,Reconfigure ties; balance 13 transformer banks
IND-S00746,Vellore,Tamil Nadu,8.4,meshed-N-1,15,13,20.0,True,3.89,11.49,Reconfigure ties; balance 13 transformer banks
IND-S00747,Tirunelveli,Tamil Nadu,8.89,radial-spur,15,13,23.3,False,3.24,11.92,Reconfigure ties; balance 13 transformer banks
IND-S00748,Nagpur,Maharashtra,0.17,parallel-bank,15,13,19.3,True,7.1,11.58,Reconfigure ties; balance 13 transformer banks
IND-S00749,Malpe,Karnataka,0.04,sectionalized-ring,15,13,24.3,True,4.77,12.46,Reconfigure ties; balance 13 transformer banks
IND-S00750,Peddapalli,Telangana,0.0,ring-main,15,13,18.4,False,3.11,12.5,Reconfigure ties; balance 13 transformer banks
IND-S00751,Nowrangapur,Odisha,0.0,double-bus,15,13,25.6,True,3.52,10.57,Reconfigure ties; balance 13 transformer banks
IND-S00752,Hesla,Jharkhand,0.0,meshed-N-1,15,13,16.3,True,3.67,10.94,Reconfigure ties; balance 13 transformer banks
IND-S00753,Sanaur,Punjab,0.11,radial-spur,15,13,24.6,False,2.06,10.35,Reconfigure ties; balance 13 transformer banks
IND-S00754,Lucknow,Uttar Pradesh,0.25,parallel-bank,15,13,22.8,True,4.06,11.26,Reconfigure ties; balance 13 transformer banks
IND-S00755,Todabhim,Rajasthan,0.0,sectionalized-ring,15,13,24.8,True,1.83,11.5,Reconfigure ties; balance 13 transformer banks
IND-S00756,Vijayawada,Andhra Pradesh,0.0,ring-main,15,13,24.1,False,3.82,11.16,Reconfigure ties; balance 13 transformer banks
IND-S00757,Pātan,Gujarat,0.0,double-bus,15,13,27.1,True,3.97,10.15,Reconfigure ties; balance 13 transformer banks
IND-S00758,Nashik,Maharashtra,10.86,meshed-N-1,15,13,15.3,True,4.29,12.99,Reconfigure ties; balance 13 transformer banks
IND-S00759,Alīgarh,Uttar Pradesh,0.0,radial-spur,15,13,13.9,False,3.6,11.83,Reconfigure ties; balance 13 transformer banks
IND-S00760,Jaipur,Rajasthan,0.22,parallel-bank,15,13,16.3,True,3.72,12.04,Reconfigure ties; balance 13 transformer banks
IND-S00761,Patna,Bihar,0.0,sectionalized-ring,15,13,20.9,True,4.06,11.14,Reconfigure ties; balance 13 transformer banks
IND-S00762,Bengaluru,Karnataka,10.73,ring-main,15,13,27.7,False,1.88,11.1,Reconfigure ties; balance 13 transformer banks
IND-S00763,Tumkūr,Karnataka,8.71,double-bus,15,13,20.0,True,4.45,10.21,Reconfigure ties; balance 13 transformer banks
IND-S00764,Rājkot,Gujarat,0.16,meshed-N-1,15,13,25.6,True,5.02,11.88,Reconfigure ties; balance 13 transformer banks
IND-S00765,Rājkot,Gujarat,0.0,radial-spur,15,13,23.4,False,3.42,10.88,Reconfigure ties; balance 13 transformer banks
IND-S00766,Parbhani,Maharashtra,8.59,parallel-bank,15,13,19.8,True,2.85,10.75,Reconfigure ties; balance 13 transformer banks
IND-S00767,Yamuna Nagar,Haryana,0.0,sectionalized-ring,15,13,12.6,True,3.6,11.62,Reconfigure ties; balance 13 transformer banks
IND-S00768,Ranchi,Jharkhand,8.63,ring-main,15,13,13.9,False,4.77,12.28,Reconfigure ties; balance 13 transformer banks
IND-S00769,Surat,Gujarat,0.0,double-bus,15,13,29.0,True,3.57,11.56,Reconfigure ties; balance 13 transformer banks
IND-S00770,Madurai,Tamil Nadu,0.25,meshed-N-1,15,13,19.3,True,5.03,12.7,Reconfigure ties; balance 13 transformer banks
IND-S00771,Tighri,Delhi,0.0,radial-spur,15,13,17.9,False,3.96,12.39,Reconfigure ties; balance 13 transformer banks
IND-S00772,Ujjain,Madhya Pradesh,0.04,parallel-bank,15,13,21.9,True,4.78,12.13,Reconfigure ties; balance 13 transformer banks
IND-S00773,Nāngloi Jāt,Delhi,8.36,sectionalized-ring,15,13,18.3,True,2.29,10.67,Reconfigure ties; balance 13 transformer banks
IND-S00774,Barauni,Bihar,0.0,ring-main,15,13,13.2,False,2.89,12.37,Reconfigure ties; balance 13 transformer banks
IND-S00775,Rāmgarh,Jharkhand,0.0,double-bus,15,13,22.6,True,3.6,11.59,Reconfigure ties; balance 13 transformer banks
IND-S00776,Ratangarh,Rajasthan,0.0,meshed-N-1,15,13,22.9,True,4.85,11.69,Reconfigure ties; balance 13 transformer banks
IND-S00777,Satna,Madhya Pradesh,8.64,radial-spur,15,13,22.5,False,4.47,11.03,Reconfigure ties; balance 13 transformer banks
IND-S00778,Virār,Maharashtra,0.0,parallel-bank,15,13,24.1,True,2.61,11.84,Reconfigure ties; balance 13 transformer banks
IND-S00779,Kanpur,Uttar Pradesh,0.21,sectionalized-ring,15,13,25.2,True,3.8,11.31,Reconfigure ties; balance 13 transformer banks
IND-S00780,Ara,Jharkhand,0.02,ring-main,15,13,22.6,False,3.39,12.9,Reconfigure ties; balance 13 transformer banks
IND-S00781,Surat,Gujarat,0.48,double-bus,15,13,18.6,True,5.39,10.79,Reconfigure ties; balance 13 transformer banks
IND-S00782,Tirunelveli,Tamil Nadu,0.0,meshed-N-1,15,13,17.3,True,2.0,12.36,Reconfigure ties; balance 13 transformer banks
IND-S00783,Closepet,Karnataka,11.78,radial-spur,15,13,24.6,False,5.77,11.39,Reconfigure ties; balance 13 transformer banks
IND-S00784,Khambhāliya,Gujarat,0.0,parallel-bank,15,13,20.1,True,4.49,11.73,Reconfigure ties; balance 13 transformer banks
IND-S00785,Thāne,Maharashtra,0.0,sectionalized-ring,15,13,17.2,True,4.51,10.94,Reconfigure ties; balance 13 transformer banks
IND-S00786,Solan,Himachal Pradesh,0.0,ring-main,15,13,22.9,False,3.6,12.35,Reconfigure ties; balance 13 transformer banks
IND-S00787,Jodhpur,Rajasthan,8.63,double-bus,15,13,23.3,True,3.83,12.44,Reconfigure ties; balance 13 transformer banks
IND-S00788,Pune,Maharashtra,11.5,meshed-N-1,15,13,14.9,True,2.75,10.55,Reconfigure ties; balance 13 transformer banks
IND-S00789,Bahadurgarh,Haryana,0.0,radial-spur,15,13,21.8,False,2.74,10.36,Reconfigure ties; balance 13 transformer banks
IND-S00790,Gurugram,Haryana,11.31,parallel-bank,15,13,21.4,True,2.78,10.85,Reconfigure ties; balance 13 transformer banks
IND-S00791,Cheruvannur,Kerala,0.0,sectionalized-ring,15,13,12.0,True,4.38,12.33,Reconfigure ties; balance 13 transformer banks
IND-S00792,Mohanpur,Bihar,8.9,ring-main,15,13,25.8,False,5.08,11.42,Reconfigure ties; balance 13 transformer banks
IND-S00793,Rājkot,Gujarat,0.09,double-bus,15,13,19.8,True,4.69,11.47,Reconfigure ties; balance 13 transformer banks
IND-S00794,Bengaluru,Karnataka,0.34,meshed-N-1,15,13,21.2,True,3.24,11.85,Reconfigure ties; balance 13 transformer banks
IND-S00795,Mahāsamund,Chhattisgarh,9.02,radial-spur,15,13,17.4,False,3.57,12.44,Reconfigure ties; balance 13 transformer banks
IND-S00796,Mumbai,Maharashtra,0.0,parallel-bank,15,13,28.5,True,3.71,11.53,Reconfigure ties; balance 13 transformer banks
IND-S00797,Bhilad,Gujarat,8.58,sectionalized-ring,15,13,25.7,True,3.09,10.62,Reconfigure ties; balance 13 transformer banks
IND-S00798,Indore,Madhya Pradesh,8.44,ring-main,15,13,25.2,False,5.42,12.47,Reconfigure ties; balance 13 transformer banks
IND-S00799,Vejalpur,Gujarat,8.53,double-bus,15,13,23.2,True,3.63,11.76,Reconfigure ties; balance 13 transformer banks
IND-S00800,Prayagraj,Uttar Pradesh,0.18,meshed-N-1,15,13,21.0,True,2.05,11.22,Reconfigure ties; balance 13 transformer banks
IND-S00801,Brahmapur,Odisha,0.0,radial-spur,15,13,26.8,False,4.89,11.36,Reconfigure ties; balance 13 transformer banks
IND-S00802,Kharakvasla,Maharashtra,0.0,parallel-bank,15,13,19.0,True,2.67,11.99,Reconfigure ties; balance 13 transformer banks
IND-S00803,Modīnagar,Uttar Pradesh,0.2,sectionalized-ring,15,13,28.7,True,4.43,11.2,Reconfigure ties; balance 13 transformer banks
IND-S00804,Karnāl,Haryana,0.0,ring-main,15,13,28.4,False,4.38,10.52,Reconfigure ties; balance 13 transformer banks
IND-S00805,Bālāghāt,Madhya Pradesh,0.0,double-bus,15,13,24.3,True,3.56,11.88,Reconfigure ties; balance 13 transformer banks
IND-S00806,Kalyān,Maharashtra,0.54,meshed-N-1,15,13,20.9,True,3.29,10.96,Reconfigure ties; balance 13 transformer banks
IND-S00807,Annehalli,Karnataka,0.0,radial-spur,15,13,19.4,False,5.1,12.62,Reconfigure ties; balance 13 transformer banks
IND-S00808,Koratti,Kerala,8.46,parallel-bank,15,13,17.3,True,5.78,12.68,Reconfigure ties; balance 13 transformer banks
IND-S00809,Bhayandar,Maharashtra,0.16,sectionalized-ring,15,13,13.2,True,4.92,10.77,Reconfigure ties; balance 13 transformer banks
IND-S00810,Ahmedabad,Gujarat,0.01,ring-main,15,13,29.4,False,3.29,11.88,Reconfigure ties; balance 13 transformer banks
IND-S00811,Satna,Madhya Pradesh,10.41,double-bus,15,13,26.6,True,4.06,12.86,Reconfigure ties; balance 13 transformer banks
IND-S00812,Virār,Maharashtra,11.57,meshed-N-1,15,13,17.1,True,3.46,11.26,Reconfigure ties; balance 13 transformer banks
IND-S00813,Ambarnath,Maharashtra,8.63,radial-spur,15,13,25.7,False,2.73,11.86,Reconfigure ties; balance 13 transformer banks
IND-S00814,Raigarh,Chhattisgarh,12.23,parallel-bank,15,13,13.9,True,3.74,10.12,Reconfigure ties; balance 13 transformer banks
IND-S00815,Dombivali,Maharashtra,0.11,sectionalized-ring,15,13,25.9,True,2.34,11.29,Reconfigure ties; balance 13 transformer banks
IND-S00816,Alūr,Karnataka,8.53,ring-main,15,13,15.7,False,4.82,10.81,Reconfigure ties; balance 13 transformer banks
IND-S00817,Ludhiana,Punjab,11.27,double-bus,15,13,21.9,True,4.01,10.86,Reconfigure ties; balance 13 transformer banks
IND-S00818,Thāne,Maharashtra,10.74,meshed-N-1,15,13,21.2,True,4.12,11.82,Reconfigure ties; balance 13 transformer banks
IND-S00819,Bhawānipatna,Odisha,0.0,radial-spur,15,13,22.3,False,2.45,11.43,Reconfigure ties; balance 13 transformer banks
IND-S00820,Delhi,Delhi,11.75,parallel-bank,15,13,17.8,True,2.89,10.9,Reconfigure ties; balance 13 transformer banks
IND-S00821,Chennai,Tamil Nadu,0.0,sectionalized-ring,15,13,15.9,True,3.29,10.24,Reconfigure ties; balance 13 transformer banks
IND-S00822,Nadiād,Gujarat,0.0,ring-main,15,13,20.1,False,4.28,11.74,Reconfigure ties; balance 13 transformer banks
IND-S00823,Indore,Madhya Pradesh,8.65,double-bus,15,13,26.1,True,5.23,11.12,Reconfigure ties; balance 13 transformer banks
IND-S00824,Kurnool,Andhra Pradesh,28.79,meshed-N-1,15,13,21.8,True,3.81,12.26,Reconfigure ties; balance 13 transformer banks
IND-S00825,Jāmuria,West Bengal,9.02,radial-spur,15,13,13.7,False,3.17,12.43,Reconfigure ties; balance 13 transformer banks
IND-S00826,Ahmedabad,Gujarat,0.0,parallel-bank,15,13,18.4,True,4.7,10.68,Reconfigure ties; balance 13 transformer banks
IND-S00827,Arrāhi,Bihar,8.64,sectionalized-ring,15,13,17.8,True,3.44,11.7,Reconfigure ties; balance 13 transformer banks
IND-S00828,Bhopal,Madhya Pradesh,8.97,ring-main,15,13,16.7,False,1.58,11.16,Reconfigure ties; balance 13 transformer banks
IND-S00829,Nagpur,Maharashtra,0.0,double-bus,15,13,15.6,True,4.37,10.53,Reconfigure ties; balance 13 transformer banks
IND-S00830,Sonīpat,Haryana,0.15,meshed-N-1,15,13,16.9,True,2.09,11.67,Reconfigure ties; balance 13 transformer banks
IND-S00831,Chennai,Tamil Nadu,0.2,radial-spur,15,13,19.0,False,2.88,12.19,Reconfigure ties; balance 13 transformer banks
IND-S00832,Bengaluru,Karnataka,0.32,parallel-bank,15,13,19.9,True,3.85,11.15,Reconfigure ties; balance 13 transformer banks
IND-S00833,Dhamtari,Chhattisgarh,0.0,sectionalized-ring,15,13,15.3,True,3.95,11.75,Reconfigure ties; balance 13 transformer banks
IND-S00834,Tindivanam,Tamil Nadu,8.57,ring-main,15,13,23.0,False,3.89,10.94,Reconfigure ties; balance 13 transformer banks
IND-S00835,Verāval,Gujarat,0.0,double-bus,15,13,19.6,True,6.05,11.38,Reconfigure ties; balance 13 transformer banks
IND-S00836,Varanasi,Uttar Pradesh,34.67,meshed-N-1,15,13,21.4,True,1.77,9.83,Reconfigure ties; balance 13 transformer banks
IND-S00837,Jaleshwar,Odisha,8.38,radial-spur,15,13,19.8,False,4.17,11.98,Reconfigure ties; balance 13 transformer banks
IND-S00838,Palakkad,Kerala,8.61,parallel-bank,15,13,15.7,True,4.5,11.76,Reconfigure ties; balance 13 transformer banks
IND-S00839,Mangaluru,Karnataka,10.46,sectionalized-ring,15,13,24.3,True,3.33,11.12,Reconfigure ties; balance 13 transformer banks
IND-S00840,Bhubaneswar,Odisha,0.23,ring-main,15,13,21.9,False,3.26,11.17,Reconfigure ties; balance 13 transformer banks
IND-S00841,Madurai,Tamil Nadu,0.13,double-bus,15,13,30.3,True,2.49,11.97,Reconfigure ties; balance 13 transformer banks
IND-S00842,Vadodara,Gujarat,0.0,meshed-N-1,15,13,21.8,True,3.45,11.84,Reconfigure ties; balance 13 transformer banks
IND-S00843,Māndal,Rajasthan,0.0,radial-spur,15,13,18.2,False,5.56,11.36,Reconfigure ties; balance 13 transformer banks
IND-S00844,Hubballi,Karnataka,0.0,parallel-bank,15,13,22.5,True,4.97,10.79,Reconfigure ties; balance 13 transformer banks
IND-S00845,Mohali,Punjab,0.0,sectionalized-ring,15,13,19.3,True,3.48,12.05,Reconfigure ties; balance 13 transformer banks
IND-S00846,Panipat,Haryana,8.53,ring-main,15,13,21.7,False,3.36,10.88,Reconfigure ties; balance 13 transformer banks
IND-S00847,Tripura Hub Generation,Tripura,0.0,double-bus,15,13,13.0,True,1.43,11.91,Reconfigure ties; balance 13 transformer banks
IND-S00848,Nowrangapur,Odisha,8.71,meshed-N-1,15,13,19.9,True,3.87,11.17,Reconfigure ties; balance 13 transformer banks
IND-S00849,Hanumāngarh,Rajasthan,9.02,radial-spur,15,13,15.2,False,4.43,12.51,Reconfigure ties; balance 13 transformer banks
IND-S00850,Thiruvananthapuram,Kerala,0.17,parallel-bank,15,13,20.7,True,3.48,11.58,Reconfigure ties; balance 13 transformer banks
IND-S00851,Gwalior,Madhya Pradesh,11.78,sectionalized-ring,15,13,22.5,True,3.41,11.91,Reconfigure ties; balance 13 transformer banks
IND-S00852,Srinagar,Jammu and Kashmir,8.4,ring-main,15,13,23.3,False,3.2,12.42,Reconfigure ties; balance 13 transformer banks
IND-S00853,Kadayal,Tamil Nadu,0.0,double-bus,15,13,20.6,True,3.61,11.38,Reconfigure ties; balance 13 transformer banks
IND-S00854,Jūnāgadh,Gujarat,0.0,meshed-N-1,15,13,15.9,True,6.23,10.23,Reconfigure ties; balance 13 transformer banks
IND-S00855,Puruliya,West Bengal,0.0,radial-spur,15,13,25.8,False,5.05,11.3,Reconfigure ties; balance 13 transformer banks
IND-S00856,Siddhapur,Gujarat,0.0,parallel-bank,15,13,26.1,True,3.64,11.81,Reconfigure ties; balance 13 transformer banks
IND-S00857,Muhamma,Kerala,8.45,sectionalized-ring,15,13,24.3,True,4.95,12.02,Reconfigure ties; balance 13 transformer banks
IND-S00858,Jamnagar,Gujarat,0.19,ring-main,15,13,23.4,False,4.97,10.7,Reconfigure ties; balance 13 transformer banks
IND-S00859,Māvelikara,Kerala,0.0,double-bus,15,13,25.6,True,3.14,11.95,Reconfigure ties; balance 13 transformer banks
IND-S00860,Jaipur,Rajasthan,29.62,meshed-N-1,15,13,22.8,True,4.34,12.39,Reconfigure ties; balance 13 transformer banks
IND-S00861,Pune,Maharashtra,0.0,radial-spur,15,13,23.7,False,1.25,11.97,Reconfigure ties; balance 13 transformer banks
IND-S00862,Surat,Gujarat,32.07,parallel-bank,15,13,26.3,True,4.0,11.9,Reconfigure ties; balance 13 transformer banks
IND-S00863,Telangana Hub Generation,Telangana,0.0,sectionalized-ring,15,13,30.5,True,3.36,12.26,Reconfigure ties; balance 13 transformer banks
IND-S00864,Nowrangapur,Odisha,0.0,ring-main,15,13,22.3,False,2.29,11.11,Reconfigure ties; balance 13 transformer banks
IND-S00865,Surat,Gujarat,0.0,double-bus,15,13,17.7,True,4.51,12.81,Reconfigure ties; balance 13 transformer banks
IND-S00866,Hirmi,Chhattisgarh,0.0,meshed-N-1,15,13,23.5,True,2.93,11.52,Reconfigure ties; balance 13 transformer banks
IND-S00867,Delhi,Delhi,2.24,radial-spur,15,13,13.4,False,2.13,12.35,Reconfigure ties; balance 13 transformer banks
IND-S00868,Tiruchirappalli,Tamil Nadu,0.0,parallel-bank,15,13,22.1,True,3.47,12.09,Reconfigure ties; balance 13 transformer banks
IND-S00869,Gajuwaka,Andhra Pradesh,8.72,sectionalized-ring,15,13,20.0,True,5.05,11.79,Reconfigure ties; balance 13 transformer banks
IND-S00870,Ujjain,Madhya Pradesh,0.01,ring-main,15,13,21.5,False,3.91,11.06,Reconfigure ties; balance 13 transformer banks
IND-S00871,Gangavati,Karnataka,0.13,double-bus,15,13,24.7,True,3.95,11.08,Reconfigure ties; balance 13 transformer banks
IND-S00872,Srinagar,Jammu and Kashmir,0.0,meshed-N-1,15,13,18.3,True,4.48,11.24,Reconfigure ties; balance 13 transformer banks
IND-S00873,Varanasi,Uttar Pradesh,0.12,radial-spur,15,13,22.5,False,3.12,11.84,Reconfigure ties; balance 13 transformer banks
IND-S00874,Cuttack,Odisha,8.6,parallel-bank,15,13,25.9,True,2.48,12.07,Reconfigure ties; balance 13 transformer banks
IND-S00875,Surat,Gujarat,9.77,sectionalized-ring,15,13,22.7,True,4.84,12.58,Reconfigure ties; balance 13 transformer banks
IND-S00876,Ghāziābād,Uttar Pradesh,0.16,ring-main,15,13,21.9,False,1.9,11.64,Reconfigure ties; balance 13 transformer banks
IND-S00877,Kakrāla,Uttar Pradesh,0.0,double-bus,15,13,20.0,True,4.3,10.3,Reconfigure ties; balance 13 transformer banks
IND-S00878,Durgapur,West Bengal,0.0,meshed-N-1,15,13,17.3,True,5.51,10.69,Reconfigure ties; balance 13 transformer banks
IND-S00879,Belagavi,Karnataka,8.63,radial-spur,15,13,18.6,False,4.49,11.28,Reconfigure ties; balance 13 transformer banks
IND-S00880,Bengaluru,Karnataka,0.0,parallel-bank,15,13,21.0,True,4.68,12.4,Reconfigure ties; balance 13 transformer banks
IND-S00881,Arrekandige,Karnataka,8.77,sectionalized-ring,15,13,18.5,True,2.92,10.81,Reconfigure ties; balance 13 transformer banks
IND-S00882,Ahmedabad,Gujarat,0.0,ring-main,15,13,25.3,False,6.95,11.58,Reconfigure ties; balance 13 transformer banks
IND-S00883,Navsari,Gujarat,0.0,double-bus,15,13,17.4,True,4.47,11.27,Reconfigure ties; balance 13 transformer banks
IND-S00884,Jamkhandi,Karnataka,36.74,meshed-N-1,15,13,19.4,True,4.74,11.02,Reconfigure ties; balance 13 transformer banks
IND-S00885,Gokak,Karnataka,0.09,radial-spur,15,13,20.0,False,2.02,12.28,Reconfigure ties; balance 13 transformer banks
IND-S00886,Jabalpur,Madhya Pradesh,8.52,parallel-bank,15,13,16.9,True,1.81,11.12,Reconfigure ties; balance 13 transformer banks
IND-S00887,Bārān,Rajasthan,8.47,sectionalized-ring,15,13,20.7,True,2.9,11.09,Reconfigure ties; balance 13 transformer banks
IND-S00888,Bar Bigha,Bihar,8.8,ring-main,15,13,19.6,False,4.72,12.44,Reconfigure ties; balance 13 transformer banks
IND-S00889,Puducherry,Puducherry,0.0,double-bus,15,13,20.2,True,2.41,12.65,Reconfigure ties; balance 13 transformer banks
IND-S00890,Jharkhand Hub Generation,Jharkhand,8.52,meshed-N-1,15,13,19.1,True,2.13,11.3,Reconfigure ties; balance 13 transformer banks
IND-S00891,Mirzāpur,Uttar Pradesh,0.0,radial-spur,15,13,22.9,False,3.43,12.65,Reconfigure ties; balance 13 transformer banks
IND-S00892,Nāgireddipalli,Andhra Pradesh,8.74,parallel-bank,15,13,25.2,True,2.76,11.79,Reconfigure ties; balance 13 transformer banks
IND-S00893,Shahdol,Madhya Pradesh,0.1,sectionalized-ring,15,13,12.0,True,3.7,11.62,Reconfigure ties; balance 13 transformer banks
IND-S00894,Ajmer,Rajasthan,0.0,ring-main,15,13,18.8,False,4.67,12.32,Reconfigure ties; balance 13 transformer banks
IND-S00895,Kotma,Madhya Pradesh,8.65,double-bus,15,13,26.2,True,3.16,10.84,Reconfigure ties; balance 13 transformer banks
IND-S00896,Ankadihi,Odisha,0.0,meshed-N-1,15,13,19.8,True,3.21,10.13,Reconfigure ties; balance 13 transformer banks
IND-S00897,Bhubaneswar,Odisha,0.0,radial-spur,15,13,24.6,False,2.63,11.33,Reconfigure ties; balance 13 transformer banks
IND-S00898,Rasapūdipalem,Andhra Pradesh,0.09,parallel-bank,15,13,23.6,True,4.67,11.62,Reconfigure ties; balance 13 transformer banks
IND-S00899,Ghāziābād,Uttar Pradesh,8.71,sectionalized-ring,15,13,18.9,True,4.34,13.2,Reconfigure ties; balance 13 transformer banks
IND-S00900,Bīsalpur,Uttar Pradesh,0.05,ring-main,15,13,28.6,False,2.89,10.9,Reconfigure ties; balance 13 transformer banks
IND-S00901,Bhubaneswar,Odisha,0.21,double-bus,15,13,23.8,True,2.64,11.4,Reconfigure ties; balance 13 transformer banks
IND-S00902,Tiruchirappalli,Tamil Nadu,0.1,meshed-N-1,15,13,12.0,True,3.31,10.76,Reconfigure ties; balance 13 transformer banks
IND-S00903,Avaniyāpuram,Tamil Nadu,8.77,radial-spur,15,13,19.1,False,5.37,12.34,Reconfigure ties; balance 13 transformer banks
IND-S00904,Patna,Bihar,0.0,parallel-bank,15,13,21.6,True,3.98,11.94,Reconfigure ties; balance 13 transformer banks
IND-S00905,Dhāmpur,Uttar Pradesh,11.75,sectionalized-ring,15,13,26.2,True,2.87,11.44,Reconfigure ties; balance 13 transformer banks
IND-S00906,Āsansol,West Bengal,8.75,ring-main,15,13,18.9,False,1.2,12.46,Reconfigure ties; balance 13 transformer banks
IND-S00907,Jhanjhārpur,Bihar,0.0,double-bus,15,13,22.4,True,4.14,10.55,Reconfigure ties; balance 13 transformer banks
IND-S00908,Kolār,Karnataka,0.0,meshed-N-1,15,13,17.9,True,3.61,11.69,Reconfigure ties; balance 13 transformer banks
IND-S00909,Budaun,Uttar Pradesh,8.83,radial-spur,15,13,23.1,False,2.27,11.67,Reconfigure ties; balance 13 transformer banks
IND-S00910,Meerut,Uttar Pradesh,9.51,parallel-bank,15,13,19.1,True,4.03,11.22,Reconfigure ties; balance 13 transformer banks
IND-S00911,Chennai,Tamil Nadu,10.11,sectionalized-ring,15,13,17.3,True,1.5,12.54,Reconfigure ties; balance 13 transformer banks
IND-S00912,Mannargudi,Tamil Nadu,8.47,ring-main,15,13,19.9,False,3.03,11.41,Reconfigure ties; balance 13 transformer banks
IND-S00913,Ambala Sadar,Haryana,0.01,double-bus,15,13,24.8,True,4.16,11.91,Reconfigure ties; balance 13 transformer banks
IND-S00914,Dewas,Madhya Pradesh,0.08,meshed-N-1,15,13,13.8,True,3.81,11.41,Reconfigure ties; balance 13 transformer banks
IND-S00915,Gujarat Hub Generation,Gujarat,8.64,radial-spur,15,13,20.5,False,5.14,11.67,Reconfigure ties; balance 13 transformer banks
IND-S00916,Āsansol,West Bengal,0.04,parallel-bank,15,13,22.3,True,4.99,10.9,Reconfigure ties; balance 13 transformer banks
IND-S00917,Ambattur,Tamil Nadu,0.01,sectionalized-ring,15,13,22.3,True,5.03,10.7,Reconfigure ties; balance 13 transformer banks
IND-S00918,Nizāmābād,Telangana,0.0,ring-main,15,13,17.0,False,1.94,12.24,Reconfigure ties; balance 13 transformer banks
IND-S00919,Meghnagar,Madhya Pradesh,8.64,double-bus,15,13,20.6,True,3.11,11.03,Reconfigure ties; balance 13 transformer banks
IND-S00920,Madurai,Tamil Nadu,0.15,meshed-N-1,15,13,25.3,True,2.12,11.27,Reconfigure ties; balance 13 transformer banks
IND-S00921,Naya Bāzār,Sikkim,0.0,radial-spur,15,13,21.8,False,3.99,11.73,Reconfigure ties; balance 13 transformer banks
IND-S00922,Ahmedabad,Gujarat,0.21,parallel-bank,15,13,32.5,True,4.14,12.12,Reconfigure ties; balance 13 transformer banks
IND-S00923,Ahmedabad,Gujarat,8.62,sectionalized-ring,15,13,16.9,True,4.26,12.32,Reconfigure ties; balance 13 transformer banks
IND-S00924,Bhilwara,Rajasthan,8.47,ring-main,15,13,15.6,False,4.28,10.99,Reconfigure ties; balance 13 transformer banks
IND-S00925,Munger,Bihar,8.81,double-bus,15,13,26.5,True,1.65,11.12,Reconfigure ties; balance 13 transformer banks
IND-S00926,Mangaluru,Karnataka,0.0,meshed-N-1,15,13,26.6,True,4.74,11.57,Reconfigure ties; balance 13 transformer banks
IND-S00927,Dehradun,Uttarakhand,9.16,radial-spur,15,13,12.0,False,2.32,12.54,Reconfigure ties; balance 13 transformer banks
IND-S00928,Mulugu,Telangana,0.0,parallel-bank,15,13,24.8,True,4.52,12.64,Reconfigure ties; balance 13 transformer banks
IND-S00929,Amritsar,Punjab,0.0,sectionalized-ring,15,13,19.6,True,2.36,11.17,Reconfigure ties; balance 13 transformer banks
IND-S00930,Telangana Hub Generation,Telangana,0.0,ring-main,15,13,22.1,False,5.69,11.9,Reconfigure ties; balance 13 transformer banks
IND-S00931,Silvassa,Dadra and Nagar Haveli and Daman and Diu,0.02,double-bus,15,13,20.2,True,2.43,11.22,Reconfigure ties; balance 13 transformer banks
IND-S00932,Surat,Gujarat,0.45,meshed-N-1,15,13,23.7,True,4.83,11.13,Reconfigure ties; balance 13 transformer banks
IND-S00933,Howrah,West Bengal,0.3,radial-spur,15,13,19.4,False,4.38,11.08,Reconfigure ties; balance 13 transformer banks
IND-S00934,Soron,Uttar Pradesh,0.09,parallel-bank,15,13,24.0,True,2.81,11.84,Reconfigure ties; balance 13 transformer banks
IND-S00935,Ongole,Andhra Pradesh,8.93,sectionalized-ring,15,13,28.0,True,1.45,11.77,Reconfigure ties; balance 13 transformer banks
IND-S00936,Dalūpura,Delhi,0.0,ring-main,15,13,17.9,False,2.73,11.26,Reconfigure ties; balance 13 transformer banks
IND-S00937,Jalandhar,Punjab,8.36,double-bus,15,13,18.2,True,5.62,11.94,Reconfigure ties; balance 13 transformer banks
IND-S00938,Mumbai,Maharashtra,0.0,meshed-N-1,15,13,18.4,True,4.17,10.95,Reconfigure ties; balance 13 transformer banks
IND-S00939,Erode,Tamil Nadu,8.41,radial-spur,15,13,26.8,False,5.69,11.52,Reconfigure ties; balance 13 transformer banks
IND-S00940,Sholapur,Maharashtra,0.86,parallel-bank,15,13,22.7,True,1.39,12.5,Reconfigure ties; balance 13 transformer banks
IND-S00941,Siliguri,West Bengal,0.0,sectionalized-ring,15,13,22.9,True,2.62,11.34,Reconfigure ties; balance 13 transformer banks
IND-S00942,Dombivali,Maharashtra,0.55,ring-main,15,13,24.0,False,4.35,12.2,Reconfigure ties; balance 13 transformer banks
IND-S00943,Kallamchavadi,Tamil Nadu,8.75,double-bus,15,13,18.5,True,4.93,11.82,Reconfigure ties; balance 13 transformer banks
IND-S00944,Kunnamangalam,Kerala,8.38,meshed-N-1,15,13,19.2,True,4.65,11.9,Reconfigure ties; balance 13 transformer banks
IND-S00945,Pimpri,Maharashtra,9.48,radial-spur,15,13,20.2,False,3.17,11.3,Reconfigure ties; balance 13 transformer banks
IND-S00946,Virār,Maharashtra,0.14,parallel-bank,15,13,21.2,True,4.97,11.08,Reconfigure ties; balance 13 transformer banks
IND-S00947,Sāhibganj,Jharkhand,8.68,sectionalized-ring,15,13,20.2,True,1.2,11.59,Reconfigure ties; balance 13 transformer banks
IND-S00948,Āsansol,West Bengal,8.49,ring-main,15,13,17.6,False,3.63,12.27,Reconfigure ties; balance 13 transformer banks
IND-S00949,Jasdan,Gujarat,0.0,double-bus,15,13,20.4,True,3.43,12.87,Reconfigure ties; balance 13 transformer banks
IND-S00950,Kollam,Kerala,8.61,meshed-N-1,15,13,27.2,True,4.22,11.86,Reconfigure ties; balance 13 transformer banks
IND-S00951,Raipur,Chhattisgarh,0.24,radial-spur,15,13,23.4,False,6.55,11.38,Reconfigure ties; balance 13 transformer banks
IND-S00952,Kukatpally,Telangana,8.71,parallel-bank,15,13,26.2,True,4.1,11.12,Reconfigure ties; balance 13 transformer banks
IND-S00953,Amrethu,Uttar Pradesh,8.81,sectionalized-ring,15,13,25.6,True,3.43,11.25,Reconfigure ties; balance 13 transformer banks
IND-S00954,Pathānkot,Punjab,0.0,ring-main,15,13,16.5,False,4.19,12.31,Reconfigure ties; balance 13 transformer banks
IND-S00955,Kanchipuram,Tamil Nadu,45.85,double-bus,15,13,21.3,True,2.82,11.7,Reconfigure ties; balance 13 transformer banks
IND-S00956,Raigarh,Chhattisgarh,0.0,meshed-N-1,15,13,27.5,True,3.17,10.71,Reconfigure ties; balance 13 transformer banks
IND-S00957,Guntur,Andhra Pradesh,0.35,radial-spur,15,13,15.1,False,3.32,10.83,Reconfigure ties; balance 13 transformer banks
IND-S00958,Gandhinagar,Gujarat,0.0,parallel-bank,15,13,15.4,True,3.92,11.96,Reconfigure ties; balance 13 transformer banks
IND-S00959,Mumbai,Maharashtra,9.71,sectionalized-ring,15,13,25.0,True,4.37,10.89,Reconfigure ties; balance 13 transformer banks
IND-S00960,Bahadurgarh,Haryana,0.0,ring-main,15,13,19.3,False,5.38,11.55,Reconfigure ties; balance 13 transformer banks
IND-S00961,Merta,Rajasthan,8.73,double-bus,15,13,20.3,True,4.34,10.73,Reconfigure ties; balance 13 transformer banks
IND-S00962,Varanasi,Uttar Pradesh,0.09,meshed-N-1,15,13,22.7,True,3.89,11.05,Reconfigure ties; balance 13 transformer banks
IND-S00963,Pathānkot,Punjab,0.01,radial-spur,15,13,20.1,False,3.23,11.16,Reconfigure ties; balance 13 transformer banks
IND-S00964,Anakapalle,Andhra Pradesh,0.0,parallel-bank,15,13,23.3,True,3.54,11.52,Reconfigure ties; balance 13 transformer banks
IND-S00965,Faridabad,Haryana,0.0,sectionalized-ring,15,13,21.1,True,3.58,10.96,Reconfigure ties; balance 13 transformer banks
IND-S00966,Aurangābād,Bihar,0.0,ring-main,15,13,19.7,False,3.64,10.86,Reconfigure ties; balance 13 transformer banks
IND-S00967,Ujjain,Madhya Pradesh,11.96,double-bus,15,13,18.7,True,3.98,11.42,Reconfigure ties; balance 13 transformer banks
IND-S00968,Jamālpur,Bihar,8.82,meshed-N-1,15,13,19.7,True,3.32,12.39,Reconfigure ties; balance 13 transformer banks
IND-S00969,Madurai,Tamil Nadu,0.0,radial-spur,15,13,24.9,False,3.13,10.71,Reconfigure ties; balance 13 transformer banks
IND-S00970,Ānaiyūr,Tamil Nadu,0.0,parallel-bank,15,13,20.1,True,3.78,11.44,Reconfigure ties; balance 13 transformer banks
IND-S00971,Jharkhand Hub Generation,Jharkhand,0.0,sectionalized-ring,15,13,24.3,True,2.64,11.6,Reconfigure ties; balance 13 transformer banks
IND-S00972,Panipat,Haryana,0.0,ring-main,15,13,16.0,False,4.41,10.68,Reconfigure ties; balance 13 transformer banks
IND-S00973,Jamnagar,Gujarat,0.07,double-bus,15,13,22.7,True,4.13,11.16,Reconfigure ties; balance 13 transformer banks
IND-S00974,Sirsi,Karnataka,8.82,meshed-N-1,15,13,20.6,True,3.76,10.64,Reconfigure ties; balance 13 transformer banks
IND-S00975,Deoghar,Jharkhand,0.0,radial-spur,15,13,24.1,False,3.41,10.93,Reconfigure ties; balance 13 transformer banks
IND-S00976,Sholapur,Maharashtra,9.72,parallel-bank,15,13,24.5,True,4.47,11.71,Reconfigure ties; balance 13 transformer banks
IND-S00977,Māler Kotla,Punjab,8.44,sectionalized-ring,15,13,24.3,True,3.32,11.41,Reconfigure ties; balance 13 transformer banks
IND-S00978,Bāmor Kalān,Madhya Pradesh,0.0,ring-main,15,13,16.7,False,3.44,12.36,Reconfigure ties; balance 13 transformer banks
IND-S00979,Vijayawada,Andhra Pradesh,0.08,double-bus,15,13,22.8,True,5.95,11.27,Reconfigure ties; balance 13 transformer banks
IND-S00980,Dhanbad,Jharkhand,8.86,meshed-N-1,15,13,18.0,True,3.77,12.26,Reconfigure ties; balance 13 transformer banks
IND-S00981,Rajamahendravaram,Andhra Pradesh,0.0,radial-spur,15,13,23.5,False,1.6,12.64,Reconfigure ties; balance 13 transformer banks
IND-S00982,Durgapur,West Bengal,0.15,parallel-bank,15,13,21.2,True,5.07,11.47,Reconfigure ties; balance 13 transformer banks
IND-S00983,Satwās,Madhya Pradesh,0.0,sectionalized-ring,15,13,23.8,True,2.59,11.61,Reconfigure ties; balance 13 transformer banks
IND-S00984,Tellicherry,Kerala,0.0,ring-main,15,13,16.7,False,3.54,13.59,Reconfigure ties; balance 13 transformer banks
IND-S00985,Godhra,Gujarat,8.4,double-bus,15,13,21.9,True,3.71,12.09,Reconfigure ties; balance 13 transformer banks
IND-S00986,Najafgarh,Delhi,1.8,meshed-N-1,15,13,23.3,True,5.61,10.35,Reconfigure ties; balance 13 transformer banks
IND-S00987,Satna,Madhya Pradesh,0.0,radial-spur,15,13,20.3,False,3.01,10.49,Reconfigure ties; balance 13 transformer banks
IND-S00988,Itārsi,Madhya Pradesh,0.0,parallel-bank,15,13,22.5,True,4.86,12.67,Reconfigure ties; balance 13 transformer banks
IND-S00989,Surat,Gujarat,10.14,sectionalized-ring,15,13,18.6,True,3.14,11.22,Reconfigure ties; balance 13 transformer banks
IND-S00990,Manglaur,Uttarakhand,0.0,ring-main,15,13,20.9,False,3.64,11.37,Reconfigure ties; balance 13 transformer banks
IND-S00991,Surat,Gujarat,11.43,double-bus,15,13,17.5,True,3.66,12.09,Reconfigure ties; balance 13 transformer banks
IND-S00992,Hisar,Haryana,0.0,meshed-N-1,15,13,18.5,True,5.51,10.51,Reconfigure ties; balance 13 transformer banks
IND-S00993,Patna,Bihar,0.61,radial-spur,15,13,20.9,False,2.99,11.11,Reconfigure ties; balance 13 transformer banks
IND-S00994,Rājkot,Gujarat,8.62,parallel-bank,15,13,17.5,True,5.33,10.52,Reconfigure ties; balance 13 transformer banks
IND-S00995,Khurai,Madhya Pradesh,0.0,sectionalized-ring,15,13,24.1,True,2.01,10.94,Reconfigure ties; balance 13 transformer banks
IND-S00996,Davangere,Karnataka,33.98,ring-main,15,13,19.1,False,3.93,11.52,Reconfigure ties; balance 13 transformer banks
IND-S00997,Hyderabad,Telangana,8.98,double-bus,15,13,17.6,True,4.35,10.59,Reconfigure ties; balance 13 transformer banks
IND-S00998,Aurangabad,Maharashtra,0.0,meshed-N-1,15,13,28.9,True,3.46,12.52,Reconfigure ties; balance 13 transformer banks
IND-S00999,Gawān,Uttar Pradesh,8.56,radial-spur,15,13,24.5,False,4.49,11.61,Reconfigure ties; balance 13 transformer banks
IND-S01000,Tungidighi,West Bengal,8.95,parallel-bank,15,13,12.7,True,3.17,11.26,Reconfigure ties; balance 13 transformer banks
IND-S01001,Nashik,Maharashtra,0.15,sectionalized-ring,15,13,18.5,True,3.07,10.62,Reconfigure ties; balance 13 transformer banks
IND-S01002,Vadodara,Gujarat,8.7,ring-main,15,13,17.7,False,1.83,10.72,Reconfigure ties; balance 13 transformer banks
IND-S01003,Kolkata,West Bengal,0.0,double-bus,15,13,19.4,True,4.26,11.76,Reconfigure ties; balance 13 transformer banks
IND-S01004,Gwalior,Madhya Pradesh,0.0,meshed-N-1,15,13,13.3,True,4.0,10.81,Reconfigure ties; balance 13 transformer banks
IND-S01005,Bhetia,Jharkhand,0.0,radial-spur,15,13,27.9,False,3.42,11.4,Reconfigure ties; balance 13 transformer banks
IND-S01006,Madurai,Tamil Nadu,9.35,parallel-bank,15,13,17.3,True,3.64,11.49,Reconfigure ties; balance 13 transformer banks
IND-S01007,Mumbai,Maharashtra,0.15,sectionalized-ring,15,13,19.4,True,5.01,10.68,Reconfigure ties; balance 13 transformer banks
IND-S01008,Satna,Madhya Pradesh,0.0,ring-main,15,13,16.4,False,2.91,11.68,Reconfigure ties; balance 13 transformer banks
IND-S01009,Cheyyur,Tamil Nadu,8.5,double-bus,15,13,20.7,True,4.25,12.03,Reconfigure ties; balance 13 transformer banks
IND-S01010,Dhaulpur,Rajasthan,10.97,meshed-N-1,15,13,20.7,True,6.0,12.11,Reconfigure ties; balance 13 transformer banks
IND-S01011,Nāngloi Jāt,Delhi,0.0,radial-spur,15,13,24.1,False,3.08,11.64,Reconfigure ties; balance 13 transformer banks
IND-S01012,Jawaharnagar,Telangana,8.76,parallel-bank,15,13,17.5,True,2.72,10.75,Reconfigure ties; balance 13 transformer banks
IND-S01013,Kurnool,Andhra Pradesh,0.02,sectionalized-ring,15,13,20.6,True,4.35,11.63,Reconfigure ties; balance 13 transformer banks
IND-S01014,Rājkot,Gujarat,9.36,ring-main,15,13,12.0,False,2.88,10.97,Reconfigure ties; balance 13 transformer banks
IND-S01015,Nagpur,Maharashtra,9.85,double-bus,15,13,24.6,True,5.59,11.46,Reconfigure ties; balance 13 transformer banks
IND-S01016,Rāichūr,Karnataka,9.74,meshed-N-1,15,13,22.8,True,4.84,12.32,Reconfigure ties; balance 13 transformer banks
IND-S01017,Kurnool,Andhra Pradesh,0.0,radial-spur,15,13,24.3,False,4.43,10.77,Reconfigure ties; balance 13 transformer banks
IND-S01018,Gwalior,Madhya Pradesh,0.0,parallel-bank,15,13,19.3,True,3.48,13.0,Reconfigure ties; balance 13 transformer banks
IND-S01019,Amravati,Maharashtra,0.12,sectionalized-ring,15,13,18.0,True,4.26,11.93,Reconfigure ties; balance 13 transformer banks
IND-S01020,Narnaul,Haryana,8.64,ring-main,15,13,20.6,False,6.34,11.69,Reconfigure ties; balance 13 transformer banks
IND-S01021,Hazāribāgh,Jharkhand,0.0,double-bus,15,13,28.2,True,5.0,12.01,Reconfigure ties; balance 13 transformer banks
IND-S01022,Mumbai,Maharashtra,10.33,meshed-N-1,15,13,19.6,True,2.87,11.74,Reconfigure ties; balance 13 transformer banks
IND-S01023,patamda,Jharkhand,8.66,radial-spur,15,13,18.5,False,4.06,11.03,Reconfigure ties; balance 13 transformer banks
IND-S01024,Indore,Madhya Pradesh,33.09,parallel-bank,15,13,16.0,True,4.94,10.75,Reconfigure ties; balance 13 transformer banks
IND-S01025,Coimbatore,Tamil Nadu,0.16,sectionalized-ring,15,13,17.5,True,4.59,11.26,Reconfigure ties; balance 13 transformer banks
IND-S01026,Rāmpur,Uttar Pradesh,9.65,ring-main,15,13,12.0,False,2.94,11.02,Reconfigure ties; balance 13 transformer banks
IND-S01027,Abbipur,Uttar Pradesh,8.59,double-bus,15,13,17.0,True,4.14,10.95,Reconfigure ties; balance 13 transformer banks
IND-S01028,Kozhikode,Kerala,0.02,meshed-N-1,15,13,19.3,True,5.47,9.94,Reconfigure ties; balance 13 transformer banks
IND-S01029,Nellore,Andhra Pradesh,0.0,radial-spur,15,13,24.7,False,4.37,12.28,Reconfigure ties; balance 13 transformer banks
IND-S01030,Surat,Gujarat,0.0,parallel-bank,15,13,14.7,True,2.99,11.5,Reconfigure ties; balance 13 transformer banks
IND-S01031,Bhavnagar,Gujarat,11.15,sectionalized-ring,15,13,15.7,True,3.57,9.84,Reconfigure ties; balance 13 transformer banks
IND-S01032,Gandhinagar,Gujarat,0.0,ring-main,15,13,14.8,False,3.38,11.29,Reconfigure ties; balance 13 transformer banks
IND-S01033,Jalgaon,Maharashtra,0.0,double-bus,15,13,29.5,True,3.2,10.08,Reconfigure ties; balance 13 transformer banks
IND-S01034,Itanagar,Arunachal Pradesh,0.05,meshed-N-1,15,13,25.6,True,5.0,12.02,Reconfigure ties; balance 13 transformer banks
IND-S01035,Mirzāpur,Uttar Pradesh,10.24,radial-spur,15,13,23.6,False,5.05,11.42,Reconfigure ties; balance 13 transformer banks
IND-S01036,Aurangabad,Maharashtra,0.0,parallel-bank,15,13,20.2,True,3.96,10.14,Reconfigure ties; balance 13 transformer banks
IND-S01037,Atarra,Uttar Pradesh,0.0,sectionalized-ring,15,13,20.1,True,2.97,12.04,Reconfigure ties; balance 13 transformer banks
IND-S01038,Varanasi,Uttar Pradesh,0.01,ring-main,15,13,23.5,False,4.78,12.24,Reconfigure ties; balance 13 transformer banks
IND-S01039,Kolkata,West Bengal,0.0,double-bus,15,13,21.9,True,4.66,12.29,Reconfigure ties; balance 13 transformer banks
IND-S01040,Moga,Punjab,0.14,meshed-N-1,15,13,16.2,True,3.41,12.36,Reconfigure ties; balance 13 transformer banks
IND-S01041,Coimbatore,Tamil Nadu,0.18,radial-spur,15,13,19.8,False,2.81,10.48,Reconfigure ties; balance 13 transformer banks
IND-S01042,Madanapalle,Andhra Pradesh,0.07,parallel-bank,15,13,19.8,True,4.06,12.81,Reconfigure ties; balance 13 transformer banks
IND-S01043,Saugor,Madhya Pradesh,9.66,sectionalized-ring,15,13,20.6,True,3.77,11.46,Reconfigure ties; balance 13 transformer banks
IND-S01044,Purnia,Bihar,0.0,ring-main,15,13,23.5,False,3.84,11.51,Reconfigure ties; balance 13 transformer banks
IND-S01045,Viramgām,Gujarat,0.0,double-bus,15,13,20.9,True,4.52,11.69,Reconfigure ties; balance 13 transformer banks
IND-S01046,Gokavaram,Andhra Pradesh,0.0,meshed-N-1,15,13,22.0,True,5.57,10.91,Reconfigure ties; balance 13 transformer banks
IND-S01047,Kolkata,West Bengal,0.0,radial-spur,15,13,26.2,False,2.95,11.9,Reconfigure ties; balance 13 transformer banks
IND-S01048,Tanr Balidih,Jharkhand,0.0,parallel-bank,15,13,20.4,True,3.51,11.19,Reconfigure ties; balance 13 transformer banks
IND-S01049,Anneboyinapalle,Andhra Pradesh,0.0,sectionalized-ring,15,13,20.9,True,4.34,13.48,Reconfigure ties; balance 13 transformer banks
IND-S01050,Silchar,Assam,8.63,ring-main,15,13,19.8,False,2.39,11.56,Reconfigure ties; balance 13 transformer banks
IND-S01051,Burāri,Delhi,0.0,double-bus,15,13,23.1,True,3.77,11.65,Reconfigure ties; balance 13 transformer banks
IND-S01052,Vadodara,Gujarat,8.56,meshed-N-1,15,13,20.1,True,4.39,12.6,Reconfigure ties; balance 13 transformer banks
IND-S01053,Ghāziābād,Uttar Pradesh,0.0,radial-spur,15,13,21.7,False,3.31,12.08,Reconfigure ties; balance 13 transformer banks
IND-S01054,Shirpur,Maharashtra,8.45,parallel-bank,15,13,23.0,True,3.6,11.38,Reconfigure ties; balance 13 transformer banks
IND-S01055,Tamil Nadu Hub Generation,Tamil Nadu,10.33,sectionalized-ring,15,13,17.2,True,3.59,10.4,Reconfigure ties; balance 13 transformer banks
IND-S01056,Chennai,Tamil Nadu,0.0,ring-main,15,13,25.6,False,2.9,11.88,Reconfigure ties; balance 13 transformer banks
IND-S01057,Gadag,Karnataka,0.09,double-bus,15,13,20.4,True,3.77,12.22,Reconfigure ties; balance 13 transformer banks
IND-S01058,Bhiwadi,Rajasthan,0.0,meshed-N-1,15,13,21.6,True,2.67,12.17,Reconfigure ties; balance 13 transformer banks
IND-S01059,Kalavoor,Kerala,0.13,radial-spur,15,13,23.1,False,4.22,12.76,Reconfigure ties; balance 13 transformer banks
IND-S01060,Bongaigaon,Assam,0.0,parallel-bank,15,13,24.0,True,2.59,10.9,Reconfigure ties; balance 13 transformer banks
IND-S01061,Coimbatore,Tamil Nadu,0.29,sectionalized-ring,15,13,19.1,True,5.37,11.4,Reconfigure ties; balance 13 transformer banks
IND-S01062,Pul Pehlad,Delhi,8.68,ring-main,15,13,26.6,False,4.6,11.58,Reconfigure ties; balance 13 transformer banks
IND-S01063,Arāzi Khalanga,Uttar Pradesh,0.0,double-bus,15,13,27.0,True,5.59,12.33,Reconfigure ties; balance 13 transformer banks
IND-S01064,Gursahāiganj,Uttar Pradesh,8.46,meshed-N-1,15,13,19.5,True,6.62,11.59,Reconfigure ties; balance 13 transformer banks
IND-S01065,Delhi,Delhi,0.19,radial-spur,15,13,22.4,False,2.35,10.73,Reconfigure ties; balance 13 transformer banks
IND-S01066,Rāmgundam,Telangana,9.04,parallel-bank,15,13,24.6,True,3.97,10.05,Reconfigure ties; balance 13 transformer banks
IND-S01067,Rasapūdipalem,Andhra Pradesh,8.94,sectionalized-ring,15,13,19.2,True,3.92,11.94,Reconfigure ties; balance 13 transformer banks
IND-S01068,Kanayannur,Kerala,0.18,ring-main,15,13,20.6,False,5.58,11.83,Reconfigure ties; balance 13 transformer banks
IND-S01069,Pālghar,Maharashtra,8.52,double-bus,15,13,23.5,True,3.77,12.4,Reconfigure ties; balance 13 transformer banks
IND-S01070,Erode,Tamil Nadu,0.01,meshed-N-1,15,13,15.4,True,3.24,11.47,Reconfigure ties; balance 13 transformer banks
IND-S01071,Satna,Madhya Pradesh,8.59,radial-spur,15,13,19.9,False,5.01,10.02,Reconfigure ties; balance 13 transformer banks
IND-S01072,Pune,Maharashtra,10.15,parallel-bank,15,13,26.2,True,2.81,11.7,Reconfigure ties; balance 13 transformer banks
IND-S01073,Bhainsdehi,Madhya Pradesh,0.0,sectionalized-ring,15,13,16.1,True,3.91,12.36,Reconfigure ties; balance 13 transformer banks
IND-S01074,Bharatpur,Rajasthan,0.0,ring-main,15,13,21.0,False,3.52,11.66,Reconfigure ties; balance 13 transformer banks
IND-S01075,Khada,Uttar Pradesh,8.49,double-bus,15,13,15.7,True,4.44,11.76,Reconfigure ties; balance 13 transformer banks
IND-S01076,Kota,Rajasthan,8.7,meshed-N-1,15,13,21.3,True,2.59,11.24,Reconfigure ties; balance 13 transformer banks
IND-S01077,Bhopal,Madhya Pradesh,0.0,radial-spur,15,13,22.5,False,4.84,11.14,Reconfigure ties; balance 13 transformer banks
IND-S01078,Salem,Tamil Nadu,12.12,parallel-bank,15,13,16.5,True,5.76,11.06,Reconfigure ties; balance 13 transformer banks
IND-S01079,Nadiād,Gujarat,0.0,sectionalized-ring,15,13,24.6,True,4.87,11.56,Reconfigure ties; balance 13 transformer banks
IND-S01080,Uttarakhand Hub Generation,Uttarakhand,0.0,ring-main,15,13,18.3,False,4.55,11.49,Reconfigure ties; balance 13 transformer banks
IND-S01081,Kanpur,Uttar Pradesh,0.0,double-bus,15,13,16.3,True,2.64,10.87,Reconfigure ties; balance 13 transformer banks
IND-S01082,Jammu,Jammu and Kashmir,8.36,meshed-N-1,15,13,21.1,True,5.22,11.39,Reconfigure ties; balance 13 transformer banks
IND-S01083,Pilibangan,Rajasthan,0.0,radial-spur,15,13,23.2,False,4.43,11.3,Reconfigure ties; balance 13 transformer banks
IND-S01084,Kallakurichi,Tamil Nadu,8.87,parallel-bank,15,13,20.1,True,4.22,10.14,Reconfigure ties; balance 13 transformer banks
IND-S01085,Kanayannur,Kerala,8.72,sectionalized-ring,15,13,23.9,True,7.5,11.43,Reconfigure ties; balance 13 transformer banks
IND-S01086,Hubballi,Karnataka,0.0,ring-main,15,13,28.9,False,3.43,11.54,Reconfigure ties; balance 13 transformer banks
IND-S01087,Buxar,Bihar,9.13,double-bus,15,13,24.1,True,3.8,12.27,Reconfigure ties; balance 13 transformer banks
IND-S01088,Maharashtra Hub Generation,Maharashtra,9.32,meshed-N-1,15,13,17.3,True,4.86,10.49,Reconfigure ties; balance 13 transformer banks
IND-S01089,Aurangabad,Maharashtra,0.12,radial-spur,15,13,27.1,False,3.01,11.58,Reconfigure ties; balance 13 transformer banks
IND-S01090,Assam Hub Generation,Assam,0.0,parallel-bank,15,13,18.4,True,4.1,10.69,Reconfigure ties; balance 13 transformer banks
IND-S01091,Kolkata,West Bengal,9.53,sectionalized-ring,15,13,23.1,True,4.02,12.91,Reconfigure ties; balance 13 transformer banks
IND-S01092,Rājkot,Gujarat,0.0,ring-main,15,13,19.4,False,5.04,10.1,Reconfigure ties; balance 13 transformer banks
IND-S01093,Jalandhar,Punjab,0.0,double-bus,15,13,25.3,True,4.24,11.28,Reconfigure ties; balance 13 transformer banks
IND-S01094,Ballari,Karnataka,8.83,meshed-N-1,15,13,22.4,True,2.61,9.81,Reconfigure ties; balance 13 transformer banks
IND-S01095,Kannur,Kerala,11.01,radial-spur,15,13,19.3,False,4.1,11.54,Reconfigure ties; balance 13 transformer banks
IND-S01096,Sambalpur,Odisha,0.05,parallel-bank,15,13,17.0,True,3.93,9.85,Reconfigure ties; balance 13 transformer banks
IND-S01097,Belagavi,Karnataka,0.0,sectionalized-ring,15,13,21.5,True,5.54,10.72,Reconfigure ties; balance 13 transformer banks
IND-S01098,Faridabad,Haryana,11.64,ring-main,15,13,16.6,False,4.39,11.27,Reconfigure ties; balance 13 transformer banks
IND-S01099,Maharashtra Hub Generation,Maharashtra,10.5,double-bus,15,13,13.7,True,3.99,10.61,Reconfigure ties; balance 13 transformer banks
IND-S01100,Kallakurichi,Tamil Nadu,8.84,meshed-N-1,15,13,17.0,True,4.36,11.51,Reconfigure ties; balance 13 transformer banks
IND-S01101,Pānihāti,West Bengal,8.64,radial-spur,15,13,20.4,False,4.31,10.5,Reconfigure ties; balance 13 transformer banks
IND-S01102,Kalyān,Maharashtra,0.97,parallel-bank,15,13,24.4,True,6.56,11.21,Reconfigure ties; balance 13 transformer banks
IND-S01103,Burla,Odisha,0.1,sectionalized-ring,15,13,26.7,True,4.03,12.31,Reconfigure ties; balance 13 transformer banks
IND-S01104,Kāraikāl,Puducherry,0.0,ring-main,15,13,17.8,False,2.68,11.33,Reconfigure ties; balance 13 transformer banks
IND-S01105,Sholapur,Maharashtra,11.16,double-bus,15,13,18.6,True,3.57,11.39,Reconfigure ties; balance 13 transformer banks
IND-S01106,Shyamnagar,West Bengal,11.32,meshed-N-1,15,13,18.9,True,2.85,11.0,Reconfigure ties; balance 13 transformer banks
IND-S01107,Delhi,Delhi,0.0,radial-spur,15,13,18.5,False,1.98,11.37,Reconfigure ties; balance 13 transformer banks
IND-S01108,Chhibrāmau,Uttar Pradesh,8.57,parallel-bank,15,13,12.2,True,3.41,12.53,Reconfigure ties; balance 13 transformer banks
IND-S01109,Hosūr,Tamil Nadu,8.75,sectionalized-ring,15,13,22.2,True,4.2,12.35,Reconfigure ties; balance 13 transformer banks
IND-S01110,Malkajgiri,Telangana,0.0,ring-main,15,13,26.2,False,4.11,11.35,Reconfigure ties; balance 13 transformer banks
IND-S01111,Pānihāti,West Bengal,0.0,double-bus,15,13,25.3,True,3.18,11.39,Reconfigure ties; balance 13 transformer banks
IND-S01112,Howrah,West Bengal,8.61,meshed-N-1,15,13,19.0,True,2.91,11.61,Reconfigure ties; balance 13 transformer banks
IND-S01113,Puducherry,Puducherry,9.44,radial-spur,15,13,22.6,False,3.12,12.31,Reconfigure ties; balance 13 transformer banks
IND-S01114,Abdullāhgarh,Haryana,0.0,parallel-bank,15,13,17.3,True,4.06,10.69,Reconfigure ties; balance 13 transformer banks
IND-S01115,Durg,Chhattisgarh,8.92,sectionalized-ring,15,13,26.8,True,2.27,11.52,Reconfigure ties; balance 13 transformer banks
IND-S01116,Aurangābād,Bihar,0.0,ring-main,15,13,19.4,False,4.43,11.9,Reconfigure ties; balance 13 transformer banks
IND-S01117,Basavakalyan,Karnataka,0.0,double-bus,15,13,23.6,True,2.64,11.9,Reconfigure ties; balance 13 transformer banks
IND-S01118,Delhi,Delhi,0.14,meshed-N-1,15,13,24.0,True,4.93,12.29,Reconfigure ties; balance 13 transformer banks
IND-S01119,Jorhat,Assam,0.0,radial-spur,15,13,15.0,False,4.09,11.54,Reconfigure ties; balance 13 transformer banks
IND-S01120,Pūlānkinar,Tamil Nadu,0.0,parallel-bank,15,13,12.0,True,3.54,11.57,Reconfigure ties; balance 13 transformer banks
IND-S01121,Durg,Chhattisgarh,37.24,sectionalized-ring,15,13,21.7,True,3.81,12.04,Reconfigure ties; balance 13 transformer banks
IND-S01122,Chennai,Tamil Nadu,0.5,ring-main,15,13,18.1,False,4.87,10.98,Reconfigure ties; balance 13 transformer banks
IND-S01123,Nagpur,Maharashtra,0.0,double-bus,15,13,23.2,True,3.05,11.35,Reconfigure ties; balance 13 transformer banks
IND-S01124,Nagpur,Maharashtra,0.0,meshed-N-1,15,13,23.9,True,4.16,12.18,Reconfigure ties; balance 13 transformer banks
IND-S01125,Srinagar,Jammu and Kashmir,0.16,radial-spur,15,13,19.4,False,4.06,12.11,Reconfigure ties; balance 13 transformer banks
IND-S01126,Thongju,Manipur,8.4,parallel-bank,15,13,13.9,True,3.92,11.1,Reconfigure ties; balance 13 transformer banks
IND-S01127,Gangtok,Sikkim,8.87,sectionalized-ring,15,13,12.0,True,2.58,11.81,Reconfigure ties; balance 13 transformer banks
IND-S01128,Faridabad,Haryana,0.2,ring-main,15,13,25.7,False,4.5,11.05,Reconfigure ties; balance 13 transformer banks
IND-S01129,Agra,Uttar Pradesh,12.3,double-bus,15,13,20.9,True,5.37,11.45,Reconfigure ties; balance 13 transformer banks
IND-S01130,Basoda,Madhya Pradesh,0.0,meshed-N-1,15,13,17.4,True,3.97,9.94,Reconfigure ties; balance 13 transformer banks
IND-S01131,Vadodara,Gujarat,8.9,radial-spur,15,13,22.9,False,4.5,9.69,Reconfigure ties; balance 13 transformer banks
IND-S01132,Akbarpur Sarāi Ghāg,Uttar Pradesh,0.0,parallel-bank,15,13,22.2,True,2.64,9.81,Reconfigure ties; balance 13 transformer banks
IND-S01133,Ludhiana,Punjab,11.53,sectionalized-ring,15,13,21.4,True,2.78,11.6,Reconfigure ties; balance 13 transformer banks
IND-S01134,Arhu,Uttar Pradesh,0.0,ring-main,15,13,21.6,False,3.51,12.6,Reconfigure ties; balance 13 transformer banks
IND-S01135,Hyderabad,Telangana,8.51,double-bus,15,13,24.5,True,1.59,11.23,Reconfigure ties; balance 13 transformer banks
IND-S01136,Nellore,Andhra Pradesh,8.69,meshed-N-1,15,13,27.0,True,1.48,11.12,Reconfigure ties; balance 13 transformer banks
IND-S01137,Chowwara,Kerala,8.33,radial-spur,15,13,23.7,False,3.68,11.56,Reconfigure ties; balance 13 transformer banks
IND-S01138,Srinagar,Jammu and Kashmir,0.09,parallel-bank,15,13,20.9,True,3.92,11.06,Reconfigure ties; balance 13 transformer banks
IND-S01139,Indore,Madhya Pradesh,0.0,sectionalized-ring,15,13,30.5,True,3.07,11.56,Reconfigure ties; balance 13 transformer banks
IND-S01140,Urun-Islāmpur,Maharashtra,8.65,ring-main,15,13,30.7,False,3.8,11.81,Reconfigure ties; balance 13 transformer banks
IND-S01141,Delhi,Delhi,12.08,double-bus,15,13,22.0,True,5.18,11.8,Reconfigure ties; balance 13 transformer banks
IND-S01142,Indore,Madhya Pradesh,0.0,meshed-N-1,15,13,25.0,True,4.02,11.74,Reconfigure ties; balance 13 transformer banks
IND-S01143,Akola,Maharashtra,8.63,radial-spur,15,13,21.4,False,3.33,11.31,Reconfigure ties; balance 13 transformer banks
IND-S01144,Chettipālaiyam,Tamil Nadu,0.0,parallel-bank,15,13,17.6,True,4.33,10.56,Reconfigure ties; balance 13 transformer banks
IND-S01145,Deesa,Gujarat,0.0,sectionalized-ring,15,13,15.7,True,4.37,11.26,Reconfigure ties; balance 13 transformer banks
IND-S01146,Eluru,Andhra Pradesh,0.0,ring-main,15,13,23.1,False,2.73,12.28,Reconfigure ties; balance 13 transformer banks
IND-S01147,Gujarat Hub Generation,Gujarat,0.0,double-bus,15,13,30.6,True,5.22,12.2,Reconfigure ties; balance 13 transformer banks
IND-S01148,Pathānkot,Punjab,0.0,meshed-N-1,15,13,19.5,True,4.1,10.65,Reconfigure ties; balance 13 transformer banks
IND-S01149,Bareilly,Uttar Pradesh,12.03,radial-spur,15,13,21.4,False,5.01,12.21,Reconfigure ties; balance 13 transformer banks
IND-S01150,Thāne,Maharashtra,9.51,parallel-bank,15,13,33.8,True,4.71,12.32,Reconfigure ties; balance 13 transformer banks
IND-S01151,Daporijo,Arunachal Pradesh,8.89,sectionalized-ring,15,13,25.2,True,2.83,12.37,Reconfigure ties; balance 13 transformer banks
IND-S01152,Teok,Assam,8.83,ring-main,15,13,26.5,False,4.17,11.22,Reconfigure ties; balance 13 transformer banks
IND-S01153,Kanpur,Uttar Pradesh,0.14,double-bus,15,13,24.3,True,3.2,11.29,Reconfigure ties; balance 13 transformer banks
IND-S01154,Dindigul,Tamil Nadu,0.0,meshed-N-1,15,13,22.2,True,3.52,10.54,Reconfigure ties; balance 13 transformer banks
IND-S01155,Meerut,Uttar Pradesh,9.38,radial-spur,15,13,15.8,False,2.85,11.48,Reconfigure ties; balance 13 transformer banks
IND-S01156,Malappuram,Kerala,0.0,parallel-bank,15,13,19.3,True,1.94,12.18,Reconfigure ties; balance 13 transformer banks
IND-S01157,Nerkunram,Tamil Nadu,12.41,sectionalized-ring,15,13,14.9,True,4.6,11.37,Reconfigure ties; balance 13 transformer banks
IND-S01158,Lonavla,Maharashtra,8.59,ring-main,15,13,22.2,False,3.52,12.46,Reconfigure ties; balance 13 transformer banks
IND-S01159,Dewas,Madhya Pradesh,0.0,double-bus,15,13,20.8,True,3.9,11.42,Reconfigure ties; balance 13 transformer banks
IND-S01160,Uluberiya,West Bengal,9.14,meshed-N-1,15,13,17.2,True,3.9,12.95,Reconfigure ties; balance 13 transformer banks
IND-S01161,Kāmārhāti,West Bengal,0.02,radial-spur,15,13,19.8,False,4.28,11.54,Reconfigure ties; balance 13 transformer banks
IND-S01162,Barwāni,Madhya Pradesh,8.58,parallel-bank,15,13,21.6,True,4.2,11.47,Reconfigure ties; balance 13 transformer banks
IND-S01163,Pimpri,Maharashtra,11.3,sectionalized-ring,15,13,21.2,True,4.26,11.1,Reconfigure ties; balance 13 transformer banks
IND-S01164,Thāne,Maharashtra,0.53,ring-main,15,13,16.1,False,3.81,10.62,Reconfigure ties; balance 13 transformer banks
IND-S01165,Jūnāgadh,Gujarat,0.0,double-bus,15,13,18.7,True,2.69,10.89,Reconfigure ties; balance 13 transformer banks
IND-S01166,Agaramtūli,Tamil Nadu,0.0,meshed-N-1,15,13,20.4,True,3.63,12.52,Reconfigure ties; balance 13 transformer banks
IND-S01167,Etah,Uttar Pradesh,0.0,radial-spur,15,13,26.5,False,3.21,11.63,Reconfigure ties; balance 13 transformer banks
IND-S01168,Thoothukudi,Tamil Nadu,0.0,parallel-bank,15,13,21.9,True,4.99,12.38,Reconfigure ties; balance 13 transformer banks
IND-S01169,Lal Bahadur Nagar,Telangana,0.01,sectionalized-ring,15,13,24.7,True,3.03,10.68,Reconfigure ties; balance 13 transformer banks
IND-S01170,Bhopal,Madhya Pradesh,9.84,ring-main,15,13,27.5,False,5.17,11.53,Reconfigure ties; balance 13 transformer banks
IND-S01171,Delhi,Delhi,0.14,double-bus,15,13,21.5,True,5.27,11.13,Reconfigure ties; balance 13 transformer banks
IND-S01172,Thoothukudi,Tamil Nadu,0.16,meshed-N-1,15,13,25.8,True,4.56,12.02,Reconfigure ties; balance 13 transformer banks
IND-S01173,West Bengal Hub Generation,West Bengal,0.0,radial-spur,15,13,20.0,False,4.07,11.57,Reconfigure ties; balance 13 transformer banks
IND-S01174,Pimpri-Chinchwad,Maharashtra,0.0,parallel-bank,15,13,18.8,True,2.49,12.94,Reconfigure ties; balance 13 transformer banks
IND-S01175,Vellore,Tamil Nadu,9.43,sectionalized-ring,15,13,19.7,True,4.85,11.01,Reconfigure ties; balance 13 transformer banks
IND-S01176,Vadodara,Gujarat,9.72,ring-main,15,13,17.0,False,4.23,11.78,Reconfigure ties; balance 13 transformer banks
IND-S01177,Deoghar,Jharkhand,0.0,double-bus,15,13,15.0,True,4.59,10.91,Reconfigure ties; balance 13 transformer banks
IND-S01178,Rājpīpla,Gujarat,39.09,meshed-N-1,15,13,19.5,True,3.04,11.07,Reconfigure ties; balance 13 transformer banks
IND-S01179,Saugor,Madhya Pradesh,0.0,radial-spur,15,13,23.2,False,1.61,12.52,Reconfigure ties; balance 13 transformer banks
IND-S01180,Bareilly,Uttar Pradesh,10.4,parallel-bank,15,13,21.7,True,3.77,11.0,Reconfigure ties; balance 13 transformer banks
IND-S01181,Nashik,Maharashtra,0.0,sectionalized-ring,15,13,21.2,True,2.83,11.38,Reconfigure ties; balance 13 transformer banks
IND-S01182,Thāne,Maharashtra,11.26,ring-main,15,13,25.4,False,2.33,12.65,Reconfigure ties; balance 13 transformer banks
IND-S01183,Kolkata,West Bengal,8.93,double-bus,15,13,18.8,True,4.47,12.21,Reconfigure ties; balance 13 transformer banks
IND-S01184,Puducherry,Puducherry,8.81,meshed-N-1,15,13,24.5,True,4.68,10.31,Reconfigure ties; balance 13 transformer banks
IND-S01185,Nagpur,Maharashtra,8.54,radial-spur,15,13,20.0,False,4.34,12.61,Reconfigure ties; balance 13 transformer banks
IND-S01186,Kalyān,Maharashtra,10.68,parallel-bank,15,13,21.1,True,3.55,10.77,Reconfigure ties; balance 13 transformer banks
IND-S01187,Malda,West Bengal,0.0,sectionalized-ring,15,13,22.7,True,4.33,9.94,Reconfigure ties; balance 13 transformer banks
IND-S01188,Nāgercoil,Tamil Nadu,8.85,ring-main,15,13,23.2,False,3.9,12.01,Reconfigure ties; balance 13 transformer banks
IND-S01189,Sholapur,Maharashtra,0.0,double-bus,15,13,18.4,True,4.17,11.43,Reconfigure ties; balance 13 transformer banks
IND-S01190,Salem,Tamil Nadu,10.41,meshed-N-1,15,13,26.2,True,3.96,11.69,Reconfigure ties; balance 13 transformer banks
IND-S01191,Nashik,Maharashtra,10.49,radial-spur,15,13,24.1,False,3.47,11.18,Reconfigure ties; balance 13 transformer banks
IND-S01192,Meerut,Uttar Pradesh,0.08,parallel-bank,15,13,26.6,True,2.59,11.24,Reconfigure ties; balance 13 transformer banks
IND-S01193,Faridabad,Haryana,0.0,sectionalized-ring,15,13,24.2,True,4.35,11.67,Reconfigure ties; balance 13 transformer banks
IND-S01194,Gopālganj,Bihar,0.0,ring-main,15,13,15.6,False,4.67,11.54,Reconfigure ties; balance 13 transformer banks
IND-S01195,Borivli,Maharashtra,8.43,double-bus,15,13,21.6,True,3.02,12.39,Reconfigure ties; balance 13 transformer banks
IND-S01196,Kerala Hub Generation,Kerala,36.58,meshed-N-1,15,13,24.7,True,4.5,11.64,Reconfigure ties; balance 13 transformer banks
IND-S01197,Bhilwara,Rajasthan,8.64,radial-spur,15,13,21.3,False,5.08,11.89,Reconfigure ties; balance 13 transformer banks
IND-S01198,Sidlaghatta,Karnataka,8.65,parallel-bank,15,13,21.9,True,1.71,10.46,Reconfigure ties; balance 13 transformer banks
IND-S01199,Diamond Harbour,West Bengal,0.0,sectionalized-ring,15,13,12.8,True,2.88,12.09,Reconfigure ties; balance 13 transformer banks
IND-S01200,Machilīpatnam,Andhra Pradesh,8.77,ring-main,15,13,20.6,False,3.82,12.66,Reconfigure ties; balance 13 transformer banks
IND-S01201,Najafgarh,Delhi,0.01,double-bus,15,13,22.5,True,3.09,12.41,Reconfigure ties; balance 13 transformer banks
IND-S01202,Karīmnagar,Telangana,12.24,meshed-N-1,15,13,17.4,True,3.58,11.73,Reconfigure ties; balance 13 transformer banks
IND-S01203,Puducherry,Puducherry,0.14,radial-spur,15,13,13.1,False,3.24,12.88,Reconfigure ties; balance 13 transformer banks
IND-S01204,Jamūī,Bihar,8.95,parallel-bank,15,13,17.9,True,3.83,11.45,Reconfigure ties; balance 13 transformer banks
IND-S01205,Indore,Madhya Pradesh,0.16,sectionalized-ring,15,13,27.8,True,1.88,11.08,Reconfigure ties; balance 13 transformer banks
IND-S01206,Akarapalle,Chhattisgarh,0.0,ring-main,15,13,14.5,False,3.15,11.25,Reconfigure ties; balance 13 transformer banks
IND-S01207,Nawābganj,Uttar Pradesh,12.26,double-bus,15,13,21.7,True,5.73,10.38,Reconfigure ties; balance 13 transformer banks
IND-S01208,Kākināda,Andhra Pradesh,0.0,meshed-N-1,15,13,23.9,True,5.09,11.18,Reconfigure ties; balance 13 transformer banks
IND-S01209,Gudivāda,Andhra Pradesh,0.0,radial-spur,15,13,20.5,False,2.68,11.15,Reconfigure ties; balance 13 transformer banks
IND-S01210,Ballari,Karnataka,0.1,parallel-bank,15,13,18.0,True,4.09,10.81,Reconfigure ties; balance 13 transformer banks
IND-S01211,Kallakurichi,Tamil Nadu,0.14,sectionalized-ring,15,13,23.2,True,6.16,10.82,Reconfigure ties; balance 13 transformer banks
IND-S01212,Durgapur,West Bengal,0.15,ring-main,15,13,21.4,False,4.25,10.83,Reconfigure ties; balance 13 transformer banks
IND-S01213,Ulhasnagar,Maharashtra,8.57,double-bus,15,13,23.8,True,5.65,11.64,Reconfigure ties; balance 13 transformer banks
IND-S01214,Mumbai,Maharashtra,0.0,meshed-N-1,15,13,21.6,True,2.63,11.43,Reconfigure ties; balance 13 transformer banks
IND-S01215,Āsansol,West Bengal,11.62,radial-spur,15,13,30.5,False,4.1,11.45,Reconfigure ties; balance 13 transformer banks
IND-S01216,Mangalagiri,Andhra Pradesh,0.0,parallel-bank,15,13,23.9,True,6.17,11.8,Reconfigure ties; balance 13 transformer banks
IND-S01217,Kanpur,Uttar Pradesh,0.32,sectionalized-ring,15,13,23.2,True,3.84,11.22,Reconfigure ties; balance 13 transformer banks
IND-S01218,Arnra,Rajasthan,8.44,ring-main,15,13,24.1,False,3.75,11.57,Reconfigure ties; balance 13 transformer banks
IND-S01219,Kota,Rajasthan,0.0,double-bus,15,13,17.6,True,2.97,11.3,Reconfigure ties; balance 13 transformer banks
IND-S01220,Pimpri-Chinchwad,Maharashtra,0.0,meshed-N-1,15,13,16.7,True,2.36,11.37,Reconfigure ties; balance 13 transformer banks
IND-S01221,Lucknow,Uttar Pradesh,0.19,radial-spur,15,13,24.6,False,4.12,10.52,Reconfigure ties; balance 13 transformer banks
IND-S01222,Chhattisgarh Hub Generation,Chhattisgarh,0.02,parallel-bank,15,13,17.2,True,5.21,11.37,Reconfigure ties; balance 13 transformer banks
IND-S01223,Karnāwad,Madhya Pradesh,8.57,sectionalized-ring,15,13,23.2,True,2.54,11.81,Reconfigure ties; balance 13 transformer banks
IND-S01224,Walwadi,Maharashtra,0.03,ring-main,15,13,18.0,False,3.36,11.42,Reconfigure ties; balance 13 transformer banks
IND-S01225,Ādilābād,Telangana,0.0,double-bus,15,13,26.5,True,5.27,11.25,Reconfigure ties; balance 13 transformer banks
IND-S01226,Lucknow,Uttar Pradesh,0.03,meshed-N-1,15,13,27.4,True,4.31,11.99,Reconfigure ties; balance 13 transformer banks
IND-S01227,Nohar,Rajasthan,0.0,radial-spur,15,13,19.3,False,4.86,11.41,Reconfigure ties; balance 13 transformer banks
IND-S01228,Karumattampatti,Tamil Nadu,8.35,parallel-bank,15,13,16.2,True,4.05,11.89,Reconfigure ties; balance 13 transformer banks
IND-S01229,Ahmedabad,Gujarat,10.81,sectionalized-ring,15,13,19.7,True,3.97,9.44,Reconfigure ties; balance 13 transformer banks
IND-S01230,Vadakku Valliyūr,Tamil Nadu,8.69,ring-main,15,13,18.1,False,2.79,12.49,Reconfigure ties; balance 13 transformer banks
IND-S01231,Punāsa,Madhya Pradesh,0.0,double-bus,15,13,27.2,True,4.03,12.5,Reconfigure ties; balance 13 transformer banks
IND-S01232,Jamshedpur,Jharkhand,0.07,meshed-N-1,15,13,24.1,True,5.55,11.9,Reconfigure ties; balance 13 transformer banks
IND-S01233,Siliguri,West Bengal,0.0,radial-spur,15,13,27.2,False,4.28,12.63,Reconfigure ties; balance 13 transformer banks
IND-S01234,Dombivali,Maharashtra,0.79,parallel-bank,15,13,26.0,True,4.55,11.85,Reconfigure ties; balance 13 transformer banks
IND-S01235,Parola,Maharashtra,8.8,sectionalized-ring,15,13,19.0,True,1.53,12.29,Reconfigure ties; balance 13 transformer banks
IND-S01236,Najafgarh,Delhi,10.1,ring-main,15,13,19.7,False,4.72,10.85,Reconfigure ties; balance 13 transformer banks
IND-S01237,Tirukkalikkunram,Tamil Nadu,0.0,double-bus,15,13,21.7,True,3.65,10.88,Reconfigure ties; balance 13 transformer banks
IND-S01238,Tiruvottiyūr,Tamil Nadu,8.89,meshed-N-1,15,13,18.5,True,4.95,10.47,Reconfigure ties; balance 13 transformer banks
IND-S01239,Mango,Jharkhand,0.0,radial-spur,15,13,24.1,False,4.49,11.71,Reconfigure ties; balance 13 transformer banks
IND-S01240,Pimpri,Maharashtra,9.5,parallel-bank,15,13,12.0,True,1.65,10.79,Reconfigure ties; balance 13 transformer banks
IND-S01241,Bodhan,Telangana,0.0,sectionalized-ring,15,13,21.7,True,4.29,11.29,Reconfigure ties; balance 13 transformer banks
IND-S01242,Guntur,Andhra Pradesh,8.65,ring-main,15,13,23.6,False,2.69,11.27,Reconfigure ties; balance 13 transformer banks
IND-S01243,Vijayawada,Andhra Pradesh,0.06,double-bus,15,13,17.9,True,6.36,12.54,Reconfigure ties; balance 13 transformer banks
IND-S01244,Dayal Pur,Delhi,8.81,meshed-N-1,15,13,21.1,True,4.02,12.29,Reconfigure ties; balance 13 transformer banks
IND-S01245,Chittoor,Andhra Pradesh,0.0,radial-spur,15,13,16.4,False,4.94,11.18,Reconfigure ties; balance 13 transformer banks
IND-S01246,Gandhinagar,Gujarat,0.0,parallel-bank,15,13,14.6,True,3.44,12.03,Reconfigure ties; balance 13 transformer banks
IND-S01247,Kawardha,Chhattisgarh,8.79,sectionalized-ring,15,13,20.5,True,1.2,11.85,Reconfigure ties; balance 13 transformer banks
IND-S01248,Katavallūr,Kerala,0.07,ring-main,15,13,21.9,False,1.33,11.23,Reconfigure ties; balance 13 transformer banks
IND-S01249,Zerakpur,Punjab,0.0,double-bus,15,13,22.0,True,3.11,11.53,Reconfigure ties; balance 13 transformer banks
IND-S01250,Gwalior,Madhya Pradesh,0.0,meshed-N-1,15,13,23.4,True,2.83,12.14,Reconfigure ties; balance 13 transformer banks
IND-S01251,Daporijo,Arunachal Pradesh,8.94,radial-spur,15,13,20.4,False,3.31,11.65,Reconfigure ties; balance 13 transformer banks
IND-S01252,Vadodara,Gujarat,0.0,parallel-bank,15,13,21.7,True,2.8,12.42,Reconfigure ties; balance 13 transformer banks
IND-S01253,Koāth,Bihar,8.54,sectionalized-ring,15,13,24.5,True,5.39,11.28,Reconfigure ties; balance 13 transformer banks
IND-S01254,Manethi,Haryana,0.0,ring-main,15,13,12.0,False,2.66,11.28,Reconfigure ties; balance 13 transformer banks
IND-S01255,Jalgaon,Maharashtra,8.56,double-bus,15,13,21.9,True,1.98,11.84,Reconfigure ties; balance 13 transformer banks
IND-S01256,Sahaswān,Uttar Pradesh,0.2,meshed-N-1,15,13,21.3,True,2.82,12.06,Reconfigure ties; balance 13 transformer banks
IND-S01257,Farīdpur,Uttar Pradesh,0.0,radial-spur,15,13,22.1,False,6.57,11.49,Reconfigure ties; balance 13 transformer banks
IND-S01258,Kashipur,Uttarakhand,0.0,parallel-bank,15,13,18.8,True,4.32,11.42,Reconfigure ties; balance 13 transformer banks
IND-S01259,Thān,Gujarat,8.63,sectionalized-ring,15,13,18.6,True,4.61,11.79,Reconfigure ties; balance 13 transformer banks
IND-S01260,Delhi Hub Generation,Delhi,0.0,ring-main,15,13,14.7,False,4.5,10.62,Reconfigure ties; balance 13 transformer banks
IND-S01261,Sandīla,Uttar Pradesh,12.83,double-bus,15,13,18.9,True,3.41,11.83,Reconfigure ties; balance 13 transformer banks
IND-S01262,Ahmedabad,Gujarat,11.11,meshed-N-1,15,13,16.4,True,3.74,11.74,Reconfigure ties; balance 13 transformer banks
IND-S01263,Kolkata,West Bengal,8.86,radial-spur,15,13,24.0,False,3.09,11.31,Reconfigure ties; balance 13 transformer banks
IND-S01264,Nagpur,Maharashtra,0.21,parallel-bank,15,13,22.5,True,3.27,10.71,Reconfigure ties; balance 13 transformer banks
IND-S01265,Chas,Jharkhand,12.24,sectionalized-ring,15,13,16.8,True,6.6,12.69,Reconfigure ties; balance 13 transformer banks
IND-S01266,Shyamnagar,West Bengal,9.4,ring-main,15,13,18.6,False,5.31,10.17,Reconfigure ties; balance 13 transformer banks
IND-S01267,Madurai,Tamil Nadu,0.12,double-bus,15,13,19.7,True,2.68,11.54,Reconfigure ties; balance 13 transformer banks
IND-S01268,Rāmgarh,Jharkhand,0.05,meshed-N-1,15,13,21.7,True,3.0,12.3,Reconfigure ties; balance 13 transformer banks
IND-S01269,Tirunelveli,Tamil Nadu,0.19,radial-spur,15,13,19.3,False,5.25,11.02,Reconfigure ties; balance 13 transformer banks
IND-S01270,Lucknow,Uttar Pradesh,0.0,parallel-bank,15,13,28.3,True,2.45,11.3,Reconfigure ties; balance 13 transformer banks
IND-S01271,Ahmedabad,Gujarat,12.36,sectionalized-ring,15,13,24.7,True,2.54,12.11,Reconfigure ties; balance 13 transformer banks
IND-S01272,Kalyān,Maharashtra,11.45,ring-main,15,13,24.2,False,1.2,12.52,Reconfigure ties; balance 13 transformer banks
IND-S01273,Ammankurichchi,Tamil Nadu,0.0,double-bus,15,13,19.0,True,6.21,11.28,Reconfigure ties; balance 13 transformer banks
IND-S01274,Dehradun,Uttarakhand,0.0,meshed-N-1,15,13,15.6,True,4.41,10.41,Reconfigure ties; balance 13 transformer banks
IND-S01275,Jangipur,West Bengal,0.0,radial-spur,15,13,15.6,False,2.97,10.05,Reconfigure ties; balance 13 transformer banks
IND-S01276,Nashik,Maharashtra,11.44,parallel-bank,15,13,26.8,True,3.58,11.76,Reconfigure ties; balance 13 transformer banks
IND-S01277,Dhamanagar,Odisha,0.0,sectionalized-ring,15,13,19.4,True,1.58,12.18,Reconfigure ties; balance 13 transformer banks
IND-S01278,Tākli,Maharashtra,0.0,ring-main,15,13,20.3,False,3.62,10.97,Reconfigure ties; balance 13 transformer banks
IND-S01279,Kadapa,Andhra Pradesh,8.64,double-bus,15,13,26.9,True,4.28,11.73,Reconfigure ties; balance 13 transformer banks
IND-S01280,Surat,Gujarat,0.0,meshed-N-1,15,13,17.5,True,3.83,11.12,Reconfigure ties; balance 13 transformer banks
IND-S01281,Anantnag,Jammu and Kashmir,0.0,radial-spur,15,13,25.2,False,3.24,11.88,Reconfigure ties; balance 13 transformer banks
IND-S01282,Soyībug,Jammu and Kashmir,0.0,parallel-bank,15,13,13.4,True,4.22,11.24,Reconfigure ties; balance 13 transformer banks
IND-S01283,Belagavi,Karnataka,8.62,sectionalized-ring,15,13,27.1,True,5.03,11.14,Reconfigure ties; balance 13 transformer banks
IND-S01284,Anāsandiram,Tamil Nadu,8.77,ring-main,15,13,23.1,False,3.38,11.36,Reconfigure ties; balance 13 transformer banks
IND-S01285,Ludhiana,Punjab,8.85,double-bus,15,13,22.4,True,4.31,11.93,Reconfigure ties; balance 13 transformer banks
IND-S01286,Quthbullapur,Telangana,8.64,meshed-N-1,15,13,28.2,True,4.69,11.68,Reconfigure ties; balance 13 transformer banks
IND-S01287,Bagalkot,Karnataka,0.15,radial-spur,15,13,26.3,False,3.26,11.24,Reconfigure ties; balance 13 transformer banks
IND-S01288,Dīnānagar,Punjab,0.0,parallel-bank,15,13,19.6,True,5.36,12.02,Reconfigure ties; balance 13 transformer banks
IND-S01289,Malegaon,Maharashtra,0.0,sectionalized-ring,15,13,22.7,True,3.75,11.55,Reconfigure ties; balance 13 transformer banks
IND-S01290,Malda,West Bengal,0.0,ring-main,15,13,23.6,False,4.68,12.21,Reconfigure ties; balance 13 transformer banks
IND-S01291,Rāhatgarh,Madhya Pradesh,0.0,double-bus,15,13,20.9,True,3.96,11.66,Reconfigure ties; balance 13 transformer banks
IND-S01292,Beohāri,Madhya Pradesh,0.0,meshed-N-1,15,13,21.8,True,1.66,12.18,Reconfigure ties; balance 13 transformer banks
IND-S01293,Sambhal,Uttar Pradesh,0.0,radial-spur,15,13,20.1,False,5.02,11.81,Reconfigure ties; balance 13 transformer banks
IND-S01294,Ashpur,Jammu and Kashmir,0.01,parallel-bank,15,13,16.8,True,3.11,11.02,Reconfigure ties; balance 13 transformer banks
IND-S01295,Dewas,Madhya Pradesh,0.09,sectionalized-ring,15,13,20.4,True,4.58,12.98,Reconfigure ties; balance 13 transformer banks
IND-S01296,Patiāla,Punjab,0.0,ring-main,15,13,21.4,False,3.36,10.9,Reconfigure ties; balance 13 transformer banks
IND-S01297,Raurkela Industrial Township,Odisha,0.02,double-bus,15,13,18.1,True,4.33,11.07,Reconfigure ties; balance 13 transformer banks
IND-S01298,Howrah,West Bengal,9.26,meshed-N-1,15,13,23.5,True,2.6,11.45,Reconfigure ties; balance 13 transformer banks
IND-S01299,Bhiwāni,Haryana,8.77,radial-spur,15,13,16.5,False,3.99,11.4,Reconfigure ties; balance 13 transformer banks
IND-S01300,Hubballi,Karnataka,8.55,parallel-bank,15,13,20.3,True,4.76,11.88,Reconfigure ties; balance 13 transformer banks
IND-S01301,Hashtsāl,Delhi,0.0,sectionalized-ring,15,13,20.4,True,4.51,11.96,Reconfigure ties; balance 13 transformer banks
IND-S01302,Rājkot,Gujarat,0.13,ring-main,15,13,22.7,False,3.36,12.72,Reconfigure ties; balance 13 transformer banks
IND-S01303,Bareilly,Uttar Pradesh,0.0,double-bus,15,13,17.8,True,5.33,11.07,Reconfigure ties; balance 13 transformer banks
IND-S01304,Kolkata,West Bengal,0.0,meshed-N-1,15,13,19.5,True,2.62,11.39,Reconfigure ties; balance 13 transformer banks
IND-S01305,Ahmedabad,Gujarat,0.0,radial-spur,15,13,18.3,False,1.81,10.96,Reconfigure ties; balance 13 transformer banks
IND-S01306,Tirunelveli,Tamil Nadu,0.0,parallel-bank,15,13,17.9,True,2.53,11.25,Reconfigure ties; balance 13 transformer banks
IND-S01307,Coimbatore,Tamil Nadu,0.18,sectionalized-ring,15,13,18.9,True,3.03,10.81,Reconfigure ties; balance 13 transformer banks
IND-S01308,Dehradun,Uttarakhand,34.19,ring-main,15,13,16.9,False,3.72,12.57,Reconfigure ties; balance 13 transformer banks
IND-S01309,Madurai,Tamil Nadu,8.8,double-bus,15,13,26.5,True,3.69,10.66,Reconfigure ties; balance 13 transformer banks
IND-S01310,Bhiwandi,Maharashtra,0.01,meshed-N-1,15,13,23.6,True,5.52,10.86,Reconfigure ties; balance 13 transformer banks
IND-S01311,Ooty,Tamil Nadu,0.19,radial-spur,15,13,20.1,False,5.5,11.7,Reconfigure ties; balance 13 transformer banks
IND-S01312,Bharatpur,Rajasthan,0.0,parallel-bank,15,13,17.0,True,4.88,11.57,Reconfigure ties; balance 13 transformer banks
IND-S01313,Nallūr,Tamil Nadu,0.0,sectionalized-ring,15,13,22.8,True,4.22,10.67,Reconfigure ties; balance 13 transformer banks
IND-S01314,Naihāti,West Bengal,0.0,ring-main,15,13,18.2,False,3.25,10.42,Reconfigure ties; balance 13 transformer banks
IND-S01315,Pimpri,Maharashtra,0.94,double-bus,15,13,24.4,True,6.38,11.38,Reconfigure ties; balance 13 transformer banks
IND-S01316,Vijayawada,Andhra Pradesh,0.0,meshed-N-1,15,13,17.9,True,4.08,10.8,Reconfigure ties; balance 13 transformer banks
IND-S01317,Moirāng,Manipur,8.66,radial-spur,15,13,25.3,False,3.1,10.62,Reconfigure ties; balance 13 transformer banks
IND-S01318,Cuttack,Odisha,0.0,parallel-bank,15,13,22.8,True,1.66,10.33,Reconfigure ties; balance 13 transformer banks
IND-S01319,Andhiātolā,Madhya Pradesh,0.0,sectionalized-ring,15,13,22.1,True,4.93,11.86,Reconfigure ties; balance 13 transformer banks
IND-S01320,Kuttippuram,Kerala,8.54,ring-main,15,13,23.4,False,4.5,12.17,Reconfigure ties; balance 13 transformer banks
IND-S01321,Kākināda,Andhra Pradesh,0.0,double-bus,15,13,23.4,True,2.56,11.52,Reconfigure ties; balance 13 transformer banks
IND-S01322,Khadki,Maharashtra,0.0,meshed-N-1,15,13,15.8,True,2.37,11.56,Reconfigure ties; balance 13 transformer banks
IND-S01323,Limbdi,Gujarat,9.04,radial-spur,15,13,25.7,False,3.39,11.46,Reconfigure ties; balance 13 transformer banks
IND-S01324,Chennai,Tamil Nadu,0.0,parallel-bank,15,13,26.5,True,2.12,11.04,Reconfigure ties; balance 13 transformer banks
IND-S01325,Vadodara,Gujarat,9.75,sectionalized-ring,15,13,15.8,True,5.54,11.3,Reconfigure ties; balance 13 transformer banks
IND-S01326,Jabalpur,Madhya Pradesh,8.98,ring-main,15,13,22.4,False,1.2,13.17,Reconfigure ties; balance 13 transformer banks
IND-S01327,Nowrangapur,Odisha,11.9,double-bus,15,13,17.5,True,4.41,10.96,Reconfigure ties; balance 13 transformer banks
IND-S01328,Dibrugarh,Assam,8.65,meshed-N-1,15,13,19.5,True,4.2,11.79,Reconfigure ties; balance 13 transformer banks
IND-S01329,Bhānūr,Telangana,8.57,radial-spur,15,13,17.3,False,5.43,10.9,Reconfigure ties; balance 13 transformer banks
IND-S01330,Chennai,Tamil Nadu,0.62,parallel-bank,15,13,19.8,True,3.78,10.85,Reconfigure ties; balance 13 transformer banks
IND-S01331,Wādi,Karnataka,8.84,sectionalized-ring,15,13,16.7,True,3.32,11.73,Reconfigure ties; balance 13 transformer banks
IND-S01332,Purnia,Bihar,0.0,ring-main,15,13,19.5,False,4.11,12.12,Reconfigure ties; balance 13 transformer banks
IND-S01333,Karnataka Hub Generation,Karnataka,10.4,double-bus,15,13,22.6,True,4.28,13.07,Reconfigure ties; balance 13 transformer banks
IND-S01334,Gorakhpur,Uttar Pradesh,0.0,meshed-N-1,15,13,22.7,True,3.81,10.97,Reconfigure ties; balance 13 transformer banks
IND-S01335,Hyderabad,Telangana,0.32,radial-spur,15,13,22.0,False,4.96,11.31,Reconfigure ties; balance 13 transformer banks
IND-S01336,Nellore,Andhra Pradesh,9.07,parallel-bank,15,13,18.5,True,4.44,11.54,Reconfigure ties; balance 13 transformer banks
IND-S01337,Mormugao,Goa,0.0,sectionalized-ring,15,13,18.3,True,2.52,11.28,Reconfigure ties; balance 13 transformer banks
IND-S01338,Gyānpur,Uttar Pradesh,11.21,ring-main,15,13,19.9,False,5.13,12.19,Reconfigure ties; balance 13 transformer banks
IND-S01339,Bhiwandi,Maharashtra,8.51,double-bus,15,13,24.0,True,2.98,11.79,Reconfigure ties; balance 13 transformer banks
IND-S01340,Hyderabad,Telangana,0.14,meshed-N-1,15,13,18.6,True,3.92,11.57,Reconfigure ties; balance 13 transformer banks
IND-S01341,Dhanbad,Jharkhand,0.0,radial-spur,15,13,19.6,False,3.5,12.2,Reconfigure ties; balance 13 transformer banks
IND-S01342,Patna,Bihar,10.63,parallel-bank,15,13,22.9,True,3.3,12.33,Reconfigure ties; balance 13 transformer banks
IND-S01343,Ghāziābād,Uttar Pradesh,0.17,sectionalized-ring,15,13,15.6,True,4.87,11.64,Reconfigure ties; balance 13 transformer banks
IND-S01344,Vallabh Vidyanagar,Gujarat,8.66,ring-main,15,13,24.0,False,3.85,11.38,Reconfigure ties; balance 13 transformer banks
IND-S01345,Bārāsat,West Bengal,0.0,double-bus,15,13,16.2,True,2.86,11.25,Reconfigure ties; balance 13 transformer banks
IND-S01346,Kaimur,Madhya Pradesh,8.96,meshed-N-1,15,13,22.0,True,3.31,10.3,Reconfigure ties; balance 13 transformer banks
IND-S01347,Kāmārhāti,West Bengal,0.0,radial-spur,15,13,23.6,False,4.4,12.14,Reconfigure ties; balance 13 transformer banks
IND-S01348,Amīr,Rajasthan,0.0,parallel-bank,15,13,21.0,True,2.6,11.18,Reconfigure ties; balance 13 transformer banks
IND-S01349,Bilāspur,Chhattisgarh,0.0,sectionalized-ring,15,13,24.4,True,4.59,10.91,Reconfigure ties; balance 13 transformer banks
IND-S01350,Amudālavalasa,Andhra Pradesh,0.0,ring-main,15,13,25.9,False,2.96,10.56,Reconfigure ties; balance 13 transformer banks
IND-S01351,Kalyān,Maharashtra,10.59,double-bus,15,13,18.4,True,3.76,11.08,Reconfigure ties; balance 13 transformer banks
IND-S01352,Anikkini,Tamil Nadu,0.0,meshed-N-1,15,13,23.3,True,3.34,11.37,Reconfigure ties; balance 13 transformer banks
IND-S01353,Varanasi,Uttar Pradesh,0.0,radial-spur,15,13,23.4,False,3.89,11.58,Reconfigure ties; balance 13 transformer banks
IND-S01354,Murwāra,Madhya Pradesh,0.0,parallel-bank,15,13,23.8,True,3.68,11.71,Reconfigure ties; balance 13 transformer banks
IND-S01355,Mohali,Punjab,8.75,sectionalized-ring,15,13,18.5,True,3.52,11.96,Reconfigure ties; balance 13 transformer banks
IND-S01356,Anantnag,Jammu and Kashmir,0.0,ring-main,15,13,32.5,False,3.84,12.45,Reconfigure ties; balance 13 transformer banks
IND-S01357,Nagpur,Maharashtra,0.0,double-bus,15,13,23.7,True,2.85,12.26,Reconfigure ties; balance 13 transformer banks
IND-S01358,Kharghar,Maharashtra,8.76,meshed-N-1,15,13,21.9,True,3.83,11.81,Reconfigure ties; balance 13 transformer banks
IND-S01359,Salem,Tamil Nadu,0.0,radial-spur,15,13,24.6,False,4.44,10.92,Reconfigure ties; balance 13 transformer banks
IND-S01360,Nagpur,Maharashtra,0.0,parallel-bank,15,13,24.8,True,5.99,12.62,Reconfigure ties; balance 13 transformer banks
IND-S01361,Tambaram,Tamil Nadu,0.11,sectionalized-ring,15,13,24.7,True,3.68,12.71,Reconfigure ties; balance 13 transformer banks
IND-S01362,Tekāri,Bihar,8.59,ring-main,15,13,19.7,False,3.76,11.3,Reconfigure ties; balance 13 transformer banks
IND-S01363,Madurai,Tamil Nadu,0.0,double-bus,15,13,15.0,True,3.32,11.35,Reconfigure ties; balance 13 transformer banks
IND-S01364,Karnataka Hub Generation,Karnataka,8.47,meshed-N-1,15,13,22.5,True,3.5,11.17,Reconfigure ties; balance 13 transformer banks
IND-S01365,Sāngli,Maharashtra,8.71,radial-spur,15,13,20.6,False,4.21,10.45,Reconfigure ties; balance 13 transformer banks
IND-S01366,Thāne,Maharashtra,0.0,parallel-bank,15,13,17.4,True,2.89,11.5,Reconfigure ties; balance 13 transformer banks
IND-S01367,Kanhangad,Kerala,0.0,sectionalized-ring,15,13,22.6,True,1.41,12.07,Reconfigure ties; balance 13 transformer banks
IND-S01368,Chitradurga,Karnataka,8.85,ring-main,15,13,24.9,False,3.2,11.33,Reconfigure ties; balance 13 transformer banks
IND-S01369,Rājkot,Gujarat,0.16,double-bus,15,13,21.5,True,3.7,12.3,Reconfigure ties; balance 13 transformer banks
IND-S01370,Sāhibganj,Jharkhand,0.11,meshed-N-1,15,13,23.8,True,5.48,11.71,Reconfigure ties; balance 13 transformer banks
IND-S01371,Nellikkuppam,Tamil Nadu,0.01,radial-spur,15,13,22.3,False,4.76,10.76,Reconfigure ties; balance 13 transformer banks
IND-S01372,Tirunelveli,Tamil Nadu,0.19,parallel-bank,15,13,19.9,True,3.08,11.39,Reconfigure ties; balance 13 transformer banks
IND-S01373,New Delhi,Delhi,9.02,sectionalized-ring,15,13,22.0,True,3.36,12.16,Reconfigure ties; balance 13 transformer banks
IND-S01374,Ambattur,Tamil Nadu,0.05,ring-main,15,13,26.9,False,3.69,11.47,Reconfigure ties; balance 13 transformer banks
IND-S01375,Bengaluru,Karnataka,0.0,double-bus,15,13,24.8,True,3.9,11.65,Reconfigure ties; balance 13 transformer banks
IND-S01376,Dhamtari,Chhattisgarh,0.0,meshed-N-1,15,13,16.9,True,3.92,10.98,Reconfigure ties; balance 13 transformer banks
IND-S01377,Sehore,Madhya Pradesh,0.0,radial-spur,15,13,25.5,False,4.0,11.16,Reconfigure ties; balance 13 transformer banks
IND-S01378,Tamil Nadu Hub Generation,Tamil Nadu,0.0,parallel-bank,15,13,15.4,True,4.06,11.25,Reconfigure ties; balance 13 transformer banks
IND-S01379,Guwahati,Assam,0.26,sectionalized-ring,15,13,21.6,True,4.22,11.06,Reconfigure ties; balance 13 transformer banks
IND-S01380,Arakkonam,Tamil Nadu,9.01,ring-main,15,13,16.9,False,5.95,12.03,Reconfigure ties; balance 13 transformer banks
IND-S01381,Delhi,Delhi,0.27,double-bus,15,13,30.9,True,5.17,11.03,Reconfigure ties; balance 13 transformer banks
IND-S01382,Thāne,Maharashtra,0.97,meshed-N-1,15,13,23.3,True,2.9,9.98,Reconfigure ties; balance 13 transformer banks
IND-S01383,Ahmedabad,Gujarat,8.83,radial-spur,15,13,24.8,False,1.97,11.97,Reconfigure ties; balance 13 transformer banks
IND-S01384,Asaulia,Uttar Pradesh,8.58,parallel-bank,15,13,19.1,True,4.32,11.87,Reconfigure ties; balance 13 transformer banks
IND-S01385,Agartala,Tripura,0.27,sectionalized-ring,15,13,24.5,True,4.55,11.17,Reconfigure ties; balance 13 transformer banks
IND-S01386,Kailāras,Madhya Pradesh,0.0,ring-main,15,13,16.1,False,4.12,11.01,Reconfigure ties; balance 13 transformer banks
IND-S01387,Sad,Madhya Pradesh,8.82,double-bus,15,13,26.5,True,4.98,12.09,Reconfigure ties; balance 13 transformer banks
IND-S01388,Ambikāpur,Chhattisgarh,0.0,meshed-N-1,15,13,21.1,True,3.65,11.3,Reconfigure ties; balance 13 transformer banks
IND-S01389,Surat,Gujarat,8.8,radial-spur,15,13,18.4,False,2.47,11.16,Reconfigure ties; balance 13 transformer banks
IND-S01390,Bhadrak,Odisha,0.0,parallel-bank,15,13,12.9,True,4.68,12.79,Reconfigure ties; balance 13 transformer banks
IND-S01391,Hoshiārpur,Punjab,0.0,sectionalized-ring,15,13,20.1,True,3.18,11.35,Reconfigure ties; balance 13 transformer banks
IND-S01392,Angraura Dūbhā,Uttar Pradesh,9.0,ring-main,15,13,22.2,False,2.28,11.99,Reconfigure ties; balance 13 transformer banks
IND-S01393,New Delhi,Delhi,0.12,double-bus,15,13,27.8,True,4.04,11.85,Reconfigure ties; balance 13 transformer banks
IND-S01394,Jamnagar,Gujarat,0.0,meshed-N-1,15,13,25.4,True,4.71,11.26,Reconfigure ties; balance 13 transformer banks
IND-S01395,Morādābād,Uttar Pradesh,33.05,radial-spur,15,13,18.9,False,2.28,12.35,Reconfigure ties; balance 13 transformer banks
IND-S01396,Erode,Tamil Nadu,8.46,parallel-bank,15,13,22.6,True,3.53,12.56,Reconfigure ties; balance 13 transformer banks
IND-S01397,Prayagraj,Uttar Pradesh,11.05,sectionalized-ring,15,13,19.4,True,7.1,11.61,Reconfigure ties; balance 13 transformer banks
IND-S01398,Sihorā,Madhya Pradesh,8.65,ring-main,15,13,14.7,False,2.38,10.97,Reconfigure ties; balance 13 transformer banks
IND-S01399,Irugūr,Tamil Nadu,0.0,double-bus,15,13,20.8,True,2.69,10.79,Reconfigure ties; balance 13 transformer banks
IND-S01400,Odisha Hub Generation,Odisha,8.7,meshed-N-1,15,13,14.9,True,4.71,12.84,Reconfigure ties; balance 13 transformer banks
IND-S01401,Delhi Hub Generation,Delhi,0.0,radial-spur,15,13,24.5,False,3.39,10.24,Reconfigure ties; balance 13 transformer banks
IND-S01402,Jamnagar,Gujarat,0.0,parallel-bank,15,13,16.9,True,5.34,10.98,Reconfigure ties; balance 13 transformer banks
IND-S01403,Pune,Maharashtra,0.0,sectionalized-ring,15,13,25.2,True,2.46,12.18,Reconfigure ties; balance 13 transformer banks
IND-S01404,Kalyān,Maharashtra,1.13,ring-main,15,13,25.5,False,2.84,10.83,Reconfigure ties; balance 13 transformer banks
IND-S01405,Bareilly,Uttar Pradesh,0.22,double-bus,15,13,30.0,True,3.01,11.82,Reconfigure ties; balance 13 transformer banks
IND-S01406,Roorkee,Uttarakhand,0.05,meshed-N-1,15,13,28.0,True,3.97,11.77,Reconfigure ties; balance 13 transformer banks
IND-S01407,Erode,Tamil Nadu,9.84,radial-spur,15,13,15.3,False,6.11,10.19,Reconfigure ties; balance 13 transformer banks
IND-S01408,Patharia,Madhya Pradesh,0.0,parallel-bank,15,13,25.0,True,4.62,10.48,Reconfigure ties; balance 13 transformer banks
IND-S01409,Jamnagar,Gujarat,0.21,sectionalized-ring,15,13,23.7,True,3.61,10.88,Reconfigure ties; balance 13 transformer banks
IND-S01410,Kaithal,Haryana,11.41,ring-main,15,13,16.6,False,4.4,11.56,Reconfigure ties; balance 13 transformer banks
IND-S01411,Dewas,Madhya Pradesh,0.0,double-bus,15,13,27.9,True,5.69,12.02,Reconfigure ties; balance 13 transformer banks
IND-S01412,Gwalior,Madhya Pradesh,0.14,meshed-N-1,15,13,22.0,True,3.9,12.09,Reconfigure ties; balance 13 transformer banks
IND-S01413,Siliguri,West Bengal,8.46,radial-spur,15,13,22.9,False,3.79,11.07,Reconfigure ties; balance 13 transformer banks
IND-S01414,Delhi,Delhi,2.04,parallel-bank,15,13,22.2,True,2.28,10.89,Reconfigure ties; balance 13 transformer banks
IND-S01415,Rewa,Madhya Pradesh,0.0,sectionalized-ring,15,13,20.2,True,2.04,11.02,Reconfigure ties; balance 13 transformer banks
IND-S01416,Tirunelveli,Tamil Nadu,0.0,ring-main,15,13,23.7,False,3.88,11.28,Reconfigure ties; balance 13 transformer banks
IND-S01417,Borivli,Maharashtra,8.41,double-bus,15,13,29.4,True,1.84,10.45,Reconfigure ties; balance 13 transformer banks
IND-S01418,Bārāsat,West Bengal,0.0,meshed-N-1,15,13,23.3,True,4.28,11.02,Reconfigure ties; balance 13 transformer banks
IND-S01419,Phagwāra,Punjab,0.0,radial-spur,15,13,20.1,False,3.41,12.54,Reconfigure ties; balance 13 transformer banks
IND-S01420,Manjeri,Kerala,8.46,parallel-bank,15,13,18.8,True,4.29,10.48,Reconfigure ties; balance 13 transformer banks
IND-S01421,Nagpur,Maharashtra,11.21,sectionalized-ring,15,13,20.9,True,5.45,11.97,Reconfigure ties; balance 13 transformer banks
IND-S01422,Bathinda,Punjab,8.68,ring-main,15,13,19.8,False,3.04,10.62,Reconfigure ties; balance 13 transformer banks
IND-S01423,Ranchi,Jharkhand,0.08,double-bus,15,13,23.6,True,4.18,10.84,Reconfigure ties; balance 13 transformer banks
IND-S01424,Delhi,Delhi,1.31,meshed-N-1,15,13,20.5,True,2.9,10.91,Reconfigure ties; balance 13 transformer banks
IND-S01425,Āpta,Maharashtra,9.02,radial-spur,15,13,20.8,False,2.76,13.35,Reconfigure ties; balance 13 transformer banks
IND-S01426,Hindupur,Andhra Pradesh,0.01,parallel-bank,15,13,16.2,True,4.31,11.07,Reconfigure ties; balance 13 transformer banks
IND-S01427,Noida,Uttar Pradesh,10.56,sectionalized-ring,15,13,22.6,True,3.86,10.92,Reconfigure ties; balance 13 transformer banks
IND-S01428,Ariviripattanam,Tamil Nadu,0.0,ring-main,15,13,17.8,False,3.86,12.2,Reconfigure ties; balance 13 transformer banks
IND-S01429,Kallakurichi,Tamil Nadu,0.12,double-bus,15,13,22.0,True,3.49,11.98,Reconfigure ties; balance 13 transformer banks
IND-S01430,Varanasi,Uttar Pradesh,0.43,meshed-N-1,15,13,20.1,True,5.5,12.38,Reconfigure ties; balance 13 transformer banks
IND-S01431,Sholapur,Maharashtra,1.69,radial-spur,15,13,24.0,False,4.32,11.97,Reconfigure ties; balance 13 transformer banks
IND-S01432,Bengaluru,Karnataka,1.51,parallel-bank,15,13,20.7,True,5.76,11.52,Reconfigure ties; balance 13 transformer banks
IND-S01433,Makronia,Madhya Pradesh,8.99,sectionalized-ring,15,13,16.3,True,2.16,12.09,Reconfigure ties; balance 13 transformer banks
IND-S01434,Āsansol,West Bengal,9.99,ring-main,15,13,24.1,False,5.22,12.4,Reconfigure ties; balance 13 transformer banks
IND-S01435,Tamil Nadu Hub Generation,Tamil Nadu,0.0,double-bus,15,13,19.0,True,4.35,12.9,Reconfigure ties; balance 13 transformer banks
IND-S01436,Jaipur,Rajasthan,0.2,meshed-N-1,15,13,23.5,True,3.88,11.11,Reconfigure ties; balance 13 transformer banks
IND-S01437,Devakottai,Tamil Nadu,8.4,radial-spur,15,13,20.4,False,5.41,10.81,Reconfigure ties; balance 13 transformer banks
IND-S01438,Vadodara,Gujarat,0.0,parallel-bank,15,13,26.4,True,3.37,11.04,Reconfigure ties; balance 13 transformer banks
IND-S01439,Urun-Islāmpur,Maharashtra,8.63,sectionalized-ring,15,13,23.6,True,1.27,10.64,Reconfigure ties; balance 13 transformer banks
IND-S01440,Gujarat Hub Generation,Gujarat,0.0,ring-main,15,13,18.0,False,4.59,10.16,Reconfigure ties; balance 13 transformer banks
IND-S01441,Bāli,West Bengal,8.62,double-bus,15,13,20.9,True,3.27,12.17,Reconfigure ties; balance 13 transformer banks
IND-S01442,Tirunelveli,Tamil Nadu,8.71,meshed-N-1,15,13,16.9,True,4.43,11.08,Reconfigure ties; balance 13 transformer banks
IND-S01443,Virār,Maharashtra,0.07,radial-spur,15,13,19.6,False,4.74,11.97,Reconfigure ties; balance 13 transformer banks
IND-S01444,Howrah,West Bengal,8.49,parallel-bank,15,13,14.9,True,4.39,13.06,Reconfigure ties; balance 13 transformer banks
IND-S01445,Jammu,Jammu and Kashmir,8.67,sectionalized-ring,15,13,16.5,True,4.74,11.16,Reconfigure ties; balance 13 transformer banks
IND-S01446,Khargone,Madhya Pradesh,0.12,ring-main,15,13,25.7,False,3.08,11.47,Reconfigure ties; balance 13 transformer banks
IND-S01447,Bathinda,Punjab,0.05,double-bus,15,13,24.7,True,3.77,12.81,Reconfigure ties; balance 13 transformer banks
IND-S01448,Sri Ganganagar,Rajasthan,0.0,meshed-N-1,15,13,22.5,True,1.55,9.55,Reconfigure ties; balance 13 transformer banks
IND-S01449,Palakkad,Kerala,0.07,radial-spur,15,13,14.3,False,4.44,10.67,Reconfigure ties; balance 13 transformer banks
IND-S01450,Ahiri,Maharashtra,8.56,parallel-bank,15,13,26.5,True,2.04,10.99,Reconfigure ties; balance 13 transformer banks
IND-S01451,Rajasthan Hub Generation,Rajasthan,8.77,sectionalized-ring,15,13,21.9,True,4.39,10.74,Reconfigure ties; balance 13 transformer banks
IND-S01452,Kadapa,Andhra Pradesh,9.02,ring-main,15,13,24.5,False,4.97,12.91,Reconfigure ties; balance 13 transformer banks
IND-S01453,Salem,Tamil Nadu,0.0,double-bus,15,13,21.8,True,6.78,10.8,Reconfigure ties; balance 13 transformer banks
IND-S01454,Kolkata,West Bengal,9.0,meshed-N-1,15,13,23.8,True,5.4,11.24,Reconfigure ties; balance 13 transformer banks
IND-S01455,Badlapur,Maharashtra,0.0,radial-spur,15,13,20.5,False,3.96,11.36,Reconfigure ties; balance 13 transformer banks
IND-S01456,Hisar,Haryana,8.43,parallel-bank,15,13,24.3,True,3.17,12.08,Reconfigure ties; balance 13 transformer banks
IND-S01457,Cherukavu,Kerala,0.0,sectionalized-ring,15,13,23.4,True,4.0,11.22,Reconfigure ties; balance 13 transformer banks
IND-S01458,Narela,Delhi,0.01,ring-main,15,13,17.5,False,4.19,11.12,Reconfigure ties; balance 13 transformer banks
IND-S01459,Bengaluru,Karnataka,9.95,double-bus,15,13,23.0,True,4.97,12.32,Reconfigure ties; balance 13 transformer banks
IND-S01460,Āsansol,West Bengal,11.56,meshed-N-1,15,13,17.3,True,2.86,11.9,Reconfigure ties; balance 13 transformer banks
IND-S01461,Alattur,Kerala,0.17,radial-spur,15,13,12.4,False,2.81,11.37,Reconfigure ties; balance 13 transformer banks
IND-S01462,Proddatūr,Andhra Pradesh,0.12,parallel-bank,15,13,15.3,True,6.63,11.0,Reconfigure ties; balance 13 transformer banks
IND-S01463,Agartala,Tripura,8.81,sectionalized-ring,15,13,18.8,True,4.78,12.06,Reconfigure ties; balance 13 transformer banks
IND-S01464,Secunderabad,Telangana,9.94,ring-main,15,13,22.5,False,3.89,10.2,Reconfigure ties; balance 13 transformer banks
IND-S01465,Kolkata,West Bengal,0.24,double-bus,15,13,15.7,True,2.39,11.27,Reconfigure ties; balance 13 transformer banks
IND-S01466,Allāhābād,Uttar Pradesh,0.0,meshed-N-1,15,13,22.1,True,3.9,10.6,Reconfigure ties; balance 13 transformer banks
IND-S01467,Kadapa,Andhra Pradesh,0.0,radial-spur,15,13,22.3,False,5.58,11.27,Reconfigure ties; balance 13 transformer banks
IND-S01468,Kālimpong,West Bengal,8.64,parallel-bank,15,13,21.6,True,6.49,11.89,Reconfigure ties; balance 13 transformer banks
IND-S01469,Ghāziābād,Uttar Pradesh,0.0,sectionalized-ring,15,13,19.7,True,2.62,11.09,Reconfigure ties; balance 13 transformer banks
IND-S01470,Lucknow,Uttar Pradesh,0.11,ring-main,15,13,18.4,False,3.59,12.71,Reconfigure ties; balance 13 transformer banks
IND-S01471,Begusarai,Bihar,8.35,double-bus,15,13,26.9,True,2.31,11.26,Reconfigure ties; balance 13 transformer banks
IND-S01472,Haveli,Maharashtra,0.0,meshed-N-1,15,13,28.5,True,3.63,11.6,Reconfigure ties; balance 13 transformer banks
IND-S01473,Mahendragarh,Haryana,8.36,radial-spur,15,13,13.0,False,2.78,10.95,Reconfigure ties; balance 13 transformer banks
IND-S01474,Mathura,Uttar Pradesh,8.8,parallel-bank,15,13,17.7,True,4.94,12.68,Reconfigure ties; balance 13 transformer banks
IND-S01475,Mango,Jharkhand,8.68,sectionalized-ring,15,13,25.8,True,4.34,10.76,Reconfigure ties; balance 13 transformer banks
IND-S01476,Itanagar,Arunachal Pradesh,0.0,ring-main,15,13,16.2,False,3.89,10.4,Reconfigure ties; balance 13 transformer banks
IND-S01477,Jalandhar,Punjab,0.15,double-bus,15,13,25.2,True,6.0,11.85,Reconfigure ties; balance 13 transformer banks
IND-S01478,Sītāpur,Uttar Pradesh,0.0,meshed-N-1,15,13,27.0,True,4.39,11.17,Reconfigure ties; balance 13 transformer banks
IND-S01479,Morādābād,Uttar Pradesh,0.0,radial-spur,15,13,31.2,False,4.27,12.44,Reconfigure ties; balance 13 transformer banks
IND-S01480,Valparai,Tamil Nadu,8.96,parallel-bank,15,13,27.1,True,1.24,10.13,Reconfigure ties; balance 13 transformer banks
IND-S01481,Medininagar,Jharkhand,0.0,sectionalized-ring,15,13,25.9,True,3.93,12.09,Reconfigure ties; balance 13 transformer banks
IND-S01482,Dhanbad,Jharkhand,9.06,ring-main,15,13,23.5,False,4.67,11.75,Reconfigure ties; balance 13 transformer banks
IND-S01483,Mothīhāri,Bihar,10.9,double-bus,15,13,20.0,True,2.76,11.89,Reconfigure ties; balance 13 transformer banks
IND-S01484,Aki,Maharashtra,0.0,meshed-N-1,15,13,16.7,True,2.23,12.58,Reconfigure ties; balance 13 transformer banks
IND-S01485,Latur,Maharashtra,0.13,radial-spur,15,13,24.4,False,2.38,12.97,Reconfigure ties; balance 13 transformer banks
IND-S01486,Tiruvottiyūr,Tamil Nadu,0.27,parallel-bank,15,13,16.3,True,4.49,10.74,Reconfigure ties; balance 13 transformer banks
IND-S01487,Jodhpur,Rajasthan,8.59,sectionalized-ring,15,13,22.2,True,4.71,9.82,Reconfigure ties; balance 13 transformer banks
IND-S01488,Ludhiana,Punjab,0.55,ring-main,15,13,19.0,False,5.12,10.54,Reconfigure ties; balance 13 transformer banks
IND-S01489,Karnāl,Haryana,0.0,double-bus,15,13,20.2,True,4.02,12.28,Reconfigure ties; balance 13 transformer banks
IND-S01490,Pulivendla,Andhra Pradesh,0.0,meshed-N-1,15,13,23.9,True,5.37,11.83,Reconfigure ties; balance 13 transformer banks
IND-S01491,Deoli,Delhi,8.8,radial-spur,15,13,18.9,False,3.93,11.11,Reconfigure ties; balance 13 transformer banks
IND-S01492,Brahmapur,Odisha,0.12,parallel-bank,15,13,22.0,True,2.3,10.94,Reconfigure ties; balance 13 transformer banks
IND-S01493,Panruti,Tamil Nadu,0.0,sectionalized-ring,15,13,15.0,True,4.41,12.19,Reconfigure ties; balance 13 transformer banks
IND-S01494,Yelur,Karnataka,8.42,ring-main,15,13,21.5,False,5.69,11.08,Reconfigure ties; balance 13 transformer banks
IND-S01495,Rudrapur,Uttarakhand,0.0,double-bus,15,13,18.0,True,5.66,11.87,Reconfigure ties; balance 13 transformer banks
IND-S01496,Sultan Pur Majra,Delhi,0.0,meshed-N-1,15,13,17.2,True,2.75,12.24,Reconfigure ties; balance 13 transformer banks
IND-S01497,Tirupati,Andhra Pradesh,8.86,radial-spur,15,13,18.8,False,2.02,11.92,Reconfigure ties; balance 13 transformer banks
IND-S01498,Chāpra,Bihar,0.0,parallel-bank,15,13,17.3,True,5.6,11.12,Reconfigure ties; balance 13 transformer banks
IND-S01499,Pimpri,Maharashtra,10.42,sectionalized-ring,15,13,14.6,True,1.97,11.89,Reconfigure ties; balance 13 transformer banks
IND-S01500,Jaipur,Rajasthan,0.0,ring-main,15,13,25.2,False,2.38,11.46,Reconfigure ties; balance 13 transformer banks
IND-S01501,Modīnagar,Uttar Pradesh,8.63,double-bus,15,13,25.2,True,5.51,11.95,Reconfigure ties; balance 13 transformer banks
IND-S01502,Bhavnagar,Gujarat,11.81,meshed-N-1,15,13,23.8,True,4.9,11.24,Reconfigure ties; balance 13 transformer banks
IND-S01503,Mukhiguda,Odisha,0.04,radial-spur,15,13,18.6,False,2.19,11.28,Reconfigure ties; balance 13 transformer banks
IND-S01504,Bhubaneswar,Odisha,0.0,parallel-bank,15,13,24.0,True,4.6,11.71,Reconfigure ties; balance 13 transformer banks
IND-S01505,Loni,Uttar Pradesh,0.0,sectionalized-ring,15,13,16.9,True,3.08,11.52,Reconfigure ties; balance 13 transformer banks
IND-S01506,Ghāziābād,Uttar Pradesh,0.17,ring-main,15,13,21.5,False,4.14,12.03,Reconfigure ties; balance 13 transformer banks
IND-S01507,Sāngli,Maharashtra,8.75,double-bus,15,13,19.3,True,3.15,10.98,Reconfigure ties; balance 13 transformer banks
IND-S01508,Sawar,Rajasthan,8.59,meshed-N-1,15,13,27.9,True,3.54,11.4,Reconfigure ties; balance 13 transformer banks
IND-S01509,Sonīpat,Haryana,10.96,radial-spur,15,13,28.0,False,3.12,11.82,Reconfigure ties; balance 13 transformer banks
IND-S01510,Vadamadurai,Tamil Nadu,8.36,parallel-bank,15,13,14.1,True,3.46,11.87,Reconfigure ties; balance 13 transformer banks
IND-S01511,Mahāsamund,Chhattisgarh,0.0,sectionalized-ring,15,13,19.7,True,4.11,11.43,Reconfigure ties; balance 13 transformer banks
IND-S01512,Wardha,Maharashtra,8.54,ring-main,15,13,18.1,False,6.48,11.43,Reconfigure ties; balance 13 transformer banks
IND-S01513,Ajmer,Rajasthan,8.52,double-bus,15,13,21.1,True,4.16,11.37,Reconfigure ties; balance 13 transformer banks
IND-S01514,Ajmer,Rajasthan,0.0,meshed-N-1,15,13,22.0,True,3.42,11.21,Reconfigure ties; balance 13 transformer banks
IND-S01515,North Lakhimpur,Assam,0.0,radial-spur,15,13,20.8,False,5.3,11.14,Reconfigure ties; balance 13 transformer banks
IND-S01516,Chennai,Tamil Nadu,0.0,parallel-bank,15,13,27.2,True,3.33,11.82,Reconfigure ties; balance 13 transformer banks
IND-S01517,Amraulia,Uttar Pradesh,8.69,sectionalized-ring,15,13,17.8,True,1.91,10.95,Reconfigure ties; balance 13 transformer banks
IND-S01518,Meerut,Uttar Pradesh,0.0,ring-main,15,13,24.1,False,2.8,11.87,Reconfigure ties; balance 13 transformer banks
IND-S01519,Tirūrangādi,Kerala,0.0,double-bus,15,13,18.9,True,3.1,11.7,Reconfigure ties; balance 13 transformer banks
IND-S01520,Kukshi,Madhya Pradesh,8.8,meshed-N-1,15,13,28.6,True,3.41,10.44,Reconfigure ties; balance 13 transformer banks
IND-S01521,Rānāghāt,West Bengal,8.85,radial-spur,15,13,19.6,False,4.04,10.05,Reconfigure ties; balance 13 transformer banks
IND-S01522,Guwahati,Assam,0.0,parallel-bank,15,13,16.3,True,4.35,12.83,Reconfigure ties; balance 13 transformer banks
IND-S01523,Ahmedabad,Gujarat,11.89,sectionalized-ring,15,13,20.9,True,3.85,11.73,Reconfigure ties; balance 13 transformer banks
IND-S01524,Mukkūdal,Tamil Nadu,8.58,ring-main,15,13,22.3,False,3.29,11.82,Reconfigure ties; balance 13 transformer banks
IND-S01525,Kulti,West Bengal,8.58,double-bus,15,13,14.7,True,3.51,11.94,Reconfigure ties; balance 13 transformer banks
IND-S01526,Lal Bahadur Nagar,Telangana,8.51,meshed-N-1,15,13,27.3,True,4.98,10.04,Reconfigure ties; balance 13 transformer banks
IND-S01527,Fatehpur,Uttar Pradesh,0.0,radial-spur,15,13,22.2,False,4.88,11.49,Reconfigure ties; balance 13 transformer banks
IND-S01528,Keshod,Gujarat,0.0,parallel-bank,15,13,18.5,True,1.55,10.51,Reconfigure ties; balance 13 transformer banks
IND-S01529,Nizāmābād,Telangana,8.62,sectionalized-ring,15,13,21.7,True,3.71,12.14,Reconfigure ties; balance 13 transformer banks
IND-S01530,Patna,Bihar,35.57,ring-main,15,13,22.5,False,3.42,12.16,Reconfigure ties; balance 13 transformer banks
IND-S01531,Rajpur Sonarpur,West Bengal,0.0,double-bus,15,13,20.9,True,3.81,11.8,Reconfigure ties; balance 13 transformer banks
IND-S01532,Nowrangapur,Odisha,0.0,meshed-N-1,15,13,23.9,True,3.79,10.44,Reconfigure ties; balance 13 transformer banks
IND-S01533,Machilīpatnam,Andhra Pradesh,0.0,radial-spur,15,13,27.6,False,7.33,10.68,Reconfigure ties; balance 13 transformer banks
IND-S01534,Lucknow,Uttar Pradesh,8.52,parallel-bank,15,13,20.1,True,3.28,9.81,Reconfigure ties; balance 13 transformer banks
IND-S01535,Erode,Tamil Nadu,0.01,sectionalized-ring,15,13,21.5,True,3.65,10.03,Reconfigure ties; balance 13 transformer banks
IND-S01536,Vasco da Gama,Goa,0.0,ring-main,15,13,21.8,False,5.59,11.76,Reconfigure ties; balance 13 transformer banks
IND-S01537,Delhi,Delhi,0.48,double-bus,15,13,19.5,True,4.76,11.9,Reconfigure ties; balance 13 transformer banks
IND-S01538,Kāmāreddi,Telangana,8.82,meshed-N-1,15,13,14.0,True,4.13,11.8,Reconfigure ties; balance 13 transformer banks
IND-S01539,Kopali,Jharkhand,0.0,radial-spur,15,13,22.6,False,3.03,10.35,Reconfigure ties; balance 13 transformer banks
IND-S01540,Nagpur,Maharashtra,12.22,parallel-bank,15,13,17.1,True,4.31,10.61,Reconfigure ties; balance 13 transformer banks
IND-S01541,Alappuzha,Kerala,0.0,sectionalized-ring,15,13,27.1,True,3.06,11.23,Reconfigure ties; balance 13 transformer banks
IND-S01542,Kadapa,Andhra Pradesh,8.71,ring-main,15,13,27.4,False,3.5,11.53,Reconfigure ties; balance 13 transformer banks
IND-S01543,Sunabeda,Odisha,0.0,double-bus,15,13,20.1,True,4.61,12.09,Reconfigure ties; balance 13 transformer banks
IND-S01544,Kolkata,West Bengal,0.0,meshed-N-1,15,13,19.0,True,3.91,10.76,Reconfigure ties; balance 13 transformer banks
IND-S01545,Murwāra,Madhya Pradesh,8.43,radial-spur,15,13,23.0,False,4.76,11.35,Reconfigure ties; balance 13 transformer banks
IND-S01546,Visakhapatnam,Andhra Pradesh,8.84,parallel-bank,15,13,19.8,True,2.37,11.11,Reconfigure ties; balance 13 transformer banks
IND-S01547,Kāraippudūr,Tamil Nadu,8.48,sectionalized-ring,15,13,23.9,True,3.84,11.01,Reconfigure ties; balance 13 transformer banks
IND-S01548,Nashik,Maharashtra,0.85,ring-main,15,13,17.2,False,2.9,11.97,Reconfigure ties; balance 13 transformer banks
IND-S01549,Mandamarri,Telangana,8.55,double-bus,15,13,16.0,True,3.06,11.51,Reconfigure ties; balance 13 transformer banks
IND-S01550,Chānda,Maharashtra,0.0,meshed-N-1,15,13,12.9,True,3.59,10.76,Reconfigure ties; balance 13 transformer banks
IND-S01551,Panchkula,Haryana,0.0,radial-spur,15,13,18.5,False,5.18,10.75,Reconfigure ties; balance 13 transformer banks
IND-S01552,Sāhibganj,Jharkhand,0.0,parallel-bank,15,13,23.0,True,4.48,10.96,Reconfigure ties; balance 13 transformer banks
IND-S01553,Rasipuram,Tamil Nadu,8.4,sectionalized-ring,15,13,24.7,True,3.99,11.61,Reconfigure ties; balance 13 transformer banks
IND-S01554,Madhya Pradesh Hub Generation,Madhya Pradesh,0.0,ring-main,15,13,19.2,False,2.76,11.35,Reconfigure ties; balance 13 transformer banks
IND-S01555,Majarkuri,Assam,0.0,double-bus,15,13,24.5,True,4.49,10.51,Reconfigure ties; balance 13 transformer banks
IND-S01556,Sahāranpur,Uttar Pradesh,0.0,meshed-N-1,15,13,21.5,True,3.19,12.48,Reconfigure ties; balance 13 transformer banks
IND-S01557,Jabalpur,Madhya Pradesh,0.02,radial-spur,15,13,22.1,False,3.06,9.81,Reconfigure ties; balance 13 transformer banks
IND-S01558,Arangūr,Tamil Nadu,0.0,parallel-bank,15,13,21.1,True,3.9,11.76,Reconfigure ties; balance 13 transformer banks
IND-S01559,Maheshtala,West Bengal,9.07,sectionalized-ring,15,13,20.0,True,4.14,11.79,Reconfigure ties; balance 13 transformer banks
IND-S01560,Rasapūdipalem,Andhra Pradesh,0.13,ring-main,15,13,17.8,False,3.97,10.97,Reconfigure ties; balance 13 transformer banks
IND-S01561,Ambarnath,Maharashtra,0.09,double-bus,15,13,16.5,True,2.89,12.69,Reconfigure ties; balance 13 transformer banks
IND-S01562,Jorhat,Assam,8.57,meshed-N-1,15,13,15.9,True,3.99,11.83,Reconfigure ties; balance 13 transformer banks
IND-S01563,Bareilly,Uttar Pradesh,0.01,radial-spur,15,13,23.8,False,3.76,12.75,Reconfigure ties; balance 13 transformer banks
IND-S01564,Kokōtamangalam South,Kerala,0.0,parallel-bank,15,13,25.8,True,3.65,11.82,Reconfigure ties; balance 13 transformer banks
IND-S01565,Ambāla,Haryana,0.0,sectionalized-ring,15,13,18.8,True,4.04,12.48,Reconfigure ties; balance 13 transformer banks
IND-S01566,Salem,Tamil Nadu,10.98,ring-main,15,13,19.1,False,4.14,12.16,Reconfigure ties; balance 13 transformer banks
IND-S01567,Nashik,Maharashtra,11.61,double-bus,15,13,25.3,True,4.62,9.68,Reconfigure ties; balance 13 transformer banks
IND-S01568,Chennai,Tamil Nadu,0.49,meshed-N-1,15,13,16.8,True,3.78,11.95,Reconfigure ties; balance 13 transformer banks
IND-S01569,Tumkūr,Karnataka,0.0,radial-spur,15,13,21.1,False,3.32,10.32,Reconfigure ties; balance 13 transformer banks
IND-S01570,Badāmibāgh,Jammu and Kashmir,8.72,parallel-bank,15,13,24.1,True,3.84,12.41,Reconfigure ties; balance 13 transformer banks
IND-S01571,Surat,Gujarat,9.86,sectionalized-ring,15,13,21.6,True,3.89,11.01,Reconfigure ties; balance 13 transformer banks
IND-S01572,Jaipur,Rajasthan,12.29,ring-main,15,13,22.0,False,2.51,10.4,Reconfigure ties; balance 13 transformer banks
IND-S01573,Coimbatore,Tamil Nadu,0.0,double-bus,15,13,16.8,True,5.62,10.59,Reconfigure ties; balance 13 transformer banks
IND-S01574,Hazāribāgh,Jharkhand,0.0,meshed-N-1,15,13,23.0,True,2.89,10.91,Reconfigure ties; balance 13 transformer banks
IND-S01575,Tamil Nadu Hub Generation,Tamil Nadu,0.0,radial-spur,15,13,26.2,False,2.95,10.62,Reconfigure ties; balance 13 transformer banks
IND-S01576,Faridabad,Haryana,8.46,parallel-bank,15,13,26.5,True,4.43,11.18,Reconfigure ties; balance 13 transformer banks
IND-S01577,Pimpri-Chinchwad,Maharashtra,8.74,sectionalized-ring,15,13,18.6,True,5.84,11.75,Reconfigure ties; balance 13 transformer banks
IND-S01578,Godoli,Maharashtra,0.0,ring-main,15,13,23.0,False,5.73,11.59,Reconfigure ties; balance 13 transformer banks
IND-S01579,Hukumpeta,Andhra Pradesh,0.0,double-bus,15,13,23.4,True,5.03,11.52,Reconfigure ties; balance 13 transformer banks
IND-S01580,Kallakurichi,Tamil Nadu,8.79,meshed-N-1,15,13,25.7,True,2.56,10.1,Reconfigure ties; balance 13 transformer banks
IND-S01581,Ambattankuttaimedu,Tamil Nadu,0.0,radial-spur,15,13,18.9,False,4.53,11.38,Reconfigure ties; balance 13 transformer banks
IND-S01582,Ambakapalle,Andhra Pradesh,0.0,parallel-bank,15,13,21.7,True,4.68,11.65,Reconfigure ties; balance 13 transformer banks
IND-S01583,Siddipet,Telangana,8.54,sectionalized-ring,15,13,24.9,True,2.9,11.71,Reconfigure ties; balance 13 transformer banks
IND-S01584,Utrān,Gujarat,0.0,ring-main,15,13,22.1,False,5.11,11.9,Reconfigure ties; balance 13 transformer banks
IND-S01585,Ahmedabad,Gujarat,0.17,double-bus,15,13,25.9,True,3.58,10.6,Reconfigure ties; balance 13 transformer banks
IND-S01586,Surat,Gujarat,11.26,meshed-N-1,15,13,19.7,True,3.43,10.62,Reconfigure ties; balance 13 transformer banks
IND-S01587,Kawardha,Chhattisgarh,8.93,radial-spur,15,13,19.6,False,4.19,12.58,Reconfigure ties; balance 13 transformer banks
IND-S01588,Hazāribāgh,Jharkhand,0.0,parallel-bank,15,13,24.6,True,4.68,11.47,Reconfigure ties; balance 13 transformer banks
IND-S01589,Bareilly,Uttar Pradesh,0.01,sectionalized-ring,15,13,23.6,True,4.15,11.03,Reconfigure ties; balance 13 transformer banks
IND-S01590,Madurai,Tamil Nadu,35.42,ring-main,15,13,28.1,False,3.17,12.05,Reconfigure ties; balance 13 transformer banks
IND-S01591,Amritsar,Punjab,8.73,double-bus,15,13,19.5,True,3.05,11.76,Reconfigure ties; balance 13 transformer banks
IND-S01592,Mangaluru,Karnataka,8.57,meshed-N-1,15,13,23.2,True,4.06,11.73,Reconfigure ties; balance 13 transformer banks
IND-S01593,Vijayawada,Andhra Pradesh,8.62,radial-spur,15,13,19.6,False,4.41,11.4,Reconfigure ties; balance 13 transformer banks
IND-S01594,Nagda,Madhya Pradesh,0.0,parallel-bank,15,13,19.4,True,2.84,11.93,Reconfigure ties; balance 13 transformer banks
IND-S01595,Mancherial,Telangana,0.0,sectionalized-ring,15,13,18.2,True,5.01,12.41,Reconfigure ties; balance 13 transformer banks
IND-S01596,Howrah,West Bengal,0.0,ring-main,15,13,26.1,False,3.55,11.63,Reconfigure ties; balance 13 transformer banks
IND-S01597,Cuddalore,Tamil Nadu,0.0,double-bus,15,13,21.0,True,3.57,11.66,Reconfigure ties; balance 13 transformer banks
IND-S01598,Palwal,Haryana,0.0,meshed-N-1,15,13,27.0,True,4.31,10.94,Reconfigure ties; balance 13 transformer banks
IND-S01599,Tarsadi,Gujarat,8.75,radial-spur,15,13,19.3,False,5.49,10.72,Reconfigure ties; balance 13 transformer banks
IND-S01600,Agra,Uttar Pradesh,0.0,parallel-bank,15,13,17.5,True,1.2,11.57,Reconfigure ties; balance 13 transformer banks
IND-S01601,Bālurghāt,West Bengal,0.0,sectionalized-ring,15,13,18.7,True,2.49,11.5,Reconfigure ties; balance 13 transformer banks
IND-S01602,Hazāribāgh,Jharkhand,11.71,ring-main,15,13,29.5,False,3.98,11.66,Reconfigure ties; balance 13 transformer banks
IND-S01603,Honnavar,Karnataka,0.0,double-bus,15,13,21.2,True,4.85,10.25,Reconfigure ties; balance 13 transformer banks
IND-S01604,Nashik,Maharashtra,9.34,meshed-N-1,15,13,29.0,True,3.57,12.06,Reconfigure ties; balance 13 transformer banks
IND-S01605,Ankāchāridoddi,Karnataka,0.0,radial-spur,15,13,19.4,False,4.26,10.66,Reconfigure ties; balance 13 transformer banks
IND-S01606,Alnār,Chhattisgarh,9.02,parallel-bank,15,13,16.9,True,2.69,10.84,Reconfigure ties; balance 13 transformer banks
IND-S01607,Kanayannur,Kerala,0.01,sectionalized-ring,15,13,21.5,True,4.22,11.12,Reconfigure ties; balance 13 transformer banks
IND-S01608,Hashtsāl,Delhi,0.0,ring-main,15,13,25.3,False,3.15,12.42,Reconfigure ties; balance 13 transformer banks
IND-S01609,Sri Ganganagar,Rajasthan,0.0,double-bus,15,13,28.7,True,3.87,12.66,Reconfigure ties; balance 13 transformer banks
IND-S01610,Puthenvelikara,Kerala,0.0,meshed-N-1,15,13,23.4,True,1.65,12.19,Reconfigure ties; balance 13 transformer banks
IND-S01611,Sholapur,Maharashtra,0.34,radial-spur,15,13,22.1,False,4.21,11.81,Reconfigure ties; balance 13 transformer banks
IND-S01612,Kanpur,Uttar Pradesh,10.84,parallel-bank,15,13,18.6,True,5.85,11.28,Reconfigure ties; balance 13 transformer banks
IND-S01613,Gandhinagar,Gujarat,0.0,sectionalized-ring,15,13,21.2,True,3.81,12.4,Reconfigure ties; balance 13 transformer banks
IND-S01614,Ghāziābād,Uttar Pradesh,0.31,ring-main,15,13,13.9,False,2.34,12.29,Reconfigure ties; balance 13 transformer banks
IND-S01615,Gaya,Bihar,0.0,double-bus,15,13,22.8,True,1.87,10.85,Reconfigure ties; balance 13 transformer banks
IND-S01616,Bishnupur,West Bengal,0.0,meshed-N-1,15,13,22.3,True,1.9,10.4,Reconfigure ties; balance 13 transformer banks
IND-S01617,Chandigarh,Chandigarh,12.75,radial-spur,15,13,22.7,False,3.28,9.51,Reconfigure ties; balance 13 transformer banks
IND-S01618,Imphal,Manipur,0.11,parallel-bank,15,13,25.1,True,4.31,11.65,Reconfigure ties; balance 13 transformer banks
IND-S01619,Guna,Madhya Pradesh,0.0,sectionalized-ring,15,13,22.9,True,6.2,11.58,Reconfigure ties; balance 13 transformer banks
IND-S01620,Ālangulam,Tamil Nadu,0.0,ring-main,15,13,28.4,False,5.57,12.37,Reconfigure ties; balance 13 transformer banks
IND-S01621,Chennai,Tamil Nadu,8.78,double-bus,15,13,14.7,True,3.03,11.88,Reconfigure ties; balance 13 transformer banks
IND-S01622,Patna,Bihar,9.23,meshed-N-1,15,13,22.4,True,2.75,13.03,Reconfigure ties; balance 13 transformer banks
IND-S01623,Ambattur,Tamil Nadu,0.09,radial-spur,15,13,29.5,False,3.6,12.01,Reconfigure ties; balance 13 transformer banks
IND-S01624,Atārītapariyan,Madhya Pradesh,0.0,parallel-bank,15,13,16.9,True,4.27,11.41,Reconfigure ties; balance 13 transformer banks
IND-S01625,Visakhapatnam,Andhra Pradesh,0.08,sectionalized-ring,15,13,25.5,True,4.96,11.57,Reconfigure ties; balance 13 transformer banks
IND-S01626,Fīrozābād,Uttar Pradesh,0.0,ring-main,15,13,23.2,False,2.05,11.13,Reconfigure ties; balance 13 transformer banks
IND-S01627,Narkatiāganj,Bihar,9.04,double-bus,15,13,26.9,True,4.36,12.31,Reconfigure ties; balance 13 transformer banks
IND-S01628,Rāmpura,Punjab,8.45,meshed-N-1,15,13,22.8,True,2.17,11.84,Reconfigure ties; balance 13 transformer banks
IND-S01629,Lālganj,Uttar Pradesh,8.75,radial-spur,15,13,25.2,False,3.17,11.15,Reconfigure ties; balance 13 transformer banks
IND-S01630,Farrukhābād,Uttar Pradesh,8.45,parallel-bank,15,13,14.2,True,3.71,10.84,Reconfigure ties; balance 13 transformer banks
IND-S01631,Nichlaul,Uttar Pradesh,0.0,sectionalized-ring,15,13,16.9,True,3.2,12.04,Reconfigure ties; balance 13 transformer banks
IND-S01632,Bhubaneswar,Odisha,0.17,ring-main,15,13,15.5,False,4.67,11.31,Reconfigure ties; balance 13 transformer banks
IND-S01633,Rāman,Punjab,8.66,double-bus,15,13,21.0,True,5.2,13.8,Reconfigure ties; balance 13 transformer banks
IND-S01634,Nashik,Maharashtra,0.0,meshed-N-1,15,13,23.7,True,2.96,11.79,Reconfigure ties; balance 13 transformer banks
IND-S01635,Pallichal,Kerala,9.02,radial-spur,15,13,19.3,False,3.25,11.85,Reconfigure ties; balance 13 transformer banks
IND-S01636,Sonīpat,Haryana,0.0,parallel-bank,15,13,23.5,True,3.94,11.41,Reconfigure ties; balance 13 transformer banks
IND-S01637,Govardhan,Uttar Pradesh,0.0,sectionalized-ring,15,13,25.2,True,3.63,11.86,Reconfigure ties; balance 13 transformer banks
IND-S01638,Chennai,Tamil Nadu,0.0,ring-main,15,13,13.2,False,3.98,11.32,Reconfigure ties; balance 13 transformer banks
IND-S01639,Gola Gokarannāth,Uttar Pradesh,0.0,double-bus,15,13,22.4,True,3.79,11.12,Reconfigure ties; balance 13 transformer banks
IND-S01640,Mumbai,Maharashtra,8.57,meshed-N-1,15,13,20.5,True,2.97,11.66,Reconfigure ties; balance 13 transformer banks
IND-S01641,Ambalam,Tamil Nadu,8.46,radial-spur,15,13,17.4,False,4.67,12.21,Reconfigure ties; balance 13 transformer banks
IND-S01642,Jūnāgadh,Gujarat,0.0,parallel-bank,15,13,19.9,True,2.4,12.81,Reconfigure ties; balance 13 transformer banks
IND-S01643,Panipat,Haryana,8.53,sectionalized-ring,15,13,25.6,True,3.74,11.32,Reconfigure ties; balance 13 transformer banks
IND-S01644,Srinagar,Jammu and Kashmir,0.12,ring-main,15,13,20.4,False,3.8,11.97,Reconfigure ties; balance 13 transformer banks
IND-S01645,Warangal,Telangana,0.0,double-bus,15,13,21.7,True,3.84,9.9,Reconfigure ties; balance 13 transformer banks
IND-S01646,Delhi,Delhi,10.98,meshed-N-1,15,13,27.9,True,4.38,11.75,Reconfigure ties; balance 13 transformer banks
IND-S01647,Thoubāl,Manipur,8.46,radial-spur,15,13,23.7,False,3.44,12.21,Reconfigure ties; balance 13 transformer banks
IND-S01648,Warangal,Telangana,9.46,parallel-bank,15,13,16.0,True,3.4,11.33,Reconfigure ties; balance 13 transformer banks
IND-S01649,Ambattur,Tamil Nadu,0.09,sectionalized-ring,15,13,21.4,True,5.29,11.62,Reconfigure ties; balance 13 transformer banks
IND-S01650,Kākināda,Andhra Pradesh,0.01,ring-main,15,13,28.1,False,3.95,11.36,Reconfigure ties; balance 13 transformer banks
IND-S01651,Kallakurichi,Tamil Nadu,0.0,double-bus,15,13,20.3,True,2.18,10.31,Reconfigure ties; balance 13 transformer banks
IND-S01652,Moga,Punjab,0.12,meshed-N-1,15,13,19.4,True,4.68,10.97,Reconfigure ties; balance 13 transformer banks
IND-S01653,Narasaraopet,Andhra Pradesh,8.36,radial-spur,15,13,23.7,False,2.9,10.04,Reconfigure ties; balance 13 transformer banks
IND-S01654,Āsansol,West Bengal,0.23,parallel-bank,15,13,20.1,True,1.2,10.88,Reconfigure ties; balance 13 transformer banks
IND-S01655,Malappuram,Kerala,0.0,sectionalized-ring,15,13,20.3,True,3.27,11.87,Reconfigure ties; balance 13 transformer banks
IND-S01656,Jainpur,Uttar Pradesh,0.0,ring-main,15,13,22.6,False,5.4,12.76,Reconfigure ties; balance 13 transformer banks
IND-S01657,Unnāo,Uttar Pradesh,0.15,double-bus,15,13,23.8,True,4.48,9.73,Reconfigure ties; balance 13 transformer banks
IND-S01658,Pathānkot,Punjab,0.0,meshed-N-1,15,13,29.2,True,4.1,10.94,Reconfigure ties; balance 13 transformer banks
IND-S01659,Dholka,Gujarat,0.0,radial-spur,15,13,21.6,False,1.27,11.58,Reconfigure ties; balance 13 transformer banks
IND-S01660,Amkhera,Madhya Pradesh,8.86,parallel-bank,15,13,20.4,True,3.83,11.28,Reconfigure ties; balance 13 transformer banks
IND-S01661,Jaipur,Rajasthan,10.14,sectionalized-ring,15,13,21.5,True,2.59,12.11,Reconfigure ties; balance 13 transformer banks
IND-S01662,Bīdāsar,Rajasthan,8.95,ring-main,15,13,26.8,False,3.66,12.8,Reconfigure ties; balance 13 transformer banks
IND-S01663,Shāmli,Uttar Pradesh,0.37,double-bus,15,13,30.4,True,3.3,10.56,Reconfigure ties; balance 13 transformer banks
IND-S01664,Moga,Punjab,0.0,meshed-N-1,15,13,24.1,True,2.87,10.65,Reconfigure ties; balance 13 transformer banks
IND-S01665,Ambattur,Tamil Nadu,0.0,radial-spur,15,13,23.0,False,4.62,11.6,Reconfigure ties; balance 13 transformer banks
IND-S01666,Prayagraj,Uttar Pradesh,0.0,parallel-bank,15,13,24.4,True,2.56,11.96,Reconfigure ties; balance 13 transformer banks
IND-S01667,Bakreswar,West Bengal,8.55,sectionalized-ring,15,13,20.2,True,3.55,11.14,Reconfigure ties; balance 13 transformer banks
IND-S01668,Satna,Madhya Pradesh,8.75,ring-main,15,13,27.0,False,4.38,10.71,Reconfigure ties; balance 13 transformer banks
IND-S01669,Bhavnagar,Gujarat,8.79,double-bus,15,13,17.6,True,2.18,11.81,Reconfigure ties; balance 13 transformer banks
IND-S01670,Bareilly,Uttar Pradesh,9.36,meshed-N-1,15,13,17.8,True,4.64,10.43,Reconfigure ties; balance 13 transformer banks
IND-S01671,Virār,Maharashtra,0.79,radial-spur,15,13,18.6,False,3.26,11.19,Reconfigure ties; balance 13 transformer banks
IND-S01672,Burhar,Madhya Pradesh,35.11,parallel-bank,15,13,20.8,True,1.92,11.85,Reconfigure ties; balance 13 transformer banks
IND-S01673,Punāsa,Madhya Pradesh,8.66,sectionalized-ring,15,13,22.8,True,3.31,11.91,Reconfigure ties; balance 13 transformer banks
IND-S01674,Imphal,Manipur,10.5,ring-main,15,13,21.6,False,3.48,11.52,Reconfigure ties; balance 13 transformer banks
IND-S01675,Bihāt,Bihar,0.0,double-bus,15,13,20.8,True,5.21,10.25,Reconfigure ties; balance 13 transformer banks
IND-S01676,Vellore,Tamil Nadu,0.01,meshed-N-1,15,13,24.6,True,3.79,10.8,Reconfigure ties; balance 13 transformer banks
IND-S01677,Mohali,Punjab,8.84,radial-spur,15,13,29.2,False,2.31,11.57,Reconfigure ties; balance 13 transformer banks
IND-S01678,Mumbai,Maharashtra,0.38,parallel-bank,15,13,23.8,True,3.02,11.72,Reconfigure ties; balance 13 transformer banks
IND-S01679,Nalgonda,Telangana,8.47,sectionalized-ring,15,13,12.5,True,4.37,12.06,Reconfigure ties; balance 13 transformer banks
IND-S01680,Bharūch,Gujarat,0.44,ring-main,15,13,25.7,False,3.04,12.48,Reconfigure ties; balance 13 transformer banks
IND-S01681,Rajasthan Hub Generation,Rajasthan,0.0,double-bus,15,13,19.7,True,3.23,10.91,Reconfigure ties; balance 13 transformer banks
IND-S01682,Lucknow,Uttar Pradesh,0.19,meshed-N-1,15,13,16.5,True,4.11,11.49,Reconfigure ties; balance 13 transformer banks
IND-S01683,Gandevi,Gujarat,8.97,radial-spur,15,13,25.6,False,4.03,11.51,Reconfigure ties; balance 13 transformer banks
IND-S01684,Barddhamān,West Bengal,0.0,parallel-bank,15,13,23.3,True,1.95,10.48,Reconfigure ties; balance 13 transformer banks
IND-S01685,Bareilly,Uttar Pradesh,8.88,sectionalized-ring,15,13,21.8,True,1.95,11.93,Reconfigure ties; balance 13 transformer banks
IND-S01686,Warangal,Telangana,0.0,ring-main,15,13,19.5,False,4.35,11.87,Reconfigure ties; balance 13 transformer banks
IND-S01687,Davangere,Karnataka,0.0,double-bus,15,13,22.7,True,4.79,10.49,Reconfigure ties; balance 13 transformer banks
IND-S01688,Nagpur,Maharashtra,0.0,meshed-N-1,15,13,21.5,True,4.33,11.8,Reconfigure ties; balance 13 transformer banks
IND-S01689,Jalandhar,Punjab,0.0,radial-spur,15,13,18.7,False,4.76,11.19,Reconfigure ties; balance 13 transformer banks
IND-S01690,Pālanpur,Gujarat,0.0,parallel-bank,15,13,22.4,True,4.04,11.35,Reconfigure ties; balance 13 transformer banks
IND-S01691,Nowrangapur,Odisha,10.25,sectionalized-ring,15,13,20.7,True,2.91,11.61,Reconfigure ties; balance 13 transformer banks
IND-S01692,Niwāri,Uttar Pradesh,8.66,ring-main,15,13,15.3,False,2.46,11.37,Reconfigure ties; balance 13 transformer banks
IND-S01693,Varanasi,Uttar Pradesh,8.55,double-bus,15,13,20.9,True,3.36,12.13,Reconfigure ties; balance 13 transformer banks
IND-S01694,Alīgarh,Uttar Pradesh,9.58,meshed-N-1,15,13,20.8,True,3.37,12.24,Reconfigure ties; balance 13 transformer banks
IND-S01695,Udaipur,Rajasthan,0.0,radial-spur,15,13,21.0,False,2.87,10.73,Reconfigure ties; balance 13 transformer banks
IND-S01696,Rajasthan Hub Generation,Rajasthan,8.47,parallel-bank,15,13,22.1,True,4.24,10.18,Reconfigure ties; balance 13 transformer banks
IND-S01697,Patiāla,Punjab,0.13,sectionalized-ring,15,13,25.0,True,5.51,11.81,Reconfigure ties; balance 13 transformer banks
IND-S01698,Ahmedabad,Gujarat,0.26,ring-main,15,13,21.6,False,1.45,11.38,Reconfigure ties; balance 13 transformer banks
IND-S01699,West Bengal Hub Generation,West Bengal,9.05,double-bus,15,13,21.5,True,4.4,10.84,Reconfigure ties; balance 13 transformer banks
IND-S01700,Rasapūdipalem,Andhra Pradesh,0.18,meshed-N-1,15,13,24.5,True,3.99,11.37,Reconfigure ties; balance 13 transformer banks
IND-S01701,Kashipur,Uttarakhand,0.16,radial-spur,15,13,24.4,False,3.09,11.9,Reconfigure ties; balance 13 transformer banks
IND-S01702,Bhopal,Madhya Pradesh,8.9,parallel-bank,15,13,27.7,True,3.75,10.84,Reconfigure ties; balance 13 transformer banks
IND-S01703,Seohāra,Uttar Pradesh,0.35,sectionalized-ring,15,13,18.2,True,4.29,10.68,Reconfigure ties; balance 13 transformer banks
IND-S01704,Sumerpur,Rajasthan,8.57,ring-main,15,13,26.3,False,2.79,12.25,Reconfigure ties; balance 13 transformer banks
IND-S01705,Srikalahasti,Andhra Pradesh,8.5,double-bus,15,13,21.8,True,5.2,12.8,Reconfigure ties; balance 13 transformer banks
IND-S01706,Pune,Maharashtra,11.33,meshed-N-1,15,13,18.7,True,5.42,11.66,Reconfigure ties; balance 13 transformer banks
IND-S01707,Ambattur,Tamil Nadu,7.92,radial-spur,15,13,15.8,False,2.15,11.27,Reconfigure ties; balance 13 transformer banks
IND-S01708,Amalner,Maharashtra,0.43,parallel-bank,15,13,20.6,True,5.57,12.69,Reconfigure ties; balance 13 transformer banks
IND-S01709,Agra,Uttar Pradesh,8.92,sectionalized-ring,15,13,21.8,True,2.1,11.18,Reconfigure ties; balance 13 transformer banks
IND-S01710,Udupi,Karnataka,8.41,ring-main,15,13,19.2,False,5.1,10.75,Reconfigure ties; balance 13 transformer banks
IND-S01711,Anabūru,Karnataka,0.0,double-bus,15,13,22.2,True,4.76,11.38,Reconfigure ties; balance 13 transformer banks
IND-S01712,Madurai,Tamil Nadu,8.7,meshed-N-1,15,13,24.0,True,2.31,10.88,Reconfigure ties; balance 13 transformer banks
IND-S01713,Mango,Jharkhand,0.05,radial-spur,15,13,24.7,False,2.62,12.36,Reconfigure ties; balance 13 transformer banks
IND-S01714,Thanjavur,Tamil Nadu,0.0,parallel-bank,15,13,21.7,True,3.47,11.62,Reconfigure ties; balance 13 transformer banks
IND-S01715,Kallakurichi,Tamil Nadu,0.0,sectionalized-ring,15,13,12.2,True,5.01,9.93,Reconfigure ties; balance 13 transformer banks
IND-S01716,Jamnagar,Gujarat,8.49,ring-main,15,13,21.9,False,3.98,10.99,Reconfigure ties; balance 13 transformer banks
IND-S01717,Seoni,Madhya Pradesh,0.0,double-bus,15,13,24.8,True,4.3,11.16,Reconfigure ties; balance 13 transformer banks
IND-S01718,Maraimalainagar,Tamil Nadu,8.53,meshed-N-1,15,13,21.3,True,3.67,11.99,Reconfigure ties; balance 13 transformer banks
IND-S01719,Abali,Karnataka,8.48,radial-spur,15,13,22.7,False,4.73,12.18,Reconfigure ties; balance 13 transformer banks
IND-S01720,Srīperumbūdūr,Tamil Nadu,0.0,parallel-bank,15,13,23.9,True,3.6,10.32,Reconfigure ties; balance 13 transformer banks
IND-S01721,Bāramūla,Jammu and Kashmir,8.47,sectionalized-ring,15,13,26.4,True,3.82,11.67,Reconfigure ties; balance 13 transformer banks
IND-S01722,Davangere,Karnataka,0.0,ring-main,15,13,18.1,False,4.57,11.74,Reconfigure ties; balance 13 transformer banks
IND-S01723,Adhkata Nazrāna,Uttar Pradesh,0.0,double-bus,15,13,19.4,True,2.06,10.79,Reconfigure ties; balance 13 transformer banks
IND-S01724,Mahapoli,Maharashtra,9.02,meshed-N-1,15,13,18.6,True,2.62,11.37,Reconfigure ties; balance 13 transformer banks
IND-S01725,Kosamba,Gujarat,0.0,radial-spur,15,13,15.4,False,2.59,12.08,Reconfigure ties; balance 13 transformer banks
IND-S01726,Hilsa,Bihar,0.0,parallel-bank,15,13,19.6,True,4.37,10.82,Reconfigure ties; balance 13 transformer banks
IND-S01727,Annappatti,Tamil Nadu,9.02,sectionalized-ring,15,13,18.2,True,4.14,10.98,Reconfigure ties; balance 13 transformer banks
IND-S01728,Sinnar,Maharashtra,0.0,ring-main,15,13,24.4,False,4.2,12.0,Reconfigure ties; balance 13 transformer banks
IND-S01729,Vadodara,Gujarat,0.0,double-bus,15,13,18.6,True,2.87,11.88,Reconfigure ties; balance 13 transformer banks
IND-S01730,Tamil Nadu Hub Generation,Tamil Nadu,0.0,meshed-N-1,15,13,20.6,True,4.32,10.31,Reconfigure ties; balance 13 transformer banks
IND-S01731,Thoothukudi,Tamil Nadu,0.0,radial-spur,15,13,16.5,False,5.97,12.05,Reconfigure ties; balance 13 transformer banks
IND-S01732,Pune,Maharashtra,32.56,parallel-bank,15,13,20.0,True,2.97,10.88,Reconfigure ties; balance 13 transformer banks
IND-S01733,Sultānpur,Uttarakhand,0.0,sectionalized-ring,15,13,20.6,True,2.65,11.71,Reconfigure ties; balance 13 transformer banks
IND-S01734,Virār,Maharashtra,12.31,ring-main,15,13,27.5,False,3.89,10.93,Reconfigure ties; balance 13 transformer banks
IND-S01735,Kolkata,West Bengal,0.0,double-bus,15,13,19.2,True,3.6,12.13,Reconfigure ties; balance 13 transformer banks
IND-S01736,Amwa,Madhya Pradesh,8.59,meshed-N-1,15,13,23.1,True,4.7,10.84,Reconfigure ties; balance 13 transformer banks
IND-S01737,Gharroli,Delhi,0.0,radial-spur,15,13,24.6,False,4.34,11.25,Reconfigure ties; balance 13 transformer banks
IND-S01738,Anantnag,Jammu and Kashmir,11.45,parallel-bank,15,13,28.0,True,2.99,10.77,Reconfigure ties; balance 13 transformer banks
IND-S01739,Paravūr Tekkumbhāgam,Kerala,9.0,sectionalized-ring,15,13,29.0,True,3.74,11.45,Reconfigure ties; balance 13 transformer banks
IND-S01740,Bareilly,Uttar Pradesh,0.0,ring-main,15,13,12.0,False,3.42,12.0,Reconfigure ties; balance 13 transformer banks
IND-S01741,Jaipur,Rajasthan,8.83,double-bus,15,13,17.5,True,4.5,11.73,Reconfigure ties; balance 13 transformer banks
IND-S01742,Bengaluru,Karnataka,9.31,meshed-N-1,15,13,27.8,True,3.4,10.89,Reconfigure ties; balance 13 transformer banks
IND-S01743,Mayiladuthurai,Tamil Nadu,0.0,radial-spur,15,13,20.9,False,5.74,11.49,Reconfigure ties; balance 13 transformer banks
IND-S01744,Gurugram,Haryana,0.1,parallel-bank,15,13,21.3,True,5.73,11.02,Reconfigure ties; balance 13 transformer banks
IND-S01745,Palakkad,Kerala,36.45,sectionalized-ring,15,13,23.2,True,4.69,10.32,Reconfigure ties; balance 13 transformer banks
IND-S01746,Dombivali,Maharashtra,1.0,ring-main,15,13,20.1,False,5.06,10.92,Reconfigure ties; balance 13 transformer banks
IND-S01747,Muzaffarnagar,Uttar Pradesh,8.31,double-bus,15,13,16.0,True,3.74,11.92,Reconfigure ties; balance 13 transformer banks
IND-S01748,Kochi,Kerala,0.04,meshed-N-1,15,13,17.6,True,3.48,13.04,Reconfigure ties; balance 13 transformer banks
IND-S01749,Srinagar,Jammu and Kashmir,0.0,radial-spur,15,13,19.3,False,6.14,11.24,Reconfigure ties; balance 13 transformer banks
IND-S01750,Faridabad,Haryana,0.13,parallel-bank,15,13,21.1,True,3.12,12.36,Reconfigure ties; balance 13 transformer banks
IND-S01751,Shivpuri,Madhya Pradesh,0.13,sectionalized-ring,15,13,15.2,True,3.21,10.08,Reconfigure ties; balance 13 transformer banks
IND-S01752,Badlapur,Maharashtra,0.0,ring-main,15,13,20.0,False,3.61,11.55,Reconfigure ties; balance 13 transformer banks
IND-S01753,Surendranagar,Gujarat,8.5,double-bus,15,13,18.5,True,4.52,10.9,Reconfigure ties; balance 13 transformer banks
IND-S01754,Nowrangapur,Odisha,8.7,meshed-N-1,15,13,28.8,True,4.21,9.86,Reconfigure ties; balance 13 transformer banks
IND-S01755,Kākināda,Andhra Pradesh,0.04,radial-spur,15,13,26.3,False,2.83,11.49,Reconfigure ties; balance 13 transformer banks
IND-S01756,Bikaner,Rajasthan,0.0,parallel-bank,15,13,23.0,True,3.51,11.61,Reconfigure ties; balance 13 transformer banks
IND-S01757,Ahilyanagar,Maharashtra,8.4,sectionalized-ring,15,13,22.2,True,2.43,11.72,Reconfigure ties; balance 13 transformer banks
IND-S01758,Bikaner,Rajasthan,0.0,ring-main,15,13,18.7,False,1.95,11.79,Reconfigure ties; balance 13 transformer banks
IND-S01759,Baraut,Uttar Pradesh,9.04,double-bus,15,13,23.1,True,3.27,9.74,Reconfigure ties; balance 13 transformer banks
IND-S01760,Mangaluru,Karnataka,8.95,meshed-N-1,15,13,18.8,True,5.2,11.2,Reconfigure ties; balance 13 transformer banks
IND-S01761,Gorakhpur,Uttar Pradesh,10.1,radial-spur,15,13,25.6,False,3.64,11.72,Reconfigure ties; balance 13 transformer banks
IND-S01762,Challakere,Karnataka,0.0,parallel-bank,15,13,18.7,True,4.83,10.41,Reconfigure ties; balance 13 transformer banks
IND-S01763,Shafi Pur Ranhola,Delhi,0.0,sectionalized-ring,15,13,24.3,True,3.49,10.96,Reconfigure ties; balance 13 transformer banks
IND-S01764,Faridabad,Haryana,0.0,ring-main,15,13,25.2,False,3.29,10.51,Reconfigure ties; balance 13 transformer banks
IND-S01765,Vadodara,Gujarat,8.88,double-bus,15,13,24.1,True,3.38,11.16,Reconfigure ties; balance 13 transformer banks
IND-S01766,Madurai,Tamil Nadu,8.56,meshed-N-1,15,13,19.2,True,6.89,10.57,Reconfigure ties; balance 13 transformer banks
IND-S01767,Kolkata,West Bengal,8.91,radial-spur,15,13,19.5,False,4.64,11.86,Reconfigure ties; balance 13 transformer banks
IND-S01768,Ugrākheri,Haryana,8.66,parallel-bank,15,13,17.9,True,2.96,11.16,Reconfigure ties; balance 13 transformer banks
IND-S01769,Haridwar,Uttarakhand,0.07,sectionalized-ring,15,13,21.9,True,4.09,12.25,Reconfigure ties; balance 13 transformer banks
IND-S01770,Jagdalpur,Chhattisgarh,0.04,ring-main,15,13,26.2,False,2.61,11.8,Reconfigure ties; balance 13 transformer banks
IND-S01771,Ahmedabad,Gujarat,0.0,double-bus,15,13,15.1,True,1.41,11.35,Reconfigure ties; balance 13 transformer banks
IND-S01772,Ajmer,Rajasthan,0.0,meshed-N-1,15,13,18.6,True,4.35,10.62,Reconfigure ties; balance 13 transformer banks
IND-S01773,Jaipur,Rajasthan,0.36,radial-spur,15,13,26.2,False,3.38,12.54,Reconfigure ties; balance 13 transformer banks
IND-S01774,Shāhjānpur,Uttar Pradesh,0.0,parallel-bank,15,13,21.8,True,3.18,10.82,Reconfigure ties; balance 13 transformer banks
IND-S01775,Jodhpur,Rajasthan,0.0,sectionalized-ring,15,13,20.7,True,3.94,11.24,Reconfigure ties; balance 13 transformer banks
IND-S01776,Sīkar,Rajasthan,8.39,ring-main,15,13,24.9,False,2.98,11.64,Reconfigure ties; balance 13 transformer banks
IND-S01777,Thanjavur,Tamil Nadu,8.84,double-bus,15,13,23.6,True,4.17,11.63,Reconfigure ties; balance 13 transformer banks
IND-S01778,Bhālswa Jahangirpur,Delhi,0.0,meshed-N-1,15,13,15.1,True,3.44,11.22,Reconfigure ties; balance 13 transformer banks
IND-S01779,Birvādi,Maharashtra,8.66,radial-spur,15,13,22.9,False,5.1,11.08,Reconfigure ties; balance 13 transformer banks
IND-S01780,Pune,Maharashtra,0.22,parallel-bank,15,13,23.7,True,2.43,11.77,Reconfigure ties; balance 13 transformer banks
IND-S01781,Jamshedpur,Jharkhand,0.0,sectionalized-ring,15,13,24.9,True,4.61,10.87,Reconfigure ties; balance 13 transformer banks
IND-S01782,Nāngloi Jāt,Delhi,0.0,ring-main,15,13,25.6,False,5.41,10.42,Reconfigure ties; balance 13 transformer banks
IND-S01783,Tumkūr,Karnataka,0.11,double-bus,15,13,21.9,True,5.26,12.1,Reconfigure ties; balance 13 transformer banks
IND-S01784,Koovappady,Kerala,0.0,meshed-N-1,15,13,21.8,True,3.97,10.72,Reconfigure ties; balance 13 transformer banks
IND-S01785,Bihār Sharīf,Bihar,0.0,radial-spur,15,13,19.2,False,2.89,11.56,Reconfigure ties; balance 13 transformer banks
IND-S01786,Durgapur,West Bengal,0.06,parallel-bank,15,13,22.5,True,3.72,12.56,Reconfigure ties; balance 13 transformer banks
IND-S01787,Kanayannur,Kerala,9.12,sectionalized-ring,15,13,26.6,True,4.04,11.18,Reconfigure ties; balance 13 transformer banks
IND-S01788,Antāpura,Rajasthan,33.75,ring-main,15,13,21.5,False,4.23,10.46,Reconfigure ties; balance 13 transformer banks
IND-S01789,Anantnag,Jammu and Kashmir,0.0,double-bus,15,13,24.2,True,4.61,11.26,Reconfigure ties; balance 13 transformer banks
IND-S01790,Rourkela,Odisha,0.11,meshed-N-1,15,13,26.4,True,3.04,11.77,Reconfigure ties; balance 13 transformer banks
IND-S01791,Vengola Kizhakkumbāgam,Kerala,0.0,radial-spur,15,13,22.8,False,1.64,11.64,Reconfigure ties; balance 13 transformer banks
IND-S01792,Tiruchchendur,Tamil Nadu,0.0,parallel-bank,15,13,19.9,True,3.79,11.95,Reconfigure ties; balance 13 transformer banks
IND-S01793,Rasapūdipalem,Andhra Pradesh,0.0,sectionalized-ring,15,13,26.5,True,3.8,10.59,Reconfigure ties; balance 13 transformer banks
IND-S01794,Amritsar,Punjab,0.13,ring-main,15,13,17.3,False,4.15,10.99,Reconfigure ties; balance 13 transformer banks
IND-S01795,Erode,Tamil Nadu,0.0,double-bus,15,13,22.0,True,4.9,10.67,Reconfigure ties; balance 13 transformer banks
IND-S01796,Chitegaon,Maharashtra,0.0,meshed-N-1,15,13,17.9,True,2.97,11.65,Reconfigure ties; balance 13 transformer banks
IND-S01797,Atādā,Chhattisgarh,0.0,radial-spur,15,13,15.4,False,5.11,10.9,Reconfigure ties; balance 13 transformer banks
IND-S01798,Alīgarh,Uttar Pradesh,9.9,parallel-bank,15,13,21.3,True,3.35,10.97,Reconfigure ties; balance 13 transformer banks
IND-S01799,Ahmedabad,Gujarat,8.72,sectionalized-ring,15,13,14.8,True,3.72,12.31,Reconfigure ties; balance 13 transformer banks
IND-S01800,Ajjaganahalli,Karnataka,8.83,ring-main,15,13,20.8,False,3.09,11.16,Reconfigure ties; balance 13 transformer banks
IND-S01801,Srinagar,Jammu and Kashmir,0.0,double-bus,15,13,26.4,True,3.71,11.67,Reconfigure ties; balance 13 transformer banks
IND-S01802,Mehkar,Maharashtra,0.0,meshed-N-1,15,13,15.4,True,5.48,10.53,Reconfigure ties; balance 13 transformer banks
IND-S01803,Ujhāni,Uttar Pradesh,8.38,radial-spur,15,13,17.9,False,3.69,11.47,Reconfigure ties; balance 13 transformer banks
IND-S01804,Kāthor,Gujarat,8.56,parallel-bank,15,13,18.1,True,3.7,11.57,Reconfigure ties; balance 13 transformer banks
IND-S01805,Malegaon,Maharashtra,0.0,sectionalized-ring,15,13,19.3,True,2.53,10.39,Reconfigure ties; balance 13 transformer banks
IND-S01806,Tiruchirappalli,Tamil Nadu,10.8,ring-main,15,13,19.4,False,4.54,9.91,Reconfigure ties; balance 13 transformer banks
IND-S01807,Delhi,Delhi,8.91,double-bus,15,13,23.0,True,5.79,10.9,Reconfigure ties; balance 13 transformer banks
IND-S01808,Patna,Bihar,0.53,meshed-N-1,15,13,25.6,True,2.94,13.08,Reconfigure ties; balance 13 transformer banks
IND-S01809,Latur,Maharashtra,8.75,radial-spur,15,13,23.4,False,4.99,11.23,Reconfigure ties; balance 13 transformer banks
IND-S01810,Andhra Pradesh Hub Generation,Andhra Pradesh,0.0,parallel-bank,15,13,20.8,True,3.8,11.63,Reconfigure ties; balance 13 transformer banks
IND-S01811,Pallipalayam,Tamil Nadu,0.0,sectionalized-ring,15,13,15.2,True,4.13,12.36,Reconfigure ties; balance 13 transformer banks
IND-S01812,Aruppukkottai,Tamil Nadu,0.0,ring-main,15,13,25.3,False,4.17,11.31,Reconfigure ties; balance 13 transformer banks
IND-S01813,Sāmalkot,Andhra Pradesh,8.8,double-bus,15,13,23.8,True,4.48,11.74,Reconfigure ties; balance 13 transformer banks
IND-S01814,Salem,Tamil Nadu,10.94,meshed-N-1,15,13,23.6,True,5.0,10.76,Reconfigure ties; balance 13 transformer banks
IND-S01815,Guntur,Andhra Pradesh,0.0,radial-spur,15,13,27.0,False,4.97,11.19,Reconfigure ties; balance 13 transformer banks
IND-S01816,Patiāla,Punjab,8.57,parallel-bank,15,13,20.7,True,3.77,13.1,Reconfigure ties; balance 13 transformer banks
IND-S01817,Meerut,Uttar Pradesh,10.7,sectionalized-ring,15,13,22.7,True,3.99,10.82,Reconfigure ties; balance 13 transformer banks
IND-S01818,Thiruvananthapuram,Kerala,8.96,ring-main,15,13,29.0,False,3.69,12.13,Reconfigure ties; balance 13 transformer banks
IND-S01819,Ambarnath,Maharashtra,0.08,double-bus,15,13,18.7,True,2.5,11.47,Reconfigure ties; balance 13 transformer banks
IND-S01820,Bengaluru,Karnataka,30.33,meshed-N-1,15,13,25.4,True,4.47,11.82,Reconfigure ties; balance 13 transformer banks
IND-S01821,Ponmana,Kerala,0.0,radial-spur,15,13,22.9,False,3.98,11.55,Reconfigure ties; balance 13 transformer banks
IND-S01822,Bhopal,Madhya Pradesh,8.61,parallel-bank,15,13,19.7,True,3.71,11.2,Reconfigure ties; balance 13 transformer banks
IND-S01823,Patna,Bihar,9.21,sectionalized-ring,15,13,23.1,True,6.49,10.94,Reconfigure ties; balance 13 transformer banks
IND-S01824,Madurai,Tamil Nadu,0.0,ring-main,15,13,18.1,False,3.81,11.29,Reconfigure ties; balance 13 transformer banks
IND-S01825,Hyderabad,Telangana,0.63,double-bus,15,13,26.6,True,4.81,11.37,Reconfigure ties; balance 13 transformer banks
IND-S01826,Bānsgāon,Uttar Pradesh,0.0,meshed-N-1,15,13,19.6,True,1.31,10.83,Reconfigure ties; balance 13 transformer banks
IND-S01827,Kanpur,Uttar Pradesh,0.0,radial-spur,15,13,14.6,False,3.13,11.11,Reconfigure ties; balance 13 transformer banks
IND-S01828,Howrah,West Bengal,0.34,parallel-bank,15,13,21.1,True,2.17,11.63,Reconfigure ties; balance 13 transformer banks
IND-S01829,Mumbai,Maharashtra,0.0,sectionalized-ring,15,13,12.0,True,4.99,10.7,Reconfigure ties; balance 13 transformer banks
IND-S01830,Mumbai,Maharashtra,11.55,ring-main,15,13,18.9,False,2.85,11.76,Reconfigure ties; balance 13 transformer banks
IND-S01831,Bahādurganj,Bihar,8.49,double-bus,15,13,20.0,True,2.92,11.16,Reconfigure ties; balance 13 transformer banks
IND-S01832,Madurai,Tamil Nadu,0.08,meshed-N-1,15,13,18.6,True,3.41,12.22,Reconfigure ties; balance 13 transformer banks
IND-S01833,Jūnāgadh,Gujarat,0.03,radial-spur,15,13,25.6,False,3.49,12.51,Reconfigure ties; balance 13 transformer banks
IND-S01834,Morena,Madhya Pradesh,8.42,parallel-bank,15,13,21.2,True,4.58,11.62,Reconfigure ties; balance 13 transformer banks
IND-S01835,Gaya,Bihar,0.01,sectionalized-ring,15,13,20.4,True,3.78,10.51,Reconfigure ties; balance 13 transformer banks
IND-S01836,Sāmbhar,Rajasthan,0.0,ring-main,15,13,19.6,False,4.7,11.77,Reconfigure ties; balance 13 transformer banks
IND-S01837,Pandharpur,Maharashtra,0.0,double-bus,15,13,18.2,True,3.34,11.53,Reconfigure ties; balance 13 transformer banks
IND-S01838,Ballari,Karnataka,0.0,meshed-N-1,15,13,25.9,True,5.57,10.92,Reconfigure ties; balance 13 transformer banks
IND-S01839,Dombivali,Maharashtra,0.22,radial-spur,15,13,24.3,False,2.47,12.6,Reconfigure ties; balance 13 transformer banks
IND-S01840,Akola,Maharashtra,0.0,parallel-bank,15,13,18.1,True,3.59,12.12,Reconfigure ties; balance 13 transformer banks
IND-S01841,Salem,Tamil Nadu,0.01,sectionalized-ring,15,13,24.1,True,1.2,11.17,Reconfigure ties; balance 13 transformer banks
IND-S01842,Ludhiana,Punjab,0.08,ring-main,15,13,25.7,False,4.57,12.04,Reconfigure ties; balance 13 transformer banks
IND-S01843,Ashoknagar,Madhya Pradesh,8.92,double-bus,15,13,23.5,True,5.16,10.62,Reconfigure ties; balance 13 transformer banks
IND-S01844,Siliguri,West Bengal,0.0,meshed-N-1,15,13,22.3,True,4.41,12.04,Reconfigure ties; balance 13 transformer banks
IND-S01845,Bharatpur,Rajasthan,11.21,radial-spur,15,13,20.4,False,3.27,11.67,Reconfigure ties; balance 13 transformer banks
IND-S01846,Mumbai,Maharashtra,9.89,parallel-bank,15,13,17.8,True,3.86,11.51,Reconfigure ties; balance 13 transformer banks
IND-S01847,Krishnarājpet,Karnataka,0.0,sectionalized-ring,15,13,17.2,True,3.68,11.79,Reconfigure ties; balance 13 transformer banks
IND-S01848,Pusad,Maharashtra,0.0,ring-main,15,13,15.4,False,5.62,10.38,Reconfigure ties; balance 13 transformer banks
IND-S01849,Baripāda,Odisha,0.0,double-bus,15,13,21.4,True,3.9,11.38,Reconfigure ties; balance 13 transformer banks
IND-S01850,Bengaluru,Karnataka,0.56,meshed-N-1,15,13,20.2,True,5.59,10.58,Reconfigure ties; balance 13 transformer banks
IND-S01851,Nirmal,Telangana,8.59,radial-spur,15,13,15.8,False,4.59,11.03,Reconfigure ties; balance 13 transformer banks
IND-S01852,Beed,Maharashtra,0.0,parallel-bank,15,13,17.1,True,1.3,11.88,Reconfigure ties; balance 13 transformer banks
IND-S01853,Katihar,Bihar,0.0,sectionalized-ring,15,13,25.2,True,5.7,11.9,Reconfigure ties; balance 13 transformer banks
IND-S01854,Chennai,Tamil Nadu,0.0,ring-main,15,13,25.0,False,3.0,10.83,Reconfigure ties; balance 13 transformer banks
IND-S01855,Rourkela,Odisha,0.07,double-bus,15,13,16.8,True,3.67,11.88,Reconfigure ties; balance 13 transformer banks
IND-S01856,Koothappar,Tamil Nadu,8.79,meshed-N-1,15,13,17.7,True,2.59,11.08,Reconfigure ties; balance 13 transformer banks
IND-S01857,Chhattisgarh Hub Generation,Chhattisgarh,39.04,radial-spur,15,13,25.3,False,2.92,12.42,Reconfigure ties; balance 13 transformer banks
IND-S01858,Chennai,Tamil Nadu,0.3,parallel-bank,15,13,28.8,True,5.24,11.61,Reconfigure ties; balance 13 transformer banks
IND-S01859,Bengaluru,Karnataka,0.45,sectionalized-ring,15,13,21.8,True,3.51,11.77,Reconfigure ties; balance 13 transformer banks
IND-S01860,Maharashtra Hub Generation,Maharashtra,10.2,ring-main,15,13,25.3,False,4.9,11.58,Reconfigure ties; balance 13 transformer banks
IND-S01861,Nowrangapur,Odisha,0.15,double-bus,15,13,18.9,True,3.17,11.52,Reconfigure ties; balance 13 transformer banks
IND-S01862,Uttarakhand Hub Generation,Uttarakhand,0.0,meshed-N-1,15,13,19.2,True,4.91,10.64,Reconfigure ties; balance 13 transformer banks
IND-S01863,Alappuzha,Kerala,0.0,radial-spur,15,13,20.9,False,3.06,11.46,Reconfigure ties; balance 13 transformer banks
IND-S01864,Vijayawada,Andhra Pradesh,0.0,parallel-bank,15,13,12.3,True,2.57,12.71,Reconfigure ties; balance 13 transformer banks
IND-S01865,Mumbai,Maharashtra,0.0,sectionalized-ring,15,13,20.6,True,3.84,11.6,Reconfigure ties; balance 13 transformer banks
IND-S01866,Kota,Rajasthan,0.0,ring-main,15,13,27.6,False,4.67,10.78,Reconfigure ties; balance 13 transformer banks
IND-S01867,Bathinda,Punjab,8.39,double-bus,15,13,19.0,True,1.74,10.89,Reconfigure ties; balance 13 transformer banks
IND-S01868,Nashik,Maharashtra,0.0,meshed-N-1,15,13,25.3,True,3.82,11.17,Reconfigure ties; balance 13 transformer banks
IND-S01869,Ālangudi,Tamil Nadu,0.0,radial-spur,15,13,18.1,False,3.94,11.86,Reconfigure ties; balance 13 transformer banks
IND-S01870,Mumbai,Maharashtra,33.19,parallel-bank,15,13,26.8,True,4.5,10.89,Reconfigure ties; balance 13 transformer banks
IND-S01871,Sindhnūr,Karnataka,8.71,sectionalized-ring,15,13,25.2,True,3.77,11.86,Reconfigure ties; balance 13 transformer banks
IND-S01872,Mumbai,Maharashtra,0.31,ring-main,15,13,19.1,False,3.66,11.35,Reconfigure ties; balance 13 transformer banks
IND-S01873,Amkoni,Odisha,0.0,double-bus,15,13,18.5,True,4.4,11.5,Reconfigure ties; balance 13 transformer banks
IND-S01874,Alīgarh,Uttar Pradesh,0.24,meshed-N-1,15,13,26.9,True,4.34,10.07,Reconfigure ties; balance 13 transformer banks
IND-S01875,Nagpur,Maharashtra,9.43,radial-spur,15,13,13.9,False,3.9,11.69,Reconfigure ties; balance 13 transformer banks
IND-S01876,Surat,Gujarat,0.0,parallel-bank,15,13,13.9,True,3.15,10.6,Reconfigure ties; balance 13 transformer banks
IND-S01877,Rewāri,Haryana,8.59,sectionalized-ring,15,13,21.8,True,5.07,10.85,Reconfigure ties; balance 13 transformer banks
IND-S01878,Āsansol,West Bengal,10.35,ring-main,15,13,18.4,False,4.09,11.16,Reconfigure ties; balance 13 transformer banks
IND-S01879,Bilimora,Gujarat,0.0,double-bus,15,13,19.7,True,5.53,10.83,Reconfigure ties; balance 13 transformer banks
IND-S01880,Kolhāpur,Maharashtra,0.0,meshed-N-1,15,13,19.5,True,2.56,11.96,Reconfigure ties; balance 13 transformer banks
IND-S01881,Gurdaspur,Punjab,0.0,radial-spur,15,13,23.2,False,4.56,10.07,Reconfigure ties; balance 13 transformer banks
IND-S01882,Kalaburagi,Karnataka,11.87,parallel-bank,15,13,25.9,True,3.17,11.59,Reconfigure ties; balance 13 transformer banks
IND-S01883,Goa Hub Generation,Goa,0.0,sectionalized-ring,15,13,18.7,True,4.22,11.32,Reconfigure ties; balance 13 transformer banks
IND-S01884,Bāgnān,West Bengal,0.0,ring-main,15,13,27.9,False,1.95,11.29,Reconfigure ties; balance 13 transformer banks
IND-S01885,Muktsar,Punjab,8.51,double-bus,15,13,18.6,True,3.76,10.8,Reconfigure ties; balance 13 transformer banks
IND-S01886,Prayagraj,Uttar Pradesh,34.72,meshed-N-1,15,13,24.5,True,3.76,10.42,Reconfigure ties; balance 13 transformer banks
IND-S01887,Tiruchirappalli,Tamil Nadu,0.0,radial-spur,15,13,24.0,False,3.25,11.09,Reconfigure ties; balance 13 transformer banks
IND-S01888,Paramagudi,Tamil Nadu,0.11,parallel-bank,15,13,13.4,True,3.86,11.6,Reconfigure ties; balance 13 transformer banks
IND-S01889,Mathura,Uttar Pradesh,10.63,sectionalized-ring,15,13,14.7,True,2.88,9.82,Reconfigure ties; balance 13 transformer banks
IND-S01890,Pimpri-Chinchwad,Maharashtra,1.34,ring-main,15,13,17.9,False,4.55,11.68,Reconfigure ties; balance 13 transformer banks
IND-S01891,Jodhpur,Rajasthan,0.05,double-bus,15,13,21.2,True,3.36,12.2,Reconfigure ties; balance 13 transformer banks
IND-S01892,Pune,Maharashtra,12.54,meshed-N-1,15,13,23.6,True,3.63,11.51,Reconfigure ties; balance 13 transformer banks
IND-S01893,Nashik,Maharashtra,0.14,radial-spur,15,13,16.4,False,2.27,11.39,Reconfigure ties; balance 13 transformer banks
IND-S01894,Coimbatore,Tamil Nadu,0.0,parallel-bank,15,13,20.5,True,3.95,10.47,Reconfigure ties; balance 13 transformer banks
IND-S01895,Ellenabad,Haryana,0.0,sectionalized-ring,15,13,21.9,True,3.21,12.53,Reconfigure ties; balance 13 transformer banks
IND-S01896,Patna,Bihar,0.0,ring-main,15,13,22.7,False,4.3,12.28,Reconfigure ties; balance 13 transformer banks
IND-S01897,Airoli,Maharashtra,0.13,double-bus,15,13,23.3,True,5.87,11.45,Reconfigure ties; balance 13 transformer banks
IND-S01898,Clement Town,Uttarakhand,0.05,meshed-N-1,15,13,16.2,True,5.82,10.8,Reconfigure ties; balance 13 transformer banks
IND-S01899,Kanayannur,Kerala,9.14,radial-spur,15,13,19.6,False,3.53,11.99,Reconfigure ties; balance 13 transformer banks
IND-S01900,Durgapur,West Bengal,0.0,parallel-bank,15,13,20.9,True,3.39,12.03,Reconfigure ties; balance 13 transformer banks
IND-S01901,Madurai,Tamil Nadu,11.39,sectionalized-ring,15,13,20.8,True,3.0,10.21,Reconfigure ties; balance 13 transformer banks
IND-S01902,Ghāziābād,Uttar Pradesh,9.39,ring-main,15,13,14.5,False,3.77,11.88,Reconfigure ties; balance 13 transformer banks
IND-S01903,Sri Ganganagar,Rajasthan,0.0,double-bus,15,13,20.0,True,3.54,10.91,Reconfigure ties; balance 13 transformer banks
IND-S01904,Ulhasnagar,Maharashtra,0.0,meshed-N-1,15,13,23.9,True,4.3,11.58,Reconfigure ties; balance 13 transformer banks
IND-S01905,Agra,Uttar Pradesh,0.17,radial-spur,15,13,22.7,False,5.01,11.6,Reconfigure ties; balance 13 transformer banks
IND-S01906,Nabīnagar,Bihar,8.66,parallel-bank,15,13,31.9,True,2.94,11.36,Reconfigure ties; balance 13 transformer banks
IND-S01907,Kartārpur,Punjab,8.63,sectionalized-ring,15,13,22.4,True,3.91,11.24,Reconfigure ties; balance 13 transformer banks
IND-S01908,Gaya,Bihar,0.0,ring-main,15,13,15.8,False,4.49,10.73,Reconfigure ties; balance 13 transformer banks
IND-S01909,Bāngarda Chhota,Madhya Pradesh,8.84,double-bus,15,13,21.9,True,3.62,11.89,Reconfigure ties; balance 13 transformer banks
IND-S01910,Ratlām,Madhya Pradesh,0.0,meshed-N-1,15,13,20.2,True,4.07,10.79,Reconfigure ties; balance 13 transformer banks
IND-S01911,Vālavandānkottai,Tamil Nadu,0.1,radial-spur,15,13,25.8,False,4.35,12.89,Reconfigure ties; balance 13 transformer banks
IND-S01912,Ujjain,Madhya Pradesh,8.61,parallel-bank,15,13,24.9,True,5.84,10.45,Reconfigure ties; balance 13 transformer banks
IND-S01913,Muzaffarnagar,Uttar Pradesh,9.1,sectionalized-ring,15,13,20.0,True,2.72,12.47,Reconfigure ties; balance 13 transformer banks
IND-S01914,Patiāla,Punjab,0.0,ring-main,15,13,26.3,False,1.59,12.07,Reconfigure ties; balance 13 transformer banks
IND-S01915,Dombivali,Maharashtra,0.0,double-bus,15,13,25.0,True,4.15,10.5,Reconfigure ties; balance 13 transformer banks
IND-S01916,Najafgarh,Delhi,10.12,meshed-N-1,15,13,22.5,True,3.48,11.67,Reconfigure ties; balance 13 transformer banks
IND-S01917,Jaipur,Rajasthan,1.67,radial-spur,15,13,12.0,False,3.78,10.59,Reconfigure ties; balance 13 transformer banks
IND-S01918,Ujjain,Madhya Pradesh,0.04,parallel-bank,15,13,21.2,True,3.11,11.48,Reconfigure ties; balance 13 transformer banks
IND-S01919,Tellicherry,Kerala,0.0,sectionalized-ring,15,13,17.8,True,5.73,10.4,Reconfigure ties; balance 13 transformer banks
IND-S01920,Kadi,Gujarat,9.02,ring-main,15,13,24.2,False,5.03,11.15,Reconfigure ties; balance 13 transformer banks
IND-S01921,Jaipur,Rajasthan,0.14,double-bus,15,13,18.5,True,3.47,11.86,Reconfigure ties; balance 13 transformer banks
IND-S01922,Hyderabad,Telangana,0.52,meshed-N-1,15,13,18.0,True,3.43,10.9,Reconfigure ties; balance 13 transformer banks
IND-S01923,Telangana Hub Generation,Telangana,8.51,radial-spur,15,13,19.2,False,4.2,11.84,Reconfigure ties; balance 13 transformer banks
IND-S01924,Guwahati,Assam,0.0,parallel-bank,15,13,16.9,True,3.57,12.46,Reconfigure ties; balance 13 transformer banks
IND-S01925,Deoria,Uttar Pradesh,0.0,sectionalized-ring,15,13,17.5,True,3.67,11.37,Reconfigure ties; balance 13 transformer banks
IND-S01926,Govardhan,Uttar Pradesh,0.0,ring-main,15,13,23.4,False,3.37,13.11,Reconfigure ties; balance 13 transformer banks
IND-S01927,Mohali,Punjab,0.0,double-bus,15,13,21.1,True,5.69,11.8,Reconfigure ties; balance 13 transformer banks
IND-S01928,Mumbai,Maharashtra,0.0,meshed-N-1,15,13,26.1,True,3.44,10.36,Reconfigure ties; balance 13 transformer banks
IND-S01929,Jalālpur,Uttar Pradesh,0.0,radial-spur,15,13,15.4,False,3.93,11.87,Reconfigure ties; balance 13 transformer banks
IND-S01930,Ponnāni,Kerala,0.06,parallel-bank,15,13,19.6,True,4.17,11.98,Reconfigure ties; balance 13 transformer banks
IND-S01931,Jalandhar,Punjab,0.0,sectionalized-ring,15,13,23.2,True,3.96,11.27,Reconfigure ties; balance 13 transformer banks
IND-S01932,Udaipur,Rajasthan,0.0,ring-main,15,13,22.5,False,2.53,10.16,Reconfigure ties; balance 13 transformer banks
IND-S01933,Najafgarh,Delhi,0.01,double-bus,15,13,23.7,True,3.22,10.65,Reconfigure ties; balance 13 transformer banks
IND-S01934,Allahdādpur,Uttar Pradesh,8.79,meshed-N-1,15,13,12.0,True,4.89,10.89,Reconfigure ties; balance 13 transformer banks
IND-S01935,Ujjain,Madhya Pradesh,0.12,radial-spur,15,13,22.2,False,4.16,11.91,Reconfigure ties; balance 13 transformer banks
IND-S01936,Uttar Krishnapur Pt III,Assam,8.8,parallel-bank,15,13,18.5,True,3.75,11.8,Reconfigure ties; balance 13 transformer banks
IND-S01937,Karnataka Hub Generation,Karnataka,0.0,sectionalized-ring,15,13,19.9,True,3.59,11.82,Reconfigure ties; balance 13 transformer banks
IND-S01938,Amavūr,Tamil Nadu,0.0,ring-main,15,13,24.4,False,3.2,10.4,Reconfigure ties; balance 13 transformer banks
IND-S01939,Ludhiana,Punjab,11.68,double-bus,15,13,18.1,True,3.21,12.35,Reconfigure ties; balance 13 transformer banks
IND-S01940,Karnāl,Haryana,8.75,meshed-N-1,15,13,21.0,True,4.38,11.99,Reconfigure ties; balance 13 transformer banks
IND-S01941,Jalgaon,Maharashtra,0.21,radial-spur,15,13,20.6,False,5.46,12.17,Reconfigure ties; balance 13 transformer banks
IND-S01942,Mumbai,Maharashtra,1.08,parallel-bank,15,13,16.3,True,5.19,11.93,Reconfigure ties; balance 13 transformer banks
IND-S01943,Kadapa,Andhra Pradesh,9.03,sectionalized-ring,15,13,19.2,True,2.34,12.88,Reconfigure ties; balance 13 transformer banks
IND-S01944,Guna,Madhya Pradesh,8.39,ring-main,15,13,20.9,False,3.08,11.45,Reconfigure ties; balance 13 transformer banks
IND-S01945,Borivli,Maharashtra,0.0,double-bus,15,13,20.4,True,3.54,12.04,Reconfigure ties; balance 13 transformer banks
IND-S01946,Surat,Gujarat,10.19,meshed-N-1,15,13,20.5,True,5.1,10.8,Reconfigure ties; balance 13 transformer banks
IND-S01947,Nellore,Andhra Pradesh,8.89,radial-spur,15,13,22.1,False,3.81,11.96,Reconfigure ties; balance 13 transformer banks
IND-S01948,Ahmedabad,Gujarat,11.43,parallel-bank,15,13,22.0,True,4.2,12.26,Reconfigure ties; balance 13 transformer banks
IND-S01949,Chennai,Tamil Nadu,8.97,sectionalized-ring,15,13,18.5,True,3.76,11.3,Reconfigure ties; balance 13 transformer banks
IND-S01950,West Bengal Hub Generation,West Bengal,0.0,ring-main,15,13,19.2,False,4.03,9.86,Reconfigure ties; balance 13 transformer banks
IND-S01951,Alīgarh,Uttar Pradesh,0.16,double-bus,15,13,16.1,True,5.18,10.92,Reconfigure ties; balance 13 transformer banks
IND-S01952,Modīnagar,Uttar Pradesh,0.0,meshed-N-1,15,13,21.0,True,3.94,10.6,Reconfigure ties; balance 13 transformer banks
IND-S01953,Thāne,Maharashtra,0.0,radial-spur,15,13,17.0,False,3.57,10.86,Reconfigure ties; balance 13 transformer banks
IND-S01954,Kanpur,Uttar Pradesh,0.14,parallel-bank,15,13,20.0,True,4.23,12.05,Reconfigure ties; balance 13 transformer banks
IND-S01955,Delhi,Delhi,10.28,sectionalized-ring,15,13,18.0,True,4.95,12.48,Reconfigure ties; balance 13 transformer banks
IND-S01956,Mūkondapalli,Tamil Nadu,0.07,ring-main,15,13,23.1,False,2.72,11.48,Reconfigure ties; balance 13 transformer banks
IND-S01957,Madurai,Tamil Nadu,0.0,double-bus,15,13,18.3,True,5.49,11.37,Reconfigure ties; balance 13 transformer banks
IND-S01958,Bareilly,Uttar Pradesh,0.0,meshed-N-1,15,13,28.7,True,4.55,11.18,Reconfigure ties; balance 13 transformer banks
IND-S01959,Alīgarh,Uttar Pradesh,0.15,radial-spur,15,13,12.0,False,3.01,12.3,Reconfigure ties; balance 13 transformer banks
IND-S01960,Bilimora,Gujarat,11.09,parallel-bank,15,13,14.1,True,4.26,12.15,Reconfigure ties; balance 13 transformer banks
IND-S01961,Siliguri,West Bengal,8.65,sectionalized-ring,15,13,20.4,True,2.9,11.62,Reconfigure ties; balance 13 transformer banks
IND-S01962,Pimpri-Chinchwad,Maharashtra,0.93,ring-main,15,13,23.4,False,2.97,12.4,Reconfigure ties; balance 13 transformer banks
IND-S01963,Surat,Gujarat,0.0,double-bus,15,13,20.3,True,2.48,11.01,Reconfigure ties; balance 13 transformer banks
IND-S01964,Aniwās,Jammu and Kashmir,8.57,meshed-N-1,15,13,19.7,True,3.15,11.39,Reconfigure ties; balance 13 transformer banks
IND-S01965,Maharashtra Hub Generation,Maharashtra,0.24,radial-spur,15,13,17.7,False,2.58,11.42,Reconfigure ties; balance 13 transformer banks
IND-S01966,Kalleribhāgam,Kerala,8.54,parallel-bank,15,13,28.3,True,2.92,10.93,Reconfigure ties; balance 13 transformer banks
IND-S01967,Gujarat Hub Generation,Gujarat,0.0,sectionalized-ring,15,13,19.0,True,5.15,10.76,Reconfigure ties; balance 13 transformer banks
IND-S01968,Uttarakhand Hub Generation,Uttarakhand,0.0,ring-main,15,13,25.9,False,5.5,11.72,Reconfigure ties; balance 13 transformer banks
IND-S01969,Kālna,West Bengal,10.52,double-bus,15,13,19.8,True,4.7,10.86,Reconfigure ties; balance 13 transformer banks
IND-S01970,Cherlopalle,Andhra Pradesh,0.0,meshed-N-1,15,13,23.5,True,3.94,10.99,Reconfigure ties; balance 13 transformer banks
IND-S01971,Borivli,Maharashtra,11.44,radial-spur,15,13,20.4,False,5.66,9.67,Reconfigure ties; balance 13 transformer banks
IND-S01972,Bhiwandi,Maharashtra,0.14,parallel-bank,15,13,22.5,True,1.75,10.7,Reconfigure ties; balance 13 transformer banks
IND-S01973,Dewas,Madhya Pradesh,8.41,sectionalized-ring,15,13,21.7,True,4.59,10.73,Reconfigure ties; balance 13 transformer banks
IND-S01974,Secunderabad,Telangana,8.55,ring-main,15,13,23.0,False,4.7,10.67,Reconfigure ties; balance 13 transformer banks
IND-S01975,Kannamangalam,Tamil Nadu,8.67,double-bus,15,13,23.7,True,3.63,11.72,Reconfigure ties; balance 13 transformer banks
IND-S01976,Najafgarh,Delhi,0.2,meshed-N-1,15,13,22.8,True,3.93,10.86,Reconfigure ties; balance 13 transformer banks
IND-S01977,Bengaluru,Karnataka,0.01,radial-spur,15,13,27.5,False,4.87,10.58,Reconfigure ties; balance 13 transformer banks
IND-S01978,Bilimora,Gujarat,0.0,parallel-bank,15,13,19.4,True,4.16,12.91,Reconfigure ties; balance 13 transformer banks
IND-S01979,Imphal,Manipur,8.62,sectionalized-ring,15,13,18.0,True,4.31,11.53,Reconfigure ties; balance 13 transformer banks
IND-S01980,Secunderabad,Telangana,0.0,ring-main,15,13,13.3,False,2.45,12.36,Reconfigure ties; balance 13 transformer banks
IND-S01981,Morādābād,Uttar Pradesh,0.01,double-bus,15,13,26.8,True,2.65,10.58,Reconfigure ties; balance 13 transformer banks
IND-S01982,Pen,Maharashtra,8.47,meshed-N-1,15,13,12.1,True,4.16,12.76,Reconfigure ties; balance 13 transformer banks
IND-S01983,Tirupati,Andhra Pradesh,8.58,radial-spur,15,13,18.7,False,2.48,11.79,Reconfigure ties; balance 13 transformer banks
IND-S01984,Bāpatla,Andhra Pradesh,8.4,parallel-bank,15,13,25.4,True,3.58,12.01,Reconfigure ties; balance 13 transformer banks
IND-S01985,Malegaon,Maharashtra,0.0,sectionalized-ring,15,13,25.0,True,2.17,10.97,Reconfigure ties; balance 13 transformer banks
IND-S01986,Dombivali,Maharashtra,0.41,ring-main,15,13,16.4,False,3.19,11.77,Reconfigure ties; balance 13 transformer banks
IND-S01987,Adivibūdugūru,Andhra Pradesh,0.0,double-bus,15,13,13.9,True,3.95,11.23,Reconfigure ties; balance 13 transformer banks
IND-S01988,Kollam,Kerala,8.53,meshed-N-1,15,13,21.7,True,3.04,11.55,Reconfigure ties; balance 13 transformer banks
IND-S01989,Amwār,Uttar Pradesh,8.4,radial-spur,15,13,15.3,False,4.84,11.51,Reconfigure ties; balance 13 transformer banks
IND-S01990,Pimpri,Maharashtra,0.0,parallel-bank,15,13,23.6,True,2.0,11.57,Reconfigure ties; balance 13 transformer banks
IND-S01991,Munger,Bihar,0.0,sectionalized-ring,15,13,23.6,True,3.63,11.95,Reconfigure ties; balance 13 transformer banks
IND-S01992,Uttarakhand Hub Generation,Uttarakhand,0.0,ring-main,15,13,20.4,False,6.58,12.17,Reconfigure ties; balance 13 transformer banks
IND-S01993,Tiruvannamalai,Tamil Nadu,0.15,double-bus,15,13,21.3,True,3.62,11.93,Reconfigure ties; balance 13 transformer banks
IND-S01994,Elūr,Kerala,0.02,meshed-N-1,15,13,18.6,True,4.79,11.19,Reconfigure ties; balance 13 transformer banks
IND-S01995,Indore,Madhya Pradesh,9.09,radial-spur,15,13,18.4,False,4.86,11.37,Reconfigure ties; balance 13 transformer banks
IND-S01996,Surat,Gujarat,0.42,parallel-bank,15,13,23.4,True,4.93,10.43,Reconfigure ties; balance 13 transformer banks
IND-S01997,Guwahati,Assam,0.0,sectionalized-ring,15,13,22.5,True,6.68,11.12,Reconfigure ties; balance 13 transformer banks
IND-S01998,Thoothukudi,Tamil Nadu,11.39,ring-main,15,13,21.5,False,4.77,11.21,Reconfigure ties; balance 13 transformer banks
IND-S01999,Meerut,Uttar Pradesh,0.2,double-bus,15,13,16.1,True,4.64,12.39,Reconfigure ties; balance 13 transformer banks
IND-S02000,Jaipur,Rajasthan,8.76,meshed-N-1,15,13,18.7,True,3.58,11.59,Reconfigure ties; balance 13 transformer banks
IND-S02001,Delhi,Delhi,0.44,radial-spur,15,13,13.9,False,3.81,11.79,Reconfigure ties; balance 13 transformer banks
IND-S02002,Bokāro,Jharkhand,0.19,parallel-bank,15,13,20.1,True,4.39,11.98,Reconfigure ties; balance 13 transformer banks
IND-S02003,Badlapur,Maharashtra,8.41,sectionalized-ring,15,13,17.9,True,3.69,11.85,Reconfigure ties; balance 13 transformer banks
IND-S02004,Tirunelveli,Tamil Nadu,0.0,ring-main,15,13,22.2,False,3.69,10.88,Reconfigure ties; balance 13 transformer banks
IND-S02005,Tamil Nadu Hub Generation,Tamil Nadu,0.0,double-bus,15,13,21.8,True,2.45,11.01,Reconfigure ties; balance 13 transformer banks
IND-S02006,Ranebennur,Karnataka,0.08,meshed-N-1,15,13,21.4,True,5.0,12.18,Reconfigure ties; balance 13 transformer banks
IND-S02007,Najafgarh,Delhi,0.0,radial-spur,15,13,24.0,False,4.29,12.43,Reconfigure ties; balance 13 transformer banks
IND-S02008,Mumbai,Maharashtra,0.46,parallel-bank,15,13,19.4,True,4.94,11.96,Reconfigure ties; balance 13 transformer banks
IND-S02009,Yadgir,Karnataka,8.8,sectionalized-ring,15,13,18.7,True,3.19,10.82,Reconfigure ties; balance 13 transformer banks
IND-S02010,Khandwa,Madhya Pradesh,8.58,ring-main,15,13,25.5,False,4.0,10.02,Reconfigure ties; balance 13 transformer banks
IND-S02011,Badhni Kalān,Punjab,0.02,double-bus,15,13,16.1,True,4.7,11.41,Reconfigure ties; balance 13 transformer banks
IND-S02012,Wokha,Nagaland,0.19,meshed-N-1,15,13,20.0,True,4.0,11.69,Reconfigure ties; balance 13 transformer banks
IND-S02013,Kolki,Maharashtra,0.0,radial-spur,15,13,17.8,False,4.43,11.15,Reconfigure ties; balance 13 transformer banks
IND-S02014,Allikuntakadirenahalli,Karnataka,8.8,parallel-bank,15,13,24.7,True,3.93,12.26,Reconfigure ties; balance 13 transformer banks
IND-S02015,Kukatpally,Telangana,0.14,sectionalized-ring,15,13,20.6,True,4.87,12.86,Reconfigure ties; balance 13 transformer banks
IND-S02016,Tellicherry,Kerala,0.0,ring-main,15,13,19.9,False,4.44,12.63,Reconfigure ties; balance 13 transformer banks
IND-S02017,Bāri,Rajasthan,0.0,double-bus,15,13,18.2,True,3.91,10.33,Reconfigure ties; balance 13 transformer banks
IND-S02018,Udhampur,Jammu and Kashmir,0.0,meshed-N-1,15,13,14.8,True,2.28,12.9,Reconfigure ties; balance 13 transformer banks
IND-S02019,Begusarai,Bihar,0.0,radial-spur,15,13,15.5,False,3.95,11.38,Reconfigure ties; balance 13 transformer banks
IND-S02020,Meerut,Uttar Pradesh,0.16,parallel-bank,15,13,23.5,True,3.02,12.28,Reconfigure ties; balance 13 transformer banks
IND-S02021,Rohtak,Haryana,0.0,sectionalized-ring,15,13,24.1,True,4.06,10.32,Reconfigure ties; balance 13 transformer banks
IND-S02022,Durgapur,West Bengal,0.18,ring-main,15,13,22.6,False,3.55,12.42,Reconfigure ties; balance 13 transformer banks
IND-S02023,Nowrangapur,Odisha,0.19,double-bus,15,13,16.8,True,4.06,10.83,Reconfigure ties; balance 13 transformer banks
IND-S02024,Bhopal,Madhya Pradesh,0.1,meshed-N-1,15,13,22.3,True,4.28,11.14,Reconfigure ties; balance 13 transformer banks
IND-S02025,Rohtak,Haryana,8.4,radial-spur,15,13,16.1,False,3.31,11.12,Reconfigure ties; balance 13 transformer banks
IND-S02026,Gwalior,Madhya Pradesh,8.47,parallel-bank,15,13,16.5,True,4.52,11.36,Reconfigure ties; balance 13 transformer banks
IND-S02027,Jamkhandi,Karnataka,0.0,sectionalized-ring,15,13,19.4,True,2.85,11.23,Reconfigure ties; balance 13 transformer banks
IND-S02028,Kaikalapettai,Tamil Nadu,0.0,ring-main,15,13,16.0,False,4.45,10.78,Reconfigure ties; balance 13 transformer banks
IND-S02029,Mumbai,Maharashtra,0.0,double-bus,15,13,24.3,True,5.02,11.26,Reconfigure ties; balance 13 transformer banks
IND-S02030,Bhiwandi,Maharashtra,8.44,meshed-N-1,15,13,20.7,True,3.34,12.6,Reconfigure ties; balance 13 transformer banks
IND-S02031,Jamshedpur,Jharkhand,0.24,radial-spur,15,13,23.6,False,4.61,11.64,Reconfigure ties; balance 13 transformer banks
IND-S02032,Varanasi,Uttar Pradesh,8.64,parallel-bank,15,13,19.2,True,3.11,12.44,Reconfigure ties; balance 13 transformer banks
IND-S02033,Alwar,Rajasthan,8.61,sectionalized-ring,15,13,22.7,True,3.2,12.4,Reconfigure ties; balance 13 transformer banks
IND-S02034,Prayagraj,Uttar Pradesh,9.67,ring-main,15,13,23.8,False,4.58,11.58,Reconfigure ties; balance 13 transformer banks
IND-S02035,Vadodara,Gujarat,0.15,double-bus,15,13,20.3,True,3.37,11.45,Reconfigure ties; balance 13 transformer banks
IND-S02036,Mumbai,Maharashtra,0.52,meshed-N-1,15,13,18.1,True,3.53,11.88,Reconfigure ties; balance 13 transformer banks
IND-S02037,Obra,Uttar Pradesh,0.39,radial-spur,15,13,21.6,False,5.0,12.34,Reconfigure ties; balance 13 transformer banks
IND-S02038,Dhule,Maharashtra,0.0,parallel-bank,15,13,20.8,True,4.5,11.46,Reconfigure ties; balance 13 transformer banks
IND-S02039,Uttarakhand Hub Generation,Uttarakhand,0.0,sectionalized-ring,15,13,25.4,True,4.05,11.96,Reconfigure ties; balance 13 transformer banks
IND-S02040,Gorakhpur,Uttar Pradesh,0.0,ring-main,15,13,17.5,False,2.51,10.83,Reconfigure ties; balance 13 transformer banks
IND-S02041,Arakka Samastharam,Tamil Nadu,0.0,double-bus,15,13,20.2,True,4.06,12.14,Reconfigure ties; balance 13 transformer banks
IND-S02042,Visakhapatnam,Andhra Pradesh,8.84,meshed-N-1,15,13,18.1,True,2.45,12.13,Reconfigure ties; balance 13 transformer banks
IND-S02043,Faridabad,Haryana,12.45,radial-spur,15,13,18.1,False,3.87,11.17,Reconfigure ties; balance 13 transformer banks
IND-S02044,Bijnor,Uttar Pradesh,0.08,parallel-bank,15,13,24.2,True,3.78,10.99,Reconfigure ties; balance 13 transformer banks
IND-S02045,Shamsābād,Madhya Pradesh,0.0,sectionalized-ring,15,13,12.0,True,4.48,11.48,Reconfigure ties; balance 13 transformer banks
IND-S02046,Lucknow,Uttar Pradesh,0.0,ring-main,15,13,17.0,False,3.47,10.93,Reconfigure ties; balance 13 transformer banks
IND-S02047,Bulandshahr,Uttar Pradesh,0.4,double-bus,15,13,18.9,True,4.81,11.95,Reconfigure ties; balance 13 transformer banks
IND-S02048,Patiāla,Punjab,0.0,meshed-N-1,15,13,17.9,True,1.75,11.97,Reconfigure ties; balance 13 transformer banks
IND-S02049,Malayinkeezhu,Kerala,8.81,radial-spur,15,13,20.5,False,4.16,11.93,Reconfigure ties; balance 13 transformer banks
IND-S02050,Najafgarh,Delhi,11.72,parallel-bank,15,13,19.5,True,5.06,10.87,Reconfigure ties; balance 13 transformer banks
IND-S02051,Giridih,Jharkhand,0.0,sectionalized-ring,15,13,20.9,True,2.96,11.43,Reconfigure ties; balance 13 transformer banks
IND-S02052,Chhibrāmau,Uttar Pradesh,0.0,ring-main,15,13,26.7,False,3.25,11.1,Reconfigure ties; balance 13 transformer banks
IND-S02053,Sri Dūngargarh,Rajasthan,0.0,double-bus,15,13,18.8,True,2.81,11.3,Reconfigure ties; balance 13 transformer banks
IND-S02054,Mon,Nagaland,9.15,meshed-N-1,15,13,24.0,True,3.67,11.94,Reconfigure ties; balance 13 transformer banks
IND-S02055,Chikmagalūr,Karnataka,0.13,radial-spur,15,13,20.5,False,4.92,12.84,Reconfigure ties; balance 13 transformer banks
IND-S02056,Amrāla,Punjab,0.0,parallel-bank,15,13,24.1,True,4.27,11.53,Reconfigure ties; balance 13 transformer banks
IND-S02057,Kithor,Uttar Pradesh,0.0,sectionalized-ring,15,13,20.6,True,3.23,11.06,Reconfigure ties; balance 13 transformer banks
IND-S02058,Agrahārahalli,Karnataka,8.99,ring-main,15,13,22.5,False,5.82,12.54,Reconfigure ties; balance 13 transformer banks
IND-S02059,Nashik,Maharashtra,8.47,double-bus,15,13,24.9,True,4.15,12.59,Reconfigure ties; balance 13 transformer banks
IND-S02060,Nagaon,Assam,0.0,meshed-N-1,15,13,23.0,True,2.46,12.14,Reconfigure ties; balance 13 transformer banks
IND-S02061,Mahārājgani,Bihar,0.0,radial-spur,15,13,26.8,False,3.12,12.22,Reconfigure ties; balance 13 transformer banks
IND-S02062,Bilimora,Gujarat,8.77,parallel-bank,15,13,20.5,True,3.14,11.64,Reconfigure ties; balance 13 transformer banks
IND-S02063,Palāsa,Andhra Pradesh,8.56,sectionalized-ring,15,13,24.1,True,5.13,10.5,Reconfigure ties; balance 13 transformer banks
IND-S02064,Shāhjānpur,Uttar Pradesh,0.0,ring-main,15,13,19.6,False,3.2,12.49,Reconfigure ties; balance 13 transformer banks
IND-S02065,Tamil Nadu Hub Generation,Tamil Nadu,9.23,double-bus,15,13,23.6,True,3.17,11.35,Reconfigure ties; balance 13 transformer banks
IND-S02066,Bhopal,Madhya Pradesh,8.69,meshed-N-1,15,13,21.6,True,5.59,10.98,Reconfigure ties; balance 13 transformer banks
IND-S02067,Udhampur,Jammu and Kashmir,8.68,radial-spur,15,13,15.7,False,4.43,10.99,Reconfigure ties; balance 13 transformer banks
IND-S02068,Allāhdīnpur,Punjab,0.0,parallel-bank,15,13,25.2,True,3.73,11.34,Reconfigure ties; balance 13 transformer banks
IND-S02069,Kuruvattūr,Kerala,0.0,sectionalized-ring,15,13,26.9,True,5.18,11.57,Reconfigure ties; balance 13 transformer banks
IND-S02070,Loni,Uttar Pradesh,8.25,ring-main,15,13,20.2,False,3.36,11.87,Reconfigure ties; balance 13 transformer banks
IND-S02071,Mumbai,Maharashtra,9.02,double-bus,15,13,21.9,True,5.24,10.85,Reconfigure ties; balance 13 transformer banks
IND-S02072,Ludhiana,Punjab,0.0,meshed-N-1,15,13,18.4,True,3.51,12.33,Reconfigure ties; balance 13 transformer banks
IND-S02073,Delhi,Delhi,10.61,radial-spur,15,13,26.7,False,3.22,11.02,Reconfigure ties; balance 13 transformer banks
IND-S02074,Cuttack,Odisha,8.58,parallel-bank,15,13,14.2,True,2.4,12.36,Reconfigure ties; balance 13 transformer banks
IND-S02075,Tezpur,Assam,8.74,sectionalized-ring,15,13,25.1,True,1.45,11.65,Reconfigure ties; balance 13 transformer banks
IND-S02076,Ambattur,Tamil Nadu,0.09,ring-main,15,13,31.6,False,5.63,11.16,Reconfigure ties; balance 13 transformer banks
IND-S02077,Chelora,Kerala,8.95,double-bus,15,13,26.1,True,2.01,12.57,Reconfigure ties; balance 13 transformer banks
IND-S02078,Bhavāni,Tamil Nadu,0.0,meshed-N-1,15,13,18.4,True,3.49,10.56,Reconfigure ties; balance 13 transformer banks
IND-S02079,Ambattur,Tamil Nadu,0.05,radial-spur,15,13,24.7,False,2.77,11.93,Reconfigure ties; balance 13 transformer banks
IND-S02080,Chennai,Tamil Nadu,0.19,parallel-bank,15,13,22.6,True,4.77,12.47,Reconfigure ties; balance 13 transformer banks
IND-S02081,Murwāra,Madhya Pradesh,0.0,sectionalized-ring,15,13,23.7,True,3.17,11.5,Reconfigure ties; balance 13 transformer banks
IND-S02082,Nashik,Maharashtra,11.23,ring-main,15,13,22.1,False,2.6,10.69,Reconfigure ties; balance 13 transformer banks
IND-S02083,Pimpri-Chinchwad,Maharashtra,1.45,double-bus,15,13,31.5,True,3.82,10.32,Reconfigure ties; balance 13 transformer banks
IND-S02084,Kūmher,Rajasthan,0.0,meshed-N-1,15,13,21.9,True,4.17,11.78,Reconfigure ties; balance 13 transformer banks
IND-S02085,Alappuzha,Kerala,8.4,radial-spur,15,13,23.4,False,2.13,11.53,Reconfigure ties; balance 13 transformer banks
IND-S02086,Saligram,Karnataka,0.0,parallel-bank,15,13,18.6,True,5.05,12.05,Reconfigure ties; balance 13 transformer banks
IND-S02087,Maduravoyal,Tamil Nadu,0.24,sectionalized-ring,15,13,13.2,True,2.88,12.38,Reconfigure ties; balance 13 transformer banks
IND-S02088,Haryana Hub Generation,Haryana,0.0,ring-main,15,13,18.1,False,3.68,11.76,Reconfigure ties; balance 13 transformer banks
IND-S02089,Lucknow,Uttar Pradesh,9.11,double-bus,15,13,14.6,True,3.37,11.44,Reconfigure ties; balance 13 transformer banks
IND-S02090,Kurnool,Andhra Pradesh,0.0,meshed-N-1,15,13,22.1,True,4.9,11.17,Reconfigure ties; balance 13 transformer banks
IND-S02091,Moga,Punjab,0.0,radial-spur,15,13,24.0,False,3.9,11.26,Reconfigure ties; balance 13 transformer banks
IND-S02092,Siliguri,West Bengal,0.0,parallel-bank,15,13,15.8,True,4.37,10.72,Reconfigure ties; balance 13 transformer banks
IND-S02093,Aurangabad,Maharashtra,0.0,sectionalized-ring,15,13,15.8,True,4.04,11.24,Reconfigure ties; balance 13 transformer banks
IND-S02094,Gorakhpur,Uttar Pradesh,0.0,ring-main,15,13,24.2,False,4.09,12.32,Reconfigure ties; balance 13 transformer banks
IND-S02095,Vadodara,Gujarat,0.0,double-bus,15,13,24.7,True,5.08,11.33,Reconfigure ties; balance 13 transformer banks
IND-S02096,Vadodara,Gujarat,8.9,meshed-N-1,15,13,14.7,True,1.3,11.05,Reconfigure ties; balance 13 transformer banks
IND-S02097,Jabalpur,Madhya Pradesh,0.0,radial-spur,15,13,16.6,False,4.8,10.45,Reconfigure ties; balance 13 transformer banks
IND-S02098,Punāsa,Madhya Pradesh,0.0,parallel-bank,15,13,21.6,True,3.84,11.58,Reconfigure ties; balance 13 transformer banks
IND-S02099,Bīsalpur,Uttar Pradesh,8.4,sectionalized-ring,15,13,23.0,True,3.92,11.61,Reconfigure ties; balance 13 transformer banks
IND-S02100,Bhavnagar,Gujarat,11.91,ring-main,15,13,20.9,False,4.86,12.55,Reconfigure ties; balance 13 transformer banks
IND-S02101,Alwar,Rajasthan,8.56,double-bus,15,13,24.8,True,3.32,12.4,Reconfigure ties; balance 13 transformer banks
IND-S02102,Pimpri,Maharashtra,9.85,meshed-N-1,15,13,17.8,True,3.31,11.55,Reconfigure ties; balance 13 transformer banks
IND-S02103,Ajmer,Rajasthan,0.0,radial-spur,15,13,25.9,False,5.18,10.48,Reconfigure ties; balance 13 transformer banks
IND-S02104,Sonīpat,Haryana,0.0,parallel-bank,15,13,29.4,True,1.4,11.45,Reconfigure ties; balance 13 transformer banks
IND-S02105,Siddāpur,Karnataka,0.0,sectionalized-ring,15,13,22.2,True,4.43,10.71,Reconfigure ties; balance 13 transformer banks
IND-S02106,Kallakurichi,Tamil Nadu,0.09,ring-main,15,13,21.4,False,2.26,10.71,Reconfigure ties; balance 13 transformer banks
IND-S02107,Rasapūdipalem,Andhra Pradesh,8.7,double-bus,15,13,12.8,True,5.19,11.27,Reconfigure ties; balance 13 transformer banks
IND-S02108,Palwal,Haryana,0.0,meshed-N-1,15,13,24.5,True,4.38,11.35,Reconfigure ties; balance 13 transformer banks
IND-S02109,Jabalpur,Madhya Pradesh,0.0,radial-spur,15,13,12.9,False,5.91,11.62,Reconfigure ties; balance 13 transformer banks
IND-S02110,Mumbai,Maharashtra,10.02,parallel-bank,15,13,18.0,True,3.8,10.7,Reconfigure ties; balance 13 transformer banks
IND-S02111,Narnaul,Haryana,9.02,sectionalized-ring,15,13,22.9,True,3.32,11.7,Reconfigure ties; balance 13 transformer banks
IND-S02112,West Bengal Hub Generation,West Bengal,8.55,ring-main,15,13,32.3,False,2.57,12.07,Reconfigure ties; balance 13 transformer banks
IND-S02113,Epuru Bit - I - B,Andhra Pradesh,0.0,double-bus,15,13,12.0,True,4.02,11.19,Reconfigure ties; balance 13 transformer banks
IND-S02114,Sīkar,Rajasthan,11.48,meshed-N-1,15,13,23.9,True,4.27,10.89,Reconfigure ties; balance 13 transformer banks
IND-S02115,Kolkata,West Bengal,0.0,radial-spur,15,13,17.2,False,3.64,11.85,Reconfigure ties; balance 13 transformer banks
IND-S02116,Rasapūdipalem,Andhra Pradesh,0.0,parallel-bank,15,13,24.6,True,5.09,10.84,Reconfigure ties; balance 13 transformer banks
IND-S02117,Mangaluru,Karnataka,0.0,sectionalized-ring,15,13,26.1,True,3.67,11.07,Reconfigure ties; balance 13 transformer banks
IND-S02118,Kolkata,West Bengal,9.04,ring-main,15,13,20.1,False,3.75,13.06,Reconfigure ties; balance 13 transformer banks
IND-S02119,Khagaria,Bihar,0.28,double-bus,15,13,22.0,True,4.47,12.24,Reconfigure ties; balance 13 transformer banks
IND-S02120,Pimpri-Chinchwad,Maharashtra,0.18,meshed-N-1,15,13,23.0,True,4.86,9.9,Reconfigure ties; balance 13 transformer banks
IND-S02121,Kurnool,Andhra Pradesh,0.0,radial-spur,15,13,25.5,False,4.49,11.45,Reconfigure ties; balance 13 transformer banks
IND-S02122,Agartala,Tripura,11.61,parallel-bank,15,13,20.2,True,4.7,11.94,Reconfigure ties; balance 13 transformer banks
IND-S02123,Erode,Tamil Nadu,8.58,sectionalized-ring,15,13,18.2,True,6.69,12.04,Reconfigure ties; balance 13 transformer banks
IND-S02124,Bihār Sharīf,Bihar,0.0,ring-main,15,13,12.1,False,3.09,10.14,Reconfigure ties; balance 13 transformer banks
IND-S02125,Kanhangad,Kerala,8.63,double-bus,15,13,25.1,True,5.22,12.04,Reconfigure ties; balance 13 transformer banks
IND-S02126,Nandyāl,Andhra Pradesh,0.0,meshed-N-1,15,13,26.4,True,3.14,12.13,Reconfigure ties; balance 13 transformer banks
IND-S02127,Lucknow,Uttar Pradesh,31.33,radial-spur,15,13,23.3,False,1.2,11.73,Reconfigure ties; balance 13 transformer banks
IND-S02128,Kadapa,Andhra Pradesh,0.0,parallel-bank,15,13,25.2,True,3.03,11.91,Reconfigure ties; balance 13 transformer banks
IND-S02129,Siliguri,West Bengal,0.0,sectionalized-ring,15,13,22.4,True,2.4,11.63,Reconfigure ties; balance 13 transformer banks
IND-S02130,Ludhiana,Punjab,0.0,ring-main,15,13,21.4,False,3.84,10.45,Reconfigure ties; balance 13 transformer banks
IND-S02131,Pāli,Rajasthan,0.0,double-bus,15,13,24.0,True,5.57,11.89,Reconfigure ties; balance 13 transformer banks
IND-S02132,Hyderabad,Telangana,0.0,meshed-N-1,15,13,27.3,True,1.9,11.98,Reconfigure ties; balance 13 transformer banks
IND-S02133,Morādābād,Uttar Pradesh,0.18,radial-spur,15,13,24.5,False,3.02,11.47,Reconfigure ties; balance 13 transformer banks
IND-S02134,Hyderabad,Telangana,0.08,parallel-bank,15,13,23.2,True,3.26,11.35,Reconfigure ties; balance 13 transformer banks
IND-S02135,Thāne,Maharashtra,33.73,sectionalized-ring,15,13,24.4,True,4.92,11.37,Reconfigure ties; balance 13 transformer banks
IND-S02136,Amble,Karnataka,0.0,ring-main,15,13,21.8,False,5.46,11.08,Reconfigure ties; balance 13 transformer banks
IND-S02137,Rāmpur,Uttar Pradesh,0.0,double-bus,15,13,23.9,True,5.44,11.56,Reconfigure ties; balance 13 transformer banks
IND-S02138,Nagaon,Assam,8.82,meshed-N-1,15,13,26.5,True,2.18,12.54,Reconfigure ties; balance 13 transformer banks
IND-S02139,Surat,Gujarat,0.82,radial-spur,15,13,24.9,False,3.2,11.64,Reconfigure ties; balance 13 transformer banks
IND-S02140,Moran Town,Assam,0.0,parallel-bank,15,13,21.2,True,2.35,9.75,Reconfigure ties; balance 13 transformer banks
IND-S02141,Najafgarh,Delhi,10.82,sectionalized-ring,15,13,34.2,True,4.55,11.53,Reconfigure ties; balance 13 transformer banks
IND-S02142,Delhi,Delhi,0.0,ring-main,15,13,19.4,False,4.31,9.64,Reconfigure ties; balance 13 transformer banks
IND-S02143,Chennai,Tamil Nadu,0.98,double-bus,15,13,21.0,True,3.96,12.19,Reconfigure ties; balance 13 transformer banks
IND-S02144,Bānk,Madhya Pradesh,0.25,meshed-N-1,15,13,22.8,True,3.61,12.73,Reconfigure ties; balance 13 transformer banks
IND-S02145,Siliguri,West Bengal,8.77,radial-spur,15,13,19.6,False,4.23,9.58,Reconfigure ties; balance 13 transformer banks
IND-S02146,Dewas,Madhya Pradesh,8.36,parallel-bank,15,13,15.4,True,6.6,10.75,Reconfigure ties; balance 13 transformer banks
IND-S02147,Agartala,Tripura,8.7,sectionalized-ring,15,13,14.7,True,3.05,11.39,Reconfigure ties; balance 13 transformer banks
IND-S02148,Narela,Delhi,8.61,ring-main,15,13,16.1,False,4.06,11.74,Reconfigure ties; balance 13 transformer banks
IND-S02149,Neyyāttinkara,Kerala,0.0,double-bus,15,13,29.1,True,3.53,11.2,Reconfigure ties; balance 13 transformer banks
IND-S02150,Rāj-Nāndgaon,Chhattisgarh,0.0,meshed-N-1,15,13,18.2,True,4.48,13.36,Reconfigure ties; balance 13 transformer banks
IND-S02151,Erode,Tamil Nadu,0.0,radial-spur,15,13,22.1,False,3.88,10.2,Reconfigure ties; balance 13 transformer banks
IND-S02152,Patna,Bihar,9.29,parallel-bank,15,13,21.9,True,3.7,11.71,Reconfigure ties; balance 13 transformer banks
IND-S02153,Villupuram,Tamil Nadu,0.0,sectionalized-ring,15,13,29.8,True,4.63,10.8,Reconfigure ties; balance 13 transformer banks
IND-S02154,Kutiyāna,Gujarat,8.66,ring-main,15,13,16.7,False,4.77,11.59,Reconfigure ties; balance 13 transformer banks
IND-S02155,Koppal,Karnataka,0.0,double-bus,15,13,23.4,True,4.24,12.38,Reconfigure ties; balance 13 transformer banks
IND-S02156,Kāmārhāti,West Bengal,0.0,meshed-N-1,15,13,23.9,True,2.72,11.61,Reconfigure ties; balance 13 transformer banks
IND-S02157,Alhūa,Uttar Pradesh,0.0,radial-spur,15,13,24.2,False,1.2,12.69,Reconfigure ties; balance 13 transformer banks
IND-S02158,Avadi,Tamil Nadu,0.13,parallel-bank,15,13,18.3,True,3.61,12.62,Reconfigure ties; balance 13 transformer banks
IND-S02159,Kalaburagi,Karnataka,29.57,sectionalized-ring,15,13,21.2,True,2.39,11.38,Reconfigure ties; balance 13 transformer banks
IND-S02160,Kolkata,West Bengal,0.27,ring-main,15,13,22.0,False,4.13,11.56,Reconfigure ties; balance 13 transformer banks
IND-S02161,Hinganghāt,Maharashtra,8.55,double-bus,15,13,28.0,True,4.49,12.0,Reconfigure ties; balance 13 transformer banks
IND-S02162,Kākināda,Andhra Pradesh,0.0,meshed-N-1,15,13,22.9,True,4.97,11.76,Reconfigure ties; balance 13 transformer banks
IND-S02163,Karnataka Hub Generation,Karnataka,9.77,radial-spur,15,13,25.3,False,3.42,10.98,Reconfigure ties; balance 13 transformer banks
IND-S02164,Alwar,Rajasthan,0.09,parallel-bank,15,13,13.0,True,5.92,10.91,Reconfigure ties; balance 13 transformer banks
IND-S02165,Prayagraj,Uttar Pradesh,0.18,sectionalized-ring,15,13,21.6,True,3.78,11.8,Reconfigure ties; balance 13 transformer banks
IND-S02166,Munger,Bihar,0.0,ring-main,15,13,21.4,False,3.5,11.65,Reconfigure ties; balance 13 transformer banks
IND-S02167,Dombivali,Maharashtra,10.84,double-bus,15,13,20.1,True,3.98,11.03,Reconfigure ties; balance 13 transformer banks
IND-S02168,Bengaluru,Karnataka,8.37,meshed-N-1,15,13,27.0,True,3.73,11.0,Reconfigure ties; balance 13 transformer banks
IND-S02169,Roorkee,Uttarakhand,10.13,radial-spur,15,13,19.4,False,3.28,11.36,Reconfigure ties; balance 13 transformer banks
IND-S02170,Andhrāpur,Uttar Pradesh,0.0,parallel-bank,15,13,23.5,True,3.24,10.91,Reconfigure ties; balance 13 transformer banks
IND-S02171,Najafgarh,Delhi,0.01,sectionalized-ring,15,13,20.7,True,4.29,11.68,Reconfigure ties; balance 13 transformer banks
IND-S02172,Ahmedabad,Gujarat,0.0,ring-main,15,13,19.3,False,2.8,11.34,Reconfigure ties; balance 13 transformer banks
IND-S02173,Ludhiana,Punjab,0.01,double-bus,15,13,24.1,True,1.2,11.75,Reconfigure ties; balance 13 transformer banks
IND-S02174,Morādābād,Uttar Pradesh,9.92,meshed-N-1,15,13,24.7,True,4.29,12.76,Reconfigure ties; balance 13 transformer banks
IND-S02175,Rājkot,Gujarat,11.67,radial-spur,15,13,29.1,False,5.62,11.66,Reconfigure ties; balance 13 transformer banks
IND-S02176,Najafgarh,Delhi,0.01,parallel-bank,15,13,28.3,True,3.45,12.36,Reconfigure ties; balance 13 transformer banks
IND-S02177,Gangavati,Karnataka,0.0,sectionalized-ring,15,13,19.1,True,3.67,12.54,Reconfigure ties; balance 13 transformer banks
IND-S02178,Korba,Chhattisgarh,0.1,ring-main,15,13,22.8,False,4.22,10.5,Reconfigure ties; balance 13 transformer banks
IND-S02179,Rohtak,Haryana,0.0,double-bus,15,13,28.9,True,2.15,11.79,Reconfigure ties; balance 13 transformer banks
IND-S02180,Wardha,Maharashtra,0.0,meshed-N-1,15,13,21.7,True,3.52,9.89,Reconfigure ties; balance 13 transformer banks
IND-S02181,Kolkata,West Bengal,0.1,radial-spur,15,13,26.8,False,2.95,10.74,Reconfigure ties; balance 13 transformer banks
IND-S02182,Madgaon,Goa,8.46,parallel-bank,15,13,20.7,True,4.35,11.6,Reconfigure ties; balance 13 transformer banks
IND-S02183,Ambāla,Haryana,8.77,sectionalized-ring,15,13,16.6,True,5.01,10.78,Reconfigure ties; balance 13 transformer banks
IND-S02184,Mudkhed,Maharashtra,8.82,ring-main,15,13,16.2,False,3.32,11.37,Reconfigure ties; balance 13 transformer banks
IND-S02185,Mulugu,Telangana,9.11,double-bus,15,13,17.4,True,4.33,11.48,Reconfigure ties; balance 13 transformer banks
IND-S02186,Puducherry,Puducherry,8.72,meshed-N-1,15,13,12.0,True,5.03,10.37,Reconfigure ties; balance 13 transformer banks
IND-S02187,Kanpur,Uttar Pradesh,9.72,radial-spur,15,13,17.8,False,3.23,11.32,Reconfigure ties; balance 13 transformer banks
IND-S02188,Dehradun,Uttarakhand,9.16,parallel-bank,15,13,17.3,True,4.07,10.46,Reconfigure ties; balance 13 transformer banks
IND-S02189,Ludhiana,Punjab,8.49,sectionalized-ring,15,13,20.2,True,3.42,11.29,Reconfigure ties; balance 13 transformer banks
IND-S02190,Kurwai,Madhya Pradesh,8.98,ring-main,15,13,24.4,False,3.82,12.07,Reconfigure ties; balance 13 transformer banks
IND-S02191,Milak,Uttar Pradesh,0.0,double-bus,15,13,24.8,True,5.49,10.77,Reconfigure ties; balance 13 transformer banks
IND-S02192,Nihtaur,Uttar Pradesh,0.0,meshed-N-1,15,13,23.1,True,4.96,11.87,Reconfigure ties; balance 13 transformer banks
IND-S02193,Mohali,Punjab,0.0,radial-spur,15,13,17.5,False,4.38,10.05,Reconfigure ties; balance 13 transformer banks
IND-S02194,Solan,Himachal Pradesh,0.0,parallel-bank,15,13,22.0,True,3.38,11.96,Reconfigure ties; balance 13 transformer banks
IND-S02195,Davangere,Karnataka,0.0,sectionalized-ring,15,13,27.9,True,3.6,12.05,Reconfigure ties; balance 13 transformer banks
IND-S02196,Rasapūdipalem,Andhra Pradesh,0.0,ring-main,15,13,23.9,False,2.87,12.43,Reconfigure ties; balance 13 transformer banks
IND-S02197,Avalpūndurai,Tamil Nadu,0.0,double-bus,15,13,19.5,True,3.63,11.96,Reconfigure ties; balance 13 transformer banks
IND-S02198,Sholapur,Maharashtra,10.61,meshed-N-1,15,13,21.5,True,4.48,10.97,Reconfigure ties; balance 13 transformer banks
IND-S02199,Katihar,Bihar,8.75,radial-spur,15,13,13.3,False,4.95,11.94,Reconfigure ties; balance 13 transformer banks
IND-S02200,Kākināda,Andhra Pradesh,0.0,parallel-bank,15,13,20.8,True,6.12,11.31,Reconfigure ties; balance 13 transformer banks
IND-S02201,Nizāmābād,Telangana,8.62,sectionalized-ring,15,13,22.3,True,4.37,12.11,Reconfigure ties; balance 13 transformer banks
IND-S02202,Amritsar,Punjab,8.47,ring-main,15,13,20.8,False,3.17,10.7,Reconfigure ties; balance 13 transformer banks
IND-S02203,Pimpri,Maharashtra,0.0,double-bus,15,13,22.6,True,2.7,11.61,Reconfigure ties; balance 13 transformer banks
IND-S02204,Meerut,Uttar Pradesh,9.38,meshed-N-1,15,13,18.5,True,4.42,10.74,Reconfigure ties; balance 13 transformer banks
IND-S02205,Agra,Uttar Pradesh,0.0,radial-spur,15,13,21.5,False,3.41,10.6,Reconfigure ties; balance 13 transformer banks
IND-S02206,Agra,Uttar Pradesh,0.18,parallel-bank,15,13,31.1,True,4.18,12.12,Reconfigure ties; balance 13 transformer banks
IND-S02207,Mango,Jharkhand,8.41,sectionalized-ring,15,13,14.0,True,4.94,10.87,Reconfigure ties; balance 13 transformer banks
IND-S02208,Parangipettai,Tamil Nadu,0.0,ring-main,15,13,16.9,False,4.06,11.56,Reconfigure ties; balance 13 transformer banks
IND-S02209,Durgapur,West Bengal,8.68,double-bus,15,13,20.9,True,3.49,10.53,Reconfigure ties; balance 13 transformer banks
IND-S02210,Mathura,Uttar Pradesh,9.74,meshed-N-1,15,13,27.2,True,5.05,10.86,Reconfigure ties; balance 13 transformer banks
IND-S02211,Jaipur,Rajasthan,1.73,radial-spur,15,13,16.6,False,4.3,10.76,Reconfigure ties; balance 13 transformer banks
IND-S02212,Malegaon,Maharashtra,0.02,parallel-bank,15,13,19.8,True,1.73,10.71,Reconfigure ties; balance 13 transformer banks
IND-S02213,West Bengal Hub Generation,West Bengal,0.0,sectionalized-ring,15,13,14.9,True,3.36,11.65,Reconfigure ties; balance 13 transformer banks
IND-S02214,Kolkata,West Bengal,0.0,ring-main,15,13,18.7,False,5.5,11.62,Reconfigure ties; balance 13 transformer banks
IND-S02215,Akola,Maharashtra,8.43,double-bus,15,13,24.5,True,3.64,11.41,Reconfigure ties; balance 13 transformer banks
IND-S02216,Baldev,Uttar Pradesh,8.55,meshed-N-1,15,13,26.9,True,2.53,11.96,Reconfigure ties; balance 13 transformer banks
IND-S02217,Akbarpur Dānda,Uttar Pradesh,0.02,radial-spur,15,13,16.1,False,3.89,12.56,Reconfigure ties; balance 13 transformer banks
IND-S02218,Secunderabad,Telangana,0.0,parallel-bank,15,13,18.2,True,4.64,11.72,Reconfigure ties; balance 13 transformer banks
IND-S02219,Kanpur,Uttar Pradesh,0.33,sectionalized-ring,15,13,16.5,True,2.92,12.42,Reconfigure ties; balance 13 transformer banks
IND-S02220,Rājkot,Gujarat,8.45,ring-main,15,13,22.1,False,2.68,12.38,Reconfigure ties; balance 13 transformer banks
IND-S02221,Kolkata,West Bengal,9.41,double-bus,15,13,31.5,True,4.15,11.49,Reconfigure ties; balance 13 transformer banks
IND-S02222,Rajamahendravaram,Andhra Pradesh,0.12,meshed-N-1,15,13,22.6,True,4.66,11.04,Reconfigure ties; balance 13 transformer banks
IND-S02223,Kharagpur,West Bengal,9.83,radial-spur,15,13,29.2,False,3.23,12.56,Reconfigure ties; balance 13 transformer banks
IND-S02224,Alappuzha,Kerala,29.85,parallel-bank,15,13,20.5,True,2.48,11.91,Reconfigure ties; balance 13 transformer banks
IND-S02225,Malappuram,Kerala,0.0,sectionalized-ring,15,13,23.9,True,4.67,11.96,Reconfigure ties; balance 13 transformer banks
IND-S02226,Pāli,Rajasthan,0.03,ring-main,15,13,15.3,False,3.64,12.3,Reconfigure ties; balance 13 transformer banks
IND-S02227,Baidyabāti,West Bengal,12.25,double-bus,15,13,17.6,True,3.42,10.93,Reconfigure ties; balance 13 transformer banks
IND-S02228,Agemalla,Telangana,8.58,meshed-N-1,15,13,23.8,True,4.93,11.69,Reconfigure ties; balance 13 transformer banks
IND-S02229,Asanallipālaiyam,Tamil Nadu,0.0,radial-spur,15,13,17.9,False,2.67,10.75,Reconfigure ties; balance 13 transformer banks
IND-S02230,Tiruchirappalli,Tamil Nadu,8.52,parallel-bank,15,13,18.4,True,2.87,11.4,Reconfigure ties; balance 13 transformer banks
IND-S02231,Pune,Maharashtra,0.0,sectionalized-ring,15,13,21.4,True,4.77,10.81,Reconfigure ties; balance 13 transformer banks
IND-S02232,Hubballi,Karnataka,27.23,ring-main,15,13,24.3,False,4.19,12.83,Reconfigure ties; balance 13 transformer banks
IND-S02233,Siliguri,West Bengal,0.0,double-bus,15,13,18.8,True,3.13,12.3,Reconfigure ties; balance 13 transformer banks
IND-S02234,Sītāpur,Uttar Pradesh,0.18,meshed-N-1,15,13,20.8,True,3.98,11.83,Reconfigure ties; balance 13 transformer banks
IND-S02235,Thrissur,Kerala,0.0,radial-spur,15,13,13.7,False,5.27,10.24,Reconfigure ties; balance 13 transformer banks
IND-S02236,Chidambaram,Tamil Nadu,0.0,parallel-bank,15,13,20.5,True,2.31,11.25,Reconfigure ties; balance 13 transformer banks
IND-S02237,Jaipur,Rajasthan,9.03,sectionalized-ring,15,13,16.9,True,2.46,11.82,Reconfigure ties; balance 13 transformer banks
IND-S02238,Dharampuri,Madhya Pradesh,0.0,ring-main,15,13,20.0,False,2.71,12.61,Reconfigure ties; balance 13 transformer banks
IND-S02239,Thrissur,Kerala,0.0,double-bus,15,13,17.3,True,4.54,11.19,Reconfigure ties; balance 13 transformer banks
IND-S02240,Dombivali,Maharashtra,0.0,meshed-N-1,15,13,24.2,True,2.24,12.05,Reconfigure ties; balance 13 transformer banks
IND-S02241,Bharatpur,Rajasthan,11.26,radial-spur,15,13,19.1,False,4.05,12.98,Reconfigure ties; balance 13 transformer banks
IND-S02242,Mumbai,Maharashtra,10.78,parallel-bank,15,13,25.4,True,4.35,12.39,Reconfigure ties; balance 13 transformer banks
IND-S02243,Tiruchirappalli,Tamil Nadu,0.08,sectionalized-ring,15,13,19.0,True,2.18,11.25,Reconfigure ties; balance 13 transformer banks
IND-S02244,Madhya Pradesh Hub Generation,Madhya Pradesh,8.54,ring-main,15,13,20.5,False,3.36,10.58,Reconfigure ties; balance 13 transformer banks
IND-S02245,Kākināda,Andhra Pradesh,8.59,double-bus,15,13,16.9,True,2.89,11.61,Reconfigure ties; balance 13 transformer banks
IND-S02246,Amthera,Madhya Pradesh,0.0,meshed-N-1,15,13,26.1,True,2.97,11.05,Reconfigure ties; balance 13 transformer banks
IND-S02247,Najībābād,Uttar Pradesh,8.96,radial-spur,15,13,25.9,False,5.57,11.93,Reconfigure ties; balance 13 transformer banks
IND-S02248,Mankāchar,Meghalaya,8.92,parallel-bank,15,13,32.2,True,4.62,11.8,Reconfigure ties; balance 13 transformer banks
IND-S02249,Surat,Gujarat,0.27,sectionalized-ring,15,13,19.4,True,4.03,11.44,Reconfigure ties; balance 13 transformer banks
IND-S02250,Dhanbad,Jharkhand,8.82,ring-main,15,13,18.6,False,4.04,10.45,Reconfigure ties; balance 13 transformer banks
IND-S02251,Ajitpur,Uttar Pradesh,8.85,double-bus,15,13,25.3,True,3.49,11.58,Reconfigure ties; balance 13 transformer banks
IND-S02252,Chittayankottai,Tamil Nadu,8.91,meshed-N-1,15,13,18.1,True,2.47,11.42,Reconfigure ties; balance 13 transformer banks
IND-S02253,Hoshiārpur,Punjab,0.0,radial-spur,15,13,13.5,False,2.17,11.41,Reconfigure ties; balance 13 transformer banks
IND-S02254,Khed,Maharashtra,8.64,parallel-bank,15,13,17.7,True,1.2,12.44,Reconfigure ties; balance 13 transformer banks
IND-S02255,Prayagraj,Uttar Pradesh,0.01,sectionalized-ring,15,13,20.8,True,3.92,12.03,Reconfigure ties; balance 13 transformer banks
IND-S02256,Bulandshahr,Uttar Pradesh,8.81,ring-main,15,13,20.5,False,4.61,11.83,Reconfigure ties; balance 13 transformer banks
IND-S02257,Erode,Tamil Nadu,10.5,double-bus,15,13,21.0,True,4.54,11.18,Reconfigure ties; balance 13 transformer banks
IND-S02258,Varanasi,Uttar Pradesh,10.46,meshed-N-1,15,13,17.4,True,4.22,12.67,Reconfigure ties; balance 13 transformer banks
IND-S02259,Benipur,Bihar,8.35,radial-spur,15,13,20.5,False,3.57,12.4,Reconfigure ties; balance 13 transformer banks
IND-S02260,Salem,Tamil Nadu,8.47,parallel-bank,15,13,26.4,True,2.54,11.52,Reconfigure ties; balance 13 transformer banks
IND-S02261,Kolkata,West Bengal,11.15,sectionalized-ring,15,13,21.9,True,3.67,11.57,Reconfigure ties; balance 13 transformer banks
IND-S02262,Kottapalli,Telangana,0.0,ring-main,15,13,26.9,False,4.67,12.18,Reconfigure ties; balance 13 transformer banks
IND-S02263,Dūngarpur,Rajasthan,0.0,double-bus,15,13,22.7,True,3.59,11.12,Reconfigure ties; balance 13 transformer banks
IND-S02264,Hubballi,Karnataka,0.09,meshed-N-1,15,13,22.2,True,3.61,13.14,Reconfigure ties; balance 13 transformer banks
IND-S02265,Jalgaon,Maharashtra,0.0,radial-spur,15,13,17.8,False,3.08,11.25,Reconfigure ties; balance 13 transformer banks
IND-S02266,Lucknow,Uttar Pradesh,0.0,parallel-bank,15,13,18.3,True,4.47,11.75,Reconfigure ties; balance 13 transformer banks
IND-S02267,Muhammadābād,Uttar Pradesh,0.0,sectionalized-ring,15,13,23.9,True,5.06,13.24,Reconfigure ties; balance 13 transformer banks
IND-S02268,Sahāwar,Uttar Pradesh,8.99,ring-main,15,13,13.2,False,2.98,11.93,Reconfigure ties; balance 13 transformer banks
IND-S02269,Ahmedabad,Gujarat,8.74,double-bus,15,13,23.8,True,3.14,10.38,Reconfigure ties; balance 13 transformer banks
IND-S02270,Tiruvattār,Tamil Nadu,0.0,meshed-N-1,15,13,21.4,True,5.09,12.0,Reconfigure ties; balance 13 transformer banks
IND-S02271,Shivamogga,Karnataka,0.0,radial-spur,15,13,17.7,False,4.19,11.3,Reconfigure ties; balance 13 transformer banks
IND-S02272,Varanasi,Uttar Pradesh,8.74,parallel-bank,15,13,20.4,True,1.99,11.47,Reconfigure ties; balance 13 transformer banks
IND-S02273,Sholapur,Maharashtra,0.0,sectionalized-ring,15,13,16.5,True,2.55,12.55,Reconfigure ties; balance 13 transformer banks
IND-S02274,Gorakhpur,Uttar Pradesh,0.0,ring-main,15,13,20.2,False,3.06,10.43,Reconfigure ties; balance 13 transformer banks
IND-S02275,Kanayannur,Kerala,0.04,double-bus,15,13,30.0,True,3.91,11.05,Reconfigure ties; balance 13 transformer banks
IND-S02276,Bettiah,Bihar,9.55,meshed-N-1,15,13,20.6,True,3.08,11.71,Reconfigure ties; balance 13 transformer banks
IND-S02277,Ballari,Karnataka,10.42,radial-spur,15,13,23.5,False,1.81,11.91,Reconfigure ties; balance 13 transformer banks
IND-S02278,Bhāgalpur,Bihar,0.07,parallel-bank,15,13,24.3,True,4.06,11.26,Reconfigure ties; balance 13 transformer banks
IND-S02279,Agartala,Tripura,0.18,sectionalized-ring,15,13,20.4,True,4.59,11.96,Reconfigure ties; balance 13 transformer banks
IND-S02280,Ashoknagar,Madhya Pradesh,0.0,ring-main,15,13,27.6,False,4.0,10.76,Reconfigure ties; balance 13 transformer banks
IND-S02281,Bodināyakkanūr,Tamil Nadu,0.0,double-bus,15,13,21.1,True,3.44,11.45,Reconfigure ties; balance 13 transformer banks
IND-S02282,Najafgarh,Delhi,1.82,meshed-N-1,15,13,14.1,True,4.67,12.55,Reconfigure ties; balance 13 transformer banks
IND-S02283,Kāmārhāti,West Bengal,0.0,radial-spur,15,13,21.6,False,3.62,12.39,Reconfigure ties; balance 13 transformer banks
IND-S02284,Varanasi,Uttar Pradesh,34.89,parallel-bank,15,13,27.3,True,3.92,11.53,Reconfigure ties; balance 13 transformer banks
IND-S02285,Pathānkot,Punjab,0.0,sectionalized-ring,15,13,23.0,True,2.3,11.8,Reconfigure ties; balance 13 transformer banks
IND-S02286,Chandigarh,Chandigarh,8.63,ring-main,15,13,22.4,False,3.27,12.87,Reconfigure ties; balance 13 transformer banks
IND-S02287,Belagavi,Karnataka,0.0,double-bus,15,13,14.2,True,3.05,11.46,Reconfigure ties; balance 13 transformer banks
IND-S02288,Sūjāngarh,Rajasthan,0.12,meshed-N-1,15,13,27.0,True,2.71,12.44,Reconfigure ties; balance 13 transformer banks
IND-S02289,Lalitpur,Uttar Pradesh,0.29,radial-spur,15,13,15.9,False,4.38,10.1,Reconfigure ties; balance 13 transformer banks
IND-S02290,Ajmer,Rajasthan,0.0,parallel-bank,15,13,19.3,True,3.57,12.15,Reconfigure ties; balance 13 transformer banks
IND-S02291,Tiruppur,Tamil Nadu,0.0,sectionalized-ring,15,13,20.4,True,4.78,10.89,Reconfigure ties; balance 13 transformer banks
IND-S02292,Satna,Madhya Pradesh,9.0,ring-main,15,13,28.2,False,5.25,10.91,Reconfigure ties; balance 13 transformer banks
IND-S02293,Rudrapur,Uttarakhand,0.0,double-bus,15,13,16.9,True,4.59,11.57,Reconfigure ties; balance 13 transformer banks
IND-S02294,Shivamogga,Karnataka,10.61,meshed-N-1,15,13,24.6,True,5.5,11.85,Reconfigure ties; balance 13 transformer banks
IND-S02295,Najafgarh,Delhi,10.16,radial-spur,15,13,25.5,False,3.26,11.21,Reconfigure ties; balance 13 transformer banks
IND-S02296,Jaipur,Rajasthan,0.0,parallel-bank,15,13,26.8,True,2.22,11.8,Reconfigure ties; balance 13 transformer banks
IND-S02297,Kanchipuram,Tamil Nadu,8.86,sectionalized-ring,15,13,20.1,True,4.11,11.82,Reconfigure ties; balance 13 transformer banks
IND-S02298,Tlabung,Mizoram,0.0,ring-main,15,13,19.7,False,3.68,10.9,Reconfigure ties; balance 13 transformer banks
IND-S02299,Aizawl,Mizoram,0.23,double-bus,15,13,18.5,True,2.75,12.07,Reconfigure ties; balance 13 transformer banks
IND-S02300,Kathua,Jammu and Kashmir,8.57,meshed-N-1,15,13,27.2,True,6.65,11.78,Reconfigure ties; balance 13 transformer banks
IND-S02301,Uttarakhand Hub Generation,Uttarakhand,0.0,radial-spur,15,13,21.5,False,2.66,11.91,Reconfigure ties; balance 13 transformer banks
IND-S02302,Appājīpalli,Telangana,0.0,parallel-bank,15,13,25.9,True,3.41,11.74,Reconfigure ties; balance 13 transformer banks
IND-S02303,Sīkar,Rajasthan,8.36,sectionalized-ring,15,13,19.1,True,3.4,11.49,Reconfigure ties; balance 13 transformer banks
IND-S02304,Ahmedabad,Gujarat,0.0,ring-main,15,13,22.0,False,3.24,11.38,Reconfigure ties; balance 13 transformer banks
IND-S02305,Sahāranpur,Uttar Pradesh,8.69,double-bus,15,13,22.3,True,4.77,11.73,Reconfigure ties; balance 13 transformer banks
IND-S02306,Agra,Uttar Pradesh,0.19,meshed-N-1,15,13,16.7,True,2.35,11.84,Reconfigure ties; balance 13 transformer banks
IND-S02307,Ludhiana,Punjab,11.24,radial-spur,15,13,15.3,False,2.77,11.35,Reconfigure ties; balance 13 transformer banks
IND-S02308,Beāwar,Rajasthan,8.59,parallel-bank,15,13,21.5,True,4.95,10.58,Reconfigure ties; balance 13 transformer banks
IND-S02309,Farīdkot,Punjab,0.0,sectionalized-ring,15,13,26.3,True,1.95,11.85,Reconfigure ties; balance 13 transformer banks
IND-S02310,Bhātpāra,West Bengal,11.96,ring-main,15,13,24.8,False,4.08,11.0,Reconfigure ties; balance 13 transformer banks
IND-S02311,Ahmedabad,Gujarat,0.0,double-bus,15,13,14.2,True,3.03,11.92,Reconfigure ties; balance 13 transformer banks
IND-S02312,Jalandhar,Punjab,34.28,meshed-N-1,15,13,26.2,True,3.42,11.63,Reconfigure ties; balance 13 transformer banks
IND-S02313,Puducherry,Puducherry,8.99,radial-spur,15,13,25.2,False,4.3,11.28,Reconfigure ties; balance 13 transformer banks
IND-S02314,Khārupatia,Assam,0.0,parallel-bank,15,13,24.1,True,4.29,10.82,Reconfigure ties; balance 13 transformer banks
IND-S02315,Tadpatri,Andhra Pradesh,0.0,sectionalized-ring,15,13,19.5,True,3.58,9.87,Reconfigure ties; balance 13 transformer banks
IND-S02316,West Bengal Hub Generation,West Bengal,9.07,ring-main,15,13,19.7,False,3.64,11.58,Reconfigure ties; balance 13 transformer banks
IND-S02317,Navadwīp,West Bengal,8.51,double-bus,15,13,23.0,True,3.8,10.87,Reconfigure ties; balance 13 transformer banks
IND-S02318,Patna,Bihar,9.21,meshed-N-1,15,13,25.6,True,5.26,11.28,Reconfigure ties; balance 13 transformer banks
IND-S02319,Mumbai,Maharashtra,1.19,radial-spur,15,13,21.1,False,1.67,12.18,Reconfigure ties; balance 13 transformer banks
IND-S02320,Jaipur,Rajasthan,0.0,parallel-bank,15,13,24.8,True,5.19,10.74,Reconfigure ties; balance 13 transformer banks
IND-S02321,Ghāziābād,Uttar Pradesh,9.38,sectionalized-ring,15,13,20.3,True,3.84,11.31,Reconfigure ties; balance 13 transformer banks
IND-S02322,Coimbatore,Tamil Nadu,9.0,ring-main,15,13,12.8,False,2.62,11.08,Reconfigure ties; balance 13 transformer banks
IND-S02323,Pune,Maharashtra,0.98,double-bus,15,13,30.0,True,4.34,11.41,Reconfigure ties; balance 13 transformer banks
IND-S02324,Bengaluru,Karnataka,0.0,meshed-N-1,15,13,22.4,True,4.41,11.94,Reconfigure ties; balance 13 transformer banks
IND-S02325,Amritsar,Punjab,0.15,radial-spur,15,13,24.1,False,5.22,10.81,Reconfigure ties; balance 13 transformer banks
IND-S02326,Rājkot,Gujarat,10.87,parallel-bank,15,13,27.4,True,3.65,10.83,Reconfigure ties; balance 13 transformer banks
IND-S02327,Jhālod,Gujarat,8.74,sectionalized-ring,15,13,17.3,True,5.26,11.8,Reconfigure ties; balance 13 transformer banks
IND-S02328,Atbara,Rajasthan,9.0,ring-main,15,13,19.3,False,3.3,11.43,Reconfigure ties; balance 13 transformer banks
IND-S02329,Pīlibhīt,Uttar Pradesh,0.0,double-bus,15,13,23.7,True,5.62,12.86,Reconfigure ties; balance 13 transformer banks
IND-S02330,Amritsar,Punjab,0.0,meshed-N-1,15,13,25.0,True,2.9,11.91,Reconfigure ties; balance 13 transformer banks
IND-S02331,Kotamangalam,Kerala,0.0,radial-spur,15,13,19.8,False,2.85,12.12,Reconfigure ties; balance 13 transformer banks
IND-S02332,Rasapūdipalem,Andhra Pradesh,0.08,parallel-bank,15,13,23.0,True,4.79,11.8,Reconfigure ties; balance 13 transformer banks
IND-S02333,Durgāpur,Maharashtra,0.0,sectionalized-ring,15,13,22.2,True,2.0,11.11,Reconfigure ties; balance 13 transformer banks
IND-S02334,Lālsot,Rajasthan,0.0,ring-main,15,13,22.5,False,4.25,10.64,Reconfigure ties; balance 13 transformer banks
IND-S02335,Prayagraj,Uttar Pradesh,0.0,double-bus,15,13,21.3,True,2.96,12.36,Reconfigure ties; balance 13 transformer banks
IND-S02336,Surat,Gujarat,9.5,meshed-N-1,15,13,21.7,True,6.05,11.36,Reconfigure ties; balance 13 transformer banks
IND-S02337,Tikādi,Maharashtra,9.02,radial-spur,15,13,19.2,False,5.86,11.52,Reconfigure ties; balance 13 transformer banks
IND-S02338,Belagavi,Karnataka,0.0,parallel-bank,15,13,25.1,True,3.78,11.01,Reconfigure ties; balance 13 transformer banks
IND-S02339,Jalandhar,Punjab,0.1,sectionalized-ring,15,13,16.3,True,2.03,10.1,Reconfigure ties; balance 13 transformer banks
IND-S02340,Sivakasi,Tamil Nadu,8.48,ring-main,15,13,21.6,False,2.82,11.01,Reconfigure ties; balance 13 transformer banks
IND-S02341,Amritsar,Punjab,8.82,double-bus,15,13,20.7,True,4.06,10.9,Reconfigure ties; balance 13 transformer banks
IND-S02342,Tamlūk,West Bengal,0.0,meshed-N-1,15,13,24.7,True,4.47,12.09,Reconfigure ties; balance 13 transformer banks
IND-S02343,Tiruvottiyūr,Tamil Nadu,0.0,radial-spur,15,13,23.3,False,5.14,13.21,Reconfigure ties; balance 13 transformer banks
IND-S02344,Tamil Nadu Hub Generation,Tamil Nadu,0.0,parallel-bank,15,13,22.1,True,4.53,11.68,Reconfigure ties; balance 13 transformer banks
IND-S02345,Andbori,Maharashtra,0.0,sectionalized-ring,15,13,18.6,True,3.9,10.71,Reconfigure ties; balance 13 transformer banks
IND-S02346,Bokāro,Jharkhand,0.19,ring-main,15,13,25.1,False,4.41,10.9,Reconfigure ties; balance 13 transformer banks
IND-S02347,Kaithal,Haryana,8.59,double-bus,15,13,19.0,True,5.02,12.54,Reconfigure ties; balance 13 transformer banks
IND-S02348,Rāichūr,Karnataka,0.12,meshed-N-1,15,13,21.6,True,1.89,11.51,Reconfigure ties; balance 13 transformer banks
IND-S02349,Agra,Uttar Pradesh,0.0,radial-spur,15,13,22.2,False,3.52,12.04,Reconfigure ties; balance 13 transformer banks
IND-S02350,Virār,Maharashtra,0.0,parallel-bank,15,13,20.6,True,3.98,11.9,Reconfigure ties; balance 13 transformer banks
IND-S02351,Murwāra,Madhya Pradesh,0.0,sectionalized-ring,15,13,24.0,True,3.2,11.59,Reconfigure ties; balance 13 transformer banks
IND-S02352,Madurai,Tamil Nadu,11.31,ring-main,15,13,16.7,False,3.68,12.31,Reconfigure ties; balance 13 transformer banks
IND-S02353,Kota,Rajasthan,0.07,double-bus,15,13,20.2,True,3.43,11.19,Reconfigure ties; balance 13 transformer banks
IND-S02354,Halwāra,Punjab,0.0,meshed-N-1,15,13,24.9,True,4.19,11.86,Reconfigure ties; balance 13 transformer banks
IND-S02355,Kānūru,Andhra Pradesh,8.51,radial-spur,15,13,16.6,False,4.16,11.84,Reconfigure ties; balance 13 transformer banks
IND-S02356,Khāmgaon,Maharashtra,0.0,parallel-bank,15,13,21.0,True,2.2,11.01,Reconfigure ties; balance 13 transformer banks
IND-S02357,Kadapa,Andhra Pradesh,0.0,sectionalized-ring,15,13,18.6,True,4.38,11.36,Reconfigure ties; balance 13 transformer banks
IND-S02358,Nandgaon,Uttar Pradesh,8.63,ring-main,15,13,20.7,False,1.2,11.33,Reconfigure ties; balance 13 transformer banks
IND-S02359,Ghāziābād,Uttar Pradesh,9.74,double-bus,15,13,15.9,True,4.49,11.53,Reconfigure ties; balance 13 transformer banks
IND-S02360,Hubballi,Karnataka,0.01,meshed-N-1,15,13,16.5,True,3.51,11.54,Reconfigure ties; balance 13 transformer banks
IND-S02361,Pathānkot,Punjab,0.09,radial-spur,15,13,19.3,False,3.36,12.35,Reconfigure ties; balance 13 transformer banks
IND-S02362,Panipat,Haryana,0.0,parallel-bank,15,13,18.5,True,3.78,11.84,Reconfigure ties; balance 13 transformer banks
IND-S02363,Jamnagar,Gujarat,8.43,sectionalized-ring,15,13,17.4,True,4.43,10.78,Reconfigure ties; balance 13 transformer banks
IND-S02364,Mormugao,Goa,0.0,ring-main,15,13,15.8,False,1.95,12.08,Reconfigure ties; balance 13 transformer banks
IND-S02365,Pimpri-Chinchwad,Maharashtra,0.0,double-bus,15,13,23.7,True,4.77,12.1,Reconfigure ties; balance 13 transformer banks
IND-S02366,Joda,Odisha,9.02,meshed-N-1,15,13,19.2,True,2.37,11.26,Reconfigure ties; balance 13 transformer banks
IND-S02367,Jahānābād,Bihar,9.16,radial-spur,15,13,31.8,False,3.07,11.75,Reconfigure ties; balance 13 transformer banks
IND-S02368,Ainjhi,Uttar Pradesh,12.42,parallel-bank,15,13,23.2,True,4.33,10.61,Reconfigure ties; balance 13 transformer banks
IND-S02369,Dibrugarh,Assam,8.51,sectionalized-ring,15,13,19.8,True,5.63,10.28,Reconfigure ties; balance 13 transformer banks
IND-S02370,Shōranūr,Kerala,0.0,ring-main,15,13,19.4,False,4.5,11.01,Reconfigure ties; balance 13 transformer banks
IND-S02371,Srinagar,Jammu and Kashmir,8.63,double-bus,15,13,18.5,True,2.44,11.73,Reconfigure ties; balance 13 transformer banks
IND-S02372,Gujarat Hub Generation,Gujarat,0.0,meshed-N-1,15,13,21.7,True,2.88,11.86,Reconfigure ties; balance 13 transformer banks
IND-S02373,Pune,Maharashtra,0.0,radial-spur,15,13,15.1,False,3.56,11.08,Reconfigure ties; balance 13 transformer banks
IND-S02374,Mumbai,Maharashtra,8.89,parallel-bank,15,13,22.0,True,3.62,11.59,Reconfigure ties; balance 13 transformer banks
IND-S02375,Himatnagar,Gujarat,0.0,sectionalized-ring,15,13,24.3,True,2.5,11.06,Reconfigure ties; balance 13 transformer banks
IND-S02376,Nagaon,Assam,0.16,ring-main,15,13,17.2,False,5.04,11.48,Reconfigure ties; balance 13 transformer banks
IND-S02377,Jodhpur,Rajasthan,11.7,double-bus,15,13,19.9,True,2.79,12.5,Reconfigure ties; balance 13 transformer banks
IND-S02378,Punāsa,Madhya Pradesh,8.65,meshed-N-1,15,13,26.9,True,2.33,10.45,Reconfigure ties; balance 13 transformer banks
IND-S02379,Neyyāttinkara,Kerala,8.62,radial-spur,15,13,17.9,False,3.26,11.44,Reconfigure ties; balance 13 transformer banks
IND-S02380,Karnāl,Haryana,0.1,parallel-bank,15,13,26.2,True,5.56,12.8,Reconfigure ties; balance 13 transformer banks
IND-S02381,Salem,Tamil Nadu,11.71,sectionalized-ring,15,13,19.0,True,6.18,10.8,Reconfigure ties; balance 13 transformer banks
IND-S02382,Attikuppam,Tamil Nadu,8.59,ring-main,15,13,22.6,False,3.83,11.99,Reconfigure ties; balance 13 transformer banks
IND-S02383,Maharashtra Hub Generation,Maharashtra,0.36,double-bus,15,13,15.0,True,4.47,11.23,Reconfigure ties; balance 13 transformer banks
IND-S02384,Kanpur,Uttar Pradesh,8.69,meshed-N-1,15,13,19.6,True,6.16,10.9,Reconfigure ties; balance 13 transformer banks
IND-S02385,Agra,Uttar Pradesh,9.31,radial-spur,15,13,22.6,False,5.11,11.42,Reconfigure ties; balance 13 transformer banks
IND-S02386,Bengaluru,Karnataka,0.0,parallel-bank,15,13,30.2,True,4.23,10.89,Reconfigure ties; balance 13 transformer banks
IND-S02387,Kukatpally,Telangana,0.08,sectionalized-ring,15,13,21.8,True,2.03,11.2,Reconfigure ties; balance 13 transformer banks
IND-S02388,Dewas,Madhya Pradesh,8.47,ring-main,15,13,21.5,False,2.05,11.26,Reconfigure ties; balance 13 transformer banks
IND-S02389,Ponnāni,Kerala,8.44,double-bus,15,13,24.1,True,1.6,13.89,Reconfigure ties; balance 13 transformer banks
IND-S02390,Aganu,Jammu and Kashmir,8.66,meshed-N-1,15,13,19.3,True,2.93,11.46,Reconfigure ties; balance 13 transformer banks
IND-S02391,Surat,Gujarat,0.13,radial-spur,15,13,23.0,False,5.43,10.24,Reconfigure ties; balance 13 transformer banks
IND-S02392,Bhopal,Madhya Pradesh,0.38,parallel-bank,15,13,21.1,True,3.76,11.39,Reconfigure ties; balance 13 transformer banks
IND-S02393,Arrah,Bihar,32.53,sectionalized-ring,15,13,33.5,True,2.9,11.78,Reconfigure ties; balance 13 transformer banks
IND-S02394,Kanpur,Uttar Pradesh,8.79,ring-main,15,13,16.5,False,3.96,10.83,Reconfigure ties; balance 13 transformer banks
IND-S02395,Bhilai,Chhattisgarh,37.42,double-bus,15,13,14.8,True,3.44,12.09,Reconfigure ties; balance 13 transformer banks
IND-S02396,Gangākher,Maharashtra,0.0,meshed-N-1,15,13,17.7,True,3.84,11.86,Reconfigure ties; balance 13 transformer banks
IND-S02397,Shillong,Meghalaya,8.62,radial-spur,15,13,23.3,False,2.86,11.12,Reconfigure ties; balance 13 transformer banks
IND-S02398,Thrissur,Kerala,0.0,parallel-bank,15,13,23.2,True,4.77,10.89,Reconfigure ties; balance 13 transformer banks
IND-S02399,Agartala,Tripura,0.27,sectionalized-ring,15,13,22.5,True,3.48,11.9,Reconfigure ties; balance 13 transformer banks
IND-S02400,Gadag-Betageri,Karnataka,8.38,ring-main,15,13,22.0,False,3.7,11.13,Reconfigure ties; balance 13 transformer banks
IND-S02401,Attimānjeri,Tamil Nadu,8.94,double-bus,15,13,18.2,True,3.69,11.01,Reconfigure ties; balance 13 transformer banks
IND-S02402,Kadapa,Andhra Pradesh,8.71,meshed-N-1,15,13,21.7,True,1.67,11.29,Reconfigure ties; balance 13 transformer banks
IND-S02403,Vadodara,Gujarat,33.16,radial-spur,15,13,21.1,False,5.5,12.04,Reconfigure ties; balance 13 transformer banks
IND-S02404,Mumbai,Maharashtra,10.01,parallel-bank,15,13,26.8,True,3.19,11.69,Reconfigure ties; balance 13 transformer banks
IND-S02405,Maharashtra Hub Generation,Maharashtra,0.22,sectionalized-ring,15,13,19.8,True,4.92,11.95,Reconfigure ties; balance 13 transformer banks
IND-S02406,Tinsukia,Assam,8.54,ring-main,15,13,23.7,False,3.86,11.43,Reconfigure ties; balance 13 transformer banks
IND-S02407,Guwahati,Assam,8.64,double-bus,15,13,15.5,True,2.96,10.23,Reconfigure ties; balance 13 transformer banks
IND-S02408,Tirupati,Andhra Pradesh,8.53,meshed-N-1,15,13,22.5,True,3.94,12.29,Reconfigure ties; balance 13 transformer banks
IND-S02409,Rasapūdipalem,Andhra Pradesh,11.43,radial-spur,15,13,15.9,False,3.53,9.51,Reconfigure ties; balance 13 transformer banks
IND-S02410,Ezhupunna,Kerala,0.0,parallel-bank,15,13,26.3,True,2.86,11.54,Reconfigure ties; balance 13 transformer banks
IND-S02411,Kollam,Kerala,0.1,sectionalized-ring,15,13,15.4,True,3.84,11.43,Reconfigure ties; balance 13 transformer banks
IND-S02412,Raipur,Chhattisgarh,8.48,ring-main,15,13,22.9,False,3.76,12.59,Reconfigure ties; balance 13 transformer banks
IND-S02413,Bhairabi,Assam,8.46,double-bus,15,13,23.7,True,4.77,11.65,Reconfigure ties; balance 13 transformer banks
IND-S02414,Hyderabad,Telangana,0.0,meshed-N-1,15,13,17.0,True,3.79,12.37,Reconfigure ties; balance 13 transformer banks
IND-S02415,Guntur,Andhra Pradesh,0.05,radial-spur,15,13,24.2,False,4.65,10.37,Reconfigure ties; balance 13 transformer banks
IND-S02416,Chik Ballāpur,Karnataka,0.0,parallel-bank,15,13,20.9,True,2.11,11.9,Reconfigure ties; balance 13 transformer banks
IND-S02417,Arrah,Bihar,9.03,sectionalized-ring,15,13,17.9,True,4.42,11.71,Reconfigure ties; balance 13 transformer banks
IND-S02418,Kanpur,Uttar Pradesh,9.84,ring-main,15,13,19.2,False,5.39,11.95,Reconfigure ties; balance 13 transformer banks
IND-S02419,Sri Ganganagar,Rajasthan,8.46,double-bus,15,13,16.2,True,2.75,10.22,Reconfigure ties; balance 13 transformer banks
IND-S02420,Port Blair,Andaman and Nicobar,8.35,meshed-N-1,15,13,25.7,True,6.33,11.55,Reconfigure ties; balance 13 transformer banks
IND-S02421,Mangaluru,Karnataka,8.67,radial-spur,15,13,25.0,False,3.75,10.94,Reconfigure ties; balance 13 transformer banks
IND-S02422,Modīnagar,Uttar Pradesh,8.39,parallel-bank,15,13,16.2,True,3.1,11.96,Reconfigure ties; balance 13 transformer banks
IND-S02423,Sri Ganganagar,Rajasthan,11.46,sectionalized-ring,15,13,18.7,True,3.06,12.52,Reconfigure ties; balance 13 transformer banks
IND-S02424,Āsansol,West Bengal,9.3,ring-main,15,13,25.8,False,3.43,11.88,Reconfigure ties; balance 13 transformer banks
IND-S02425,Jodhpur,Gujarat,0.18,double-bus,15,13,21.9,True,4.21,11.58,Reconfigure ties; balance 13 transformer banks
IND-S02426,Bengaluru,Karnataka,0.49,meshed-N-1,15,13,24.6,True,4.48,11.63,Reconfigure ties; balance 13 transformer banks
IND-S02427,Visakhapatnam,Andhra Pradesh,0.18,radial-spur,15,13,20.9,False,4.61,11.66,Reconfigure ties; balance 13 transformer banks
IND-S02428,Neelankarai,Tamil Nadu,0.08,parallel-bank,15,13,22.2,True,5.0,10.72,Reconfigure ties; balance 13 transformer banks
IND-S02429,Vadodara,Gujarat,32.67,sectionalized-ring,15,13,21.9,True,4.31,10.97,Reconfigure ties; balance 13 transformer banks
IND-S02430,Uttarakhand Hub Generation,Uttarakhand,0.0,ring-main,15,13,21.9,False,2.74,10.78,Reconfigure ties; balance 13 transformer banks
IND-S02431,Kallakurichi,Tamil Nadu,0.0,double-bus,15,13,19.9,True,3.35,11.39,Reconfigure ties; balance 13 transformer banks
IND-S02432,Valsād,Gujarat,0.0,meshed-N-1,15,13,22.2,True,4.92,11.83,Reconfigure ties; balance 13 transformer banks
IND-S02433,Quthbullapur,Telangana,0.06,radial-spur,15,13,17.4,False,3.73,11.03,Reconfigure ties; balance 13 transformer banks
IND-S02434,Mandāwa,Rajasthan,9.02,parallel-bank,15,13,19.2,True,4.01,12.2,Reconfigure ties; balance 13 transformer banks
IND-S02435,Singrauli,Madhya Pradesh,8.67,sectionalized-ring,15,13,15.3,True,3.05,13.07,Reconfigure ties; balance 13 transformer banks
IND-S02436,Amrāla,Punjab,8.38,ring-main,15,13,21.8,False,6.63,12.91,Reconfigure ties; balance 13 transformer banks
IND-S02437,Jaleshwar,Odisha,0.0,double-bus,15,13,21.3,True,3.85,13.9,Reconfigure ties; balance 13 transformer banks
IND-S02438,Maharashtra Hub Generation,Maharashtra,0.0,meshed-N-1,15,13,18.7,True,3.62,11.47,Reconfigure ties; balance 13 transformer banks
IND-S02439,Khurja,Uttar Pradesh,0.09,radial-spur,15,13,25.8,False,2.68,10.86,Reconfigure ties; balance 13 transformer banks
IND-S02440,Parbhani,Maharashtra,0.0,parallel-bank,15,13,16.0,True,3.61,12.15,Reconfigure ties; balance 13 transformer banks
IND-S02441,Jamshedpur,Jharkhand,0.07,sectionalized-ring,15,13,15.0,True,4.34,10.18,Reconfigure ties; balance 13 transformer banks
IND-S02442,Asoni,Madhya Pradesh,0.0,ring-main,15,13,31.7,False,4.27,11.16,Reconfigure ties; balance 13 transformer banks
IND-S02443,Gursahāiganj,Uttar Pradesh,0.0,double-bus,15,13,22.5,True,4.22,10.23,Reconfigure ties; balance 13 transformer banks
IND-S02444,Mulugu,Telangana,8.7,meshed-N-1,15,13,12.4,True,4.48,10.84,Reconfigure ties; balance 13 transformer banks
IND-S02445,Mysuru,Karnataka,0.08,radial-spur,15,13,22.3,False,2.81,12.02,Reconfigure ties; balance 13 transformer banks
IND-S02446,Ranchi,Jharkhand,38.08,parallel-bank,15,13,17.9,True,3.67,10.62,Reconfigure ties; balance 13 transformer banks
IND-S02447,Bakarwāla,Delhi,8.43,sectionalized-ring,15,13,17.9,True,4.23,10.75,Reconfigure ties; balance 13 transformer banks
IND-S02448,Morādābād,Uttar Pradesh,0.0,ring-main,15,13,17.4,False,2.44,12.45,Reconfigure ties; balance 13 transformer banks
IND-S02449,Jabalpur,Madhya Pradesh,0.0,double-bus,15,13,20.5,True,2.41,11.67,Reconfigure ties; balance 13 transformer banks
IND-S02450,Faridabad,Haryana,8.65,meshed-N-1,15,13,20.7,True,1.38,10.98,Reconfigure ties; balance 13 transformer banks
IND-S02451,Addesar,Telangana,0.0,radial-spur,15,13,19.2,False,3.47,11.07,Reconfigure ties; balance 13 transformer banks
IND-S02452,Srisailam Project RFC Township,Andhra Pradesh,0.0,parallel-bank,15,13,20.0,True,2.84,11.57,Reconfigure ties; balance 13 transformer banks
IND-S02453,Sāngli,Maharashtra,0.0,sectionalized-ring,15,13,13.6,True,5.47,10.52,Reconfigure ties; balance 13 transformer banks
IND-S02454,Hyderabad,Telangana,0.0,ring-main,15,13,17.3,False,1.93,10.79,Reconfigure ties; balance 13 transformer banks
IND-S02455,Jūnāgadh,Gujarat,8.43,double-bus,15,13,18.3,True,3.2,11.77,Reconfigure ties; balance 13 transformer banks
IND-S02456,Mysuru,Karnataka,8.57,meshed-N-1,15,13,18.6,True,1.88,12.89,Reconfigure ties; balance 13 transformer banks
IND-S02457,Kanayannur,Kerala,11.1,radial-spur,15,13,22.4,False,3.18,10.58,Reconfigure ties; balance 13 transformer banks
IND-S02458,Mathura,Uttar Pradesh,8.4,parallel-bank,15,13,25.7,True,2.84,10.77,Reconfigure ties; balance 13 transformer banks
IND-S02459,Chālakilakākara,Kerala,0.0,sectionalized-ring,15,13,17.2,True,6.12,12.16,Reconfigure ties; balance 13 transformer banks
IND-S02460,Morādābād,Uttar Pradesh,0.0,ring-main,15,13,23.0,False,1.49,10.13,Reconfigure ties; balance 13 transformer banks
IND-S02461,Indore,Madhya Pradesh,0.26,double-bus,15,13,15.6,True,4.19,11.99,Reconfigure ties; balance 13 transformer banks
IND-S02462,Hyderabad,Telangana,0.0,meshed-N-1,15,13,19.3,True,2.5,12.05,Reconfigure ties; balance 13 transformer banks
IND-S02463,Raurkela Industrial Township,Odisha,0.13,radial-spur,15,13,18.1,False,1.52,11.81,Reconfigure ties; balance 13 transformer banks
IND-S02464,Puthuppariyāram,Kerala,8.64,parallel-bank,15,13,24.0,True,4.04,12.34,Reconfigure ties; balance 13 transformer banks
IND-S02465,Saugor,Madhya Pradesh,11.25,sectionalized-ring,15,13,24.7,True,3.13,11.88,Reconfigure ties; balance 13 transformer banks
IND-S02466,Vadodara,Gujarat,0.14,ring-main,15,13,24.5,False,2.15,12.57,Reconfigure ties; balance 13 transformer banks
IND-S02467,Morādābād,Uttar Pradesh,0.01,double-bus,15,13,21.7,True,4.13,12.16,Reconfigure ties; balance 13 transformer banks
IND-S02468,Jalandhar,Punjab,0.0,meshed-N-1,15,13,24.1,True,3.82,11.34,Reconfigure ties; balance 13 transformer banks
IND-S02469,Shillong,Meghalaya,0.0,radial-spur,15,13,24.5,False,6.05,11.1,Reconfigure ties; balance 13 transformer banks
IND-S02470,Bhopal,Madhya Pradesh,8.97,parallel-bank,15,13,24.6,True,1.8,11.78,Reconfigure ties; balance 13 transformer banks
IND-S02471,Hyderabad,Telangana,0.0,sectionalized-ring,15,13,25.6,True,5.54,11.63,Reconfigure ties; balance 13 transformer banks
IND-S02472,Kulti,West Bengal,0.0,ring-main,15,13,22.4,False,3.75,12.52,Reconfigure ties; balance 13 transformer banks
IND-S02473,Parādīp Garh,Odisha,0.0,double-bus,15,13,16.1,True,3.14,11.8,Reconfigure ties; balance 13 transformer banks
IND-S02474,Pimpri-Chinchwad,Maharashtra,0.42,meshed-N-1,15,13,16.4,True,4.39,10.81,Reconfigure ties; balance 13 transformer banks
IND-S02475,Kuniyamuttūr,Tamil Nadu,0.08,radial-spur,15,13,23.1,False,3.33,11.1,Reconfigure ties; balance 13 transformer banks
IND-S02476,Raurkela Industrial Township,Odisha,0.09,parallel-bank,15,13,15.8,True,3.54,10.49,Reconfigure ties; balance 13 transformer banks
IND-S02477,Bela,Uttar Pradesh,0.0,sectionalized-ring,15,13,18.8,True,3.55,10.47,Reconfigure ties; balance 13 transformer banks
IND-S02478,Coimbatore,Tamil Nadu,8.96,ring-main,15,13,20.5,False,3.54,12.13,Reconfigure ties; balance 13 transformer banks
IND-S02479,Bengaluru,Karnataka,0.29,double-bus,15,13,21.3,True,5.53,11.33,Reconfigure ties; balance 13 transformer banks
IND-S02480,Chinnalapatti,Tamil Nadu,0.0,meshed-N-1,15,13,25.1,True,3.83,11.01,Reconfigure ties; balance 13 transformer banks
IND-S02481,Bhālswa Jahangirpur,Delhi,0.0,radial-spur,15,13,16.8,False,3.69,12.3,Reconfigure ties; balance 13 transformer banks
IND-S02482,Jaipur,Rajasthan,0.0,parallel-bank,15,13,20.3,True,2.45,10.71,Reconfigure ties; balance 13 transformer banks
IND-S02483,Tiruppur,Tamil Nadu,0.0,sectionalized-ring,15,13,16.6,True,5.27,12.38,Reconfigure ties; balance 13 transformer banks
IND-S02484,Beed,Maharashtra,0.0,ring-main,15,13,22.5,False,2.76,12.01,Reconfigure ties; balance 13 transformer banks
IND-S02485,Mangalagiri,Andhra Pradesh,0.0,double-bus,15,13,20.3,True,4.4,11.1,Reconfigure ties; balance 13 transformer banks
IND-S02486,Mau,Uttar Pradesh,0.23,meshed-N-1,15,13,21.5,True,2.74,11.69,Reconfigure ties; balance 13 transformer banks
IND-S02487,Kalyān,Maharashtra,0.0,radial-spur,15,13,22.8,False,1.78,11.94,Reconfigure ties; balance 13 transformer banks
IND-S02488,Rāwatsār,Rajasthan,0.0,parallel-bank,15,13,18.6,True,5.44,10.83,Reconfigure ties; balance 13 transformer banks
IND-S02489,Coimbatore,Tamil Nadu,9.02,sectionalized-ring,15,13,25.4,True,5.23,11.22,Reconfigure ties; balance 13 transformer banks
IND-S02490,Delhi,Delhi,12.1,ring-main,15,13,15.7,False,3.31,11.54,Reconfigure ties; balance 13 transformer banks
IND-S02491,Firozpur,Punjab,0.0,double-bus,15,13,29.8,True,3.77,12.4,Reconfigure ties; balance 13 transformer banks
IND-S02492,Jaitpur,Haryana,8.76,meshed-N-1,15,13,23.7,True,4.78,12.44,Reconfigure ties; balance 13 transformer banks
IND-S02493,Cuttack,Odisha,10.84,radial-spur,15,13,17.4,False,3.8,11.34,Reconfigure ties; balance 13 transformer banks
IND-S02494,Belagavi,Karnataka,0.0,parallel-bank,15,13,19.5,True,4.05,12.02,Reconfigure ties; balance 13 transformer banks
IND-S02495,Jodiya Bandar,Gujarat,0.0,sectionalized-ring,15,13,17.8,True,3.52,11.75,Reconfigure ties; balance 13 transformer banks
IND-S02496,Kota,Rajasthan,0.12,ring-main,15,13,28.7,False,4.04,11.37,Reconfigure ties; balance 13 transformer banks
IND-S02497,Chandannagar,West Bengal,0.0,double-bus,15,13,21.9,True,6.06,11.92,Reconfigure ties; balance 13 transformer banks
IND-S02498,Limbdi,Gujarat,0.0,meshed-N-1,15,13,18.3,True,4.32,12.02,Reconfigure ties; balance 13 transformer banks
IND-S02499,Hābra,West Bengal,8.47,radial-spur,15,13,22.7,False,5.8,12.23,Reconfigure ties; balance 13 transformer banks
IND-S02500,Attihalli,Karnataka,8.73,parallel-bank,15,13,23.3,True,4.17,11.93,Reconfigure ties; balance 13 transformer banks
IND-S02501,Punāsa,Madhya Pradesh,0.02,sectionalized-ring,15,13,20.4,True,4.21,12.22,Reconfigure ties; balance 13 transformer banks
IND-S02502,Vijayawada,Andhra Pradesh,10.75,ring-main,15,13,20.4,False,4.62,11.4,Reconfigure ties; balance 13 transformer banks
IND-S02503,Morena,Madhya Pradesh,9.86,double-bus,15,13,24.5,True,3.2,11.55,Reconfigure ties; balance 13 transformer banks
IND-S02504,Virār,Maharashtra,0.69,meshed-N-1,15,13,22.5,True,4.46,11.19,Reconfigure ties; balance 13 transformer banks
IND-S02505,Surat,Gujarat,0.0,radial-spur,15,13,17.6,False,5.33,11.79,Reconfigure ties; balance 13 transformer banks
IND-S02506,Koloriāng,Arunachal Pradesh,0.0,parallel-bank,15,13,27.8,True,1.55,11.75,Reconfigure ties; balance 13 transformer banks
IND-S02507,Desūr,Tamil Nadu,0.0,sectionalized-ring,15,13,15.8,True,4.21,10.48,Reconfigure ties; balance 13 transformer banks
IND-S02508,Kolhāpur,Maharashtra,0.11,ring-main,15,13,22.4,False,3.12,11.9,Reconfigure ties; balance 13 transformer banks
IND-S02509,Kolkata,West Bengal,8.99,double-bus,15,13,12.0,True,4.28,12.29,Reconfigure ties; balance 13 transformer banks
IND-S02510,Ahrātola,Bihar,8.84,meshed-N-1,15,13,26.4,True,4.02,11.64,Reconfigure ties; balance 13 transformer banks
IND-S02511,Nashik,Maharashtra,0.13,radial-spur,15,13,21.7,False,3.43,11.78,Reconfigure ties; balance 13 transformer banks
IND-S02512,Thoothukudi,Tamil Nadu,0.01,parallel-bank,15,13,20.2,True,5.09,10.66,Reconfigure ties; balance 13 transformer banks
IND-S02513,Chengalpattu,Tamil Nadu,0.0,sectionalized-ring,15,13,17.9,True,1.27,11.91,Reconfigure ties; balance 13 transformer banks
IND-S02514,Maharashtra Hub Generation,Maharashtra,11.28,ring-main,15,13,22.2,False,3.82,12.75,Reconfigure ties; balance 13 transformer banks
IND-S02515,Maibong,Assam,0.0,double-bus,15,13,21.4,True,3.78,11.22,Reconfigure ties; balance 13 transformer banks
IND-S02516,Haldia,West Bengal,0.0,meshed-N-1,15,13,24.6,True,2.55,10.73,Reconfigure ties; balance 13 transformer banks
IND-S02517,Anantapur,Andhra Pradesh,0.11,radial-spur,15,13,13.2,False,4.14,12.42,Reconfigure ties; balance 13 transformer banks
IND-S02518,Bathinda,Punjab,0.09,parallel-bank,15,13,13.9,True,3.36,11.2,Reconfigure ties; balance 13 transformer banks
IND-S02519,Ongole,Andhra Pradesh,8.23,sectionalized-ring,15,13,28.8,True,4.82,11.97,Reconfigure ties; balance 13 transformer banks
IND-S02520,Pune,Maharashtra,9.34,ring-main,15,13,20.7,False,4.03,10.46,Reconfigure ties; balance 13 transformer banks
IND-S02521,Hubballi,Karnataka,9.82,double-bus,15,13,21.6,True,6.06,11.63,Reconfigure ties; balance 13 transformer banks
IND-S02522,Harda,Madhya Pradesh,8.95,meshed-N-1,15,13,28.4,True,2.68,11.42,Reconfigure ties; balance 13 transformer banks
IND-S02523,Howrah,West Bengal,8.99,radial-spur,15,13,19.6,False,3.17,12.88,Reconfigure ties; balance 13 transformer banks
IND-S02524,Udaipur,Rajasthan,8.78,parallel-bank,15,13,29.4,True,4.22,11.21,Reconfigure ties; balance 13 transformer banks
IND-S02525,Jodhpur,Rajasthan,0.0,sectionalized-ring,15,13,17.4,True,3.78,10.98,Reconfigure ties; balance 13 transformer banks
IND-S02526,Alīganj,Rajasthan,8.44,ring-main,15,13,19.8,False,1.2,10.85,Reconfigure ties; balance 13 transformer banks
IND-S02527,Kolkata,West Bengal,0.0,double-bus,15,13,17.9,True,2.04,10.89,Reconfigure ties; balance 13 transformer banks
IND-S02528,Tirunelveli,Tamil Nadu,0.0,meshed-N-1,15,13,12.6,True,2.77,10.91,Reconfigure ties; balance 13 transformer banks
IND-S02529,Sultan Pur Majra,Delhi,0.02,radial-spur,15,13,12.9,False,1.44,10.47,Reconfigure ties; balance 13 transformer banks
IND-S02530,Thrissur,Kerala,0.0,parallel-bank,15,13,24.0,True,4.94,11.91,Reconfigure ties; balance 13 transformer banks
IND-S02531,Bāgnān,West Bengal,8.64,sectionalized-ring,15,13,24.4,True,4.05,11.1,Reconfigure ties; balance 13 transformer banks
IND-S02532,Chanduasi,Uttar Pradesh,0.08,ring-main,15,13,21.6,False,3.78,9.93,Reconfigure ties; balance 13 transformer banks
IND-S02533,Kanpur,Uttar Pradesh,8.58,double-bus,15,13,14.7,True,5.9,12.33,Reconfigure ties; balance 13 transformer banks
IND-S02534,Sirohi,Rajasthan,0.0,meshed-N-1,15,13,22.6,True,2.75,11.2,Reconfigure ties; balance 13 transformer banks
IND-S02535,Najībābād,Uttar Pradesh,0.0,radial-spur,15,13,22.5,False,3.36,12.0,Reconfigure ties; balance 13 transformer banks
IND-S02536,Jaipur,Rajasthan,0.13,parallel-bank,15,13,25.1,True,3.44,10.8,Reconfigure ties; balance 13 transformer banks
IND-S02537,Karnāl,Haryana,0.0,sectionalized-ring,15,13,18.1,True,3.34,11.89,Reconfigure ties; balance 13 transformer banks
IND-S02538,Rewāri,Haryana,8.82,ring-main,15,13,18.1,False,3.19,12.81,Reconfigure ties; balance 13 transformer banks
IND-S02539,Akbarpur Mājra,Delhi,0.0,double-bus,15,13,23.8,True,2.37,11.19,Reconfigure ties; balance 13 transformer banks
IND-S02540,Perumbaikad,Kerala,8.72,meshed-N-1,15,13,22.7,True,1.85,12.22,Reconfigure ties; balance 13 transformer banks
IND-S02541,Pādiyanallūr,Tamil Nadu,0.0,radial-spur,15,13,20.7,False,4.06,11.16,Reconfigure ties; balance 13 transformer banks
IND-S02542,Prayagraj,Uttar Pradesh,0.01,parallel-bank,15,13,32.8,True,2.79,10.19,Reconfigure ties; balance 13 transformer banks
IND-S02543,Ahmedabad,Gujarat,0.46,sectionalized-ring,15,13,21.1,True,5.08,12.12,Reconfigure ties; balance 13 transformer banks
IND-S02544,Rājkot,Gujarat,0.08,ring-main,15,13,16.8,False,2.46,10.92,Reconfigure ties; balance 13 transformer banks
IND-S02545,Gudiyatham,Tamil Nadu,0.08,double-bus,15,13,21.4,True,3.78,11.3,Reconfigure ties; balance 13 transformer banks
IND-S02546,Hisar,Haryana,8.62,meshed-N-1,15,13,20.5,True,3.75,11.25,Reconfigure ties; balance 13 transformer banks
IND-S02547,Sisauli,Haryana,0.03,radial-spur,15,13,16.8,False,2.69,10.49,Reconfigure ties; balance 13 transformer banks
IND-S02548,Āsansol,West Bengal,11.37,parallel-bank,15,13,15.1,True,4.28,10.98,Reconfigure ties; balance 13 transformer banks
IND-S02549,Hyderabad,Telangana,11.49,sectionalized-ring,15,13,23.8,True,2.81,12.39,Reconfigure ties; balance 13 transformer banks
IND-S02550,Gurugram,Haryana,10.74,ring-main,15,13,17.8,False,3.58,10.26,Reconfigure ties; balance 13 transformer banks
IND-S02551,Jamshedpur,Jharkhand,0.25,double-bus,15,13,21.0,True,2.59,11.54,Reconfigure ties; balance 13 transformer banks
IND-S02552,Baraut,Uttar Pradesh,0.2,meshed-N-1,15,13,21.7,True,1.2,10.85,Reconfigure ties; balance 13 transformer banks
IND-S02553,Indore,Madhya Pradesh,12.08,radial-spur,15,13,24.5,False,5.48,10.8,Reconfigure ties; balance 13 transformer banks
IND-S02554,Gandhinagar,Gujarat,0.09,parallel-bank,15,13,28.6,True,3.22,13.27,Reconfigure ties; balance 13 transformer banks
IND-S02555,Bokāro,Jharkhand,8.52,sectionalized-ring,15,13,12.8,True,4.6,10.94,Reconfigure ties; balance 13 transformer banks
IND-S02556,Hosapete,Karnataka,0.12,ring-main,15,13,22.8,False,5.5,12.35,Reconfigure ties; balance 13 transformer banks
IND-S02557,Narasingapuram,Tamil Nadu,8.74,double-bus,15,13,15.0,True,5.94,10.6,Reconfigure ties; balance 13 transformer banks
IND-S02558,Jaipur,Rajasthan,0.0,meshed-N-1,15,13,17.1,True,3.82,9.83,Reconfigure ties; balance 13 transformer banks
IND-S02559,Chīrāla,Andhra Pradesh,0.0,radial-spur,15,13,18.1,False,4.99,11.32,Reconfigure ties; balance 13 transformer banks
IND-S02560,Chandannagar,West Bengal,0.0,parallel-bank,15,13,21.6,True,3.1,10.57,Reconfigure ties; balance 13 transformer banks
IND-S02561,Amritsar,Punjab,0.0,sectionalized-ring,15,13,20.7,True,1.64,11.12,Reconfigure ties; balance 13 transformer banks
IND-S02562,Tamil Nadu Hub Generation,Tamil Nadu,0.01,ring-main,15,13,13.4,False,4.73,12.5,Reconfigure ties; balance 13 transformer banks
IND-S02563,Gorakhpur,Uttar Pradesh,10.21,double-bus,15,13,21.4,True,3.85,11.85,Reconfigure ties; balance 13 transformer banks
IND-S02564,Medak,Telangana,8.35,meshed-N-1,15,13,19.4,True,4.26,10.58,Reconfigure ties; balance 13 transformer banks
IND-S02565,Eluru,Andhra Pradesh,0.12,radial-spur,15,13,20.8,False,2.54,11.44,Reconfigure ties; balance 13 transformer banks
IND-S02566,Ahmedabad,Gujarat,0.0,parallel-bank,15,13,20.5,True,3.46,10.89,Reconfigure ties; balance 13 transformer banks
IND-S02567,Coimbatore,Tamil Nadu,8.4,sectionalized-ring,15,13,22.9,True,4.34,10.84,Reconfigure ties; balance 13 transformer banks
IND-S02568,Bilāspur,Chhattisgarh,0.0,ring-main,15,13,21.8,False,4.9,11.97,Reconfigure ties; balance 13 transformer banks
IND-S02569,Agartala,Tripura,0.2,double-bus,15,13,17.9,True,5.27,12.68,Reconfigure ties; balance 13 transformer banks
IND-S02570,Jalandhar,Punjab,0.0,meshed-N-1,15,13,20.5,True,4.89,11.73,Reconfigure ties; balance 13 transformer banks
IND-S02571,Warangal,Telangana,8.89,radial-spur,15,13,18.5,False,3.03,11.18,Reconfigure ties; balance 13 transformer banks
IND-S02572,Bahādurganj,Bihar,0.09,parallel-bank,15,13,24.1,True,5.94,12.2,Reconfigure ties; balance 13 transformer banks
IND-S02573,Uttarakhand Hub Generation,Uttarakhand,0.0,sectionalized-ring,15,13,24.6,True,5.3,9.92,Reconfigure ties; balance 13 transformer banks
IND-S02574,Deoli,Delhi,0.0,ring-main,15,13,29.8,False,2.82,11.63,Reconfigure ties; balance 13 transformer banks
IND-S02575,Bokāro,Jharkhand,0.19,double-bus,15,13,23.9,True,4.02,11.0,Reconfigure ties; balance 13 transformer banks
IND-S02576,Balāngīr,Odisha,0.0,meshed-N-1,15,13,21.7,True,3.59,12.31,Reconfigure ties; balance 13 transformer banks
IND-S02577,Tirunelveli,Tamil Nadu,0.17,radial-spur,15,13,22.8,False,5.48,12.01,Reconfigure ties; balance 13 transformer banks
IND-S02578,Diglipur,Andaman and Nicobar,8.54,parallel-bank,15,13,22.7,True,4.84,11.12,Reconfigure ties; balance 13 transformer banks
IND-S02579,Anantapuram,Tamil Nadu,0.0,sectionalized-ring,15,13,20.4,True,3.39,11.78,Reconfigure ties; balance 13 transformer banks
IND-S02580,Saiha,Mizoram,8.52,ring-main,15,13,19.4,False,5.34,11.95,Reconfigure ties; balance 13 transformer banks
IND-S02581,Ratlām,Madhya Pradesh,0.0,double-bus,15,13,24.6,True,4.13,10.83,Reconfigure ties; balance 13 transformer banks
IND-S02582,Kolkata,West Bengal,0.24,meshed-N-1,15,13,19.8,True,4.03,11.33,Reconfigure ties; balance 13 transformer banks
IND-S02583,Kolkata,West Bengal,0.0,radial-spur,15,13,19.6,False,3.96,11.52,Reconfigure ties; balance 13 transformer banks
IND-S02584,Kāro,Jharkhand,0.0,parallel-bank,15,13,24.3,True,4.41,11.34,Reconfigure ties; balance 13 transformer banks
IND-S02585,Tandur,Telangana,0.36,sectionalized-ring,15,13,16.5,True,3.25,11.38,Reconfigure ties; balance 13 transformer banks
IND-S02586,Gobindgarh,Punjab,0.0,ring-main,15,13,13.7,False,3.34,11.16,Reconfigure ties; balance 13 transformer banks
IND-S02587,Kolkata,West Bengal,11.96,double-bus,15,13,13.9,True,4.1,11.19,Reconfigure ties; balance 13 transformer banks
IND-S02588,Ahmedabad,Gujarat,10.51,meshed-N-1,15,13,23.5,True,3.98,11.58,Reconfigure ties; balance 13 transformer banks
IND-S02589,Kishangarh,Rajasthan,0.0,radial-spur,15,13,20.6,False,2.82,11.55,Reconfigure ties; balance 13 transformer banks
IND-S02590,Erode,Tamil Nadu,30.04,parallel-bank,15,13,24.7,True,3.85,11.42,Reconfigure ties; balance 13 transformer banks
IND-S02591,Rajamahendravaram,Andhra Pradesh,0.0,sectionalized-ring,15,13,19.5,True,2.78,12.3,Reconfigure ties; balance 13 transformer banks
IND-S02592,Bhopal,Madhya Pradesh,0.27,ring-main,15,13,24.3,False,4.1,10.95,Reconfigure ties; balance 13 transformer banks
IND-S02593,Satna,Madhya Pradesh,0.09,double-bus,15,13,21.9,True,3.36,11.27,Reconfigure ties; balance 13 transformer banks
IND-S02594,Kallakurichi,Tamil Nadu,9.35,meshed-N-1,15,13,17.0,True,2.96,10.88,Reconfigure ties; balance 13 transformer banks
IND-S02595,Dewas,Madhya Pradesh,8.94,radial-spur,15,13,18.6,False,2.99,12.76,Reconfigure ties; balance 13 transformer banks
IND-S02596,Ludhiana,Punjab,0.15,parallel-bank,15,13,18.3,True,2.77,10.71,Reconfigure ties; balance 13 transformer banks
IND-S02597,Katihar,Bihar,0.0,sectionalized-ring,15,13,22.6,True,3.16,11.22,Reconfigure ties; balance 13 transformer banks
IND-S02598,Cuddalore,Tamil Nadu,8.51,ring-main,15,13,21.2,False,6.26,11.84,Reconfigure ties; balance 13 transformer banks
IND-S02599,Nagpur,Maharashtra,0.0,double-bus,15,13,17.2,True,7.01,12.29,Reconfigure ties; balance 13 transformer banks
IND-S02600,Nellore,Andhra Pradesh,9.0,meshed-N-1,15,13,21.5,True,2.86,10.34,Reconfigure ties; balance 13 transformer banks
IND-S02601,Guntur,Andhra Pradesh,0.12,radial-spur,15,13,18.3,False,2.69,11.69,Reconfigure ties; balance 13 transformer banks
IND-S02602,Achalpur,Maharashtra,0.2,parallel-bank,15,13,17.3,True,5.52,11.83,Reconfigure ties; balance 13 transformer banks
IND-S02603,Vijayawada,Andhra Pradesh,0.1,sectionalized-ring,15,13,24.4,True,2.98,10.71,Reconfigure ties; balance 13 transformer banks
IND-S02604,Athera,Rajasthan,0.0,ring-main,15,13,23.2,False,4.96,11.84,Reconfigure ties; balance 13 transformer banks
IND-S02605,Algūr,Karnataka,0.0,double-bus,15,13,23.7,True,4.56,12.06,Reconfigure ties; balance 13 transformer banks
IND-S02606,Jamūī,Bihar,8.52,meshed-N-1,15,13,25.0,True,3.34,11.13,Reconfigure ties; balance 13 transformer banks
IND-S02607,Lalganj,Uttar Pradesh,0.0,radial-spur,15,13,18.8,False,4.27,10.86,Reconfigure ties; balance 13 transformer banks
IND-S02608,Pimpri,Maharashtra,10.77,parallel-bank,15,13,25.2,True,4.1,11.71,Reconfigure ties; balance 13 transformer banks
IND-S02609,Aurangabad,Maharashtra,1.62,sectionalized-ring,15,13,19.9,True,3.64,10.92,Reconfigure ties; balance 13 transformer banks
IND-S02610,Pune,Maharashtra,8.79,ring-main,15,13,21.0,False,4.46,11.0,Reconfigure ties; balance 13 transformer banks
IND-S02611,Mumbai,Maharashtra,10.53,double-bus,15,13,21.5,True,3.34,12.69,Reconfigure ties; balance 13 transformer banks
IND-S02612,Nagpur,Maharashtra,0.2,meshed-N-1,15,13,14.1,True,2.59,12.5,Reconfigure ties; balance 13 transformer banks
IND-S02613,Nellore,Andhra Pradesh,0.18,radial-spur,15,13,18.3,False,1.2,11.26,Reconfigure ties; balance 13 transformer banks
IND-S02614,Ahmedabad,Gujarat,11.61,parallel-bank,15,13,20.1,True,3.39,10.86,Reconfigure ties; balance 13 transformer banks
IND-S02615,Navsari,Gujarat,8.58,sectionalized-ring,15,13,23.4,True,5.5,12.77,Reconfigure ties; balance 13 transformer banks
IND-S02616,Tirunelveli,Tamil Nadu,0.12,ring-main,15,13,12.2,False,5.73,10.75,Reconfigure ties; balance 13 transformer banks
IND-S02617,Chennai,Tamil Nadu,0.0,double-bus,15,13,16.7,True,3.12,11.23,Reconfigure ties; balance 13 transformer banks
IND-S02618,Aramdakī,Jammu and Kashmir,0.0,meshed-N-1,15,13,18.8,True,3.41,10.77,Reconfigure ties; balance 13 transformer banks
IND-S02619,Kallidaikurichi,Tamil Nadu,8.35,radial-spur,15,13,12.0,False,3.59,10.23,Reconfigure ties; balance 13 transformer banks
IND-S02620,Hālīsahar,West Bengal,0.01,parallel-bank,15,13,19.0,True,4.48,11.47,Reconfigure ties; balance 13 transformer banks
IND-S02621,Kochi,Kerala,10.37,sectionalized-ring,15,13,18.8,True,3.65,11.72,Reconfigure ties; balance 13 transformer banks
IND-S02622,Bāli,West Bengal,0.0,ring-main,15,13,24.7,False,4.9,11.38,Reconfigure ties; balance 13 transformer banks
IND-S02623,Manchar,Maharashtra,0.0,double-bus,15,13,20.6,True,4.84,12.44,Reconfigure ties; balance 13 transformer banks
IND-S02624,Howrah,West Bengal,8.99,meshed-N-1,15,13,22.3,True,3.58,11.04,Reconfigure ties; balance 13 transformer banks
IND-S02625,Pīrzādagūda,Telangana,0.0,radial-spur,15,13,18.6,False,3.14,11.65,Reconfigure ties; balance 13 transformer banks
IND-S02626,Hosapete,Karnataka,0.0,parallel-bank,15,13,23.2,True,3.22,11.08,Reconfigure ties; balance 13 transformer banks
IND-S02627,Thāne,Maharashtra,8.64,sectionalized-ring,15,13,14.1,True,5.22,11.57,Reconfigure ties; balance 13 transformer banks
IND-S02628,Jorhat,Assam,8.42,ring-main,15,13,16.1,False,5.52,10.81,Reconfigure ties; balance 13 transformer banks
IND-S02629,Kohima,Nagaland,0.0,double-bus,15,13,19.7,True,2.3,11.57,Reconfigure ties; balance 13 transformer banks
IND-S02630,Talod,Gujarat,0.14,meshed-N-1,15,13,18.8,True,1.54,11.46,Reconfigure ties; balance 13 transformer banks
IND-S02631,Aurangabad,Maharashtra,27.92,radial-spur,15,13,21.6,False,3.07,11.46,Reconfigure ties; balance 13 transformer banks
IND-S02632,Bengaluru,Karnataka,0.15,parallel-bank,15,13,23.1,True,3.46,11.41,Reconfigure ties; balance 13 transformer banks
IND-S02633,Jewar,Uttar Pradesh,8.62,sectionalized-ring,15,13,24.3,True,2.24,10.96,Reconfigure ties; balance 13 transformer banks
IND-S02634,Sāngli,Maharashtra,0.0,ring-main,15,13,27.7,False,5.73,12.88,Reconfigure ties; balance 13 transformer banks
IND-S02635,Najībābād,Uttar Pradesh,0.01,double-bus,15,13,18.0,True,4.9,12.26,Reconfigure ties; balance 13 transformer banks
IND-S02636,Guwahati,Assam,0.0,meshed-N-1,15,13,19.2,True,2.48,11.43,Reconfigure ties; balance 13 transformer banks
IND-S02637,Rasapūdipalem,Andhra Pradesh,11.59,radial-spur,15,13,17.6,False,4.48,10.81,Reconfigure ties; balance 13 transformer banks
IND-S02638,Korampallam,Tamil Nadu,8.57,parallel-bank,15,13,22.2,True,3.1,11.17,Reconfigure ties; balance 13 transformer banks
IND-S02639,Siswā Bāzār,Uttar Pradesh,0.0,sectionalized-ring,15,13,23.3,True,3.73,10.77,Reconfigure ties; balance 13 transformer banks
IND-S02640,Bathinda,Punjab,0.0,ring-main,15,13,19.6,False,3.93,10.69,Reconfigure ties; balance 13 transformer banks
IND-S02641,Antahia,Uttar Pradesh,0.0,double-bus,15,13,16.0,True,4.84,11.0,Reconfigure ties; balance 13 transformer banks
IND-S02642,Karikād,Kerala,9.62,meshed-N-1,15,13,22.5,True,3.72,10.69,Reconfigure ties; balance 13 transformer banks
IND-S02643,Marakkanam,Tamil Nadu,8.74,radial-spur,15,13,21.3,False,3.61,11.05,Reconfigure ties; balance 13 transformer banks
IND-S02644,Jamshedpur,Jharkhand,0.05,parallel-bank,15,13,13.1,True,4.19,11.65,Reconfigure ties; balance 13 transformer banks
IND-S02645,Verāval,Gujarat,0.0,sectionalized-ring,15,13,22.6,True,6.32,11.37,Reconfigure ties; balance 13 transformer banks
IND-S02646,Kātoya,West Bengal,0.0,ring-main,15,13,19.8,False,4.07,12.09,Reconfigure ties; balance 13 transformer banks
IND-S02647,Kadikkād,Kerala,8.44,double-bus,15,13,22.2,True,5.32,10.94,Reconfigure ties; balance 13 transformer banks
IND-S02648,Thoothukudi,Tamil Nadu,0.0,meshed-N-1,15,13,16.7,True,3.35,11.81,Reconfigure ties; balance 13 transformer banks
IND-S02649,Bhopal,Madhya Pradesh,9.99,radial-spur,15,13,15.7,False,2.5,10.36,Reconfigure ties; balance 13 transformer banks
IND-S02650,Hisar,Haryana,11.14,parallel-bank,15,13,22.6,True,2.49,12.02,Reconfigure ties; balance 13 transformer banks
IND-S02651,Jodhpur,Rajasthan,8.85,sectionalized-ring,15,13,27.5,True,4.04,11.21,Reconfigure ties; balance 13 transformer banks
IND-S02652,Manjeri,Kerala,0.0,ring-main,15,13,24.0,False,4.46,11.21,Reconfigure ties; balance 13 transformer banks
IND-S02653,Muzaffarnagar,Uttar Pradesh,0.1,double-bus,15,13,20.1,True,2.14,11.27,Reconfigure ties; balance 13 transformer banks
IND-S02654,Jamshedpur,Jharkhand,11.57,meshed-N-1,15,13,25.9,True,4.31,10.01,Reconfigure ties; balance 13 transformer banks
IND-S02655,Surat,Gujarat,0.13,radial-spur,15,13,27.6,False,4.51,10.32,Reconfigure ties; balance 13 transformer banks
IND-S02656,Jabalpur,Madhya Pradesh,0.06,parallel-bank,15,13,22.4,True,3.4,11.87,Reconfigure ties; balance 13 transformer banks
IND-S02657,Pimpri,Maharashtra,0.0,sectionalized-ring,15,13,20.9,True,2.82,13.04,Reconfigure ties; balance 13 transformer banks
IND-S02658,Gandhinagar,Gujarat,0.0,ring-main,15,13,24.5,False,3.29,11.83,Reconfigure ties; balance 13 transformer banks
IND-S02659,Prayagraj,Uttar Pradesh,0.0,double-bus,15,13,19.0,True,4.02,10.79,Reconfigure ties; balance 13 transformer banks
IND-S02660,Dombivali,Maharashtra,11.43,meshed-N-1,15,13,22.1,True,3.28,11.62,Reconfigure ties; balance 13 transformer banks
IND-S02661,Rāmgundam,Telangana,12.43,radial-spur,15,13,26.9,False,3.58,10.59,Reconfigure ties; balance 13 transformer banks
IND-S02662,Virār,Maharashtra,9.42,parallel-bank,15,13,19.7,True,4.73,10.48,Reconfigure ties; balance 13 transformer banks
IND-S02663,Patran,Punjab,8.35,sectionalized-ring,15,13,18.5,True,4.8,9.82,Reconfigure ties; balance 13 transformer banks
IND-S02664,Jaunpur,Uttar Pradesh,9.05,ring-main,15,13,12.0,False,2.99,11.18,Reconfigure ties; balance 13 transformer banks
IND-S02665,Najafgarh,Delhi,1.05,double-bus,15,13,12.0,True,4.87,11.83,Reconfigure ties; balance 13 transformer banks
IND-S02666,Saugor,Madhya Pradesh,0.0,meshed-N-1,15,13,25.0,True,4.56,11.03,Reconfigure ties; balance 13 transformer banks
IND-S02667,Petlād,Gujarat,0.0,radial-spur,15,13,18.9,False,3.61,13.36,Reconfigure ties; balance 13 transformer banks
IND-S02668,Nāgercoil,Tamil Nadu,0.0,parallel-bank,15,13,26.1,True,1.2,12.98,Reconfigure ties; balance 13 transformer banks
IND-S02669,Nowrangapur,Odisha,0.14,sectionalized-ring,15,13,27.4,True,2.53,11.99,Reconfigure ties; balance 13 transformer banks
IND-S02670,Bhavnagar,Gujarat,0.03,ring-main,15,13,20.4,False,4.28,10.18,Reconfigure ties; balance 13 transformer banks
IND-S02671,Kanayannur,Kerala,9.17,double-bus,15,13,21.7,True,2.54,11.08,Reconfigure ties; balance 13 transformer banks
IND-S02672,Prayagraj,Uttar Pradesh,9.49,meshed-N-1,15,13,20.0,True,4.05,11.96,Reconfigure ties; balance 13 transformer banks
IND-S02673,Bengaluru,Karnataka,8.72,radial-spur,15,13,21.3,False,3.99,11.19,Reconfigure ties; balance 13 transformer banks
IND-S02674,Dombivali,Maharashtra,0.0,parallel-bank,15,13,24.8,True,7.04,11.62,Reconfigure ties; balance 13 transformer banks
IND-S02675,Ranchi,Jharkhand,0.01,sectionalized-ring,15,13,21.2,True,3.9,11.0,Reconfigure ties; balance 13 transformer banks
IND-S02676,Borivli,Maharashtra,0.11,ring-main,15,13,19.3,False,3.8,11.54,Reconfigure ties; balance 13 transformer banks
IND-S02677,Amod,Gujarat,0.0,double-bus,15,13,21.7,True,4.04,13.4,Reconfigure ties; balance 13 transformer banks
IND-S02678,Pimpri-Chinchwad,Maharashtra,11.04,meshed-N-1,15,13,19.9,True,3.32,11.55,Reconfigure ties; balance 13 transformer banks
IND-S02679,Hisar,Haryana,0.0,radial-spur,15,13,25.4,False,1.46,11.24,Reconfigure ties; balance 13 transformer banks
IND-S02680,Bhāgalpur,Bihar,9.29,parallel-bank,15,13,25.8,True,4.77,11.59,Reconfigure ties; balance 13 transformer banks
IND-S02681,Akpuri Chauki,Maharashtra,8.52,sectionalized-ring,15,13,15.9,True,5.11,10.46,Reconfigure ties; balance 13 transformer banks
IND-S02682,Bengaluru,Karnataka,0.0,ring-main,15,13,24.0,False,3.35,9.6,Reconfigure ties; balance 13 transformer banks
IND-S02683,Giridih,Jharkhand,8.39,double-bus,15,13,24.3,True,4.87,11.29,Reconfigure ties; balance 13 transformer banks
IND-S02684,Benipur,Bihar,8.49,meshed-N-1,15,13,21.5,True,5.32,10.29,Reconfigure ties; balance 13 transformer banks
IND-S02685,Tiruchirappalli,Tamil Nadu,0.0,radial-spur,15,13,17.9,False,5.22,11.17,Reconfigure ties; balance 13 transformer banks
IND-S02686,Najafgarh,Delhi,0.0,parallel-bank,15,13,22.9,True,3.13,11.43,Reconfigure ties; balance 13 transformer banks
IND-S02687,Kallakurichi,Tamil Nadu,0.0,sectionalized-ring,15,13,24.3,True,2.11,10.79,Reconfigure ties; balance 13 transformer banks
IND-S02688,Dewas,Madhya Pradesh,0.02,ring-main,15,13,22.1,False,4.12,13.05,Reconfigure ties; balance 13 transformer banks
IND-S02689,Rāmgundam,Telangana,10.54,double-bus,15,13,21.8,True,2.54,12.43,Reconfigure ties; balance 13 transformer banks
IND-S02690,Arā Chaukī,Jharkhand,8.65,meshed-N-1,15,13,23.9,True,4.87,11.38,Reconfigure ties; balance 13 transformer banks
IND-S02691,Aizawl,Mizoram,8.66,radial-spur,15,13,19.3,False,3.39,12.09,Reconfigure ties; balance 13 transformer banks
IND-S02692,Titāgarh,West Bengal,0.0,parallel-bank,15,13,17.2,True,5.56,11.42,Reconfigure ties; balance 13 transformer banks
IND-S02693,Kalāyat,Haryana,0.34,sectionalized-ring,15,13,14.8,True,3.64,11.51,Reconfigure ties; balance 13 transformer banks
IND-S02694,Pune,Maharashtra,0.0,ring-main,15,13,20.2,False,4.52,10.05,Reconfigure ties; balance 13 transformer banks
IND-S02695,Jhānsi,Uttar Pradesh,0.0,double-bus,15,13,22.2,True,3.53,11.33,Reconfigure ties; balance 13 transformer banks
IND-S02696,Anukulapālem,Andhra Pradesh,0.0,meshed-N-1,15,13,12.0,True,5.49,11.23,Reconfigure ties; balance 13 transformer banks
IND-S02697,Najafgarh,Delhi,33.39,radial-spur,15,13,20.2,False,2.98,12.0,Reconfigure ties; balance 13 transformer banks
IND-S02698,Secunderabad,Telangana,8.52,parallel-bank,15,13,23.5,True,3.15,10.77,Reconfigure ties; balance 13 transformer banks
IND-S02699,Maharashtra Hub Generation,Maharashtra,0.31,sectionalized-ring,15,13,22.0,True,3.65,11.26,Reconfigure ties; balance 13 transformer banks
IND-S02700,Shyamnagar,West Bengal,0.0,ring-main,15,13,20.9,False,4.05,12.05,Reconfigure ties; balance 13 transformer banks
IND-S02701,Delhi,Delhi,11.56,double-bus,15,13,23.7,True,2.96,11.2,Reconfigure ties; balance 13 transformer banks
IND-S02702,Mumbai,Maharashtra,0.46,meshed-N-1,15,13,21.9,True,3.77,11.99,Reconfigure ties; balance 13 transformer banks
IND-S02703,Haldia,West Bengal,0.0,radial-spur,15,13,25.6,False,4.19,11.67,Reconfigure ties; balance 13 transformer banks
IND-S02704,Jodhpur,Rajasthan,0.0,parallel-bank,15,13,19.9,True,2.02,11.69,Reconfigure ties; balance 13 transformer banks
IND-S02705,Barki Saria,Jharkhand,9.02,sectionalized-ring,15,13,29.3,True,3.27,11.65,Reconfigure ties; balance 13 transformer banks
IND-S02706,Pimpri-Chinchwad,Maharashtra,11.3,ring-main,15,13,25.6,False,3.57,12.45,Reconfigure ties; balance 13 transformer banks
IND-S02707,Najafgarh,Delhi,0.01,double-bus,15,13,18.6,True,4.45,10.44,Reconfigure ties; balance 13 transformer banks
IND-S02708,Tiruvattār,Tamil Nadu,0.0,meshed-N-1,15,13,18.7,True,4.64,11.49,Reconfigure ties; balance 13 transformer banks
IND-S02709,Vijayawada,Andhra Pradesh,0.0,radial-spur,15,13,20.3,False,1.2,11.67,Reconfigure ties; balance 13 transformer banks
IND-S02710,Nagpur,Maharashtra,0.0,parallel-bank,15,13,19.6,True,3.7,10.57,Reconfigure ties; balance 13 transformer banks
IND-S02711,Kolkata,West Bengal,0.24,sectionalized-ring,15,13,26.4,True,3.36,12.24,Reconfigure ties; balance 13 transformer banks
IND-S02712,Basavakalyan,Karnataka,0.0,ring-main,15,13,23.5,False,2.61,11.17,Reconfigure ties; balance 13 transformer banks
IND-S02713,Visakhapatnam,Andhra Pradesh,0.0,double-bus,15,13,12.0,True,4.04,11.81,Reconfigure ties; balance 13 transformer banks
IND-S02714,Secunderabad,Telangana,9.85,meshed-N-1,15,13,22.0,True,4.33,11.53,Reconfigure ties; balance 13 transformer banks
IND-S02715,Uttarakhand Hub Generation,Uttarakhand,0.0,radial-spur,15,13,24.8,False,3.04,11.35,Reconfigure ties; balance 13 transformer banks
IND-S02716,Madurai,Tamil Nadu,0.07,parallel-bank,15,13,18.5,True,3.25,11.6,Reconfigure ties; balance 13 transformer banks
IND-S02717,Kanpur,Uttar Pradesh,8.76,sectionalized-ring,15,13,30.0,True,4.57,11.02,Reconfigure ties; balance 13 transformer banks
IND-S02718,Tola Mansārāut,Bihar,11.62,ring-main,15,13,15.9,False,4.61,11.64,Reconfigure ties; balance 13 transformer banks
IND-S02719,Deoghar,Jharkhand,0.05,double-bus,15,13,13.4,True,5.7,10.69,Reconfigure ties; balance 13 transformer banks
IND-S02720,Ambattur,Tamil Nadu,9.41,meshed-N-1,15,13,24.0,True,4.87,10.24,Reconfigure ties; balance 13 transformer banks
IND-S02721,Tellicherry,Kerala,8.69,radial-spur,15,13,20.5,False,5.12,10.78,Reconfigure ties; balance 13 transformer banks
IND-S02722,Prayagraj,Uttar Pradesh,0.12,parallel-bank,15,13,23.8,True,3.39,12.1,Reconfigure ties; balance 13 transformer banks
IND-S02723,Andhra Pradesh Hub Generation,Andhra Pradesh,8.54,sectionalized-ring,15,13,20.3,True,1.7,11.09,Reconfigure ties; balance 13 transformer banks
IND-S02724,Thiruvananthapuram,Kerala,8.76,ring-main,15,13,17.7,False,1.98,10.74,Reconfigure ties; balance 13 transformer banks
IND-S02725,Varanasi,Uttar Pradesh,9.62,double-bus,15,13,24.9,True,3.75,11.25,Reconfigure ties; balance 13 transformer banks
IND-S02726,Gwalior,Madhya Pradesh,8.9,meshed-N-1,15,13,23.1,True,3.92,11.44,Reconfigure ties; balance 13 transformer banks
IND-S02727,Tiruchirappalli,Tamil Nadu,0.12,radial-spur,15,13,20.1,False,3.5,10.79,Reconfigure ties; balance 13 transformer banks
IND-S02728,Soyībug,Jammu and Kashmir,0.06,parallel-bank,15,13,18.1,True,4.56,11.54,Reconfigure ties; balance 13 transformer banks
IND-S02729,Madurai,Tamil Nadu,0.0,sectionalized-ring,15,13,23.1,True,2.34,11.8,Reconfigure ties; balance 13 transformer banks
IND-S02730,Kalyān,Maharashtra,10.81,ring-main,15,13,14.6,False,3.46,12.29,Reconfigure ties; balance 13 transformer banks
IND-S02731,Akola,Maharashtra,0.11,double-bus,15,13,21.5,True,3.17,12.0,Reconfigure ties; balance 13 transformer banks
IND-S02732,Imphal,Manipur,11.53,meshed-N-1,15,13,17.6,True,5.42,11.94,Reconfigure ties; balance 13 transformer banks
IND-S02733,Udaipur,Rajasthan,0.0,radial-spur,15,13,20.7,False,5.19,11.59,Reconfigure ties; balance 13 transformer banks
IND-S02734,Dinapore,Bihar,9.48,parallel-bank,15,13,22.1,True,3.76,12.15,Reconfigure ties; balance 13 transformer banks
IND-S02735,Lal Bahadur Nagar,Telangana,0.0,sectionalized-ring,15,13,22.1,True,3.89,11.09,Reconfigure ties; balance 13 transformer banks
IND-S02736,Gohāna,Haryana,0.0,ring-main,15,13,20.6,False,4.45,11.42,Reconfigure ties; balance 13 transformer banks
IND-S02737,Haldwani,Uttarakhand,8.47,double-bus,15,13,28.5,True,5.75,12.62,Reconfigure ties; balance 13 transformer banks
IND-S02738,Tambaram,Tamil Nadu,8.64,meshed-N-1,15,13,21.5,True,3.97,11.61,Reconfigure ties; balance 13 transformer banks
IND-S02739,Tirumala,Andhra Pradesh,0.0,radial-spur,15,13,21.0,False,3.4,10.62,Reconfigure ties; balance 13 transformer banks
IND-S02740,Shivamogga,Karnataka,0.0,parallel-bank,15,13,21.6,True,1.88,11.61,Reconfigure ties; balance 13 transformer banks
IND-S02741,Nīmbāhera,Rajasthan,8.77,sectionalized-ring,15,13,14.6,True,3.03,11.69,Reconfigure ties; balance 13 transformer banks
IND-S02742,Kalyān,Maharashtra,0.08,ring-main,15,13,19.2,False,3.26,11.66,Reconfigure ties; balance 13 transformer banks
IND-S02743,Avadi,Tamil Nadu,0.13,double-bus,15,13,24.2,True,4.81,12.53,Reconfigure ties; balance 13 transformer banks
IND-S02744,Pallāvaram,Tamil Nadu,8.62,meshed-N-1,15,13,23.5,True,4.94,10.89,Reconfigure ties; balance 13 transformer banks
IND-S02745,Haldia,West Bengal,0.0,radial-spur,15,13,27.8,False,4.27,12.96,Reconfigure ties; balance 13 transformer banks
IND-S02746,Bārākpur,West Bengal,8.95,parallel-bank,15,13,18.8,True,4.09,11.64,Reconfigure ties; balance 13 transformer banks
IND-S02747,Rajasthan Hub Generation,Rajasthan,8.55,sectionalized-ring,15,13,23.5,True,4.61,10.5,Reconfigure ties; balance 13 transformer banks
IND-S02748,Surat,Gujarat,11.76,ring-main,15,13,21.9,False,1.82,9.86,Reconfigure ties; balance 13 transformer banks
IND-S02749,Bokāro,Jharkhand,0.0,double-bus,15,13,22.4,True,3.37,11.24,Reconfigure ties; balance 13 transformer banks
IND-S02750,Bareilly,Uttar Pradesh,0.15,meshed-N-1,15,13,25.6,True,2.87,10.52,Reconfigure ties; balance 13 transformer banks
IND-S02751,Bhuj,Gujarat,0.0,radial-spur,15,13,27.9,False,5.53,12.75,Reconfigure ties; balance 13 transformer banks
IND-S02752,Jamnagar,Gujarat,9.84,parallel-bank,15,13,21.6,True,4.14,11.46,Reconfigure ties; balance 13 transformer banks
IND-S02753,Akaltara,Chhattisgarh,11.28,sectionalized-ring,15,13,25.3,True,6.13,10.67,Reconfigure ties; balance 13 transformer banks
IND-S02754,Gandhinagar,Gujarat,0.0,ring-main,15,13,26.3,False,2.54,11.62,Reconfigure ties; balance 13 transformer banks
IND-S02755,Punjab Hub Generation,Punjab,8.56,double-bus,15,13,22.8,True,1.71,13.11,Reconfigure ties; balance 13 transformer banks
IND-S02756,Rasapūdipalem,Andhra Pradesh,8.73,meshed-N-1,15,13,22.2,True,3.19,11.12,Reconfigure ties; balance 13 transformer banks
IND-S02757,Jamshedpur,Jharkhand,0.0,radial-spur,15,13,20.6,False,5.36,12.74,Reconfigure ties; balance 13 transformer banks
IND-S02758,West Bengal Hub Generation,West Bengal,8.54,parallel-bank,15,13,27.6,True,5.13,11.99,Reconfigure ties; balance 13 transformer banks
IND-S02759,Kāmārhāti,West Bengal,8.44,sectionalized-ring,15,13,20.7,True,3.84,11.05,Reconfigure ties; balance 13 transformer banks
IND-S02760,Muktsar,Punjab,0.0,ring-main,15,13,17.6,False,5.07,11.3,Reconfigure ties; balance 13 transformer banks
IND-S02761,Dombivali,Maharashtra,10.35,double-bus,15,13,19.8,True,4.06,12.53,Reconfigure ties; balance 13 transformer banks
IND-S02762,Pimpri-Chinchwad,Maharashtra,8.83,meshed-N-1,15,13,16.4,True,4.13,11.41,Reconfigure ties; balance 13 transformer banks
IND-S02763,Rānipet,Tamil Nadu,0.0,radial-spur,15,13,17.8,False,4.49,11.69,Reconfigure ties; balance 13 transformer banks
IND-S02764,Kōttakkal,Kerala,0.0,parallel-bank,15,13,26.9,True,5.38,11.41,Reconfigure ties; balance 13 transformer banks
IND-S02765,Palakollu,Andhra Pradesh,8.83,sectionalized-ring,15,13,22.0,True,3.24,12.29,Reconfigure ties; balance 13 transformer banks
IND-S02766,Hisar,Haryana,0.0,ring-main,15,13,20.5,False,5.4,11.55,Reconfigure ties; balance 13 transformer banks
IND-S02767,Kolkata,West Bengal,9.31,double-bus,15,13,22.9,True,3.56,11.26,Reconfigure ties; balance 13 transformer banks
IND-S02768,Ambattur,Tamil Nadu,0.0,meshed-N-1,15,13,26.3,True,5.11,12.1,Reconfigure ties; balance 13 transformer banks
IND-S02769,Belagavi,Karnataka,9.02,radial-spur,15,13,16.1,False,2.04,11.46,Reconfigure ties; balance 13 transformer banks
IND-S02770,Guntur,Andhra Pradesh,0.13,parallel-bank,15,13,16.0,True,1.81,10.28,Reconfigure ties; balance 13 transformer banks
IND-S02771,Lakhīmpur,Uttar Pradesh,0.16,sectionalized-ring,15,13,19.1,True,5.76,10.09,Reconfigure ties; balance 13 transformer banks
IND-S02772,Jagādhri,Haryana,0.0,ring-main,15,13,20.1,False,3.27,10.13,Reconfigure ties; balance 13 transformer banks
IND-S02773,Perintalmanna,Kerala,0.0,double-bus,15,13,22.3,True,3.08,11.13,Reconfigure ties; balance 13 transformer banks
IND-S02774,Prayagraj,Uttar Pradesh,0.18,meshed-N-1,15,13,22.9,True,5.14,12.01,Reconfigure ties; balance 13 transformer banks
IND-S02775,Karīmnagar,Telangana,0.0,radial-spur,15,13,19.5,False,5.04,10.97,Reconfigure ties; balance 13 transformer banks
IND-S02776,Nashik,Maharashtra,9.43,parallel-bank,15,13,12.0,True,2.16,11.09,Reconfigure ties; balance 13 transformer banks
IND-S02777,Tālīkota,Karnataka,8.88,sectionalized-ring,15,13,19.9,True,2.07,11.85,Reconfigure ties; balance 13 transformer banks
IND-S02778,Rajpura,Punjab,8.56,ring-main,15,13,18.4,False,5.59,11.0,Reconfigure ties; balance 13 transformer banks
IND-S02779,Morādābād,Uttar Pradesh,8.88,double-bus,15,13,24.4,True,2.88,10.41,Reconfigure ties; balance 13 transformer banks
IND-S02780,Salem,Tamil Nadu,8.61,meshed-N-1,15,13,33.7,True,4.46,10.72,Reconfigure ties; balance 13 transformer banks
IND-S02781,Jammu and Kashmir Hub Generation,Jammu and Kashmir,0.0,radial-spur,15,13,16.4,False,3.73,11.74,Reconfigure ties; balance 13 transformer banks
IND-S02782,Siliguri,West Bengal,0.0,parallel-bank,15,13,22.7,True,3.91,11.9,Reconfigure ties; balance 13 transformer banks
IND-S02783,Jodhpur,Rajasthan,8.58,sectionalized-ring,15,13,20.0,True,2.37,12.29,Reconfigure ties; balance 13 transformer banks
IND-S02784,Bhawānipatna,Odisha,0.0,ring-main,15,13,17.4,False,4.65,12.3,Reconfigure ties; balance 13 transformer banks
IND-S02785,Nagalapuram,Andhra Pradesh,8.7,double-bus,15,13,17.4,True,3.25,11.51,Reconfigure ties; balance 13 transformer banks
IND-S02786,Saugor,Madhya Pradesh,8.54,meshed-N-1,15,13,21.7,True,5.1,10.51,Reconfigure ties; balance 13 transformer banks
IND-S02787,Dhār,Madhya Pradesh,11.68,radial-spur,15,13,24.8,False,4.14,10.97,Reconfigure ties; balance 13 transformer banks
IND-S02788,Najafgarh,Delhi,0.01,parallel-bank,15,13,25.7,True,4.27,11.16,Reconfigure ties; balance 13 transformer banks
IND-S02789,Madurai,Tamil Nadu,0.13,sectionalized-ring,15,13,13.5,True,4.97,12.27,Reconfigure ties; balance 13 transformer banks
IND-S02790,Kirāri Sulemānnagar,Delhi,8.69,ring-main,15,13,27.4,False,3.27,10.41,Reconfigure ties; balance 13 transformer banks
IND-S02791,Mhow,Madhya Pradesh,0.01,double-bus,15,13,21.8,True,4.35,11.99,Reconfigure ties; balance 13 transformer banks
IND-S02792,Gorakhpur,Uttar Pradesh,0.0,meshed-N-1,15,13,21.0,True,2.9,11.75,Reconfigure ties; balance 13 transformer banks
IND-S02793,Secunderabad,Telangana,0.01,radial-spur,15,13,19.1,False,1.2,11.22,Reconfigure ties; balance 13 transformer banks
IND-S02794,Dalhousie,Himachal Pradesh,0.0,parallel-bank,15,13,25.4,True,3.99,11.78,Reconfigure ties; balance 13 transformer banks
IND-S02795,Balāngīr,Odisha,0.12,sectionalized-ring,15,13,18.2,True,3.87,10.43,Reconfigure ties; balance 13 transformer banks
IND-S02796,Yerrabalem,Andhra Pradesh,8.59,ring-main,15,13,22.8,False,7.43,12.08,Reconfigure ties; balance 13 transformer banks
IND-S02797,Davangere,Karnataka,0.01,double-bus,15,13,22.7,True,4.69,10.95,Reconfigure ties; balance 13 transformer banks
IND-S02798,Korba,Chhattisgarh,0.12,meshed-N-1,15,13,24.4,True,3.97,9.72,Reconfigure ties; balance 13 transformer banks
IND-S02799,Bhiwāni,Haryana,0.0,radial-spur,15,13,17.4,False,3.33,11.55,Reconfigure ties; balance 13 transformer banks
IND-S02800,Delhi,Delhi,10.79,parallel-bank,15,13,20.3,True,5.06,12.78,Reconfigure ties; balance 13 transformer banks
IND-S02801,Kota,Rajasthan,0.0,sectionalized-ring,15,13,20.5,True,4.07,10.58,Reconfigure ties; balance 13 transformer banks
IND-S02802,Rajasthan Hub Generation,Rajasthan,8.64,ring-main,15,13,12.0,False,5.44,11.45,Reconfigure ties; balance 13 transformer banks
IND-S02803,Kolkata,West Bengal,11.93,double-bus,15,13,19.0,True,4.24,11.69,Reconfigure ties; balance 13 transformer banks
IND-S02804,Pālanpur,Gujarat,8.94,meshed-N-1,15,13,24.4,True,5.24,10.9,Reconfigure ties; balance 13 transformer banks
IND-S02805,Bhiwandi,Maharashtra,9.65,radial-spur,15,13,20.0,False,2.61,11.22,Reconfigure ties; balance 13 transformer banks
IND-S02806,Coimbatore,Tamil Nadu,0.0,parallel-bank,15,13,25.3,True,2.98,11.78,Reconfigure ties; balance 13 transformer banks
IND-S02807,Brahmapur,Odisha,0.07,sectionalized-ring,15,13,24.5,True,3.2,11.68,Reconfigure ties; balance 13 transformer banks
IND-S02808,Thoothukudi,Tamil Nadu,0.12,ring-main,15,13,24.6,False,4.93,11.67,Reconfigure ties; balance 13 transformer banks
IND-S02809,Akola,Maharashtra,0.1,double-bus,15,13,21.3,True,3.84,12.32,Reconfigure ties; balance 13 transformer banks
IND-S02810,Ballari,Karnataka,8.75,meshed-N-1,15,13,27.1,True,4.52,10.71,Reconfigure ties; balance 13 transformer banks
IND-S02811,Sārni,Madhya Pradesh,32.33,radial-spur,15,13,27.0,False,2.73,10.67,Reconfigure ties; balance 13 transformer banks
IND-S02812,Bagbera,Jharkhand,8.35,parallel-bank,15,13,22.7,True,2.89,11.06,Reconfigure ties; balance 13 transformer banks
IND-S02813,Nashik,Maharashtra,8.47,sectionalized-ring,15,13,20.1,True,2.14,12.38,Reconfigure ties; balance 13 transformer banks
IND-S02814,Salem,Tamil Nadu,0.0,ring-main,15,13,24.2,False,2.71,11.59,Reconfigure ties; balance 13 transformer banks
IND-S02815,Thāna Bhawan,Uttar Pradesh,0.4,double-bus,15,13,20.4,True,2.42,12.09,Reconfigure ties; balance 13 transformer banks
IND-S02816,Ludhiana,Punjab,0.09,meshed-N-1,15,13,14.0,True,3.3,11.96,Reconfigure ties; balance 13 transformer banks
IND-S02817,Bengaluru,Karnataka,8.82,radial-spur,15,13,21.2,False,3.5,10.97,Reconfigure ties; balance 13 transformer banks
IND-S02818,Durgapur,West Bengal,8.69,parallel-bank,15,13,25.2,True,3.44,11.48,Reconfigure ties; balance 13 transformer banks
IND-S02819,Loni,Uttar Pradesh,0.0,sectionalized-ring,15,13,19.0,True,3.8,11.53,Reconfigure ties; balance 13 transformer banks
IND-S02820,Pimpri-Chinchwad,Maharashtra,0.01,ring-main,15,13,24.3,False,5.01,12.24,Reconfigure ties; balance 13 transformer banks
IND-S02821,Ambattur,Tamil Nadu,8.91,double-bus,15,13,24.6,True,3.76,11.64,Reconfigure ties; balance 13 transformer banks
IND-S02822,Mathura,Uttar Pradesh,0.0,meshed-N-1,15,13,18.3,True,5.35,11.26,Reconfigure ties; balance 13 transformer banks
IND-S02823,Rāghogarh,Madhya Pradesh,8.87,radial-spur,15,13,20.6,False,4.07,12.11,Reconfigure ties; balance 13 transformer banks
IND-S02824,Indore,Madhya Pradesh,10.9,parallel-bank,15,13,22.9,True,4.41,11.32,Reconfigure ties; balance 13 transformer banks
IND-S02825,Bidar,Karnataka,0.0,sectionalized-ring,15,13,29.0,True,2.12,10.43,Reconfigure ties; balance 13 transformer banks
IND-S02826,Pimpri,Maharashtra,9.87,ring-main,15,13,20.7,False,3.58,11.61,Reconfigure ties; balance 13 transformer banks
IND-S02827,Tirupati,Andhra Pradesh,8.58,double-bus,15,13,22.2,True,4.24,10.68,Reconfigure ties; balance 13 transformer banks
IND-S02828,Dehradun,Uttarakhand,0.08,meshed-N-1,15,13,26.4,True,4.83,11.37,Reconfigure ties; balance 13 transformer banks
IND-S02829,Thoothukudi,Tamil Nadu,0.07,radial-spur,15,13,23.0,False,3.01,11.21,Reconfigure ties; balance 13 transformer banks
IND-S02830,Pune,Maharashtra,9.02,parallel-bank,15,13,26.2,True,4.84,11.01,Reconfigure ties; balance 13 transformer banks
IND-S02831,Kalyān,Maharashtra,0.0,sectionalized-ring,15,13,24.2,True,2.43,10.47,Reconfigure ties; balance 13 transformer banks
IND-S02832,Pimpri,Maharashtra,9.53,ring-main,15,13,14.2,False,2.95,11.41,Reconfigure ties; balance 13 transformer banks
IND-S02833,Bhusawal,Maharashtra,0.0,double-bus,15,13,17.3,True,4.13,11.12,Reconfigure ties; balance 13 transformer banks
IND-S02834,Jāmkhed,Maharashtra,0.0,meshed-N-1,15,13,25.6,True,1.58,10.8,Reconfigure ties; balance 13 transformer banks
IND-S02835,Tamil Nadu Hub Generation,Tamil Nadu,0.0,radial-spur,15,13,16.0,False,3.12,11.65,Reconfigure ties; balance 13 transformer banks
IND-S02836,Bihār Sharīf,Bihar,0.0,parallel-bank,15,13,22.8,True,4.51,11.41,Reconfigure ties; balance 13 transformer banks
IND-S02837,Hodal,Haryana,0.0,sectionalized-ring,15,13,20.4,True,4.13,10.89,Reconfigure ties; balance 13 transformer banks
IND-S02838,Ariyalūrtirukkai,Tamil Nadu,0.0,ring-main,15,13,20.7,False,2.48,11.48,Reconfigure ties; balance 13 transformer banks
IND-S02839,Meerut,Uttar Pradesh,0.47,double-bus,15,13,20.2,True,3.17,11.34,Reconfigure ties; balance 13 transformer banks
IND-S02840,Tiruppur,Tamil Nadu,9.85,meshed-N-1,15,13,23.3,True,3.64,10.22,Reconfigure ties; balance 13 transformer banks
IND-S02841,Begusarai,Bihar,0.0,radial-spur,15,13,22.9,False,4.92,11.64,Reconfigure ties; balance 13 transformer banks
IND-S02842,Satna,Madhya Pradesh,0.0,parallel-bank,15,13,17.1,True,3.91,12.38,Reconfigure ties; balance 13 transformer banks
IND-S02843,Achākpur,Uttar Pradesh,0.0,sectionalized-ring,15,13,30.3,True,4.97,11.64,Reconfigure ties; balance 13 transformer banks
IND-S02844,Ahmedabad,Gujarat,0.5,ring-main,15,13,17.0,False,2.46,11.25,Reconfigure ties; balance 13 transformer banks
IND-S02845,Pimpri,Maharashtra,0.12,double-bus,15,13,19.0,True,2.95,12.12,Reconfigure ties; balance 13 transformer banks
IND-S02846,Bareilly,Uttar Pradesh,9.33,meshed-N-1,15,13,22.6,True,3.69,12.4,Reconfigure ties; balance 13 transformer banks
IND-S02847,Mumbai,Maharashtra,8.75,radial-spur,15,13,24.4,False,3.39,11.76,Reconfigure ties; balance 13 transformer banks
IND-S02848,Hānsi,Haryana,0.0,parallel-bank,15,13,18.0,True,3.34,11.28,Reconfigure ties; balance 13 transformer banks
IND-S02849,Sīkar,Rajasthan,10.72,sectionalized-ring,15,13,15.1,True,4.42,10.36,Reconfigure ties; balance 13 transformer banks
IND-S02850,Kalyān,Maharashtra,0.0,ring-main,15,13,20.0,False,3.36,11.13,Reconfigure ties; balance 13 transformer banks
IND-S02851,Mumbai,Maharashtra,1.01,double-bus,15,13,22.5,True,2.21,11.73,Reconfigure ties; balance 13 transformer banks
IND-S02852,Rāichūr,Karnataka,10.06,meshed-N-1,15,13,12.0,True,4.0,12.91,Reconfigure ties; balance 13 transformer banks
IND-S02853,Atāil,Haryana,9.02,radial-spur,15,13,23.1,False,3.06,11.43,Reconfigure ties; balance 13 transformer banks
IND-S02854,Budhni,Madhya Pradesh,9.05,parallel-bank,15,13,25.1,True,3.34,10.58,Reconfigure ties; balance 13 transformer banks
IND-S02855,Bokāro,Jharkhand,9.02,sectionalized-ring,15,13,24.1,True,2.94,12.27,Reconfigure ties; balance 13 transformer banks
IND-S02856,Varanasi,Uttar Pradesh,30.25,ring-main,15,13,18.9,False,3.36,11.23,Reconfigure ties; balance 13 transformer banks
IND-S02857,Mango,Jharkhand,0.0,double-bus,15,13,20.3,True,2.5,12.02,Reconfigure ties; balance 13 transformer banks
IND-S02858,Bharatpur,Rajasthan,0.0,meshed-N-1,15,13,13.8,True,4.54,11.22,Reconfigure ties; balance 13 transformer banks
IND-S02859,Balasore,Odisha,0.0,radial-spur,15,13,17.5,False,2.87,10.78,Reconfigure ties; balance 13 transformer banks
IND-S02860,Kizhuppillikkara,Kerala,9.04,parallel-bank,15,13,15.7,True,4.67,11.74,Reconfigure ties; balance 13 transformer banks
IND-S02861,Gevrai,Maharashtra,8.52,sectionalized-ring,15,13,18.4,True,5.07,9.82,Reconfigure ties; balance 13 transformer banks
IND-S02862,Varanasi,Uttar Pradesh,12.05,ring-main,15,13,23.9,False,4.56,11.33,Reconfigure ties; balance 13 transformer banks
IND-S02863,Jodhpur,Rajasthan,8.83,double-bus,15,13,20.7,True,3.2,11.66,Reconfigure ties; balance 13 transformer banks
IND-S02864,Bhopal,Madhya Pradesh,10.65,meshed-N-1,15,13,24.9,True,3.29,10.06,Reconfigure ties; balance 13 transformer banks
IND-S02865,Morādābād,Uttar Pradesh,0.0,radial-spur,15,13,23.4,False,3.58,11.24,Reconfigure ties; balance 13 transformer banks
IND-S02866,Chāpra,Bihar,0.0,parallel-bank,15,13,26.8,True,3.62,12.64,Reconfigure ties; balance 13 transformer banks
IND-S02867,Durgapur,West Bengal,0.15,sectionalized-ring,15,13,28.3,True,2.27,11.74,Reconfigure ties; balance 13 transformer banks
IND-S02868,Murwāra,Madhya Pradesh,0.0,ring-main,15,13,25.9,False,3.43,11.31,Reconfigure ties; balance 13 transformer banks
IND-S02869,Lucknow,Uttar Pradesh,0.0,double-bus,15,13,23.4,True,3.99,12.84,Reconfigure ties; balance 13 transformer banks
IND-S02870,Dhule,Maharashtra,0.0,meshed-N-1,15,13,16.7,True,3.48,10.42,Reconfigure ties; balance 13 transformer banks
IND-S02871,Shivpuri,Madhya Pradesh,0.0,radial-spur,15,13,22.3,False,1.39,11.12,Reconfigure ties; balance 13 transformer banks
IND-S02872,Puducherry,Puducherry,33.6,parallel-bank,15,13,19.9,True,3.68,11.54,Reconfigure ties; balance 13 transformer banks
IND-S02873,Panruti,Tamil Nadu,0.0,sectionalized-ring,15,13,25.8,True,3.52,12.08,Reconfigure ties; balance 13 transformer banks
IND-S02874,Faridabad,Haryana,0.17,ring-main,15,13,17.3,False,1.82,11.57,Reconfigure ties; balance 13 transformer banks
IND-S02875,Kota,Rajasthan,0.0,double-bus,15,13,26.7,True,5.0,10.51,Reconfigure ties; balance 13 transformer banks
IND-S02876,Kallakurichi,Tamil Nadu,8.85,meshed-N-1,15,13,23.8,True,5.74,11.41,Reconfigure ties; balance 13 transformer banks
IND-S02877,Bhetia,Jharkhand,0.0,radial-spur,15,13,15.2,False,4.45,10.13,Reconfigure ties; balance 13 transformer banks
IND-S02878,Shivamogga,Karnataka,0.14,parallel-bank,15,13,21.8,True,6.0,10.9,Reconfigure ties; balance 13 transformer banks
IND-S02879,Amarāvādgi,Karnataka,0.0,sectionalized-ring,15,13,22.2,True,3.73,10.43,Reconfigure ties; balance 13 transformer banks
IND-S02880,Patuvilāyi,Kerala,0.2,ring-main,15,13,12.0,False,2.81,13.02,Reconfigure ties; balance 13 transformer banks
IND-S02881,Nagpur,Maharashtra,8.92,double-bus,15,13,29.2,True,3.95,12.05,Reconfigure ties; balance 13 transformer banks
IND-S02882,Warangal,Telangana,0.0,meshed-N-1,15,13,23.1,True,3.06,12.12,Reconfigure ties; balance 13 transformer banks
IND-S02883,Lucknow,Uttar Pradesh,9.08,radial-spur,15,13,21.5,False,5.05,10.38,Reconfigure ties; balance 13 transformer banks
IND-S02884,Arandiya,Madhya Pradesh,9.02,parallel-bank,15,13,25.0,True,2.75,12.01,Reconfigure ties; balance 13 transformer banks
IND-S02885,Jagtiāl,Telangana,8.8,sectionalized-ring,15,13,24.8,True,1.2,11.25,Reconfigure ties; balance 13 transformer banks
IND-S02886,Gudivāda,Andhra Pradesh,0.0,ring-main,15,13,20.7,False,3.17,11.69,Reconfigure ties; balance 13 transformer banks
IND-S02887,Shāhpura,Rajasthan,8.69,double-bus,15,13,19.6,True,1.84,10.8,Reconfigure ties; balance 13 transformer banks
IND-S02888,Gurugram,Haryana,0.0,meshed-N-1,15,13,21.5,True,3.98,11.64,Reconfigure ties; balance 13 transformer banks
IND-S02889,Daudnagar,Bihar,0.0,radial-spur,15,13,19.8,False,3.98,11.71,Reconfigure ties; balance 13 transformer banks
IND-S02890,Bengaluru,Karnataka,0.0,parallel-bank,15,13,21.5,True,4.72,10.76,Reconfigure ties; balance 13 transformer banks
IND-S02891,Prayagraj,Uttar Pradesh,1.15,sectionalized-ring,15,13,21.2,True,5.17,10.86,Reconfigure ties; balance 13 transformer banks
IND-S02892,Varanasi,Uttar Pradesh,9.11,ring-main,15,13,17.3,False,3.73,11.89,Reconfigure ties; balance 13 transformer banks
IND-S02893,Hāthras,Uttar Pradesh,0.0,double-bus,15,13,13.5,True,3.79,10.52,Reconfigure ties; balance 13 transformer banks
IND-S02894,Chennai,Tamil Nadu,0.0,meshed-N-1,15,13,21.7,True,3.39,12.63,Reconfigure ties; balance 13 transformer banks
IND-S02895,Hamīrgarh,Rajasthan,8.68,radial-spur,15,13,25.3,False,4.83,9.61,Reconfigure ties; balance 13 transformer banks
IND-S02896,Adoni,Andhra Pradesh,0.09,parallel-bank,15,13,23.4,True,2.42,11.31,Reconfigure ties; balance 13 transformer banks
IND-S02897,Bareilly,Uttar Pradesh,0.03,sectionalized-ring,15,13,12.1,True,3.57,11.75,Reconfigure ties; balance 13 transformer banks
IND-S02898,Agra,Uttar Pradesh,0.0,ring-main,15,13,23.2,False,4.39,11.72,Reconfigure ties; balance 13 transformer banks
IND-S02899,Thoothukudi,Tamil Nadu,0.15,double-bus,15,13,28.2,True,5.75,10.75,Reconfigure ties; balance 13 transformer banks
IND-S02900,Chennai,Tamil Nadu,0.18,meshed-N-1,15,13,26.5,True,3.5,12.16,Reconfigure ties; balance 13 transformer banks
IND-S02901,Delhi,Delhi,10.59,radial-spur,15,13,24.9,False,2.9,13.15,Reconfigure ties; balance 13 transformer banks
IND-S02902,Chennai,Tamil Nadu,0.35,parallel-bank,15,13,25.8,True,4.52,10.92,Reconfigure ties; balance 13 transformer banks
IND-S02903,Ponnāni,Kerala,9.97,sectionalized-ring,15,13,21.1,True,4.17,12.45,Reconfigure ties; balance 13 transformer banks
IND-S02904,Thāne,Maharashtra,12.04,ring-main,15,13,32.4,False,3.42,10.48,Reconfigure ties; balance 13 transformer banks
IND-S02905,Uttarakhand Hub Generation,Uttarakhand,8.8,double-bus,15,13,18.5,True,3.36,10.28,Reconfigure ties; balance 13 transformer banks
IND-S02906,Delhi,Delhi,8.88,meshed-N-1,15,13,22.8,True,2.7,11.25,Reconfigure ties; balance 13 transformer banks
IND-S02907,Murwāra,Madhya Pradesh,0.12,radial-spur,15,13,24.7,False,5.11,12.6,Reconfigure ties; balance 13 transformer banks
IND-S02908,Kākināda,Andhra Pradesh,0.0,parallel-bank,15,13,27.3,True,2.86,11.11,Reconfigure ties; balance 13 transformer banks
IND-S02909,Kānūru,Andhra Pradesh,0.07,sectionalized-ring,15,13,17.3,True,3.92,10.28,Reconfigure ties; balance 13 transformer banks
IND-S02910,Virār,Maharashtra,0.02,ring-main,15,13,19.9,False,5.46,11.5,Reconfigure ties; balance 13 transformer banks
IND-S02911,Bengaluru,Karnataka,0.0,double-bus,15,13,21.5,True,4.58,12.35,Reconfigure ties; balance 13 transformer banks
IND-S02912,Gandhinagar,Gujarat,8.59,meshed-N-1,15,13,20.2,True,5.32,11.53,Reconfigure ties; balance 13 transformer banks
IND-S02913,Salem,Tamil Nadu,8.51,radial-spur,15,13,27.9,False,3.89,10.75,Reconfigure ties; balance 13 transformer banks
IND-S02914,Jalgaon,Maharashtra,0.0,parallel-bank,15,13,13.2,True,2.5,12.96,Reconfigure ties; balance 13 transformer banks
IND-S02915,Delhi,Delhi,0.0,sectionalized-ring,15,13,19.2,True,4.27,11.8,Reconfigure ties; balance 13 transformer banks
IND-S02916,Najafgarh,Delhi,10.95,ring-main,15,13,27.0,False,4.45,11.93,Reconfigure ties; balance 13 transformer banks
IND-S02917,Shertallai,Kerala,0.0,double-bus,15,13,18.9,True,2.71,11.53,Reconfigure ties; balance 13 transformer banks
IND-S02918,Guntur,Andhra Pradesh,0.13,meshed-N-1,15,13,24.2,True,2.74,13.14,Reconfigure ties; balance 13 transformer banks
IND-S02919,Ludhiana,Punjab,0.21,radial-spur,15,13,26.4,False,2.79,11.42,Reconfigure ties; balance 13 transformer banks
IND-S02920,Ghāziābād,Uttar Pradesh,0.01,parallel-bank,15,13,18.1,True,1.98,11.97,Reconfigure ties; balance 13 transformer banks
IND-S02921,Kuruvattūr,Kerala,10.32,sectionalized-ring,15,13,17.3,True,3.7,11.73,Reconfigure ties; balance 13 transformer banks
IND-S02922,Indore,Madhya Pradesh,0.11,ring-main,15,13,19.8,False,2.29,11.72,Reconfigure ties; balance 13 transformer banks
IND-S02923,Umarkhed,Maharashtra,0.04,double-bus,15,13,20.9,True,2.81,11.73,Reconfigure ties; balance 13 transformer banks
IND-S02924,Aurangabad,Maharashtra,0.0,meshed-N-1,15,13,20.7,True,3.34,11.96,Reconfigure ties; balance 13 transformer banks
IND-S02925,Varanasi,Uttar Pradesh,0.0,radial-spur,15,13,23.8,False,5.77,10.86,Reconfigure ties; balance 13 transformer banks
IND-S02926,Chāpra,Bihar,8.8,parallel-bank,15,13,15.6,True,4.37,12.08,Reconfigure ties; balance 13 transformer banks
IND-S02927,Phalodi,Rajasthan,0.0,sectionalized-ring,15,13,16.2,True,3.74,12.34,Reconfigure ties; balance 13 transformer banks
IND-S02928,Baben,Gujarat,0.0,ring-main,15,13,19.3,False,5.07,11.64,Reconfigure ties; balance 13 transformer banks
IND-S02929,Dibrugarh,Assam,8.46,double-bus,15,13,21.9,True,2.18,11.98,Reconfigure ties; balance 13 transformer banks
IND-S02930,Gorakhpur,Uttar Pradesh,0.02,meshed-N-1,15,13,19.9,True,4.01,11.8,Reconfigure ties; balance 13 transformer banks
IND-S02931,Tiruchengode,Tamil Nadu,9.01,radial-spur,15,13,25.1,False,3.94,10.42,Reconfigure ties; balance 13 transformer banks
IND-S02932,Alvagadde,Karnataka,0.0,parallel-bank,15,13,23.6,True,2.56,11.94,Reconfigure ties; balance 13 transformer banks
IND-S02933,Argawān,Uttar Pradesh,0.0,sectionalized-ring,15,13,23.5,True,3.31,11.86,Reconfigure ties; balance 13 transformer banks
IND-S02934,Kolhāpur,Maharashtra,8.77,ring-main,15,13,27.7,False,4.71,13.44,Reconfigure ties; balance 13 transformer banks
IND-S02935,Bhilai,Chhattisgarh,8.47,double-bus,15,13,18.4,True,3.62,11.79,Reconfigure ties; balance 13 transformer banks
IND-S02936,Ainapalli,Telangana,8.67,meshed-N-1,15,13,17.8,True,5.73,12.26,Reconfigure ties; balance 13 transformer banks
IND-S02937,Hubballi,Karnataka,0.02,radial-spur,15,13,16.9,False,3.8,11.79,Reconfigure ties; balance 13 transformer banks
IND-S02938,Bihār Sharīf,Bihar,8.8,parallel-bank,15,13,20.7,True,4.62,12.06,Reconfigure ties; balance 13 transformer banks
IND-S02939,Chennai,Tamil Nadu,8.69,sectionalized-ring,15,13,20.5,True,3.94,10.86,Reconfigure ties; balance 13 transformer banks
IND-S02940,Davangere,Karnataka,11.39,ring-main,15,13,20.0,False,2.66,12.16,Reconfigure ties; balance 13 transformer banks
IND-S02941,Faridabad,Haryana,13.32,double-bus,15,13,17.4,True,2.21,10.51,Reconfigure ties; balance 13 transformer banks
IND-S02942,Bhāgalpur,Bihar,0.0,meshed-N-1,15,13,17.4,True,6.06,11.12,Reconfigure ties; balance 13 transformer banks
IND-S02943,Jhunjhunūn,Rajasthan,0.0,radial-spur,15,13,19.5,False,4.32,11.11,Reconfigure ties; balance 13 transformer banks
IND-S02944,Agra,Uttar Pradesh,0.0,parallel-bank,15,13,27.5,True,3.33,12.09,Reconfigure ties; balance 13 transformer banks
IND-S02945,Jodhpur,Rajasthan,11.0,sectionalized-ring,15,13,15.4,True,5.09,11.55,Reconfigure ties; balance 13 transformer banks
IND-S02946,Abdul Rahim ka Tala,Rajasthan,8.66,ring-main,15,13,24.0,False,2.66,11.92,Reconfigure ties; balance 13 transformer banks
IND-S02947,Ballari,Karnataka,9.87,double-bus,15,13,24.8,True,4.85,12.36,Reconfigure ties; balance 13 transformer banks
IND-S02948,Pathānkot,Punjab,8.76,meshed-N-1,15,13,21.4,True,4.82,11.27,Reconfigure ties; balance 13 transformer banks
IND-S02949,Naya Gaon,Punjab,0.0,radial-spur,15,13,19.2,False,3.33,11.61,Reconfigure ties; balance 13 transformer banks
IND-S02950,Pimpri-Chinchwad,Maharashtra,8.73,parallel-bank,15,13,20.2,True,4.77,11.69,Reconfigure ties; balance 13 transformer banks
IND-S02951,Jodhpur,Rajasthan,0.0,sectionalized-ring,15,13,19.8,True,5.89,10.38,Reconfigure ties; balance 13 transformer banks
IND-S02952,Faridabad,Haryana,8.55,ring-main,15,13,12.0,False,3.54,11.4,Reconfigure ties; balance 13 transformer banks
IND-S02953,Kurnool,Andhra Pradesh,0.0,double-bus,15,13,24.8,True,2.04,11.66,Reconfigure ties; balance 13 transformer banks
IND-S02954,Punāsa,Madhya Pradesh,0.0,meshed-N-1,15,13,24.1,True,3.5,11.38,Reconfigure ties; balance 13 transformer banks
IND-S02955,Najafgarh,Delhi,0.69,radial-spur,15,13,19.8,False,4.3,11.08,Reconfigure ties; balance 13 transformer banks
IND-S02956,Jodhpur,Rajasthan,0.0,parallel-bank,15,13,15.3,True,6.89,10.75,Reconfigure ties; balance 13 transformer banks
IND-S02957,Doiwāla,Uttarakhand,9.03,sectionalized-ring,15,13,16.1,True,4.99,11.58,Reconfigure ties; balance 13 transformer banks
IND-S02958,Khadki,Maharashtra,8.45,ring-main,15,13,14.2,False,7.21,10.62,Reconfigure ties; balance 13 transformer banks
IND-S02959,Sambalpur,Odisha,0.0,double-bus,15,13,24.3,True,5.99,11.3,Reconfigure ties; balance 13 transformer banks
IND-S02960,Vadodara,Gujarat,0.23,meshed-N-1,15,13,18.0,True,3.11,11.95,Reconfigure ties; balance 13 transformer banks
IND-S02961,Morādābād,Uttar Pradesh,0.0,radial-spur,15,13,21.0,False,5.09,11.79,Reconfigure ties; balance 13 transformer banks
IND-S02962,Siliguri,West Bengal,0.04,parallel-bank,15,13,21.9,True,3.85,12.21,Reconfigure ties; balance 13 transformer banks
IND-S02963,Ludhiana,Punjab,0.2,sectionalized-ring,15,13,26.7,True,3.65,11.27,Reconfigure ties; balance 13 transformer banks
IND-S02964,Bikaner,Rajasthan,0.0,ring-main,15,13,18.2,False,3.97,11.51,Reconfigure ties; balance 13 transformer banks
IND-S02965,Ludhiana,Punjab,8.72,double-bus,15,13,20.1,True,3.52,12.5,Reconfigure ties; balance 13 transformer banks
IND-S02966,Thāne,Maharashtra,0.0,meshed-N-1,15,13,21.9,True,4.86,10.56,Reconfigure ties; balance 13 transformer banks
IND-S02967,Meerut,Uttar Pradesh,0.16,radial-spur,15,13,26.3,False,3.76,11.68,Reconfigure ties; balance 13 transformer banks
IND-S02968,Alamsar,Rajasthan,0.0,parallel-bank,15,13,23.8,True,3.88,11.0,Reconfigure ties; balance 13 transformer banks
IND-S02969,Kawāi,Rajasthan,8.46,sectionalized-ring,15,13,22.6,True,3.9,11.9,Reconfigure ties; balance 13 transformer banks
IND-S02970,Auraiya,Uttar Pradesh,0.01,ring-main,15,13,24.4,False,3.5,11.44,Reconfigure ties; balance 13 transformer banks
IND-S02971,Mumbai,Maharashtra,9.04,double-bus,15,13,27.5,True,4.0,11.18,Reconfigure ties; balance 13 transformer banks
IND-S02972,Vidisha,Madhya Pradesh,0.12,meshed-N-1,15,13,21.9,True,2.66,12.2,Reconfigure ties; balance 13 transformer banks
IND-S02973,Bāwal,Haryana,8.69,radial-spur,15,13,17.5,False,4.34,10.76,Reconfigure ties; balance 13 transformer banks
IND-S02974,Nellore,Andhra Pradesh,0.0,parallel-bank,15,13,21.3,True,2.29,11.56,Reconfigure ties; balance 13 transformer banks
IND-S02975,Viramgām,Gujarat,0.0,sectionalized-ring,15,13,26.4,True,6.02,11.28,Reconfigure ties; balance 13 transformer banks
IND-S02976,Ettaiyapuram,Tamil Nadu,0.0,ring-main,15,13,19.3,False,3.41,11.32,Reconfigure ties; balance 13 transformer banks
IND-S02977,Pīlibhīt,Uttar Pradesh,8.92,double-bus,15,13,17.3,True,4.15,12.29,Reconfigure ties; balance 13 transformer banks
IND-S02978,Gandhinagar,Gujarat,0.0,meshed-N-1,15,13,21.9,True,2.96,12.98,Reconfigure ties; balance 13 transformer banks
IND-S02979,Madanapalle,Andhra Pradesh,9.01,radial-spur,15,13,27.8,False,4.86,12.13,Reconfigure ties; balance 13 transformer banks
IND-S02980,Raipur,Chhattisgarh,0.06,parallel-bank,15,13,22.6,True,4.43,11.21,Reconfigure ties; balance 13 transformer banks
IND-S02981,Jaipur,Rajasthan,0.0,sectionalized-ring,15,13,21.0,True,4.43,12.01,Reconfigure ties; balance 13 transformer banks
IND-S02982,Khadki,Maharashtra,0.07,ring-main,15,13,15.3,False,3.2,10.9,Reconfigure ties; balance 13 transformer banks
IND-S02983,Sinnar,Maharashtra,0.0,double-bus,15,13,23.8,True,3.67,11.18,Reconfigure ties; balance 13 transformer banks
IND-S02984,Dewas,Madhya Pradesh,0.0,meshed-N-1,15,13,25.7,True,3.66,11.58,Reconfigure ties; balance 13 transformer banks
IND-S02985,Aulajharan,Odisha,0.0,radial-spur,15,13,17.0,False,3.17,11.71,Reconfigure ties; balance 13 transformer banks
IND-S02986,Rājkot,Gujarat,0.0,parallel-bank,15,13,15.0,True,5.13,11.98,Reconfigure ties; balance 13 transformer banks
IND-S02987,Prayagraj,Uttar Pradesh,0.18,sectionalized-ring,15,13,27.7,True,4.23,12.26,Reconfigure ties; balance 13 transformer banks
IND-S02988,Kodungallūr,Kerala,8.34,ring-main,15,13,19.2,False,4.13,12.17,Reconfigure ties; balance 13 transformer banks
IND-S02989,Malakanagiri,Odisha,9.02,double-bus,15,13,20.8,True,5.54,11.97,Reconfigure ties; balance 13 transformer banks
IND-S02990,Lucknow,Uttar Pradesh,0.29,meshed-N-1,15,13,21.6,True,3.38,11.27,Reconfigure ties; balance 13 transformer banks
IND-S02991,Udaipur,Rajasthan,0.02,radial-spur,15,13,20.7,False,4.34,10.82,Reconfigure ties; balance 13 transformer banks
IND-S02992,Indore,Madhya Pradesh,8.54,parallel-bank,15,13,21.5,True,3.74,12.58,Reconfigure ties; balance 13 transformer banks
IND-S02993,Warangal,Telangana,8.54,sectionalized-ring,15,13,21.4,True,3.77,11.04,Reconfigure ties; balance 13 transformer banks
IND-S02994,Rangia,Assam,0.0,ring-main,15,13,18.6,False,4.6,11.84,Reconfigure ties; balance 13 transformer banks
IND-S02995,Angatta,Karnataka,0.0,double-bus,15,13,29.8,True,5.48,10.77,Reconfigure ties; balance 13 transformer banks
IND-S02996,Chandigarh,Chandigarh,11.4,meshed-N-1,15,13,25.9,True,3.85,12.3,Reconfigure ties; balance 13 transformer banks
IND-S02997,Howrah,West Bengal,9.05,radial-spur,15,13,22.3,False,4.05,12.5,Reconfigure ties; balance 13 transformer banks
IND-S02998,Anthua,Uttar Pradesh,8.4,parallel-bank,15,13,19.1,True,4.0,11.71,Reconfigure ties; balance 13 transformer banks
IND-S02999,Raipur,Chhattisgarh,0.0,sectionalized-ring,15,13,22.0,True,5.01,11.58,Reconfigure ties; balance 13 transformer banks
IND-S03000,Muzaffarpur,Bihar,0.01,ring-main,15,13,19.7,False,2.15,10.52,Reconfigure ties; balance 13 transformer banks
IND-S03001,Aurangabad,Maharashtra,0.13,double-bus,15,13,21.6,True,2.55,11.61,Reconfigure ties; balance 13 transformer banks
IND-S03002,Vīrappanchathiram,Tamil Nadu,0.0,meshed-N-1,15,13,22.1,True,2.53,11.3,Reconfigure ties; balance 13 transformer banks
IND-S03003,Najībābād,Uttar Pradesh,0.0,radial-spur,15,13,12.9,False,3.5,11.49,Reconfigure ties; balance 13 transformer banks
IND-S03004,Bhubaneswar,Odisha,9.4,parallel-bank,15,13,25.6,True,2.76,11.53,Reconfigure ties; balance 13 transformer banks
IND-S03005,Ahmedabad,Gujarat,0.4,sectionalized-ring,15,13,12.0,True,5.3,12.26,Reconfigure ties; balance 13 transformer banks
IND-S03006,Devarkonda,Telangana,8.48,ring-main,15,13,24.7,False,4.24,13.04,Reconfigure ties; balance 13 transformer banks
IND-S03007,Kanpur,Uttar Pradesh,0.0,double-bus,15,13,31.0,True,4.64,11.83,Reconfigure ties; balance 13 transformer banks
IND-S03008,Giddarbāha,Punjab,9.01,meshed-N-1,15,13,23.3,True,3.0,11.29,Reconfigure ties; balance 13 transformer banks
IND-S03009,Nallūr,Tamil Nadu,8.63,radial-spur,15,13,19.9,False,1.75,11.4,Reconfigure ties; balance 13 transformer banks
IND-S03010,Āsansol,West Bengal,0.16,parallel-bank,15,13,20.0,True,5.44,12.58,Reconfigure ties; balance 13 transformer banks
IND-S03011,Kotma,Madhya Pradesh,8.56,sectionalized-ring,15,13,24.6,True,3.76,11.54,Reconfigure ties; balance 13 transformer banks
IND-S03012,Hāpur,Uttar Pradesh,8.63,ring-main,15,13,20.4,False,3.25,10.69,Reconfigure ties; balance 13 transformer banks
IND-S03013,Ambattur,Tamil Nadu,0.09,double-bus,15,13,22.8,True,4.34,11.43,Reconfigure ties; balance 13 transformer banks
IND-S03014,Bhavnagar,Gujarat,0.0,meshed-N-1,15,13,22.7,True,4.1,11.52,Reconfigure ties; balance 13 transformer banks
IND-S03015,Coimbatore,Tamil Nadu,9.79,radial-spur,15,13,23.5,False,2.74,12.56,Reconfigure ties; balance 13 transformer banks
IND-S03016,Najafgarh,Delhi,0.01,parallel-bank,15,13,23.2,True,2.61,11.86,Reconfigure ties; balance 13 transformer banks
IND-S03017,Kākināda,Andhra Pradesh,8.79,sectionalized-ring,15,13,20.2,True,5.79,11.95,Reconfigure ties; balance 13 transformer banks
IND-S03018,Karnataka Hub Generation,Karnataka,0.0,ring-main,15,13,18.1,False,4.02,9.87,Reconfigure ties; balance 13 transformer banks
IND-S03019,Farīdkot,Punjab,8.64,double-bus,15,13,24.3,True,4.08,10.99,Reconfigure ties; balance 13 transformer banks
IND-S03020,Bharatpur,Rajasthan,0.08,meshed-N-1,15,13,22.4,True,2.99,12.37,Reconfigure ties; balance 13 transformer banks
IND-S03021,Tiruppur,Tamil Nadu,8.55,radial-spur,15,13,23.7,False,4.7,11.22,Reconfigure ties; balance 13 transformer banks
IND-S03022,Purnia,Bihar,8.58,parallel-bank,15,13,20.6,True,3.44,10.42,Reconfigure ties; balance 13 transformer banks
IND-S03023,Muktsar,Punjab,0.0,sectionalized-ring,15,13,24.9,True,3.35,11.36,Reconfigure ties; balance 13 transformer banks
IND-S03024,Aktītola,Maharashtra,8.95,ring-main,15,13,19.5,False,5.89,11.43,Reconfigure ties; balance 13 transformer banks
IND-S03025,Agra,Uttar Pradesh,0.0,double-bus,15,13,19.0,True,3.59,11.48,Reconfigure ties; balance 13 transformer banks
IND-S03026,Howrah,West Bengal,8.73,meshed-N-1,15,13,18.4,True,3.37,12.07,Reconfigure ties; balance 13 transformer banks
IND-S03027,Bengaluru,Karnataka,8.73,radial-spur,15,13,20.5,False,4.39,11.36,Reconfigure ties; balance 13 transformer banks
IND-S03028,Phusro,Jharkhand,8.53,parallel-bank,15,13,18.2,True,4.75,13.25,Reconfigure ties; balance 13 transformer banks
IND-S03029,Ludhiana,Punjab,0.0,sectionalized-ring,15,13,23.1,True,3.63,11.69,Reconfigure ties; balance 13 transformer banks
IND-S03030,Shivamogga,Karnataka,0.0,ring-main,15,13,22.9,False,4.23,11.5,Reconfigure ties; balance 13 transformer banks
IND-S03031,Siliguri,West Bengal,0.0,double-bus,15,13,22.0,True,2.74,11.34,Reconfigure ties; balance 13 transformer banks
IND-S03032,Uttarakhand Hub Generation,Uttarakhand,8.36,meshed-N-1,15,13,24.3,True,3.07,11.8,Reconfigure ties; balance 13 transformer banks
IND-S03033,Jamnagar,Gujarat,8.39,radial-spur,15,13,23.1,False,4.38,10.8,Reconfigure ties; balance 13 transformer banks
IND-S03034,Nashik,Maharashtra,9.39,parallel-bank,15,13,28.8,True,3.66,12.74,Reconfigure ties; balance 13 transformer banks
IND-S03035,Nakhula Grant,Assam,0.0,sectionalized-ring,15,13,20.9,True,3.71,11.04,Reconfigure ties; balance 13 transformer banks
IND-S03036,Narasaraopet,Andhra Pradesh,0.0,ring-main,15,13,19.0,False,4.01,12.84,Reconfigure ties; balance 13 transformer banks
IND-S03037,Silvassa,Dadra and Nagar Haveli and Daman and Diu,0.0,double-bus,15,13,24.8,True,4.74,11.03,Reconfigure ties; balance 13 transformer banks
IND-S03038,Delhi,Delhi,0.34,meshed-N-1,15,13,17.6,True,2.17,11.78,Reconfigure ties; balance 13 transformer banks
IND-S03039,Rajasthan Hub Generation,Rajasthan,0.0,radial-spur,15,13,18.0,False,3.6,11.89,Reconfigure ties; balance 13 transformer banks
IND-S03040,Rājkot,Gujarat,0.12,parallel-bank,15,13,27.2,True,2.95,12.02,Reconfigure ties; balance 13 transformer banks
IND-S03041,Dalūpura,Delhi,8.68,sectionalized-ring,15,13,25.2,True,5.66,11.28,Reconfigure ties; balance 13 transformer banks
IND-S03042,Gaddi Annaram,Telangana,0.08,ring-main,15,13,27.8,False,3.99,12.17,Reconfigure ties; balance 13 transformer banks
IND-S03043,Uttarakhand Hub Generation,Uttarakhand,8.81,double-bus,15,13,18.8,True,3.29,11.29,Reconfigure ties; balance 13 transformer banks
IND-S03044,Alaipura,Uttar Pradesh,0.0,meshed-N-1,15,13,17.7,True,3.21,11.04,Reconfigure ties; balance 13 transformer banks
IND-S03045,Mahwa,Rajasthan,0.0,radial-spur,15,13,18.9,False,3.82,11.12,Reconfigure ties; balance 13 transformer banks
IND-S03046,Virār,Maharashtra,0.0,parallel-bank,15,13,21.9,True,2.78,12.21,Reconfigure ties; balance 13 transformer banks
IND-S03047,Tiruvankod,Tamil Nadu,0.0,sectionalized-ring,15,13,18.0,True,4.34,11.41,Reconfigure ties; balance 13 transformer banks
IND-S03048,Borivli,Maharashtra,11.31,ring-main,15,13,26.9,False,4.75,11.0,Reconfigure ties; balance 13 transformer banks
IND-S03049,Chennai,Tamil Nadu,0.33,double-bus,15,13,22.6,True,2.62,10.55,Reconfigure ties; balance 13 transformer banks
IND-S03050,Pimpri,Maharashtra,0.0,meshed-N-1,15,13,25.6,True,2.08,11.48,Reconfigure ties; balance 13 transformer banks
IND-S03051,Sholapur,Maharashtra,9.29,radial-spur,15,13,26.1,False,2.89,12.3,Reconfigure ties; balance 13 transformer banks
IND-S03052,Haridwar,Uttarakhand,8.64,parallel-bank,15,13,20.8,True,2.67,11.77,Reconfigure ties; balance 13 transformer banks
IND-S03053,Kuniyamuttūr,Tamil Nadu,0.27,sectionalized-ring,15,13,19.5,True,3.84,12.11,Reconfigure ties; balance 13 transformer banks
IND-S03054,Bengaluru,Karnataka,9.56,ring-main,15,13,27.4,False,5.8,10.83,Reconfigure ties; balance 13 transformer banks
IND-S03055,Aurangabad,Maharashtra,33.41,double-bus,15,13,22.5,True,3.12,11.75,Reconfigure ties; balance 13 transformer banks
IND-S03056,Pallichal,Kerala,0.0,meshed-N-1,15,13,28.4,True,2.94,10.68,Reconfigure ties; balance 13 transformer banks
IND-S03057,Elamkunnapuzha,Kerala,0.0,radial-spur,15,13,20.4,False,4.8,12.78,Reconfigure ties; balance 13 transformer banks
IND-S03058,Imphal,Manipur,8.7,parallel-bank,15,13,24.1,True,1.2,11.99,Reconfigure ties; balance 13 transformer banks
IND-S03059,Jabalpur,Madhya Pradesh,0.0,sectionalized-ring,15,13,21.2,True,3.88,11.25,Reconfigure ties; balance 13 transformer banks
IND-S03060,Erode,Tamil Nadu,0.01,ring-main,15,13,18.6,False,3.11,11.57,Reconfigure ties; balance 13 transformer banks
IND-S03061,Raipur,Chhattisgarh,8.38,double-bus,15,13,18.1,True,3.55,12.0,Reconfigure ties; balance 13 transformer banks
IND-S03062,Ahmedabad,Gujarat,0.0,meshed-N-1,15,13,22.3,True,4.59,11.41,Reconfigure ties; balance 13 transformer banks
IND-S03063,Jodhpur,Rajasthan,0.14,radial-spur,15,13,21.7,False,3.4,12.19,Reconfigure ties; balance 13 transformer banks
IND-S03064,Aripāra,Odisha,0.0,parallel-bank,15,13,16.7,True,2.93,11.82,Reconfigure ties; balance 13 transformer banks
IND-S03065,Bhopal,Madhya Pradesh,0.0,sectionalized-ring,15,13,22.5,True,3.71,11.45,Reconfigure ties; balance 13 transformer banks
IND-S03066,Chengalpattu,Tamil Nadu,0.0,ring-main,15,13,17.2,False,2.89,12.5,Reconfigure ties; balance 13 transformer banks
IND-S03067,Pune,Maharashtra,0.0,double-bus,15,13,14.2,True,4.25,9.52,Reconfigure ties; balance 13 transformer banks
IND-S03068,Tirupati,Andhra Pradesh,0.03,meshed-N-1,15,13,20.5,True,4.02,11.98,Reconfigure ties; balance 13 transformer banks
IND-S03069,Alīwāra,Madhya Pradesh,8.77,radial-spur,15,13,17.4,False,2.99,11.76,Reconfigure ties; balance 13 transformer banks
IND-S03070,Jalpāiguri,West Bengal,8.54,parallel-bank,15,13,23.9,True,4.91,11.9,Reconfigure ties; balance 13 transformer banks
IND-S03071,Ratlām,Madhya Pradesh,8.43,sectionalized-ring,15,13,17.3,True,5.51,12.59,Reconfigure ties; balance 13 transformer banks
IND-S03072,Bengaluru,Karnataka,9.45,ring-main,15,13,22.6,False,4.45,10.66,Reconfigure ties; balance 13 transformer banks
IND-S03073,Puttūr,Andhra Pradesh,0.0,double-bus,15,13,14.1,True,3.09,10.72,Reconfigure ties; balance 13 transformer banks
IND-S03074,Jaipur,Rajasthan,8.56,meshed-N-1,15,13,18.5,True,1.2,11.79,Reconfigure ties; balance 13 transformer banks
IND-S03075,Dehradun,Uttarakhand,9.77,radial-spur,15,13,21.9,False,5.75,11.38,Reconfigure ties; balance 13 transformer banks
IND-S03076,Leteri,Madhya Pradesh,8.58,parallel-bank,15,13,19.5,True,3.18,12.86,Reconfigure ties; balance 13 transformer banks
IND-S03077,Sirsilla,Telangana,0.0,sectionalized-ring,15,13,25.2,True,4.02,12.67,Reconfigure ties; balance 13 transformer banks
IND-S03078,Kundla,Gujarat,0.22,ring-main,15,13,18.1,False,4.34,11.86,Reconfigure ties; balance 13 transformer banks
IND-S03079,Mankāpur,Uttar Pradesh,8.52,double-bus,15,13,23.5,True,3.69,11.2,Reconfigure ties; balance 13 transformer banks
IND-S03080,Hisar,Haryana,31.45,meshed-N-1,15,13,26.8,True,2.71,11.31,Reconfigure ties; balance 13 transformer banks
IND-S03081,Balarāmpur,West Bengal,8.59,radial-spur,15,13,19.7,False,1.33,10.91,Reconfigure ties; balance 13 transformer banks
IND-S03082,Bārāsat,West Bengal,0.0,parallel-bank,15,13,21.1,True,4.23,11.41,Reconfigure ties; balance 13 transformer banks
IND-S03083,Nellore,Andhra Pradesh,8.76,sectionalized-ring,15,13,16.9,True,3.85,12.39,Reconfigure ties; balance 13 transformer banks
IND-S03084,Hubballi,Karnataka,0.2,ring-main,15,13,20.9,False,4.5,12.31,Reconfigure ties; balance 13 transformer banks
IND-S03085,Pallappālaiyam,Tamil Nadu,0.0,double-bus,15,13,21.5,True,3.03,11.38,Reconfigure ties; balance 13 transformer banks
IND-S03086,Gorakhpur,Uttar Pradesh,9.27,meshed-N-1,15,13,21.5,True,2.98,10.83,Reconfigure ties; balance 13 transformer banks
IND-S03087,Surat,Gujarat,32.16,radial-spur,15,13,16.5,False,3.39,11.79,Reconfigure ties; balance 13 transformer banks
IND-S03088,Byndoor,Karnataka,0.0,parallel-bank,15,13,26.2,True,3.4,11.87,Reconfigure ties; balance 13 transformer banks
IND-S03089,Munger,Bihar,0.33,sectionalized-ring,15,13,15.3,True,2.36,11.76,Reconfigure ties; balance 13 transformer banks
IND-S03090,Kanpur,Uttar Pradesh,0.0,ring-main,15,13,12.0,False,5.53,11.85,Reconfigure ties; balance 13 transformer banks
IND-S03091,Jamnagar,Gujarat,0.0,double-bus,15,13,21.8,True,6.09,11.08,Reconfigure ties; balance 13 transformer banks
IND-S03092,Delhi,Delhi,0.31,meshed-N-1,15,13,20.6,True,3.14,11.82,Reconfigure ties; balance 13 transformer banks
IND-S03093,Serilingampalle,Telangana,9.27,radial-spur,15,13,14.7,False,1.2,11.86,Reconfigure ties; balance 13 transformer banks
IND-S03094,Begusarai,Bihar,0.0,parallel-bank,15,13,15.1,True,4.54,12.28,Reconfigure ties; balance 13 transformer banks
IND-S03095,Rajpur Sonarpur,West Bengal,0.0,sectionalized-ring,15,13,12.0,True,3.06,10.73,Reconfigure ties; balance 13 transformer banks
IND-S03096,Kerala Hub Generation,Kerala,0.0,ring-main,15,13,23.7,False,2.68,11.74,Reconfigure ties; balance 13 transformer banks
IND-S03097,Tittagudi,Tamil Nadu,8.58,double-bus,15,13,23.6,True,4.57,11.79,Reconfigure ties; balance 13 transformer banks
IND-S03098,Siliguri,West Bengal,0.0,meshed-N-1,15,13,17.2,True,7.5,13.08,Reconfigure ties; balance 13 transformer banks
IND-S03099,Kota,Rajasthan,8.77,radial-spur,15,13,22.1,False,1.46,11.99,Reconfigure ties; balance 13 transformer banks
IND-S03100,Bengaluru,Karnataka,0.0,parallel-bank,15,13,25.0,True,3.06,11.21,Reconfigure ties; balance 13 transformer banks
IND-S03101,Fīrozpur Jhirka,Haryana,11.33,sectionalized-ring,15,13,15.6,True,2.97,12.3,Reconfigure ties; balance 13 transformer banks
IND-S03102,Jandiāla Gurū,Punjab,8.56,ring-main,15,13,21.7,False,3.1,12.74,Reconfigure ties; balance 13 transformer banks
IND-S03103,Akhāpur,Uttar Pradesh,0.0,double-bus,15,13,23.2,True,4.24,11.23,Reconfigure ties; balance 13 transformer banks
IND-S03104,Shyamnagar,West Bengal,0.11,meshed-N-1,15,13,22.8,True,4.05,11.33,Reconfigure ties; balance 13 transformer banks
IND-S03105,Highways,Tamil Nadu,0.0,radial-spur,15,13,26.6,False,3.65,12.04,Reconfigure ties; balance 13 transformer banks
IND-S03106,Kallakurichi,Tamil Nadu,8.81,parallel-bank,15,13,18.3,True,3.21,11.03,Reconfigure ties; balance 13 transformer banks
IND-S03107,Gobindapur,Assam,0.0,sectionalized-ring,15,13,27.2,True,5.41,10.91,Reconfigure ties; balance 13 transformer banks
IND-S03108,Ahmedabad,Gujarat,8.57,ring-main,15,13,13.2,False,4.1,10.01,Reconfigure ties; balance 13 transformer banks
IND-S03109,Hājīpur,Bihar,0.0,double-bus,15,13,29.2,True,2.29,11.41,Reconfigure ties; balance 13 transformer banks
IND-S03110,Gurugram,Haryana,0.15,meshed-N-1,15,13,14.9,True,3.28,10.54,Reconfigure ties; balance 13 transformer banks
IND-S03111,Guwahati,Assam,0.0,radial-spur,15,13,21.1,False,3.58,10.89,Reconfigure ties; balance 13 transformer banks
IND-S03112,Cuttack,Odisha,0.0,parallel-bank,15,13,17.5,True,3.25,12.6,Reconfigure ties; balance 13 transformer banks
IND-S03113,Howrah,West Bengal,34.99,sectionalized-ring,15,13,26.9,True,3.35,11.72,Reconfigure ties; balance 13 transformer banks
IND-S03114,Bilimora,Gujarat,0.0,ring-main,15,13,24.3,False,4.43,11.19,Reconfigure ties; balance 13 transformer banks
IND-S03115,Narela,Delhi,8.53,double-bus,15,13,16.2,True,2.05,11.82,Reconfigure ties; balance 13 transformer banks
IND-S03116,West Bengal Hub Generation,West Bengal,0.0,meshed-N-1,15,13,15.9,True,3.6,11.27,Reconfigure ties; balance 13 transformer banks
IND-S03117,Navāpur,Maharashtra,8.82,radial-spur,15,13,19.5,False,4.33,13.19,Reconfigure ties; balance 13 transformer banks
IND-S03118,Kolkata,West Bengal,0.01,parallel-bank,15,13,29.7,True,5.27,11.39,Reconfigure ties; balance 13 transformer banks
IND-S03119,Nashik,Maharashtra,0.14,sectionalized-ring,15,13,28.0,True,4.27,10.9,Reconfigure ties; balance 13 transformer banks
IND-S03120,Gwalior,Madhya Pradesh,11.36,ring-main,15,13,24.1,False,3.82,10.69,Reconfigure ties; balance 13 transformer banks
IND-S03121,Vijayapuri,Tamil Nadu,0.0,double-bus,15,13,23.2,True,2.89,11.37,Reconfigure ties; balance 13 transformer banks
IND-S03122,Dam Dam,West Bengal,8.39,meshed-N-1,15,13,24.0,True,4.68,12.47,Reconfigure ties; balance 13 transformer banks
IND-S03123,Lucknow,Uttar Pradesh,9.18,radial-spur,15,13,22.4,False,4.16,10.61,Reconfigure ties; balance 13 transformer banks
IND-S03124,Rasapūdipalem,Andhra Pradesh,0.2,parallel-bank,15,13,32.2,True,3.94,10.04,Reconfigure ties; balance 13 transformer banks
IND-S03125,Proddatūr,Andhra Pradesh,0.0,sectionalized-ring,15,13,22.7,True,3.89,10.58,Reconfigure ties; balance 13 transformer banks
IND-S03126,Sri Ganganagar,Rajasthan,0.0,ring-main,15,13,18.3,False,3.42,11.78,Reconfigure ties; balance 13 transformer banks
IND-S03127,Nagpur,Maharashtra,9.73,double-bus,15,13,19.1,True,2.94,11.01,Reconfigure ties; balance 13 transformer banks
IND-S03128,Delhi,Delhi,0.0,meshed-N-1,15,13,14.4,True,4.71,12.93,Reconfigure ties; balance 13 transformer banks
IND-S03129,Ambaliya,Gujarat,8.64,radial-spur,15,13,25.2,False,3.56,11.81,Reconfigure ties; balance 13 transformer banks
IND-S03130,Muzaffarnagar,Uttar Pradesh,0.26,parallel-bank,15,13,17.2,True,3.39,11.67,Reconfigure ties; balance 13 transformer banks
IND-S03131,Pune,Maharashtra,0.0,sectionalized-ring,15,13,18.6,True,5.35,11.0,Reconfigure ties; balance 13 transformer banks
IND-S03132,Morādābād,Uttar Pradesh,9.29,ring-main,15,13,20.7,False,3.19,12.41,Reconfigure ties; balance 13 transformer banks
IND-S03133,Mācherla,Andhra Pradesh,8.52,double-bus,15,13,19.8,True,5.27,11.17,Reconfigure ties; balance 13 transformer banks
IND-S03134,Sānchor,Rajasthan,8.46,meshed-N-1,15,13,24.0,True,3.25,11.88,Reconfigure ties; balance 13 transformer banks
IND-S03135,Mysuru,Karnataka,0.08,radial-spur,15,13,26.7,False,5.7,12.26,Reconfigure ties; balance 13 transformer banks
IND-S03136,Barwāla,Delhi,0.0,parallel-bank,15,13,17.3,True,3.38,11.32,Reconfigure ties; balance 13 transformer banks
IND-S03137,Ashta,Maharashtra,0.07,sectionalized-ring,15,13,24.0,True,3.66,11.82,Reconfigure ties; balance 13 transformer banks
IND-S03138,Chūru,Rajasthan,0.0,ring-main,15,13,24.1,False,6.33,12.59,Reconfigure ties; balance 13 transformer banks
IND-S03139,Jūnāgadh,Gujarat,11.24,double-bus,15,13,20.2,True,3.71,10.86,Reconfigure ties; balance 13 transformer banks
IND-S03140,Kolkata,West Bengal,0.09,meshed-N-1,15,13,22.0,True,3.13,10.53,Reconfigure ties; balance 13 transformer banks
IND-S03141,Najafgarh,Delhi,8.39,radial-spur,15,13,16.4,False,3.86,11.52,Reconfigure ties; balance 13 transformer banks
IND-S03142,Bokāro,Jharkhand,0.0,parallel-bank,15,13,21.0,True,3.73,11.45,Reconfigure ties; balance 13 transformer banks
IND-S03143,Satna,Madhya Pradesh,8.58,sectionalized-ring,15,13,15.1,True,2.43,11.95,Reconfigure ties; balance 13 transformer banks
IND-S03144,Maharashtra Hub Generation,Maharashtra,10.45,ring-main,15,13,15.9,False,2.81,12.44,Reconfigure ties; balance 13 transformer banks
IND-S03145,Thiruvananthapuram,Kerala,10.37,double-bus,15,13,29.6,True,3.47,10.82,Reconfigure ties; balance 13 transformer banks
IND-S03146,Mohali,Punjab,0.0,meshed-N-1,15,13,20.0,True,3.71,11.64,Reconfigure ties; balance 13 transformer banks
IND-S03147,Shergarh,Uttar Pradesh,0.0,radial-spur,15,13,22.2,False,4.75,12.13,Reconfigure ties; balance 13 transformer banks
IND-S03148,Dekan,Madhya Pradesh,0.0,parallel-bank,15,13,22.8,True,2.75,11.98,Reconfigure ties; balance 13 transformer banks
IND-S03149,Uttarakhand Hub Generation,Uttarakhand,8.65,sectionalized-ring,15,13,21.2,True,3.39,11.62,Reconfigure ties; balance 13 transformer banks
IND-S03150,Vadodara,Gujarat,8.35,ring-main,15,13,24.4,False,3.67,12.0,Reconfigure ties; balance 13 transformer banks
IND-S03151,Tiruchirappalli,Tamil Nadu,8.55,double-bus,15,13,22.5,True,4.33,11.5,Reconfigure ties; balance 13 transformer banks
IND-S03152,Nagpur,Maharashtra,0.0,meshed-N-1,15,13,18.7,True,2.51,12.46,Reconfigure ties; balance 13 transformer banks
IND-S03153,Kottaiyūr,Tamil Nadu,0.0,radial-spur,15,13,21.9,False,3.54,12.07,Reconfigure ties; balance 13 transformer banks
IND-S03154,Kolkata,West Bengal,0.45,parallel-bank,15,13,12.0,True,1.67,11.42,Reconfigure ties; balance 13 transformer banks
IND-S03155,Nowrangapur,Odisha,0.0,sectionalized-ring,15,13,15.7,True,2.64,12.73,Reconfigure ties; balance 13 transformer banks
IND-S03156,Manglaur,Uttarakhand,8.51,ring-main,15,13,20.2,False,2.41,11.59,Reconfigure ties; balance 13 transformer banks
IND-S03157,Pune,Maharashtra,9.75,double-bus,15,13,17.9,True,4.12,10.25,Reconfigure ties; balance 13 transformer banks
IND-S03158,Adhāspur,Uttar Pradesh,0.0,meshed-N-1,15,13,27.3,True,3.03,11.78,Reconfigure ties; balance 13 transformer banks
IND-S03159,Kundla,Gujarat,0.0,radial-spur,15,13,14.8,False,3.1,13.04,Reconfigure ties; balance 13 transformer banks
IND-S03160,Guwahati,Assam,0.0,parallel-bank,15,13,17.4,True,3.25,11.03,Reconfigure ties; balance 13 transformer banks
IND-S03161,Lucknow,Uttar Pradesh,0.25,sectionalized-ring,15,13,19.8,True,5.09,11.97,Reconfigure ties; balance 13 transformer banks
IND-S03162,Tiruppur,Tamil Nadu,0.0,ring-main,15,13,23.6,False,4.56,9.84,Reconfigure ties; balance 13 transformer banks
IND-S03163,Raigarh,Chhattisgarh,0.0,double-bus,15,13,16.3,True,2.86,11.47,Reconfigure ties; balance 13 transformer banks
IND-S03164,Chāpra,Bihar,0.0,meshed-N-1,15,13,20.2,True,5.26,10.98,Reconfigure ties; balance 13 transformer banks
IND-S03165,Ramanathapuram,Tamil Nadu,8.54,radial-spur,15,13,17.3,False,4.86,11.23,Reconfigure ties; balance 13 transformer banks
IND-S03166,Bharatpur,Rajasthan,8.4,parallel-bank,15,13,20.2,True,2.66,12.04,Reconfigure ties; balance 13 transformer banks
IND-S03167,Zerakpur,Punjab,9.02,sectionalized-ring,15,13,15.5,True,3.63,10.76,Reconfigure ties; balance 13 transformer banks
IND-S03168,Dabwāli,Haryana,0.0,ring-main,15,13,19.9,False,2.53,10.03,Reconfigure ties; balance 13 transformer banks
IND-S03169,Gorakhpur,Uttar Pradesh,0.0,double-bus,15,13,27.0,True,4.19,12.08,Reconfigure ties; balance 13 transformer banks
IND-S03170,Agra,Uttar Pradesh,8.49,meshed-N-1,15,13,16.6,True,2.72,12.03,Reconfigure ties; balance 13 transformer banks
IND-S03171,Āsansol,West Bengal,8.48,radial-spur,15,13,23.7,False,5.33,11.12,Reconfigure ties; balance 13 transformer banks
IND-S03172,Chendamangalam,Kerala,0.0,parallel-bank,15,13,20.5,True,3.61,11.28,Reconfigure ties; balance 13 transformer banks
IND-S03173,Vijayapura,Karnataka,0.0,sectionalized-ring,15,13,26.3,True,2.64,11.42,Reconfigure ties; balance 13 transformer banks
IND-S03174,Davangere,Karnataka,0.0,ring-main,15,13,16.9,False,5.53,12.12,Reconfigure ties; balance 13 transformer banks
IND-S03175,Siliguri,West Bengal,0.0,double-bus,15,13,18.0,True,6.31,11.72,Reconfigure ties; balance 13 transformer banks
IND-S03176,Murugampālaiyam,Tamil Nadu,11.87,meshed-N-1,15,13,22.0,True,5.18,11.23,Reconfigure ties; balance 13 transformer banks
IND-S03177,Tāndā,Uttar Pradesh,0.25,radial-spur,15,13,23.7,False,4.38,11.7,Reconfigure ties; balance 13 transformer banks
IND-S03178,Alagiyamanavālapuram,Tamil Nadu,0.0,parallel-bank,15,13,19.3,True,3.53,12.83,Reconfigure ties; balance 13 transformer banks
IND-S03179,Mayiladuthurai,Tamil Nadu,0.0,sectionalized-ring,15,13,24.1,True,2.89,11.34,Reconfigure ties; balance 13 transformer banks
IND-S03180,Bhubaneswar,Odisha,8.5,ring-main,15,13,23.0,False,1.84,12.13,Reconfigure ties; balance 13 transformer banks
IND-S03181,Kanpur,Uttar Pradesh,0.0,double-bus,15,13,19.2,True,4.82,10.97,Reconfigure ties; balance 13 transformer banks
IND-S03182,Delhi,Delhi,10.87,meshed-N-1,15,13,20.3,True,2.18,10.81,Reconfigure ties; balance 13 transformer banks
IND-S03183,Murwāra,Madhya Pradesh,8.73,radial-spur,15,13,18.8,False,4.77,11.47,Reconfigure ties; balance 13 transformer banks
IND-S03184,Madhya Pradesh Hub Generation,Madhya Pradesh,0.0,parallel-bank,15,13,15.8,True,4.12,11.48,Reconfigure ties; balance 13 transformer banks
IND-S03185,Gurugram,Haryana,0.0,sectionalized-ring,15,13,22.1,True,5.0,10.1,Reconfigure ties; balance 13 transformer banks
IND-S03186,Morādābād,Uttar Pradesh,0.17,ring-main,15,13,24.0,False,4.83,12.27,Reconfigure ties; balance 13 transformer banks
IND-S03187,Alengād,Kerala,0.0,double-bus,15,13,17.7,True,4.69,11.69,Reconfigure ties; balance 13 transformer banks
IND-S03188,Idaiyarpālaiyam,Tamil Nadu,0.0,meshed-N-1,15,13,25.9,True,3.29,11.92,Reconfigure ties; balance 13 transformer banks
IND-S03189,Kūttāli,Kerala,0.0,radial-spur,15,13,26.2,False,2.1,12.08,Reconfigure ties; balance 13 transformer banks
IND-S03190,Kanayannur,Kerala,0.0,parallel-bank,15,13,21.9,True,4.72,11.21,Reconfigure ties; balance 13 transformer banks
IND-S03191,Mohali,Punjab,0.0,sectionalized-ring,15,13,25.9,True,4.21,10.97,Reconfigure ties; balance 13 transformer banks
IND-S03192,Pukhrāyān,Uttar Pradesh,0.0,ring-main,15,13,15.9,False,4.14,12.31,Reconfigure ties; balance 13 transformer banks
IND-S03193,Kolkata,West Bengal,0.29,double-bus,15,13,14.2,True,2.99,10.06,Reconfigure ties; balance 13 transformer banks
IND-S03194,Jalandhar,Punjab,0.0,meshed-N-1,15,13,22.0,True,4.67,10.76,Reconfigure ties; balance 13 transformer banks
IND-S03195,Panipat Taraf Ansar,Haryana,0.0,radial-spur,15,13,20.8,False,2.82,11.86,Reconfigure ties; balance 13 transformer banks
IND-S03196,Howrah,West Bengal,0.25,parallel-bank,15,13,19.1,True,2.61,11.37,Reconfigure ties; balance 13 transformer banks
IND-S03197,Dīg,Rajasthan,8.51,sectionalized-ring,15,13,19.3,True,4.9,11.62,Reconfigure ties; balance 13 transformer banks
IND-S03198,Bārāsat,West Bengal,8.4,ring-main,15,13,23.3,False,5.78,10.8,Reconfigure ties; balance 13 transformer banks
IND-S03199,Pimpri-Chinchwad,Maharashtra,0.08,double-bus,15,13,18.2,True,5.76,10.95,Reconfigure ties; balance 13 transformer banks
IND-S03200,Kumārapuram,Kerala,0.0,meshed-N-1,15,13,22.8,True,3.34,10.56,Reconfigure ties; balance 13 transformer banks
IND-S03201,Tirunelveli,Tamil Nadu,10.81,radial-spur,15,13,24.5,False,2.7,11.25,Reconfigure ties; balance 13 transformer banks
IND-S03202,Kanhangad,Kerala,10.43,parallel-bank,15,13,16.8,True,3.11,10.93,Reconfigure ties; balance 13 transformer banks
IND-S03203,Kozhikode,Kerala,0.0,sectionalized-ring,15,13,26.5,True,3.0,10.63,Reconfigure ties; balance 13 transformer banks
IND-S03204,Hālīsahar,West Bengal,8.38,ring-main,15,13,19.0,False,5.57,11.67,Reconfigure ties; balance 13 transformer banks
IND-S03205,Tirunelveli,Tamil Nadu,0.0,double-bus,15,13,16.7,True,3.93,11.53,Reconfigure ties; balance 13 transformer banks
IND-S03206,Sarupathar,Assam,0.0,meshed-N-1,15,13,21.6,True,3.93,11.62,Reconfigure ties; balance 13 transformer banks
IND-S03207,Moirāng,Manipur,0.0,radial-spur,15,13,20.6,False,3.89,11.4,Reconfigure ties; balance 13 transformer banks
IND-S03208,Nagpur,Maharashtra,8.95,parallel-bank,15,13,21.3,True,5.1,11.0,Reconfigure ties; balance 13 transformer banks
IND-S03209,Parīchhatgarh,Uttar Pradesh,8.86,sectionalized-ring,15,13,16.4,True,5.47,11.96,Reconfigure ties; balance 13 transformer banks
IND-S03210,Agra,Uttar Pradesh,0.16,ring-main,15,13,17.7,False,6.7,11.03,Reconfigure ties; balance 13 transformer banks
IND-S03211,Madurai,Tamil Nadu,0.0,double-bus,15,13,16.5,True,3.95,10.87,Reconfigure ties; balance 13 transformer banks
IND-S03212,Pimpri-Chinchwad,Maharashtra,0.8,meshed-N-1,15,13,13.4,True,4.09,11.88,Reconfigure ties; balance 13 transformer banks
IND-S03213,Gorakhpur,Uttar Pradesh,8.53,radial-spur,15,13,22.4,False,3.19,10.93,Reconfigure ties; balance 13 transformer banks
IND-S03214,Nagpur,Maharashtra,0.0,parallel-bank,15,13,26.8,True,2.61,10.08,Reconfigure ties; balance 13 transformer banks
IND-S03215,Bānswāra,Rajasthan,8.57,sectionalized-ring,15,13,16.1,True,4.1,11.52,Reconfigure ties; balance 13 transformer banks
IND-S03216,Thāne,Maharashtra,0.0,ring-main,15,13,17.6,False,3.35,10.89,Reconfigure ties; balance 13 transformer banks
IND-S03217,Lucknow,Uttar Pradesh,33.49,double-bus,15,13,24.5,True,4.5,11.53,Reconfigure ties; balance 13 transformer banks
IND-S03218,Pallipalayam,Tamil Nadu,36.81,meshed-N-1,15,13,23.7,True,2.83,12.62,Reconfigure ties; balance 13 transformer banks
IND-S03219,Guntur,Andhra Pradesh,8.96,radial-spur,15,13,22.4,False,4.02,11.29,Reconfigure ties; balance 13 transformer banks
IND-S03220,Bilāspur,Chhattisgarh,0.0,parallel-bank,15,13,25.3,True,2.31,10.75,Reconfigure ties; balance 13 transformer banks
IND-S03221,Āsansol,West Bengal,0.15,sectionalized-ring,15,13,18.1,True,4.05,11.63,Reconfigure ties; balance 13 transformer banks
IND-S03222,Margherita,Assam,8.4,ring-main,15,13,21.4,False,2.53,11.66,Reconfigure ties; balance 13 transformer banks
IND-S03223,Alīgarh,Uttar Pradesh,0.0,double-bus,15,13,22.6,True,3.29,11.46,Reconfigure ties; balance 13 transformer banks
IND-S03224,Ankleshwar,Gujarat,0.0,meshed-N-1,15,13,21.2,True,3.72,12.61,Reconfigure ties; balance 13 transformer banks
IND-S03225,Erode,Tamil Nadu,0.0,radial-spur,15,13,21.7,False,2.36,11.08,Reconfigure ties; balance 13 transformer banks
IND-S03226,Guntur,Andhra Pradesh,8.66,parallel-bank,15,13,15.5,True,2.36,10.62,Reconfigure ties; balance 13 transformer banks
IND-S03227,Deoria,Uttar Pradesh,0.0,sectionalized-ring,15,13,31.6,True,1.75,10.84,Reconfigure ties; balance 13 transformer banks
IND-S03228,Sawai Madhopur,Rajasthan,0.0,ring-main,15,13,24.5,False,4.46,12.77,Reconfigure ties; balance 13 transformer banks
IND-S03229,Achalganj,Madhya Pradesh,8.57,double-bus,15,13,29.0,True,2.95,11.07,Reconfigure ties; balance 13 transformer banks
IND-S03230,Bakhtiarpur,Bihar,0.0,meshed-N-1,15,13,13.3,True,4.34,11.96,Reconfigure ties; balance 13 transformer banks
IND-S03231,Delhi,Delhi,11.69,radial-spur,15,13,23.3,False,3.3,11.09,Reconfigure ties; balance 13 transformer banks
IND-S03232,Bilimora,Gujarat,9.7,parallel-bank,15,13,17.6,True,3.0,10.17,Reconfigure ties; balance 13 transformer banks
IND-S03233,Sambalpur,Odisha,8.51,sectionalized-ring,15,13,26.7,True,3.19,11.34,Reconfigure ties; balance 13 transformer banks
IND-S03234,Rāj-Nāndgaon,Chhattisgarh,9.01,ring-main,15,13,18.5,False,5.29,10.67,Reconfigure ties; balance 13 transformer banks
IND-S03235,Srinagar,Jammu and Kashmir,0.0,double-bus,15,13,24.9,True,2.67,11.45,Reconfigure ties; balance 13 transformer banks
IND-S03236,Kushinagar,Uttar Pradesh,11.31,meshed-N-1,15,13,23.6,True,3.91,12.01,Reconfigure ties; balance 13 transformer banks
IND-S03237,Murlīganj,Bihar,0.0,radial-spur,15,13,19.5,False,3.58,11.44,Reconfigure ties; balance 13 transformer banks
IND-S03238,Muzaffarpur,Bihar,0.0,parallel-bank,15,13,16.1,True,3.42,11.3,Reconfigure ties; balance 13 transformer banks
IND-S03239,Visakhapatnam,Andhra Pradesh,8.67,sectionalized-ring,15,13,15.4,True,6.03,10.65,Reconfigure ties; balance 13 transformer banks
IND-S03240,Narela,Delhi,9.06,ring-main,15,13,23.7,False,3.98,11.82,Reconfigure ties; balance 13 transformer banks
IND-S03241,Ghātanji,Maharashtra,0.0,double-bus,15,13,25.9,True,4.27,10.69,Reconfigure ties; balance 13 transformer banks
IND-S03242,Dombivali,Maharashtra,10.68,meshed-N-1,15,13,13.3,True,5.01,11.98,Reconfigure ties; balance 13 transformer banks
IND-S03243,Uttarakhand Hub Generation,Uttarakhand,0.0,radial-spur,15,13,23.4,False,4.11,11.44,Reconfigure ties; balance 13 transformer banks
IND-S03244,Delhi,Delhi,32.5,parallel-bank,15,13,23.7,True,2.05,10.05,Reconfigure ties; balance 13 transformer banks
IND-S03245,Bhattiān,Punjab,0.0,sectionalized-ring,15,13,16.1,True,1.8,11.41,Reconfigure ties; balance 13 transformer banks
IND-S03246,Adavallikūttan,Tamil Nadu,0.0,ring-main,15,13,22.3,False,5.81,12.29,Reconfigure ties; balance 13 transformer banks
IND-S03247,Rishīkesh,Uttarakhand,0.0,double-bus,15,13,23.5,True,4.19,12.11,Reconfigure ties; balance 13 transformer banks
IND-S03248,Harpanahalli,Karnataka,8.89,meshed-N-1,15,13,23.8,True,4.49,11.38,Reconfigure ties; balance 13 transformer banks
IND-S03249,Kota,Rajasthan,8.95,radial-spur,15,13,26.1,False,3.03,11.88,Reconfigure ties; balance 13 transformer banks
IND-S03250,Mundgod,Karnataka,0.0,parallel-bank,15,13,23.3,True,4.39,11.72,Reconfigure ties; balance 13 transformer banks
IND-S03251,Bhayandar,Maharashtra,0.15,sectionalized-ring,15,13,30.0,True,4.29,11.71,Reconfigure ties; balance 13 transformer banks
IND-S03252,Kolhāpur,Maharashtra,0.1,ring-main,15,13,16.6,False,4.61,11.21,Reconfigure ties; balance 13 transformer banks
IND-S03253,Kanayannur,Kerala,9.05,double-bus,15,13,21.7,True,3.36,11.39,Reconfigure ties; balance 13 transformer banks
IND-S03254,Vellore,Tamil Nadu,10.13,meshed-N-1,15,13,27.5,True,2.98,11.39,Reconfigure ties; balance 13 transformer banks
IND-S03255,Lāu,Bihar,0.0,radial-spur,15,13,20.2,False,3.89,11.56,Reconfigure ties; balance 13 transformer banks
IND-S03256,Bengaluru,Karnataka,28.34,parallel-bank,15,13,15.1,True,4.01,12.93,Reconfigure ties; balance 13 transformer banks
IND-S03257,Chintamani,Karnataka,0.0,sectionalized-ring,15,13,29.5,True,2.39,11.5,Reconfigure ties; balance 13 transformer banks
IND-S03258,Rāyagada,Odisha,8.52,ring-main,15,13,20.7,False,4.85,10.4,Reconfigure ties; balance 13 transformer banks
IND-S03259,Srinagar,Jammu and Kashmir,32.14,double-bus,15,13,18.8,True,5.98,11.74,Reconfigure ties; balance 13 transformer banks
IND-S03260,Bhadreswar,West Bengal,0.0,meshed-N-1,15,13,27.2,True,3.98,11.06,Reconfigure ties; balance 13 transformer banks
IND-S03261,Thakurdwara,Uttar Pradesh,0.0,radial-spur,15,13,27.5,False,1.99,11.61,Reconfigure ties; balance 13 transformer banks
IND-S03262,Howrah,West Bengal,0.0,parallel-bank,15,13,22.0,True,4.55,11.53,Reconfigure ties; balance 13 transformer banks
IND-S03263,Surat,Gujarat,0.16,sectionalized-ring,15,13,21.4,True,3.08,11.53,Reconfigure ties; balance 13 transformer banks
IND-S03264,Shujālpur,Madhya Pradesh,0.0,ring-main,15,13,17.0,False,4.06,12.23,Reconfigure ties; balance 13 transformer banks
IND-S03265,Kolār,Karnataka,0.1,double-bus,15,13,16.9,True,3.83,11.3,Reconfigure ties; balance 13 transformer banks
IND-S03266,Kanayannur,Kerala,0.0,meshed-N-1,15,13,24.4,True,3.4,12.87,Reconfigure ties; balance 13 transformer banks
IND-S03267,Jandiāla,Punjab,0.02,radial-spur,15,13,26.0,False,3.77,10.9,Reconfigure ties; balance 13 transformer banks
IND-S03268,Sāngaria,Rajasthan,0.03,parallel-bank,15,13,25.5,True,4.44,11.23,Reconfigure ties; balance 13 transformer banks
IND-S03269,Agartala,Tripura,34.98,sectionalized-ring,15,13,22.4,True,4.58,10.69,Reconfigure ties; balance 13 transformer banks
IND-S03270,Pimpri,Maharashtra,11.63,ring-main,15,13,18.5,False,3.56,11.47,Reconfigure ties; balance 13 transformer banks
IND-S03271,Thrissur,Kerala,0.0,double-bus,15,13,16.3,True,3.87,10.83,Reconfigure ties; balance 13 transformer banks
IND-S03272,Tiruppālai,Tamil Nadu,0.0,meshed-N-1,15,13,26.4,True,4.15,10.99,Reconfigure ties; balance 13 transformer banks
IND-S03273,Anakapalle,Andhra Pradesh,0.0,radial-spur,15,13,17.1,False,2.53,11.74,Reconfigure ties; balance 13 transformer banks
IND-S03274,Saugor,Madhya Pradesh,12.28,parallel-bank,15,13,25.9,True,3.36,11.63,Reconfigure ties; balance 13 transformer banks
IND-S03275,Andhra Pradesh Hub Generation,Andhra Pradesh,8.82,sectionalized-ring,15,13,18.2,True,4.39,12.24,Reconfigure ties; balance 13 transformer banks
IND-S03276,Hosapete,Karnataka,8.62,ring-main,15,13,20.7,False,3.79,10.95,Reconfigure ties; balance 13 transformer banks
IND-S03277,Kalyān,Maharashtra,10.86,double-bus,15,13,19.0,True,3.56,11.06,Reconfigure ties; balance 13 transformer banks
IND-S03278,Madhyamgram,West Bengal,0.0,meshed-N-1,15,13,27.6,True,1.78,11.59,Reconfigure ties; balance 13 transformer banks
IND-S03279,Hassan,Karnataka,8.52,radial-spur,15,13,21.7,False,2.84,11.18,Reconfigure ties; balance 13 transformer banks
IND-S03280,Surat,Gujarat,0.0,parallel-bank,15,13,27.4,True,4.81,10.49,Reconfigure ties; balance 13 transformer banks
IND-S03281,Nagpur,Maharashtra,1.4,sectionalized-ring,15,13,22.7,True,3.31,11.46,Reconfigure ties; balance 13 transformer banks
IND-S03282,Mumbai,Maharashtra,1.49,ring-main,15,13,16.7,False,4.99,12.69,Reconfigure ties; balance 13 transformer banks
IND-S03283,Nanded,Maharashtra,8.64,double-bus,15,13,13.5,True,5.14,12.18,Reconfigure ties; balance 13 transformer banks
IND-S03284,Pāli,Rajasthan,0.0,meshed-N-1,15,13,22.9,True,3.67,12.2,Reconfigure ties; balance 13 transformer banks
IND-S03285,Alīgarh,Uttar Pradesh,0.82,radial-spur,15,13,18.6,False,6.49,11.02,Reconfigure ties; balance 13 transformer banks
IND-S03286,Tondi,Tamil Nadu,0.0,parallel-bank,15,13,17.2,True,3.74,12.24,Reconfigure ties; balance 13 transformer banks
IND-S03287,Meerut,Uttar Pradesh,9.29,sectionalized-ring,15,13,21.1,True,3.15,11.58,Reconfigure ties; balance 13 transformer banks
IND-S03288,Dhule,Maharashtra,0.0,ring-main,15,13,20.7,False,4.11,10.8,Reconfigure ties; balance 13 transformer banks
IND-S03289,Gangavati,Karnataka,11.31,double-bus,15,13,18.3,True,4.32,11.07,Reconfigure ties; balance 13 transformer banks
IND-S03290,Gwalior,Madhya Pradesh,0.12,meshed-N-1,15,13,22.1,True,5.41,11.07,Reconfigure ties; balance 13 transformer banks
IND-S03291,Sawai Madhopur,Rajasthan,9.0,radial-spur,15,13,22.0,False,4.12,11.64,Reconfigure ties; balance 13 transformer banks
IND-S03292,Erode,Tamil Nadu,9.02,parallel-bank,15,13,17.9,True,3.39,10.85,Reconfigure ties; balance 13 transformer banks
IND-S03293,Ghātsīla,Jharkhand,0.0,sectionalized-ring,15,13,23.2,True,3.08,12.51,Reconfigure ties; balance 13 transformer banks
IND-S03294,Jodhpur,Rajasthan,8.53,ring-main,15,13,19.1,False,3.87,10.62,Reconfigure ties; balance 13 transformer banks
IND-S03295,Hyderabad,Telangana,0.14,double-bus,15,13,13.6,True,4.71,11.11,Reconfigure ties; balance 13 transformer banks
IND-S03296,Salem,Tamil Nadu,0.0,meshed-N-1,15,13,29.7,True,4.82,11.82,Reconfigure ties; balance 13 transformer banks
IND-S03297,West Bengal Hub Generation,West Bengal,0.0,radial-spur,15,13,20.1,False,3.38,11.78,Reconfigure ties; balance 13 transformer banks
IND-S03298,Kolkata,West Bengal,8.84,parallel-bank,15,13,22.2,True,3.84,11.95,Reconfigure ties; balance 13 transformer banks
IND-S03299,Kanpur Cantonment,Uttar Pradesh,0.0,sectionalized-ring,15,13,13.3,True,4.08,11.51,Reconfigure ties; balance 13 transformer banks
IND-S03300,Arar,Himachal Pradesh,8.68,ring-main,15,13,20.2,False,3.92,11.49,Reconfigure ties; balance 13 transformer banks
IND-S03301,Bāruni,Bihar,0.0,double-bus,15,13,22.0,True,3.62,12.02,Reconfigure ties; balance 13 transformer banks
IND-S03302,Lucknow,Uttar Pradesh,10.45,meshed-N-1,15,13,20.3,True,3.59,11.39,Reconfigure ties; balance 13 transformer banks
IND-S03303,Chennai,Tamil Nadu,9.25,radial-spur,15,13,15.8,False,4.53,11.65,Reconfigure ties; balance 13 transformer banks
IND-S03304,Soyībug,Jammu and Kashmir,0.0,parallel-bank,15,13,19.0,True,3.7,10.6,Reconfigure ties; balance 13 transformer banks
IND-S03305,Begusarai,Bihar,8.61,sectionalized-ring,15,13,20.5,True,1.3,11.07,Reconfigure ties; balance 13 transformer banks
IND-S03306,Āsansol,West Bengal,0.04,ring-main,15,13,21.0,False,2.47,11.34,Reconfigure ties; balance 13 transformer banks
IND-S03307,Jaipur,Rajasthan,10.58,double-bus,15,13,21.8,True,3.94,11.55,Reconfigure ties; balance 13 transformer banks
IND-S03308,Ballari,Karnataka,0.08,meshed-N-1,15,13,16.3,True,3.23,12.3,Reconfigure ties; balance 13 transformer banks
IND-S03309,Sri Ganganagar,Rajasthan,8.62,radial-spur,15,13,13.9,False,4.56,12.12,Reconfigure ties; balance 13 transformer banks
IND-S03310,Ranchi,Jharkhand,0.12,parallel-bank,15,13,14.3,True,2.58,11.25,Reconfigure ties; balance 13 transformer banks
IND-S03311,Purnia,Bihar,0.09,sectionalized-ring,15,13,22.6,True,2.96,11.31,Reconfigure ties; balance 13 transformer banks
IND-S03312,Gaya,Bihar,0.0,ring-main,15,13,23.7,False,3.14,11.25,Reconfigure ties; balance 13 transformer banks
IND-S03313,Nadiād,Gujarat,8.51,double-bus,15,13,22.5,True,3.34,11.09,Reconfigure ties; balance 13 transformer banks
IND-S03314,Alwar,Rajasthan,0.0,meshed-N-1,15,13,15.9,True,1.3,11.22,Reconfigure ties; balance 13 transformer banks
IND-S03315,Darbhanga,Bihar,0.02,radial-spur,15,13,20.5,False,3.96,12.5,Reconfigure ties; balance 13 transformer banks
IND-S03316,Jamshedpur,Jharkhand,0.0,parallel-bank,15,13,18.0,True,4.21,11.99,Reconfigure ties; balance 13 transformer banks
IND-S03317,Bhavnagar,Gujarat,0.07,sectionalized-ring,15,13,21.0,True,3.4,10.6,Reconfigure ties; balance 13 transformer banks
IND-S03318,Gondā City,Uttar Pradesh,0.19,ring-main,15,13,19.2,False,3.4,11.31,Reconfigure ties; balance 13 transformer banks
IND-S03319,Rājsamand,Rajasthan,0.0,double-bus,15,13,20.6,True,4.48,11.31,Reconfigure ties; balance 13 transformer banks
IND-S03320,Sīkar,Rajasthan,0.0,meshed-N-1,15,13,23.3,True,4.23,10.77,Reconfigure ties; balance 13 transformer banks
IND-S03321,Hoshiārpur,Punjab,8.52,radial-spur,15,13,20.1,False,1.27,12.13,Reconfigure ties; balance 13 transformer banks
IND-S03322,Sonīpat,Haryana,9.02,parallel-bank,15,13,22.0,True,2.59,12.18,Reconfigure ties; balance 13 transformer banks
IND-S03323,Nāmakkal,Tamil Nadu,0.0,sectionalized-ring,15,13,18.8,True,1.63,11.3,Reconfigure ties; balance 13 transformer banks
IND-S03324,Kuruvattūr,Kerala,0.09,ring-main,15,13,19.5,False,3.78,11.81,Reconfigure ties; balance 13 transformer banks
IND-S03325,Palakkad,Kerala,8.77,double-bus,15,13,21.8,True,1.39,10.95,Reconfigure ties; balance 13 transformer banks
IND-S03326,Dabhel,Dadra and Nagar Haveli and Daman and Diu,0.03,meshed-N-1,15,13,17.0,True,5.85,11.47,Reconfigure ties; balance 13 transformer banks
IND-S03327,Ahmedabad,Gujarat,8.51,radial-spur,15,13,24.3,False,4.02,11.36,Reconfigure ties; balance 13 transformer banks
IND-S03328,Sainthia,West Bengal,8.78,parallel-bank,15,13,19.4,True,2.98,10.46,Reconfigure ties; balance 13 transformer banks
IND-S03329,Kurud,Chhattisgarh,9.02,sectionalized-ring,15,13,14.1,True,4.42,10.53,Reconfigure ties; balance 13 transformer banks
IND-S03330,Jamshedpur,Jharkhand,0.0,ring-main,15,13,17.9,False,4.08,11.36,Reconfigure ties; balance 13 transformer banks
IND-S03331,Bareilly,Uttar Pradesh,0.13,double-bus,15,13,21.0,True,3.17,12.09,Reconfigure ties; balance 13 transformer banks
IND-S03332,Chikodi,Karnataka,0.0,meshed-N-1,15,13,24.2,True,3.91,12.08,Reconfigure ties; balance 13 transformer banks
IND-S03333,Katihar,Bihar,8.62,radial-spur,15,13,19.7,False,3.98,12.85,Reconfigure ties; balance 13 transformer banks
IND-S03334,Sholapur,Maharashtra,12.26,parallel-bank,15,13,26.5,True,5.33,11.77,Reconfigure ties; balance 13 transformer banks
IND-S03335,Delhi,Delhi,10.13,sectionalized-ring,15,13,17.6,True,1.56,12.58,Reconfigure ties; balance 13 transformer banks
IND-S03336,Bāramūla,Jammu and Kashmir,13.24,ring-main,15,13,23.8,False,5.51,12.12,Reconfigure ties; balance 13 transformer banks
IND-S03337,Dombivali,Maharashtra,11.64,double-bus,15,13,20.0,True,3.35,11.54,Reconfigure ties; balance 13 transformer banks
IND-S03338,Abbigeri,Karnataka,8.98,meshed-N-1,15,13,17.0,True,3.74,10.4,Reconfigure ties; balance 13 transformer banks
IND-S03339,West Bengal Hub Generation,West Bengal,8.64,radial-spur,15,13,23.3,False,3.39,12.05,Reconfigure ties; balance 13 transformer banks
IND-S03340,Virār,Maharashtra,11.4,parallel-bank,15,13,23.5,True,2.84,12.7,Reconfigure ties; balance 13 transformer banks
IND-S03341,Bakhtiarpur,Bihar,8.48,sectionalized-ring,15,13,24.7,True,3.76,11.03,Reconfigure ties; balance 13 transformer banks
IND-S03342,Dohad,Gujarat,8.52,ring-main,15,13,17.0,False,4.11,11.44,Reconfigure ties; balance 13 transformer banks
IND-S03343,Vellore,Tamil Nadu,8.42,double-bus,15,13,25.2,True,3.87,10.78,Reconfigure ties; balance 13 transformer banks
IND-S03344,Rāmgundam,Telangana,0.26,meshed-N-1,15,13,22.2,True,4.67,10.95,Reconfigure ties; balance 13 transformer banks
IND-S03345,Coimbatore,Tamil Nadu,0.0,radial-spur,15,13,27.8,False,3.12,13.07,Reconfigure ties; balance 13 transformer banks
IND-S03346,Nongthymmai,Meghalaya,0.06,parallel-bank,15,13,20.6,True,4.1,10.89,Reconfigure ties; balance 13 transformer banks
IND-S03347,Alakhtān,Uttar Pradesh,0.0,sectionalized-ring,15,13,15.6,True,3.53,12.18,Reconfigure ties; balance 13 transformer banks
IND-S03348,Korba,Chhattisgarh,0.0,ring-main,15,13,16.2,False,2.22,11.39,Reconfigure ties; balance 13 transformer banks
IND-S03349,Pimpri-Chinchwad,Maharashtra,0.12,double-bus,15,13,12.2,True,6.49,11.5,Reconfigure ties; balance 13 transformer banks
IND-S03350,Aizawl,Mizoram,9.05,meshed-N-1,15,13,16.8,True,3.68,11.64,Reconfigure ties; balance 13 transformer banks
IND-S03351,Rajgamar,Chhattisgarh,0.0,radial-spur,15,13,23.0,False,3.71,11.0,Reconfigure ties; balance 13 transformer banks
IND-S03352,Bhimavaram,Andhra Pradesh,8.66,parallel-bank,15,13,20.4,True,2.53,11.35,Reconfigure ties; balance 13 transformer banks
IND-S03353,Kochi,Kerala,8.52,sectionalized-ring,15,13,21.4,True,3.82,11.54,Reconfigure ties; balance 13 transformer banks
IND-S03354,Ambala Sadar,Haryana,0.0,ring-main,15,13,22.6,False,3.67,12.65,Reconfigure ties; balance 13 transformer banks
IND-S03355,Haridwar,Uttarakhand,0.16,double-bus,15,13,17.1,True,2.33,11.28,Reconfigure ties; balance 13 transformer banks
IND-S03356,Gadag,Karnataka,0.14,meshed-N-1,15,13,24.9,True,4.71,10.57,Reconfigure ties; balance 13 transformer banks
IND-S03357,Shrīrāmpur,West Bengal,0.0,radial-spur,15,13,25.1,False,4.69,10.99,Reconfigure ties; balance 13 transformer banks
IND-S03358,Dhule,Maharashtra,0.0,parallel-bank,15,13,18.5,True,5.55,12.57,Reconfigure ties; balance 13 transformer banks
IND-S03359,Ahmedabad,Gujarat,11.42,sectionalized-ring,15,13,21.6,True,4.15,11.42,Reconfigure ties; balance 13 transformer banks
IND-S03360,Bhavnagar,Gujarat,0.06,ring-main,15,13,14.8,False,4.68,11.48,Reconfigure ties; balance 13 transformer banks
IND-S03361,Panipat,Haryana,0.0,double-bus,15,13,26.5,True,4.5,11.83,Reconfigure ties; balance 13 transformer banks
IND-S03362,Lucknow,Uttar Pradesh,0.0,meshed-N-1,15,13,29.5,True,3.98,11.63,Reconfigure ties; balance 13 transformer banks
IND-S03363,Gadwāl,Telangana,0.0,radial-spur,15,13,15.3,False,3.31,11.09,Reconfigure ties; balance 13 transformer banks
IND-S03364,Pimpri-Chinchwad,Maharashtra,0.0,parallel-bank,15,13,20.2,True,3.92,11.5,Reconfigure ties; balance 13 transformer banks
IND-S03365,Coimbatore,Tamil Nadu,0.16,sectionalized-ring,15,13,19.9,True,2.7,12.42,Reconfigure ties; balance 13 transformer banks
IND-S03366,Nizāmābād,Telangana,0.12,ring-main,15,13,20.8,False,4.58,11.94,Reconfigure ties; balance 13 transformer banks
IND-S03367,Pimpri-Chinchwad,Maharashtra,9.3,double-bus,15,13,18.1,True,4.57,12.09,Reconfigure ties; balance 13 transformer banks
IND-S03368,Kodavasal,Tamil Nadu,8.56,meshed-N-1,15,13,14.7,True,3.72,10.1,Reconfigure ties; balance 13 transformer banks
IND-S03369,Hoshiārpur,Punjab,0.0,radial-spur,15,13,16.0,False,3.9,11.25,Reconfigure ties; balance 13 transformer banks
IND-S03370,Gwalior,Madhya Pradesh,0.1,parallel-bank,15,13,19.8,True,1.74,11.23,Reconfigure ties; balance 13 transformer banks
IND-S03371,Muzaffarpur,Bihar,0.18,sectionalized-ring,15,13,26.0,True,4.01,12.07,Reconfigure ties; balance 13 transformer banks
IND-S03372,Ilkal,Karnataka,0.25,ring-main,15,13,16.1,False,4.04,12.06,Reconfigure ties; balance 13 transformer banks
IND-S03373,Virār,Maharashtra,0.12,double-bus,15,13,20.8,True,3.96,11.32,Reconfigure ties; balance 13 transformer banks
IND-S03374,Pimpri,Maharashtra,0.61,meshed-N-1,15,13,18.4,True,4.26,10.65,Reconfigure ties; balance 13 transformer banks
IND-S03375,Indore,Madhya Pradesh,8.64,radial-spur,15,13,20.6,False,6.28,11.51,Reconfigure ties; balance 13 transformer banks
IND-S03376,Kozhikode,Kerala,0.0,parallel-bank,15,13,25.5,True,3.06,10.89,Reconfigure ties; balance 13 transformer banks
IND-S03377,Deoghar,Jharkhand,37.07,sectionalized-ring,15,13,20.3,True,2.49,11.25,Reconfigure ties; balance 13 transformer banks
IND-S03378,Phulwari Sharif,Bihar,8.96,ring-main,15,13,20.6,False,4.88,11.95,Reconfigure ties; balance 13 transformer banks
IND-S03379,Delhi,Delhi,8.47,double-bus,15,13,15.6,True,2.08,9.6,Reconfigure ties; balance 13 transformer banks
IND-S03380,Mumbai,Maharashtra,10.03,meshed-N-1,15,13,22.6,True,4.98,10.27,Reconfigure ties; balance 13 transformer banks
IND-S03381,Bengaluru,Karnataka,9.43,radial-spur,15,13,21.0,False,3.08,11.3,Reconfigure ties; balance 13 transformer banks
IND-S03382,Brahmapur,Odisha,9.0,parallel-bank,15,13,18.3,True,3.06,12.35,Reconfigure ties; balance 13 transformer banks
IND-S03383,Alīgarh,Uttar Pradesh,9.84,sectionalized-ring,15,13,16.0,True,3.32,10.95,Reconfigure ties; balance 13 transformer banks
IND-S03384,Kolkata,West Bengal,8.87,ring-main,15,13,28.8,False,1.57,12.23,Reconfigure ties; balance 13 transformer banks
IND-S03385,Ramagundam,Telangana,0.01,double-bus,15,13,19.4,True,4.1,11.46,Reconfigure ties; balance 13 transformer banks
IND-S03386,Arrah,Bihar,9.32,meshed-N-1,15,13,21.0,True,4.87,12.13,Reconfigure ties; balance 13 transformer banks
IND-S03387,Kolhāpur,Maharashtra,11.53,radial-spur,15,13,17.4,False,3.47,12.3,Reconfigure ties; balance 13 transformer banks
IND-S03388,Ludhiana,Punjab,0.21,parallel-bank,15,13,26.4,True,2.86,11.71,Reconfigure ties; balance 13 transformer banks
IND-S03389,Nābha,Punjab,0.0,sectionalized-ring,15,13,20.2,True,4.63,11.9,Reconfigure ties; balance 13 transformer banks
IND-S03390,Patna,Bihar,0.0,ring-main,15,13,21.0,False,3.26,12.11,Reconfigure ties; balance 13 transformer banks
IND-S03391,Ākera,Rajasthan,8.37,double-bus,15,13,26.3,True,5.33,12.28,Reconfigure ties; balance 13 transformer banks
IND-S03392,Virār,Maharashtra,11.19,meshed-N-1,15,13,20.7,True,4.56,11.14,Reconfigure ties; balance 13 transformer banks
IND-S03393,Urun-Islāmpur,Maharashtra,0.07,radial-spur,15,13,23.4,False,2.37,11.16,Reconfigure ties; balance 13 transformer banks
IND-S03394,Kozhikode,Kerala,0.0,parallel-bank,15,13,26.0,True,4.61,10.97,Reconfigure ties; balance 13 transformer banks
IND-S03395,Ahmedabad,Gujarat,12.11,sectionalized-ring,15,13,20.8,True,5.32,12.33,Reconfigure ties; balance 13 transformer banks
IND-S03396,Mysuru,Karnataka,0.0,ring-main,15,13,22.7,False,4.37,11.41,Reconfigure ties; balance 13 transformer banks
IND-S03397,Pune,Maharashtra,0.88,double-bus,15,13,17.0,True,4.63,11.18,Reconfigure ties; balance 13 transformer banks
IND-S03398,Jabalpur,Madhya Pradesh,33.58,meshed-N-1,15,13,12.4,True,5.02,11.61,Reconfigure ties; balance 13 transformer banks
IND-S03399,Pāli,Rajasthan,8.58,radial-spur,15,13,20.5,False,2.87,10.68,Reconfigure ties; balance 13 transformer banks
IND-S03400,Puri,Odisha,9.09,parallel-bank,15,13,18.7,True,2.64,11.64,Reconfigure ties; balance 13 transformer banks
IND-S03401,Tiruchirappalli,Tamil Nadu,0.0,sectionalized-ring,15,13,27.5,True,4.46,11.35,Reconfigure ties; balance 13 transformer banks
IND-S03402,Azamgarh,Uttar Pradesh,0.0,ring-main,15,13,22.2,False,3.45,10.21,Reconfigure ties; balance 13 transformer banks
IND-S03403,Anantapur,Andhra Pradesh,8.87,double-bus,15,13,15.5,True,4.05,11.49,Reconfigure ties; balance 13 transformer banks
IND-S03404,Ambattur,Tamil Nadu,0.09,meshed-N-1,15,13,21.5,True,1.96,10.92,Reconfigure ties; balance 13 transformer banks
IND-S03405,Virār,Maharashtra,11.43,radial-spur,15,13,21.3,False,5.24,11.43,Reconfigure ties; balance 13 transformer banks
IND-S03406,Darbhanga,Bihar,8.66,parallel-bank,15,13,18.2,True,3.7,11.34,Reconfigure ties; balance 13 transformer banks
IND-S03407,Chhattisgarh Hub Generation,Chhattisgarh,33.05,sectionalized-ring,15,13,25.7,True,5.27,10.41,Reconfigure ties; balance 13 transformer banks
IND-S03408,Puducherry,Puducherry,0.09,ring-main,15,13,23.6,False,3.08,12.17,Reconfigure ties; balance 13 transformer banks
IND-S03409,Neyveli,Tamil Nadu,0.0,double-bus,15,13,19.9,True,5.92,11.48,Reconfigure ties; balance 13 transformer banks
IND-S03410,Punjab Hub Generation,Punjab,8.49,meshed-N-1,15,13,18.7,True,3.29,12.44,Reconfigure ties; balance 13 transformer banks
IND-S03411,Vareli,Gujarat,9.02,radial-spur,15,13,27.1,False,3.41,10.78,Reconfigure ties; balance 13 transformer banks
IND-S03412,Jalandhar,Punjab,0.07,parallel-bank,15,13,18.8,True,3.92,12.02,Reconfigure ties; balance 13 transformer banks
IND-S03413,Madipakkam,Tamil Nadu,0.08,sectionalized-ring,15,13,18.2,True,4.27,12.36,Reconfigure ties; balance 13 transformer banks
IND-S03414,Bareilly,Uttar Pradesh,9.55,ring-main,15,13,25.6,False,3.83,11.64,Reconfigure ties; balance 13 transformer banks
IND-S03415,Aurangabad,Maharashtra,0.87,double-bus,15,13,21.8,True,3.78,11.64,Reconfigure ties; balance 13 transformer banks
IND-S03416,Hāpur,Uttar Pradesh,11.03,meshed-N-1,15,13,22.1,True,2.81,11.84,Reconfigure ties; balance 13 transformer banks
IND-S03417,Bhongaon,Uttar Pradesh,0.0,radial-spur,15,13,23.7,False,2.35,11.39,Reconfigure ties; balance 13 transformer banks
IND-S03418,Shivamogga,Karnataka,0.0,parallel-bank,15,13,17.5,True,3.6,11.96,Reconfigure ties; balance 13 transformer banks
IND-S03419,Nellore,Andhra Pradesh,0.0,sectionalized-ring,15,13,19.3,True,2.51,11.92,Reconfigure ties; balance 13 transformer banks
IND-S03420,Kiyamgei,Manipur,8.85,ring-main,15,13,22.7,False,4.33,12.05,Reconfigure ties; balance 13 transformer banks
IND-S03421,Delhi,Delhi,0.0,double-bus,15,13,22.2,True,3.35,11.33,Reconfigure ties; balance 13 transformer banks
IND-S03422,Mangaluru,Karnataka,0.0,meshed-N-1,15,13,21.0,True,3.15,12.63,Reconfigure ties; balance 13 transformer banks
IND-S03423,Jaipur,Rajasthan,8.52,radial-spur,15,13,21.3,False,3.87,12.62,Reconfigure ties; balance 13 transformer banks
IND-S03424,Jammu,Jammu and Kashmir,8.39,parallel-bank,15,13,25.4,True,2.94,11.18,Reconfigure ties; balance 13 transformer banks
IND-S03425,Nawāda,Bihar,8.84,sectionalized-ring,15,13,25.9,True,2.79,10.65,Reconfigure ties; balance 13 transformer banks
IND-S03426,Bāruni,Bihar,0.0,ring-main,15,13,20.9,False,4.25,13.37,Reconfigure ties; balance 13 transformer banks
IND-S03427,Lassodyāmeri,Madhya Pradesh,0.0,double-bus,15,13,16.5,True,3.6,11.43,Reconfigure ties; balance 13 transformer banks
IND-S03428,Modīnagar,Uttar Pradesh,9.04,meshed-N-1,15,13,23.1,True,2.91,11.95,Reconfigure ties; balance 13 transformer banks
IND-S03429,Madhya Pradesh Hub Generation,Madhya Pradesh,0.0,radial-spur,15,13,14.4,False,3.37,10.58,Reconfigure ties; balance 13 transformer banks
IND-S03430,Dohad,Gujarat,0.0,parallel-bank,15,13,24.9,True,6.07,11.9,Reconfigure ties; balance 13 transformer banks
IND-S03431,Guntur,Andhra Pradesh,0.22,sectionalized-ring,15,13,19.2,True,4.81,11.36,Reconfigure ties; balance 13 transformer banks
IND-S03432,Bihār Sharīf,Bihar,0.0,ring-main,15,13,26.8,False,3.29,12.41,Reconfigure ties; balance 13 transformer banks
IND-S03433,Ahīr Tola,Uttar Pradesh,0.0,double-bus,15,13,23.4,True,3.63,11.25,Reconfigure ties; balance 13 transformer banks
IND-S03434,Mānāvadar,Gujarat,0.07,meshed-N-1,15,13,23.7,True,2.11,12.45,Reconfigure ties; balance 13 transformer banks
IND-S03435,Deoghar,Jharkhand,0.37,radial-spur,15,13,18.4,False,4.23,10.45,Reconfigure ties; balance 13 transformer banks
IND-S03436,Mānikpur,Uttar Pradesh,0.0,parallel-bank,15,13,16.2,True,4.23,11.56,Reconfigure ties; balance 13 transformer banks
IND-S03437,Vasco da Gama,Goa,8.57,sectionalized-ring,15,13,19.2,True,2.79,11.37,Reconfigure ties; balance 13 transformer banks
IND-S03438,Naihāti,West Bengal,0.09,ring-main,15,13,17.5,False,3.77,11.71,Reconfigure ties; balance 13 transformer banks
IND-S03439,Thāne,Maharashtra,0.0,double-bus,15,13,18.2,True,3.51,12.76,Reconfigure ties; balance 13 transformer banks
IND-S03440,Agra,Uttar Pradesh,0.19,meshed-N-1,15,13,15.0,True,5.57,10.35,Reconfigure ties; balance 13 transformer banks
IND-S03441,Phusro,Jharkhand,0.1,radial-spur,15,13,16.1,False,4.86,11.13,Reconfigure ties; balance 13 transformer banks
IND-S03442,Haridwar,Uttarakhand,0.25,parallel-bank,15,13,21.2,True,5.53,11.93,Reconfigure ties; balance 13 transformer banks
IND-S03443,Nashik,Maharashtra,9.63,sectionalized-ring,15,13,22.0,True,3.97,11.7,Reconfigure ties; balance 13 transformer banks
IND-S03444,Jamnagar,Gujarat,8.79,ring-main,15,13,20.3,False,2.54,11.93,Reconfigure ties; balance 13 transformer banks
IND-S03445,Suriāpet,Telangana,0.0,double-bus,15,13,19.7,True,4.92,11.05,Reconfigure ties; balance 13 transformer banks
IND-S03446,Nagpur,Maharashtra,8.44,meshed-N-1,15,13,20.5,True,3.43,12.57,Reconfigure ties; balance 13 transformer banks
IND-S03447,Deoria,Uttar Pradesh,0.08,radial-spur,15,13,17.7,False,3.62,11.23,Reconfigure ties; balance 13 transformer banks
IND-S03448,Kolkata,West Bengal,10.09,parallel-bank,15,13,18.8,True,3.66,10.46,Reconfigure ties; balance 13 transformer banks
IND-S03449,Korba,Chhattisgarh,8.65,sectionalized-ring,15,13,15.3,True,3.86,11.46,Reconfigure ties; balance 13 transformer banks
IND-S03450,Farrukhnagar,Telangana,0.0,ring-main,15,13,16.5,False,4.1,11.93,Reconfigure ties; balance 13 transformer banks
IND-S03451,Moga,Punjab,11.28,double-bus,15,13,21.8,True,4.68,10.99,Reconfigure ties; balance 13 transformer banks
IND-S03452,Agra,Uttar Pradesh,9.28,meshed-N-1,15,13,21.2,True,3.25,11.72,Reconfigure ties; balance 13 transformer banks
IND-S03453,Davangere,Karnataka,0.0,radial-spur,15,13,30.5,False,3.94,11.13,Reconfigure ties; balance 13 transformer banks
IND-S03454,Marampilly,Kerala,0.02,parallel-bank,15,13,18.0,True,5.38,11.88,Reconfigure ties; balance 13 transformer banks
IND-S03455,Nagaon,Assam,0.0,sectionalized-ring,15,13,20.9,True,3.53,11.48,Reconfigure ties; balance 13 transformer banks
IND-S03456,Ichalkaranji,Maharashtra,0.0,ring-main,15,13,19.1,False,6.42,11.04,Reconfigure ties; balance 13 transformer banks
IND-S03457,Jamnagar,Gujarat,31.4,double-bus,15,13,20.9,True,3.16,11.23,Reconfigure ties; balance 13 transformer banks
IND-S03458,Modīnagar,Uttar Pradesh,0.01,meshed-N-1,15,13,26.5,True,2.74,11.36,Reconfigure ties; balance 13 transformer banks
IND-S03459,Tiruchirappalli,Tamil Nadu,0.0,radial-spur,15,13,18.5,False,3.36,11.73,Reconfigure ties; balance 13 transformer banks
IND-S03460,Virār,Maharashtra,0.0,parallel-bank,15,13,24.2,True,3.56,10.62,Reconfigure ties; balance 13 transformer banks
IND-S03461,Erode,Tamil Nadu,0.0,sectionalized-ring,15,13,22.3,True,3.47,11.28,Reconfigure ties; balance 13 transformer banks
IND-S03462,Hyderabad,Telangana,0.0,ring-main,15,13,13.2,False,4.11,11.78,Reconfigure ties; balance 13 transformer banks
IND-S03463,Ahmedabad,Gujarat,0.0,double-bus,15,13,21.9,True,6.21,11.75,Reconfigure ties; balance 13 transformer banks
IND-S03464,Coimbatore,Tamil Nadu,0.0,meshed-N-1,15,13,21.1,True,3.77,11.2,Reconfigure ties; balance 13 transformer banks
IND-S03465,Gumia,Jharkhand,8.52,radial-spur,15,13,24.7,False,3.65,12.14,Reconfigure ties; balance 13 transformer banks
IND-S03466,Jatani,Odisha,9.02,parallel-bank,15,13,20.5,True,2.81,10.89,Reconfigure ties; balance 13 transformer banks
IND-S03467,Ambattur,Tamil Nadu,0.0,sectionalized-ring,15,13,20.5,True,3.47,10.76,Reconfigure ties; balance 13 transformer banks
IND-S03468,Dhanbad,Jharkhand,0.0,ring-main,15,13,24.5,False,3.82,12.93,Reconfigure ties; balance 13 transformer banks
IND-S03469,Kanpur,Uttar Pradesh,0.44,double-bus,15,13,25.1,True,4.82,11.92,Reconfigure ties; balance 13 transformer banks
IND-S03470,Sūjāngarh,Rajasthan,8.77,meshed-N-1,15,13,25.4,True,3.76,12.12,Reconfigure ties; balance 13 transformer banks
IND-S03471,Bengaluru,Karnataka,11.59,radial-spur,15,13,20.3,False,3.74,11.54,Reconfigure ties; balance 13 transformer banks
IND-S03472,Dādri,Uttar Pradesh,0.0,parallel-bank,15,13,22.9,True,4.86,11.75,Reconfigure ties; balance 13 transformer banks
IND-S03473,Kozhikode,Kerala,8.73,sectionalized-ring,15,13,23.9,True,4.83,11.6,Reconfigure ties; balance 13 transformer banks
IND-S03474,Jalochi,Maharashtra,0.0,ring-main,15,13,22.2,False,3.77,12.56,Reconfigure ties; balance 13 transformer banks
IND-S03475,Hugli,West Bengal,0.0,double-bus,15,13,29.0,True,3.22,10.98,Reconfigure ties; balance 13 transformer banks
IND-S03476,Hyderabad,Telangana,9.83,meshed-N-1,15,13,23.6,True,3.68,11.47,Reconfigure ties; balance 13 transformer banks
IND-S03477,Nagpur,Maharashtra,0.29,radial-spur,15,13,22.7,False,4.69,11.03,Reconfigure ties; balance 13 transformer banks
IND-S03478,Kannad,Maharashtra,0.0,parallel-bank,15,13,19.5,True,3.3,11.29,Reconfigure ties; balance 13 transformer banks
IND-S03479,Berhait,Jharkhand,0.0,sectionalized-ring,15,13,15.2,True,3.67,12.24,Reconfigure ties; balance 13 transformer banks
IND-S03480,Alīgarh,Uttar Pradesh,0.15,ring-main,15,13,20.4,False,5.01,12.49,Reconfigure ties; balance 13 transformer banks
IND-S03481,Tirunelveli,Tamil Nadu,0.0,double-bus,15,13,20.7,True,1.94,12.44,Reconfigure ties; balance 13 transformer banks
IND-S03482,Warangal,Telangana,0.14,meshed-N-1,15,13,18.6,True,5.63,11.22,Reconfigure ties; balance 13 transformer banks
IND-S03483,Puducherry,Puducherry,8.93,radial-spur,15,13,12.0,False,3.71,11.95,Reconfigure ties; balance 13 transformer banks
IND-S03484,Dhuliān,West Bengal,8.81,parallel-bank,15,13,20.8,True,5.12,11.49,Reconfigure ties; balance 13 transformer banks
IND-S03485,Gadag,Karnataka,0.0,sectionalized-ring,15,13,23.7,True,3.15,11.15,Reconfigure ties; balance 13 transformer banks
IND-S03486,Odisha Hub Generation,Odisha,8.58,ring-main,15,13,21.7,False,2.9,10.7,Reconfigure ties; balance 13 transformer banks
IND-S03487,Nārnaund,Haryana,8.99,double-bus,15,13,21.1,True,4.0,11.47,Reconfigure ties; balance 13 transformer banks
IND-S03488,Vijayapura,Karnataka,0.05,meshed-N-1,15,13,12.0,True,1.59,12.29,Reconfigure ties; balance 13 transformer banks
IND-S03489,Anantapur,Andhra Pradesh,0.0,radial-spur,15,13,18.0,False,1.86,11.6,Reconfigure ties; balance 13 transformer banks
IND-S03490,Tandur,Telangana,8.38,parallel-bank,15,13,22.5,True,4.98,11.52,Reconfigure ties; balance 13 transformer banks
IND-S03491,Gaya,Bihar,0.1,sectionalized-ring,15,13,23.1,True,5.27,11.26,Reconfigure ties; balance 13 transformer banks
IND-S03492,Bārāsat,West Bengal,0.0,ring-main,15,13,20.9,False,3.07,11.5,Reconfigure ties; balance 13 transformer banks
IND-S03493,Sehore,Madhya Pradesh,0.08,double-bus,15,13,19.6,True,4.35,12.52,Reconfigure ties; balance 13 transformer banks
IND-S03494,Ajmer,Rajasthan,8.57,meshed-N-1,15,13,28.5,True,2.54,11.72,Reconfigure ties; balance 13 transformer banks
IND-S03495,Sri Ganganagar,Rajasthan,0.0,radial-spur,15,13,17.9,False,3.3,10.73,Reconfigure ties; balance 13 transformer banks
IND-S03496,Dehu,Maharashtra,8.36,parallel-bank,15,13,20.7,True,3.65,11.32,Reconfigure ties; balance 13 transformer banks
IND-S03497,Bay,Rajasthan,8.59,sectionalized-ring,15,13,23.0,True,5.03,11.07,Reconfigure ties; balance 13 transformer banks
IND-S03498,Vellore,Tamil Nadu,10.02,ring-main,15,13,21.5,False,5.9,12.37,Reconfigure ties; balance 13 transformer banks
IND-S03499,Cuttack,Odisha,0.0,double-bus,15,13,18.6,True,2.58,12.04,Reconfigure ties; balance 13 transformer banks
IND-S03500,Nellore,Andhra Pradesh,0.19,meshed-N-1,15,13,23.2,True,4.6,11.09,Reconfigure ties; balance 13 transformer banks
IND-S03501,Kumarapalayam,Tamil Nadu,0.35,radial-spur,15,13,16.8,False,2.88,11.1,Reconfigure ties; balance 13 transformer banks
IND-S03502,Bareilly,Uttar Pradesh,0.03,parallel-bank,15,13,20.5,True,3.82,11.21,Reconfigure ties; balance 13 transformer banks
IND-S03503,Salem,Tamil Nadu,8.23,sectionalized-ring,15,13,26.6,True,5.4,10.97,Reconfigure ties; balance 13 transformer banks
IND-S03504,Pune,Maharashtra,10.27,ring-main,15,13,16.4,False,5.96,12.04,Reconfigure ties; balance 13 transformer banks
IND-S03505,Gwalior,Madhya Pradesh,0.0,double-bus,15,13,23.7,True,5.37,11.13,Reconfigure ties; balance 13 transformer banks
IND-S03506,Lar,Uttar Pradesh,0.0,meshed-N-1,15,13,25.5,True,5.1,11.61,Reconfigure ties; balance 13 transformer banks
IND-S03507,Mandsaur,Madhya Pradesh,0.0,radial-spur,15,13,20.8,False,4.96,11.77,Reconfigure ties; balance 13 transformer banks
IND-S03508,Hyderabad,Telangana,0.0,parallel-bank,15,13,19.5,True,5.3,11.3,Reconfigure ties; balance 13 transformer banks
IND-S03509,Joda,Odisha,9.02,sectionalized-ring,15,13,24.4,True,5.07,11.02,Reconfigure ties; balance 13 transformer banks
IND-S03510,Bhāgalpur,Bihar,8.75,ring-main,15,13,15.6,False,4.03,11.49,Reconfigure ties; balance 13 transformer banks
IND-S03511,Ahilyanagar,Maharashtra,8.89,double-bus,15,13,22.3,True,4.36,11.14,Reconfigure ties; balance 13 transformer banks
IND-S03512,Nellore,Andhra Pradesh,8.54,meshed-N-1,15,13,19.7,True,4.87,11.04,Reconfigure ties; balance 13 transformer banks
IND-S03513,Loni,Uttar Pradesh,0.01,radial-spur,15,13,24.4,False,3.21,10.28,Reconfigure ties; balance 13 transformer banks
IND-S03514,Jūnāgadh,Gujarat,0.07,parallel-bank,15,13,21.6,True,5.64,10.01,Reconfigure ties; balance 13 transformer banks
IND-S03515,Vapi,Gujarat,0.0,sectionalized-ring,15,13,26.0,True,2.14,11.77,Reconfigure ties; balance 13 transformer banks
IND-S03516,Thāne,Maharashtra,1.02,ring-main,15,13,23.8,False,1.37,12.16,Reconfigure ties; balance 13 transformer banks
IND-S03517,Jammu,Jammu and Kashmir,8.52,double-bus,15,13,26.5,True,4.49,10.76,Reconfigure ties; balance 13 transformer banks
IND-S03518,Sargūr,Karnataka,8.56,meshed-N-1,15,13,22.3,True,3.5,11.21,Reconfigure ties; balance 13 transformer banks
IND-S03519,Sīkar,Rajasthan,0.0,radial-spur,15,13,21.2,False,3.6,11.31,Reconfigure ties; balance 13 transformer banks
IND-S03520,Chas,Jharkhand,8.82,parallel-bank,15,13,20.9,True,5.44,12.45,Reconfigure ties; balance 13 transformer banks
IND-S03521,Vāzhakulam,Kerala,11.56,sectionalized-ring,15,13,27.9,True,2.57,10.55,Reconfigure ties; balance 13 transformer banks
IND-S03522,Deoli,Delhi,8.78,ring-main,15,13,22.7,False,4.97,10.87,Reconfigure ties; balance 13 transformer banks
IND-S03523,Bhavnagar,Gujarat,0.0,double-bus,15,13,22.1,True,4.1,13.1,Reconfigure ties; balance 13 transformer banks
IND-S03524,Panipat Taraf Ansar,Haryana,0.05,meshed-N-1,15,13,21.1,True,3.52,11.75,Reconfigure ties; balance 13 transformer banks
IND-S03525,Port Blair,Andaman and Nicobar,0.0,radial-spur,15,13,12.0,False,5.73,11.27,Reconfigure ties; balance 13 transformer banks
IND-S03526,Rāmgundam,Telangana,0.0,parallel-bank,15,13,24.5,True,3.15,10.4,Reconfigure ties; balance 13 transformer banks
IND-S03527,Narela,Delhi,8.6,sectionalized-ring,15,13,26.7,True,5.23,11.57,Reconfigure ties; balance 13 transformer banks
IND-S03528,Faridabad,Haryana,8.7,ring-main,15,13,16.1,False,3.06,11.32,Reconfigure ties; balance 13 transformer banks
IND-S03529,Gwalior,Madhya Pradesh,8.33,double-bus,15,13,22.8,True,2.12,11.41,Reconfigure ties; balance 13 transformer banks
IND-S03530,Kurnool,Andhra Pradesh,0.0,meshed-N-1,15,13,22.9,True,2.52,11.49,Reconfigure ties; balance 13 transformer banks
IND-S03531,Rajamahendravaram,Andhra Pradesh,8.77,radial-spur,15,13,12.0,False,3.84,12.14,Reconfigure ties; balance 13 transformer banks
IND-S03532,Shillong,Meghalaya,8.56,parallel-bank,15,13,21.9,True,2.95,11.29,Reconfigure ties; balance 13 transformer banks
IND-S03533,Rāj-Nāndgaon,Chhattisgarh,8.51,sectionalized-ring,15,13,21.4,True,4.23,10.71,Reconfigure ties; balance 13 transformer banks
IND-S03534,Srinagar,Jammu and Kashmir,8.67,ring-main,15,13,21.2,False,2.81,11.03,Reconfigure ties; balance 13 transformer banks
IND-S03535,Balasore,Odisha,8.76,double-bus,15,13,26.7,True,3.62,11.83,Reconfigure ties; balance 13 transformer banks
IND-S03536,Patiāla,Punjab,0.27,meshed-N-1,15,13,24.4,True,4.16,11.93,Reconfigure ties; balance 13 transformer banks
IND-S03537,Erode,Tamil Nadu,11.37,radial-spur,15,13,23.1,False,3.84,11.76,Reconfigure ties; balance 13 transformer banks
IND-S03538,Indore,Madhya Pradesh,0.0,parallel-bank,15,13,17.6,True,4.78,11.36,Reconfigure ties; balance 13 transformer banks
IND-S03539,Karnataka Hub Generation,Karnataka,9.51,sectionalized-ring,15,13,24.6,True,3.08,10.22,Reconfigure ties; balance 13 transformer banks
IND-S03540,Dīdwāna,Rajasthan,8.52,ring-main,15,13,21.6,False,1.2,11.26,Reconfigure ties; balance 13 transformer banks
IND-S03541,Vijayawada,Andhra Pradesh,0.0,double-bus,15,13,12.0,True,4.5,10.7,Reconfigure ties; balance 13 transformer banks
IND-S03542,Kollam,Kerala,0.0,meshed-N-1,15,13,20.1,True,3.42,11.84,Reconfigure ties; balance 13 transformer banks
IND-S03543,Vijayapura,Karnataka,0.04,radial-spur,15,13,12.0,False,4.03,11.76,Reconfigure ties; balance 13 transformer banks
IND-S03544,Hyderabad,Telangana,0.0,parallel-bank,15,13,17.7,True,4.32,12.23,Reconfigure ties; balance 13 transformer banks
IND-S03545,Tamil Nadu Hub Generation,Tamil Nadu,9.03,sectionalized-ring,15,13,23.7,True,6.04,10.62,Reconfigure ties; balance 13 transformer banks
IND-S03546,Jalandhar,Punjab,0.0,ring-main,15,13,26.3,False,4.0,11.7,Reconfigure ties; balance 13 transformer banks
IND-S03547,Bathinda,Punjab,0.0,double-bus,15,13,18.1,True,6.32,10.88,Reconfigure ties; balance 13 transformer banks
IND-S03548,Khetia,Maharashtra,8.4,meshed-N-1,15,13,25.0,True,2.7,12.13,Reconfigure ties; balance 13 transformer banks
IND-S03549,Ujjain,Madhya Pradesh,0.18,radial-spur,15,13,25.9,False,5.79,11.45,Reconfigure ties; balance 13 transformer banks
IND-S03550,Bijnor,Uttar Pradesh,0.0,parallel-bank,15,13,20.9,True,3.53,10.89,Reconfigure ties; balance 13 transformer banks
IND-S03551,Coimbatore,Tamil Nadu,30.69,sectionalized-ring,15,13,24.5,True,5.01,12.86,Reconfigure ties; balance 13 transformer banks
IND-S03552,Ghāziābād,Uttar Pradesh,10.36,ring-main,15,13,22.4,False,6.07,12.74,Reconfigure ties; balance 13 transformer banks
IND-S03553,Alīgarh,Uttar Pradesh,0.13,double-bus,15,13,13.9,True,1.2,11.71,Reconfigure ties; balance 13 transformer banks
IND-S03554,Fīrozābād,Uttar Pradesh,0.09,meshed-N-1,15,13,17.4,True,6.54,11.6,Reconfigure ties; balance 13 transformer banks
IND-S03555,Deoghar,Jharkhand,0.04,radial-spur,15,13,19.8,False,3.77,11.36,Reconfigure ties; balance 13 transformer banks
IND-S03556,Jaithāri,Madhya Pradesh,8.54,parallel-bank,15,13,17.7,True,2.97,12.77,Reconfigure ties; balance 13 transformer banks
IND-S03557,Kākināda,Andhra Pradesh,8.68,sectionalized-ring,15,13,17.6,True,4.49,10.77,Reconfigure ties; balance 13 transformer banks
IND-S03558,Mormugao,Goa,0.01,ring-main,15,13,22.7,False,3.78,10.93,Reconfigure ties; balance 13 transformer banks
IND-S03559,Jamshedpur,Jharkhand,8.55,double-bus,15,13,24.3,True,4.19,11.39,Reconfigure ties; balance 13 transformer banks
IND-S03560,Ankhāwāri,Madhya Pradesh,8.75,meshed-N-1,15,13,19.3,True,4.44,11.75,Reconfigure ties; balance 13 transformer banks
IND-S03561,Satna,Madhya Pradesh,0.0,radial-spur,15,13,19.4,False,3.34,12.53,Reconfigure ties; balance 13 transformer banks
IND-S03562,Chhapra,Gujarat,8.54,parallel-bank,15,13,21.5,True,4.55,11.81,Reconfigure ties; balance 13 transformer banks
IND-S03563,Tindivanam,Tamil Nadu,9.02,sectionalized-ring,15,13,22.4,True,3.68,12.32,Reconfigure ties; balance 13 transformer banks
IND-S03564,Bokāro,Jharkhand,0.02,ring-main,15,13,21.3,False,4.15,12.07,Reconfigure ties; balance 13 transformer banks
IND-S03565,Ahraura,Uttar Pradesh,0.0,double-bus,15,13,17.8,True,4.26,11.23,Reconfigure ties; balance 13 transformer banks
IND-S03566,Tondi,Tamil Nadu,0.0,meshed-N-1,15,13,20.9,True,2.54,11.19,Reconfigure ties; balance 13 transformer banks
IND-S03567,Kanpur,Uttar Pradesh,0.22,radial-spur,15,13,21.9,False,4.81,12.53,Reconfigure ties; balance 13 transformer banks
IND-S03568,Adolibās,Rajasthan,10.86,parallel-bank,15,13,20.4,True,2.78,12.6,Reconfigure ties; balance 13 transformer banks
IND-S03569,Bhāgalpur,Bihar,8.35,sectionalized-ring,15,13,20.0,True,3.67,11.27,Reconfigure ties; balance 13 transformer banks
IND-S03570,Vidyavihar,Rajasthan,0.0,ring-main,15,13,17.6,False,3.09,11.29,Reconfigure ties; balance 13 transformer banks
IND-S03571,Sirhind,Punjab,8.55,double-bus,15,13,17.0,True,3.62,10.12,Reconfigure ties; balance 13 transformer banks
IND-S03572,Bagha Purana,Punjab,8.73,meshed-N-1,15,13,12.9,True,2.28,12.08,Reconfigure ties; balance 13 transformer banks
IND-S03573,Hoshiārpur,Punjab,8.55,radial-spur,15,13,20.5,False,4.02,10.82,Reconfigure ties; balance 13 transformer banks
IND-S03574,Kerala Hub Generation,Kerala,8.63,parallel-bank,15,13,16.8,True,3.59,11.05,Reconfigure ties; balance 13 transformer banks
IND-S03575,Madurai,Tamil Nadu,10.51,sectionalized-ring,15,13,22.5,True,5.73,11.37,Reconfigure ties; balance 13 transformer banks
IND-S03576,Moga,Punjab,0.0,ring-main,15,13,20.3,False,2.99,11.09,Reconfigure ties; balance 13 transformer banks
IND-S03577,Jaipur,Rajasthan,9.02,double-bus,15,13,18.7,True,3.07,10.21,Reconfigure ties; balance 13 transformer banks
IND-S03578,Cuttack,Odisha,8.51,meshed-N-1,15,13,23.5,True,4.02,10.02,Reconfigure ties; balance 13 transformer banks
IND-S03579,Rasapūdipalem,Andhra Pradesh,8.78,radial-spur,15,13,28.1,False,3.45,10.88,Reconfigure ties; balance 13 transformer banks
IND-S03580,Patha Deōsar,Jammu and Kashmir,8.9,parallel-bank,15,13,27.2,True,3.86,11.69,Reconfigure ties; balance 13 transformer banks
IND-S03581,Jeypore,Odisha,8.88,sectionalized-ring,15,13,21.9,True,6.08,11.65,Reconfigure ties; balance 13 transformer banks
IND-S03582,Emmiganūr,Andhra Pradesh,9.0,ring-main,15,13,15.4,False,5.21,10.92,Reconfigure ties; balance 13 transformer banks
IND-S03583,Thāne,Maharashtra,0.33,double-bus,15,13,25.6,True,3.72,10.49,Reconfigure ties; balance 13 transformer banks
IND-S03584,Kolkata,West Bengal,0.0,meshed-N-1,15,13,18.7,True,5.15,11.11,Reconfigure ties; balance 13 transformer banks
IND-S03585,Vellore,Tamil Nadu,0.0,radial-spur,15,13,15.1,False,3.48,12.13,Reconfigure ties; balance 13 transformer banks
IND-S03586,Telangana Hub Generation,Telangana,0.0,parallel-bank,15,13,19.6,True,3.29,11.59,Reconfigure ties; balance 13 transformer banks
IND-S03587,Visakhapatnam,Andhra Pradesh,8.95,sectionalized-ring,15,13,18.7,True,5.87,12.17,Reconfigure ties; balance 13 transformer banks
IND-S03588,Begusarai,Bihar,0.06,ring-main,15,13,23.7,False,2.34,12.2,Reconfigure ties; balance 13 transformer banks
IND-S03589,Alīgarh,Uttar Pradesh,0.0,double-bus,15,13,28.7,True,5.28,11.74,Reconfigure ties; balance 13 transformer banks
IND-S03590,Dewas,Madhya Pradesh,8.44,meshed-N-1,15,13,28.7,True,1.96,11.12,Reconfigure ties; balance 13 transformer banks
IND-S03591,Varanasi,Uttar Pradesh,0.23,radial-spur,15,13,22.2,False,4.26,9.85,Reconfigure ties; balance 13 transformer banks
IND-S03592,Lucknow,Uttar Pradesh,0.0,parallel-bank,15,13,23.9,True,3.89,11.54,Reconfigure ties; balance 13 transformer banks
IND-S03593,Addūtla,Andhra Pradesh,0.0,sectionalized-ring,15,13,21.4,True,3.74,11.28,Reconfigure ties; balance 13 transformer banks
IND-S03594,Guna,Madhya Pradesh,0.0,ring-main,15,13,21.6,False,2.67,11.36,Reconfigure ties; balance 13 transformer banks
IND-S03595,Zahirābād,Telangana,8.4,double-bus,15,13,20.8,True,3.63,12.17,Reconfigure ties; balance 13 transformer banks
IND-S03596,Vijayapura,Karnataka,0.04,meshed-N-1,15,13,22.5,True,3.56,10.57,Reconfigure ties; balance 13 transformer banks
IND-S03597,Bhiwandi,Maharashtra,0.0,radial-spur,15,13,26.9,False,2.95,11.06,Reconfigure ties; balance 13 transformer banks
IND-S03598,Bengaluru,Karnataka,9.81,parallel-bank,15,13,21.3,True,5.25,13.24,Reconfigure ties; balance 13 transformer banks
IND-S03599,Muzaffarpur,Bihar,8.7,sectionalized-ring,15,13,18.5,True,4.43,12.66,Reconfigure ties; balance 13 transformer banks
IND-S03600,Saugor,Madhya Pradesh,8.81,ring-main,15,13,20.0,False,2.8,12.64,Reconfigure ties; balance 13 transformer banks
IND-S03601,Jharsuguda,Odisha,0.07,double-bus,15,13,24.9,True,4.37,10.89,Reconfigure ties; balance 13 transformer banks
IND-S03602,Sunabeda,Odisha,0.0,meshed-N-1,15,13,26.2,True,3.79,10.98,Reconfigure ties; balance 13 transformer banks
IND-S03603,Wardha,Maharashtra,0.0,radial-spur,15,13,22.1,False,3.93,10.52,Reconfigure ties; balance 13 transformer banks
IND-S03604,Abhisekhāpuram,Tamil Nadu,8.46,parallel-bank,15,13,22.4,True,3.66,10.87,Reconfigure ties; balance 13 transformer banks
IND-S03605,Aurangabad,Maharashtra,0.0,sectionalized-ring,15,13,12.0,True,4.73,11.26,Reconfigure ties; balance 13 transformer banks
IND-S03606,Kolāras,Madhya Pradesh,0.07,ring-main,15,13,19.9,False,3.58,11.99,Reconfigure ties; balance 13 transformer banks
IND-S03607,Bokāro,Jharkhand,8.42,double-bus,15,13,22.3,True,2.36,11.57,Reconfigure ties; balance 13 transformer banks
IND-S03608,Darbhanga,Bihar,9.09,meshed-N-1,15,13,20.3,True,5.71,10.45,Reconfigure ties; balance 13 transformer banks
IND-S03609,Allālapuram,Tamil Nadu,0.0,radial-spur,15,13,20.1,False,3.89,10.58,Reconfigure ties; balance 13 transformer banks
IND-S03610,Virudhachalam,Tamil Nadu,0.0,parallel-bank,15,13,20.1,True,3.59,12.11,Reconfigure ties; balance 13 transformer banks
IND-S03611,Shyamnagar,West Bengal,0.08,sectionalized-ring,15,13,19.9,True,4.93,11.19,Reconfigure ties; balance 13 transformer banks
IND-S03612,Thāne,Maharashtra,9.01,ring-main,15,13,19.4,False,3.82,11.85,Reconfigure ties; balance 13 transformer banks
IND-S03613,Maharashtra Hub Generation,Maharashtra,0.0,double-bus,15,13,16.4,True,2.82,11.65,Reconfigure ties; balance 13 transformer banks
IND-S03614,Sholapur,Maharashtra,0.83,meshed-N-1,15,13,23.1,True,3.63,10.83,Reconfigure ties; balance 13 transformer banks
IND-S03615,Aruppukkottai,Tamil Nadu,0.11,radial-spur,15,13,27.4,False,6.08,11.27,Reconfigure ties; balance 13 transformer banks
IND-S03616,Rishra,West Bengal,8.56,parallel-bank,15,13,17.2,True,5.2,12.29,Reconfigure ties; balance 13 transformer banks
IND-S03617,Nanded,Maharashtra,0.0,sectionalized-ring,15,13,25.2,True,3.14,11.62,Reconfigure ties; balance 13 transformer banks
IND-S03618,Bharatpur,Rajasthan,0.0,ring-main,15,13,26.5,False,2.73,12.0,Reconfigure ties; balance 13 transformer banks
IND-S03619,Rāichūr,Karnataka,0.0,double-bus,15,13,20.8,True,3.42,11.82,Reconfigure ties; balance 13 transformer banks
IND-S03620,Pathānkot,Punjab,8.64,meshed-N-1,15,13,22.3,True,4.61,11.48,Reconfigure ties; balance 13 transformer banks
IND-S03621,Vijayawada,Andhra Pradesh,0.12,radial-spur,15,13,18.7,False,4.8,12.05,Reconfigure ties; balance 13 transformer banks
IND-S03622,Hodal,Haryana,0.0,parallel-bank,15,13,21.1,True,2.94,11.69,Reconfigure ties; balance 13 transformer banks
IND-S03623,Modīnagar,Uttar Pradesh,10.72,sectionalized-ring,15,13,17.1,True,3.96,11.85,Reconfigure ties; balance 13 transformer banks
IND-S03624,Prayagraj,Uttar Pradesh,0.34,ring-main,15,13,17.5,False,4.03,12.31,Reconfigure ties; balance 13 transformer banks
IND-S03625,Pimpri,Maharashtra,10.18,double-bus,15,13,19.0,True,1.55,11.99,Reconfigure ties; balance 13 transformer banks
IND-S03626,Chennai,Tamil Nadu,0.19,meshed-N-1,15,13,18.4,True,4.95,10.78,Reconfigure ties; balance 13 transformer banks
IND-S03627,Durgapur,West Bengal,0.07,radial-spur,15,13,22.3,False,3.76,11.81,Reconfigure ties; balance 13 transformer banks
IND-S03628,Pune,Maharashtra,0.0,parallel-bank,15,13,25.2,True,5.79,11.6,Reconfigure ties; balance 13 transformer banks
IND-S03629,Bharatpur,Rajasthan,8.73,sectionalized-ring,15,13,22.9,True,4.26,11.76,Reconfigure ties; balance 13 transformer banks
IND-S03630,Pāppinisshēri,Kerala,8.47,ring-main,15,13,25.1,False,1.23,11.91,Reconfigure ties; balance 13 transformer banks
IND-S03631,Bilāspur,Chhattisgarh,0.1,double-bus,15,13,25.0,True,3.07,11.07,Reconfigure ties; balance 13 transformer banks
IND-S03632,Chittoor,Andhra Pradesh,9.07,meshed-N-1,15,13,17.2,True,3.01,11.46,Reconfigure ties; balance 13 transformer banks
IND-S03633,Kodār,Telangana,8.88,radial-spur,15,13,19.2,False,4.46,11.4,Reconfigure ties; balance 13 transformer banks
IND-S03634,Bagulā,West Bengal,0.0,parallel-bank,15,13,17.9,True,6.59,11.1,Reconfigure ties; balance 13 transformer banks
IND-S03635,Bettiah,Bihar,0.34,sectionalized-ring,15,13,19.4,True,4.95,11.0,Reconfigure ties; balance 13 transformer banks
IND-S03636,Kota,Rajasthan,0.0,ring-main,15,13,25.0,False,3.49,10.7,Reconfigure ties; balance 13 transformer banks
IND-S03637,Mandoli,Delhi,0.0,double-bus,15,13,15.5,True,4.8,11.51,Reconfigure ties; balance 13 transformer banks
IND-S03638,Bhubaneswar,Odisha,8.49,meshed-N-1,15,13,15.8,True,2.61,10.79,Reconfigure ties; balance 13 transformer banks
IND-S03639,Chammanād,Kerala,8.85,radial-spur,15,13,21.0,False,3.34,10.57,Reconfigure ties; balance 13 transformer banks
IND-S03640,Ahmedabad,Gujarat,8.7,parallel-bank,15,13,19.3,True,1.23,11.65,Reconfigure ties; balance 13 transformer banks
IND-S03641,Tamil Nadu Hub Generation,Tamil Nadu,0.0,sectionalized-ring,15,13,13.6,True,2.19,12.5,Reconfigure ties; balance 13 transformer banks
IND-S03642,Bābai,Madhya Pradesh,0.0,ring-main,15,13,18.4,False,4.47,10.22,Reconfigure ties; balance 13 transformer banks
IND-S03643,Mumbai,Maharashtra,9.48,double-bus,15,13,26.3,True,4.43,10.48,Reconfigure ties; balance 13 transformer banks
IND-S03644,Kadapa,Andhra Pradesh,0.0,meshed-N-1,15,13,15.9,True,3.98,12.42,Reconfigure ties; balance 13 transformer banks
IND-S03645,Coimbatore,Tamil Nadu,8.46,radial-spur,15,13,20.1,False,3.91,11.77,Reconfigure ties; balance 13 transformer banks
IND-S03646,Nizāmābād,Telangana,45.57,parallel-bank,15,13,19.5,True,3.45,11.96,Reconfigure ties; balance 13 transformer banks
IND-S03647,Madurai,Tamil Nadu,8.51,sectionalized-ring,15,13,24.8,True,3.56,11.77,Reconfigure ties; balance 13 transformer banks
IND-S03648,Guwahati,Assam,0.0,ring-main,15,13,23.4,False,4.49,12.19,Reconfigure ties; balance 13 transformer banks
IND-S03649,Nashik,Maharashtra,0.0,double-bus,15,13,21.8,True,6.7,9.71,Reconfigure ties; balance 13 transformer banks
IND-S03650,Varanasi,Uttar Pradesh,0.22,meshed-N-1,15,13,25.6,True,5.43,10.59,Reconfigure ties; balance 13 transformer banks
IND-S03651,Ghāziābād,Uttar Pradesh,0.0,radial-spur,15,13,26.9,False,6.04,12.13,Reconfigure ties; balance 13 transformer banks
IND-S03652,Orai,Uttar Pradesh,8.52,parallel-bank,15,13,17.0,True,5.43,12.21,Reconfigure ties; balance 13 transformer banks
IND-S03653,Ambājogāi,Maharashtra,0.0,sectionalized-ring,15,13,25.2,True,3.89,11.91,Reconfigure ties; balance 13 transformer banks
IND-S03654,Virār,Maharashtra,11.08,ring-main,15,13,22.2,False,5.2,12.34,Reconfigure ties; balance 13 transformer banks
IND-S03655,Shyamnagar,West Bengal,0.0,double-bus,15,13,30.4,True,6.04,10.33,Reconfigure ties; balance 13 transformer banks
IND-S03656,Gandhinagar,Gujarat,30.69,meshed-N-1,15,13,20.1,True,3.62,11.4,Reconfigure ties; balance 13 transformer banks
IND-S03657,Ambattur,Tamil Nadu,0.09,radial-spur,15,13,21.0,False,3.18,11.59,Reconfigure ties; balance 13 transformer banks
IND-S03658,Surat,Gujarat,0.27,parallel-bank,15,13,18.1,True,4.55,11.53,Reconfigure ties; balance 13 transformer banks
IND-S03659,Khammam,Telangana,8.56,sectionalized-ring,15,13,25.6,True,3.8,11.79,Reconfigure ties; balance 13 transformer banks
IND-S03660,Keshorai Pātan,Rajasthan,8.63,ring-main,15,13,20.9,False,3.78,11.36,Reconfigure ties; balance 13 transformer banks
IND-S03661,Meerut,Uttar Pradesh,0.01,double-bus,15,13,20.8,True,3.43,11.09,Reconfigure ties; balance 13 transformer banks
IND-S03662,Warangal,Telangana,0.12,meshed-N-1,15,13,18.0,True,3.36,12.21,Reconfigure ties; balance 13 transformer banks
IND-S03663,Brahmapur,Odisha,0.09,radial-spur,15,13,23.0,False,3.47,11.17,Reconfigure ties; balance 13 transformer banks
IND-S03664,Salem,Tamil Nadu,11.17,parallel-bank,15,13,26.6,True,3.7,11.98,Reconfigure ties; balance 13 transformer banks
IND-S03665,Punjab Hub Generation,Punjab,0.0,sectionalized-ring,15,13,17.5,True,3.3,12.98,Reconfigure ties; balance 13 transformer banks
IND-S03666,Dhrol,Gujarat,0.0,ring-main,15,13,17.8,False,3.02,10.99,Reconfigure ties; balance 13 transformer banks
IND-S03667,Chantongia,Nagaland,0.1,double-bus,15,13,24.7,True,5.66,10.54,Reconfigure ties; balance 13 transformer banks
IND-S03668,Bareilly,Uttar Pradesh,0.01,meshed-N-1,15,13,16.9,True,3.67,9.93,Reconfigure ties; balance 13 transformer banks
IND-S03669,Delhi,Delhi,0.0,radial-spur,15,13,21.9,False,3.87,12.15,Reconfigure ties; balance 13 transformer banks
IND-S03670,Ahmedabad,Gujarat,0.0,parallel-bank,15,13,16.3,True,4.13,10.5,Reconfigure ties; balance 13 transformer banks
IND-S03671,Katihar,Bihar,0.0,sectionalized-ring,15,13,24.1,True,4.07,11.5,Reconfigure ties; balance 13 transformer banks
IND-S03672,Mysuru,Karnataka,10.67,ring-main,15,13,18.0,False,3.52,11.65,Reconfigure ties; balance 13 transformer banks
IND-S03673,Thiruvananthapuram,Kerala,0.0,double-bus,15,13,18.4,True,3.92,11.22,Reconfigure ties; balance 13 transformer banks
IND-S03674,Attikkōttai,Tamil Nadu,8.37,meshed-N-1,15,13,20.3,True,3.51,10.99,Reconfigure ties; balance 13 transformer banks
IND-S03675,Bengaluru,Karnataka,0.58,radial-spur,15,13,25.7,False,6.23,10.82,Reconfigure ties; balance 13 transformer banks
IND-S03676,Erāmala,Kerala,0.0,parallel-bank,15,13,23.4,True,4.3,11.05,Reconfigure ties; balance 13 transformer banks
IND-S03677,Cuttack,Odisha,8.65,sectionalized-ring,15,13,21.2,True,5.98,10.76,Reconfigure ties; balance 13 transformer banks
IND-S03678,Kerala Hub Generation,Kerala,0.0,ring-main,15,13,25.1,False,4.3,12.76,Reconfigure ties; balance 13 transformer banks
IND-S03679,Jabalpur,Madhya Pradesh,33.19,double-bus,15,13,24.0,True,4.39,10.72,Reconfigure ties; balance 13 transformer banks
IND-S03680,Ranchi,Jharkhand,0.13,meshed-N-1,15,13,19.8,True,4.69,13.29,Reconfigure ties; balance 13 transformer banks
IND-S03681,Adumanahalli,Karnataka,8.46,radial-spur,15,13,20.1,False,2.67,12.5,Reconfigure ties; balance 13 transformer banks
IND-S03682,Shivamogga,Karnataka,9.88,parallel-bank,15,13,12.0,True,4.98,11.15,Reconfigure ties; balance 13 transformer banks
IND-S03683,Bhimavaram,Andhra Pradesh,10.7,sectionalized-ring,15,13,23.9,True,5.6,12.08,Reconfigure ties; balance 13 transformer banks
IND-S03684,Chas,Jharkhand,8.7,ring-main,15,13,19.1,False,4.6,11.79,Reconfigure ties; balance 13 transformer banks
IND-S03685,Bhopal,Madhya Pradesh,9.09,double-bus,15,13,18.2,True,4.37,13.02,Reconfigure ties; balance 13 transformer banks
IND-S03686,Wadgaon,Maharashtra,0.0,meshed-N-1,15,13,21.6,True,3.55,11.83,Reconfigure ties; balance 13 transformer banks
IND-S03687,Thāne,Maharashtra,11.54,radial-spur,15,13,22.4,False,5.86,12.84,Reconfigure ties; balance 13 transformer banks
IND-S03688,Urun-Islāmpur,Maharashtra,8.68,parallel-bank,15,13,20.2,True,3.83,10.95,Reconfigure ties; balance 13 transformer banks
IND-S03689,Noida,Uttar Pradesh,0.0,sectionalized-ring,15,13,22.3,True,5.58,11.11,Reconfigure ties; balance 13 transformer banks
IND-S03690,Tiruppur,Tamil Nadu,0.06,ring-main,15,13,18.2,False,5.35,11.01,Reconfigure ties; balance 13 transformer banks
IND-S03691,Prayagraj,Uttar Pradesh,0.0,double-bus,15,13,22.5,True,5.46,11.32,Reconfigure ties; balance 13 transformer banks
IND-S03692,Salem,Tamil Nadu,0.0,meshed-N-1,15,13,19.6,True,4.57,11.07,Reconfigure ties; balance 13 transformer banks
IND-S03693,Kallakurichi,Tamil Nadu,8.98,radial-spur,15,13,23.8,False,4.22,11.38,Reconfigure ties; balance 13 transformer banks
IND-S03694,Kanayannur,Kerala,10.62,parallel-bank,15,13,20.2,True,3.06,10.14,Reconfigure ties; balance 13 transformer banks
IND-S03695,Thiruvananthapuram,Kerala,9.8,sectionalized-ring,15,13,19.2,True,4.06,11.21,Reconfigure ties; balance 13 transformer banks
IND-S03696,Jabalpur,Madhya Pradesh,0.09,ring-main,15,13,20.4,False,4.6,10.87,Reconfigure ties; balance 13 transformer banks
IND-S03697,Pimpri-Chinchwad,Maharashtra,0.9,double-bus,15,13,24.5,True,4.37,12.2,Reconfigure ties; balance 13 transformer banks
IND-S03698,Bilimora,Gujarat,8.88,meshed-N-1,15,13,22.6,True,3.49,12.8,Reconfigure ties; balance 13 transformer banks
IND-S03699,Burhānpur,Madhya Pradesh,8.79,radial-spur,15,13,24.9,False,3.03,11.75,Reconfigure ties; balance 13 transformer banks
IND-S03700,Rajamahendravaram,Andhra Pradesh,0.0,parallel-bank,15,13,13.4,True,5.05,11.63,Reconfigure ties; balance 13 transformer banks
IND-S03701,Patancheru,Telangana,0.08,sectionalized-ring,15,13,29.4,True,4.87,10.67,Reconfigure ties; balance 13 transformer banks
IND-S03702,Nāhan,Himachal Pradesh,0.0,ring-main,15,13,25.7,False,2.78,11.77,Reconfigure ties; balance 13 transformer banks
IND-S03703,Salem,Tamil Nadu,0.01,double-bus,15,13,22.0,True,3.63,12.43,Reconfigure ties; balance 13 transformer banks
IND-S03704,Chennai,Tamil Nadu,0.0,meshed-N-1,15,13,14.2,True,1.56,10.94,Reconfigure ties; balance 13 transformer banks
IND-S03705,Kalaburagi,Karnataka,0.28,radial-spur,15,13,18.9,False,3.6,10.28,Reconfigure ties; balance 13 transformer banks
IND-S03706,Indore,Madhya Pradesh,9.06,parallel-bank,15,13,18.6,True,3.57,11.03,Reconfigure ties; balance 13 transformer banks
IND-S03707,Prayagraj,Uttar Pradesh,0.0,sectionalized-ring,15,13,24.6,True,3.22,12.53,Reconfigure ties; balance 13 transformer banks
IND-S03708,Vadapādam,Kerala,0.0,ring-main,15,13,16.9,False,4.64,11.26,Reconfigure ties; balance 13 transformer banks
IND-S03709,Durga Nagar Part-V,Assam,8.5,double-bus,15,13,18.0,True,1.56,10.44,Reconfigure ties; balance 13 transformer banks
IND-S03710,Howrah,West Bengal,0.3,meshed-N-1,15,13,23.8,True,2.88,10.97,Reconfigure ties; balance 13 transformer banks
IND-S03711,Achingi,Andhra Pradesh,0.0,radial-spur,15,13,16.4,False,4.18,9.99,Reconfigure ties; balance 13 transformer banks
IND-S03712,Ulhasnagar,Maharashtra,8.63,parallel-bank,15,13,18.1,True,4.58,10.23,Reconfigure ties; balance 13 transformer banks
IND-S03713,Tiruppur,Tamil Nadu,29.13,sectionalized-ring,15,13,25.1,True,4.31,12.0,Reconfigure ties; balance 13 transformer banks
IND-S03714,Murwāra,Madhya Pradesh,0.02,ring-main,15,13,22.3,False,2.36,10.92,Reconfigure ties; balance 13 transformer banks
IND-S03715,Jodhpur,Rajasthan,0.13,double-bus,15,13,16.7,True,5.62,11.23,Reconfigure ties; balance 13 transformer banks
IND-S03716,Rajamahendravaram,Andhra Pradesh,8.78,meshed-N-1,15,13,28.0,True,3.7,10.82,Reconfigure ties; balance 13 transformer banks
IND-S03717,Thāne,Maharashtra,0.77,radial-spur,15,13,28.1,False,3.58,11.32,Reconfigure ties; balance 13 transformer banks
IND-S03718,Shāhjānpur,Uttar Pradesh,0.12,parallel-bank,15,13,13.3,True,3.72,11.63,Reconfigure ties; balance 13 transformer banks
IND-S03719,Moga,Punjab,0.1,sectionalized-ring,15,13,19.5,True,5.0,11.21,Reconfigure ties; balance 13 transformer banks
IND-S03720,Tirupati,Andhra Pradesh,0.0,ring-main,15,13,24.4,False,5.24,11.67,Reconfigure ties; balance 13 transformer banks
IND-S03721,Podili,Andhra Pradesh,0.0,double-bus,15,13,29.3,True,3.6,13.02,Reconfigure ties; balance 13 transformer banks
IND-S03722,Kondli,Delhi,0.0,meshed-N-1,15,13,20.5,True,4.95,11.12,Reconfigure ties; balance 13 transformer banks
IND-S03723,Prayagraj,Uttar Pradesh,0.0,radial-spur,15,13,20.4,False,2.38,10.89,Reconfigure ties; balance 13 transformer banks
IND-S03724,Trittāla,Kerala,0.0,parallel-bank,15,13,23.6,True,2.45,12.04,Reconfigure ties; balance 13 transformer banks
IND-S03725,Rānāghāt,West Bengal,0.0,sectionalized-ring,15,13,22.2,True,4.53,10.8,Reconfigure ties; balance 13 transformer banks
IND-S03726,Jalandhar,Punjab,0.0,ring-main,15,13,18.9,False,2.44,11.16,Reconfigure ties; balance 13 transformer banks
IND-S03727,Belagavi,Karnataka,0.0,double-bus,15,13,26.5,True,3.65,11.0,Reconfigure ties; balance 13 transformer banks
IND-S03728,Bhadrāvati,Karnataka,9.82,meshed-N-1,15,13,18.1,True,5.15,11.85,Reconfigure ties; balance 13 transformer banks
IND-S03729,Attur,Tamil Nadu,8.52,radial-spur,15,13,20.3,False,3.87,11.33,Reconfigure ties; balance 13 transformer banks
IND-S03730,Ahmedabad,Gujarat,0.0,parallel-bank,15,13,25.2,True,3.13,10.82,Reconfigure ties; balance 13 transformer banks
IND-S03731,Kharagpur,West Bengal,8.77,sectionalized-ring,15,13,20.7,True,1.2,12.14,Reconfigure ties; balance 13 transformer banks
IND-S03732,Anūr,Karnataka,8.98,ring-main,15,13,19.7,False,1.2,12.33,Reconfigure ties; balance 13 transformer banks
IND-S03733,Satna,Madhya Pradesh,0.0,double-bus,15,13,12.0,True,3.5,10.48,Reconfigure ties; balance 13 transformer banks
IND-S03734,Durgapur,West Bengal,0.19,meshed-N-1,15,13,17.2,True,5.94,11.6,Reconfigure ties; balance 13 transformer banks
IND-S03735,Bareilly,Uttar Pradesh,9.6,radial-spur,15,13,20.7,False,4.03,11.18,Reconfigure ties; balance 13 transformer banks
IND-S03736,Saugor,Madhya Pradesh,0.0,parallel-bank,15,13,23.9,True,1.8,10.95,Reconfigure ties; balance 13 transformer banks
IND-S03737,Panvel,Maharashtra,0.0,sectionalized-ring,15,13,24.1,True,2.75,11.78,Reconfigure ties; balance 13 transformer banks
IND-S03738,Jalandhar,Punjab,0.0,ring-main,15,13,24.0,False,3.04,10.96,Reconfigure ties; balance 13 transformer banks
IND-S03739,Kadapa,Andhra Pradesh,9.05,double-bus,15,13,22.8,True,4.27,11.78,Reconfigure ties; balance 13 transformer banks
IND-S03740,Tamil Nadu Hub Generation,Tamil Nadu,0.01,meshed-N-1,15,13,24.9,True,4.81,12.45,Reconfigure ties; balance 13 transformer banks
IND-S03741,Coimbatore,Tamil Nadu,0.29,radial-spur,15,13,22.0,False,4.05,11.64,Reconfigure ties; balance 13 transformer banks
IND-S03742,Tīkamgarh,Madhya Pradesh,0.0,parallel-bank,15,13,18.0,True,3.21,11.08,Reconfigure ties; balance 13 transformer banks
IND-S03743,Vijayapura,Karnataka,0.0,sectionalized-ring,15,13,15.6,True,4.99,12.16,Reconfigure ties; balance 13 transformer banks
IND-S03744,Meerut,Uttar Pradesh,0.0,ring-main,15,13,19.2,False,3.81,11.65,Reconfigure ties; balance 13 transformer banks
IND-S03745,Surat,Gujarat,0.0,double-bus,15,13,24.9,True,2.85,11.9,Reconfigure ties; balance 13 transformer banks
IND-S03746,Anantapur,Andhra Pradesh,8.39,meshed-N-1,15,13,24.2,True,2.61,13.35,Reconfigure ties; balance 13 transformer banks
IND-S03747,Sholapur,Maharashtra,0.16,radial-spur,15,13,22.3,False,2.18,11.55,Reconfigure ties; balance 13 transformer banks
IND-S03748,Maharashtra Hub Generation,Maharashtra,0.0,parallel-bank,15,13,20.7,True,4.06,12.33,Reconfigure ties; balance 13 transformer banks
IND-S03749,Jalandhar,Punjab,0.0,sectionalized-ring,15,13,14.6,True,3.94,10.99,Reconfigure ties; balance 13 transformer banks
IND-S03750,Sholapur,Maharashtra,8.56,ring-main,15,13,19.4,False,5.47,12.0,Reconfigure ties; balance 13 transformer banks
IND-S03751,Sholapur,Maharashtra,9.37,double-bus,15,13,22.4,True,4.98,11.29,Reconfigure ties; balance 13 transformer banks
IND-S03752,Udaipur,Rajasthan,0.01,meshed-N-1,15,13,20.5,True,5.63,12.01,Reconfigure ties; balance 13 transformer banks
IND-S03753,Jarwal,Uttar Pradesh,8.87,radial-spur,15,13,21.7,False,4.34,10.6,Reconfigure ties; balance 13 transformer banks
IND-S03754,Deoghar,Jharkhand,0.13,parallel-bank,15,13,25.8,True,4.78,10.79,Reconfigure ties; balance 13 transformer banks
IND-S03755,Channapatna,Karnataka,0.0,sectionalized-ring,15,13,18.1,True,4.92,11.37,Reconfigure ties; balance 13 transformer banks
IND-S03756,Ahmedabad,Gujarat,10.58,ring-main,15,13,24.7,False,3.0,10.68,Reconfigure ties; balance 13 transformer banks
IND-S03757,Bhubaneswar,Odisha,8.56,double-bus,15,13,22.3,True,4.42,11.69,Reconfigure ties; balance 13 transformer banks
IND-S03758,Indore,Madhya Pradesh,0.0,meshed-N-1,15,13,20.2,True,4.82,11.45,Reconfigure ties; balance 13 transformer banks
IND-S03759,Amdāli,Odisha,0.0,radial-spur,15,13,18.6,False,2.22,12.36,Reconfigure ties; balance 13 transformer banks
IND-S03760,Chennai,Tamil Nadu,0.0,parallel-bank,15,13,20.1,True,3.63,10.83,Reconfigure ties; balance 13 transformer banks
IND-S03761,Tiruchengode,Tamil Nadu,8.68,sectionalized-ring,15,13,21.3,True,4.96,11.01,Reconfigure ties; balance 13 transformer banks
IND-S03762,Argowāl,Punjab,0.0,ring-main,15,13,17.9,False,2.51,12.29,Reconfigure ties; balance 13 transformer banks
IND-S03763,Wāshīm,Maharashtra,8.78,double-bus,15,13,28.5,True,3.0,12.28,Reconfigure ties; balance 13 transformer banks
IND-S03764,Alappuzha,Kerala,8.42,meshed-N-1,15,13,13.9,True,3.53,12.04,Reconfigure ties; balance 13 transformer banks
IND-S03765,Bareilly,Uttar Pradesh,0.01,radial-spur,15,13,14.9,False,3.69,11.69,Reconfigure ties; balance 13 transformer banks
IND-S03766,Muttukavundanpudūr,Tamil Nadu,0.0,parallel-bank,15,13,22.8,True,4.41,11.94,Reconfigure ties; balance 13 transformer banks
IND-S03767,Shivamogga,Karnataka,0.07,sectionalized-ring,15,13,19.0,True,2.87,11.49,Reconfigure ties; balance 13 transformer banks
IND-S03768,Gokul,Uttar Pradesh,0.0,ring-main,15,13,28.3,False,5.08,12.22,Reconfigure ties; balance 13 transformer banks
IND-S03769,Loni,Uttar Pradesh,0.01,double-bus,15,13,30.1,True,1.37,10.56,Reconfigure ties; balance 13 transformer banks
IND-S03770,Pimpri,Maharashtra,0.0,meshed-N-1,15,13,17.9,True,4.49,9.88,Reconfigure ties; balance 13 transformer banks
IND-S03771,Kolkata,West Bengal,8.93,radial-spur,15,13,17.7,False,4.4,13.32,Reconfigure ties; balance 13 transformer banks
IND-S03772,Mysuru,Karnataka,0.0,parallel-bank,15,13,24.1,True,5.42,11.52,Reconfigure ties; balance 13 transformer banks
IND-S03773,Tirumuruganpūndi,Tamil Nadu,0.0,sectionalized-ring,15,13,19.9,True,6.06,12.99,Reconfigure ties; balance 13 transformer banks
IND-S03774,Jalālī,Uttar Pradesh,8.97,ring-main,15,13,20.5,False,4.67,12.09,Reconfigure ties; balance 13 transformer banks
IND-S03775,Hassan,Karnataka,0.0,double-bus,15,13,19.9,True,5.61,11.69,Reconfigure ties; balance 13 transformer banks
IND-S03776,Pulgaon,Maharashtra,9.02,meshed-N-1,15,13,14.1,True,3.72,11.23,Reconfigure ties; balance 13 transformer banks
IND-S03777,Hyderabad,Telangana,0.0,radial-spur,15,13,17.6,False,2.3,12.55,Reconfigure ties; balance 13 transformer banks
IND-S03778,Agartala,Tripura,0.22,parallel-bank,15,13,25.7,True,4.77,11.58,Reconfigure ties; balance 13 transformer banks
IND-S03779,Surat,Gujarat,9.96,sectionalized-ring,15,13,15.2,True,2.69,9.77,Reconfigure ties; balance 13 transformer banks
IND-S03780,Kalol,Gujarat,8.53,ring-main,15,13,18.1,False,2.15,12.58,Reconfigure ties; balance 13 transformer banks
IND-S03781,Odisha Hub Generation,Odisha,9.01,double-bus,15,13,24.1,True,3.01,11.55,Reconfigure ties; balance 13 transformer banks
IND-S03782,Amaravati,Andhra Pradesh,0.0,meshed-N-1,15,13,23.5,True,3.58,11.4,Reconfigure ties; balance 13 transformer banks
IND-S03783,Pimpri,Maharashtra,1.06,radial-spur,15,13,22.8,False,2.68,11.18,Reconfigure ties; balance 13 transformer banks
IND-S03784,Balasore,Odisha,0.0,parallel-bank,15,13,19.8,True,3.55,11.77,Reconfigure ties; balance 13 transformer banks
IND-S03785,Tellicherry,Kerala,8.69,sectionalized-ring,15,13,23.1,True,4.36,11.17,Reconfigure ties; balance 13 transformer banks
IND-S03786,Dhule,Maharashtra,0.0,ring-main,15,13,18.0,False,5.3,11.09,Reconfigure ties; balance 13 transformer banks
IND-S03787,Wanparti,Telangana,8.44,double-bus,15,13,18.3,True,3.7,11.59,Reconfigure ties; balance 13 transformer banks
IND-S03788,Brahmapur,Odisha,8.74,meshed-N-1,15,13,21.3,True,3.63,11.66,Reconfigure ties; balance 13 transformer banks
IND-S03789,Ahmedabad,Gujarat,0.0,radial-spur,15,13,17.4,False,4.14,11.33,Reconfigure ties; balance 13 transformer banks
IND-S03790,Guhāgar,Maharashtra,8.72,parallel-bank,15,13,16.2,True,3.49,11.58,Reconfigure ties; balance 13 transformer banks
IND-S03791,Thāne,Maharashtra,8.64,sectionalized-ring,15,13,22.8,True,5.93,11.92,Reconfigure ties; balance 13 transformer banks
IND-S03792,Vijayawada,Andhra Pradesh,0.09,ring-main,15,13,16.2,False,1.96,11.61,Reconfigure ties; balance 13 transformer banks
IND-S03793,Hubballi,Karnataka,0.21,double-bus,15,13,21.9,True,2.83,12.08,Reconfigure ties; balance 13 transformer banks
IND-S03794,Machilīpatnam,Andhra Pradesh,10.68,meshed-N-1,15,13,21.8,True,3.56,10.84,Reconfigure ties; balance 13 transformer banks
IND-S03795,Bhubaneswar,Odisha,0.0,radial-spur,15,13,24.2,False,2.67,11.2,Reconfigure ties; balance 13 transformer banks
IND-S03796,Lucknow,Uttar Pradesh,0.0,parallel-bank,15,13,26.1,True,2.09,12.67,Reconfigure ties; balance 13 transformer banks
IND-S03797,Chendrappini,Kerala,8.5,sectionalized-ring,15,13,24.2,True,4.21,10.96,Reconfigure ties; balance 13 transformer banks
IND-S03798,Vasco da Gama,Goa,0.07,ring-main,15,13,20.8,False,3.42,10.91,Reconfigure ties; balance 13 transformer banks
IND-S03799,Krishnanagar,West Bengal,0.0,double-bus,15,13,24.5,True,3.86,11.3,Reconfigure ties; balance 13 transformer banks
IND-S03800,Bareilly,Uttar Pradesh,31.91,meshed-N-1,15,13,27.1,True,5.27,10.74,Reconfigure ties; balance 13 transformer banks
IND-S03801,Bablāi,Haryana,0.0,radial-spur,15,13,16.9,False,3.94,10.83,Reconfigure ties; balance 13 transformer banks
IND-S03802,Pithampur,Madhya Pradesh,0.0,parallel-bank,15,13,24.9,True,4.18,12.42,Reconfigure ties; balance 13 transformer banks
IND-S03803,Nashik,Maharashtra,8.79,sectionalized-ring,15,13,19.0,True,4.32,11.53,Reconfigure ties; balance 13 transformer banks
IND-S03804,Elamkunnapuzha,Kerala,8.57,ring-main,15,13,23.9,False,3.34,11.75,Reconfigure ties; balance 13 transformer banks
IND-S03805,Sholapur,Maharashtra,0.31,double-bus,15,13,16.5,True,1.49,11.06,Reconfigure ties; balance 13 transformer banks
IND-S03806,Palāsa,Andhra Pradesh,8.54,meshed-N-1,15,13,19.8,True,5.82,11.72,Reconfigure ties; balance 13 transformer banks
IND-S03807,Mysuru,Karnataka,8.57,radial-spur,15,13,14.3,False,2.8,12.43,Reconfigure ties; balance 13 transformer banks
IND-S03808,Dombivali,Maharashtra,0.27,parallel-bank,15,13,22.2,True,3.33,10.92,Reconfigure ties; balance 13 transformer banks
IND-S03809,Thāne,Maharashtra,8.8,sectionalized-ring,15,13,17.6,True,3.98,10.61,Reconfigure ties; balance 13 transformer banks
IND-S03810,Māchhīwāra,Punjab,0.01,ring-main,15,13,19.1,False,4.19,10.86,Reconfigure ties; balance 13 transformer banks
IND-S03811,Amritsar,Punjab,0.0,double-bus,15,13,23.8,True,1.82,12.26,Reconfigure ties; balance 13 transformer banks
IND-S03812,Palwancha,Telangana,0.25,meshed-N-1,15,13,17.5,True,4.45,11.03,Reconfigure ties; balance 13 transformer banks
IND-S03813,Kanpur,Uttar Pradesh,8.68,radial-spur,15,13,18.3,False,4.4,12.04,Reconfigure ties; balance 13 transformer banks
IND-S03814,Bengaluru,Karnataka,8.75,parallel-bank,15,13,18.6,True,2.37,12.05,Reconfigure ties; balance 13 transformer banks
IND-S03815,Ahmedabad,Gujarat,0.33,sectionalized-ring,15,13,22.0,True,2.49,11.67,Reconfigure ties; balance 13 transformer banks
IND-S03816,Hyderabad,Telangana,0.0,ring-main,15,13,19.1,False,3.77,12.07,Reconfigure ties; balance 13 transformer banks
IND-S03817,Jaipur,Rajasthan,0.0,double-bus,15,13,21.9,True,4.77,11.27,Reconfigure ties; balance 13 transformer banks
IND-S03818,Roorkee,Uttarakhand,0.0,meshed-N-1,15,13,18.8,True,1.67,12.58,Reconfigure ties; balance 13 transformer banks
IND-S03819,Jabalpur,Madhya Pradesh,0.0,radial-spur,15,13,16.3,False,3.55,11.2,Reconfigure ties; balance 13 transformer banks
IND-S03820,Palai,Kerala,0.0,parallel-bank,15,13,25.4,True,3.73,12.39,Reconfigure ties; balance 13 transformer banks
IND-S03821,Ramagundam,Telangana,0.0,sectionalized-ring,15,13,20.1,True,3.23,11.07,Reconfigure ties; balance 13 transformer banks
IND-S03822,Avadi,Tamil Nadu,0.0,ring-main,15,13,21.8,False,3.99,11.85,Reconfigure ties; balance 13 transformer banks
IND-S03823,Anantnag,Jammu and Kashmir,0.0,double-bus,15,13,16.3,True,4.49,12.59,Reconfigure ties; balance 13 transformer banks
IND-S03824,Andah,Bihar,0.0,meshed-N-1,15,13,19.4,True,3.72,9.43,Reconfigure ties; balance 13 transformer banks
IND-S03825,Kallakurichi,Tamil Nadu,0.0,radial-spur,15,13,16.6,False,2.56,11.21,Reconfigure ties; balance 13 transformer banks
IND-S03826,Aurangabad,Maharashtra,1.26,parallel-bank,15,13,21.5,True,4.47,11.89,Reconfigure ties; balance 13 transformer banks
IND-S03827,Jamnagar,Gujarat,0.0,sectionalized-ring,15,13,23.3,True,1.39,11.05,Reconfigure ties; balance 13 transformer banks
IND-S03828,Cuttack,Odisha,8.46,ring-main,15,13,23.8,False,2.87,9.93,Reconfigure ties; balance 13 transformer banks
IND-S03829,Mohali,Punjab,0.0,double-bus,15,13,17.7,True,3.95,10.64,Reconfigure ties; balance 13 transformer banks
IND-S03830,Badlapur,Maharashtra,8.93,meshed-N-1,15,13,17.3,True,3.84,11.63,Reconfigure ties; balance 13 transformer banks
IND-S03831,Meerut,Uttar Pradesh,8.87,radial-spur,15,13,25.9,False,2.12,11.65,Reconfigure ties; balance 13 transformer banks
IND-S03832,Kallakurichi,Tamil Nadu,0.09,parallel-bank,15,13,31.1,True,4.13,12.04,Reconfigure ties; balance 13 transformer banks
IND-S03833,Jagdalpur,Chhattisgarh,8.85,sectionalized-ring,15,13,23.8,True,4.84,11.15,Reconfigure ties; balance 13 transformer banks
IND-S03834,Loni,Uttar Pradesh,0.0,ring-main,15,13,18.8,False,3.34,12.13,Reconfigure ties; balance 13 transformer banks
IND-S03835,Surat,Gujarat,0.28,double-bus,15,13,21.0,True,3.62,12.13,Reconfigure ties; balance 13 transformer banks
IND-S03836,Telangana Hub Generation,Telangana,0.0,meshed-N-1,15,13,24.3,True,2.56,11.36,Reconfigure ties; balance 13 transformer banks
IND-S03837,Alīgarh,Uttar Pradesh,0.26,radial-spur,15,13,20.9,False,3.89,12.13,Reconfigure ties; balance 13 transformer banks
IND-S03838,Kollivāyal,Tamil Nadu,0.0,parallel-bank,15,13,20.1,True,2.91,11.62,Reconfigure ties; balance 13 transformer banks
IND-S03839,Uttar Athiabari,Assam,0.0,sectionalized-ring,15,13,21.4,True,5.17,10.82,Reconfigure ties; balance 13 transformer banks
IND-S03840,Vellore,Tamil Nadu,0.02,ring-main,15,13,20.6,False,5.07,10.18,Reconfigure ties; balance 13 transformer banks
IND-S03841,Puducherry,Puducherry,0.05,double-bus,15,13,20.8,True,3.04,12.51,Reconfigure ties; balance 13 transformer banks
IND-S03842,Jora Khurd,Madhya Pradesh,8.48,meshed-N-1,15,13,21.8,True,4.48,10.61,Reconfigure ties; balance 13 transformer banks
IND-S03843,Delhi Hub Generation,Delhi,0.0,radial-spur,15,13,28.1,False,1.54,11.06,Reconfigure ties; balance 13 transformer banks
IND-S03844,Titlāgarh,Odisha,8.89,parallel-bank,15,13,23.5,True,2.41,11.72,Reconfigure ties; balance 13 transformer banks
IND-S03845,Tiruchirappalli,Tamil Nadu,0.08,sectionalized-ring,15,13,22.3,True,2.48,12.24,Reconfigure ties; balance 13 transformer banks
IND-S03846,Bhilwara,Rajasthan,0.0,ring-main,15,13,14.1,False,2.0,12.13,Reconfigure ties; balance 13 transformer banks
IND-S03847,Tirupati,Andhra Pradesh,0.0,double-bus,15,13,20.3,True,4.29,11.25,Reconfigure ties; balance 13 transformer banks
IND-S03848,Bhiwāni,Haryana,0.0,meshed-N-1,15,13,16.8,True,2.16,11.42,Reconfigure ties; balance 13 transformer banks
IND-S03849,Nellore,Andhra Pradesh,8.43,radial-spur,15,13,23.8,False,2.6,11.25,Reconfigure ties; balance 13 transformer banks
IND-S03850,Daporijo,Arunachal Pradesh,8.94,parallel-bank,15,13,23.3,True,3.74,11.34,Reconfigure ties; balance 13 transformer banks
IND-S03851,Bengaluru,Karnataka,0.0,sectionalized-ring,15,13,17.8,True,3.57,11.9,Reconfigure ties; balance 13 transformer banks
IND-S03852,Satna,Madhya Pradesh,0.0,ring-main,15,13,22.7,False,4.54,11.4,Reconfigure ties; balance 13 transformer banks
IND-S03853,Sambalpur,Odisha,0.1,double-bus,15,13,12.7,True,2.68,11.37,Reconfigure ties; balance 13 transformer banks
IND-S03854,Virār,Maharashtra,0.0,meshed-N-1,15,13,22.3,True,2.85,11.0,Reconfigure ties; balance 13 transformer banks
IND-S03855,Gurugram,Haryana,8.81,radial-spur,15,13,18.9,False,3.35,11.54,Reconfigure ties; balance 13 transformer banks
IND-S03856,Pimpri,Maharashtra,10.02,parallel-bank,15,13,14.0,True,5.65,11.43,Reconfigure ties; balance 13 transformer banks
IND-S03857,Sivakasi,Tamil Nadu,0.0,sectionalized-ring,15,13,17.2,True,5.57,10.76,Reconfigure ties; balance 13 transformer banks
IND-S03858,Kanayannur,Kerala,8.99,ring-main,15,13,16.9,False,3.86,11.54,Reconfigure ties; balance 13 transformer banks
IND-S03859,Najafgarh,Delhi,0.01,double-bus,15,13,22.5,True,1.39,11.33,Reconfigure ties; balance 13 transformer banks
IND-S03860,Howrah,West Bengal,0.3,meshed-N-1,15,13,26.7,True,4.47,11.11,Reconfigure ties; balance 13 transformer banks
IND-S03861,Rājkot,Gujarat,8.4,radial-spur,15,13,23.4,False,3.21,11.04,Reconfigure ties; balance 13 transformer banks
IND-S03862,Burāri,Delhi,8.4,parallel-bank,15,13,31.3,True,3.85,11.63,Reconfigure ties; balance 13 transformer banks
IND-S03863,Rājkot,Gujarat,8.49,sectionalized-ring,15,13,24.4,True,3.85,11.77,Reconfigure ties; balance 13 transformer banks
IND-S03864,Ongole,Andhra Pradesh,0.01,ring-main,15,13,22.6,False,4.53,12.59,Reconfigure ties; balance 13 transformer banks
IND-S03865,Salem,Tamil Nadu,8.51,double-bus,15,13,15.6,True,5.07,11.75,Reconfigure ties; balance 13 transformer banks
IND-S03866,Annārigūdem,Telangana,8.87,meshed-N-1,15,13,16.6,True,4.21,11.83,Reconfigure ties; balance 13 transformer banks
IND-S03867,Chennai,Tamil Nadu,0.35,radial-spur,15,13,23.1,False,5.11,12.24,Reconfigure ties; balance 13 transformer banks
IND-S03868,Arrah,Bihar,8.98,parallel-bank,15,13,22.5,True,3.92,12.39,Reconfigure ties; balance 13 transformer banks
IND-S03869,Deoli,Delhi,8.8,sectionalized-ring,15,13,27.4,True,3.5,11.43,Reconfigure ties; balance 13 transformer banks
IND-S03870,Prayagraj,Uttar Pradesh,0.0,ring-main,15,13,26.9,False,5.38,12.92,Reconfigure ties; balance 13 transformer banks
IND-S03871,Sambhal,Uttar Pradesh,8.46,double-bus,15,13,17.4,True,6.46,11.65,Reconfigure ties; balance 13 transformer banks
IND-S03872,Tapa,Punjab,0.0,meshed-N-1,15,13,20.1,True,3.14,12.01,Reconfigure ties; balance 13 transformer banks
IND-S03873,Chhattisgarh Hub Generation,Chhattisgarh,33.85,radial-spur,15,13,26.3,False,2.71,10.92,Reconfigure ties; balance 13 transformer banks
IND-S03874,Mormugao,Goa,0.0,parallel-bank,15,13,15.9,True,3.24,12.47,Reconfigure ties; balance 13 transformer banks
IND-S03875,Rohtak,Haryana,0.0,sectionalized-ring,15,13,27.2,True,2.85,12.01,Reconfigure ties; balance 13 transformer banks
IND-S03876,Delhi,Delhi,0.0,ring-main,15,13,15.4,False,2.39,10.57,Reconfigure ties; balance 13 transformer banks
IND-S03877,Virār,Maharashtra,0.0,double-bus,15,13,19.5,True,2.57,11.35,Reconfigure ties; balance 13 transformer banks
IND-S03878,Jhunjhunūn,Rajasthan,0.0,meshed-N-1,15,13,12.0,True,3.72,11.33,Reconfigure ties; balance 13 transformer banks
IND-S03879,Nagpur,Maharashtra,0.11,radial-spur,15,13,21.6,False,5.47,12.48,Reconfigure ties; balance 13 transformer banks
IND-S03880,Mysuru,Karnataka,0.0,parallel-bank,15,13,16.8,True,4.09,11.37,Reconfigure ties; balance 13 transformer banks
IND-S03881,Prayagraj,Uttar Pradesh,10.27,sectionalized-ring,15,13,16.3,True,2.43,11.5,Reconfigure ties; balance 13 transformer banks
IND-S03882,Belagavi,Karnataka,33.86,ring-main,15,13,18.0,False,5.59,10.85,Reconfigure ties; balance 13 transformer banks
IND-S03883,Vadodara,Gujarat,8.89,double-bus,15,13,21.5,True,2.42,11.74,Reconfigure ties; balance 13 transformer banks
IND-S03884,Garha Brahman,Madhya Pradesh,0.0,meshed-N-1,15,13,14.8,True,3.64,11.28,Reconfigure ties; balance 13 transformer banks
IND-S03885,Gaya,Bihar,0.02,radial-spur,15,13,23.7,False,2.96,11.78,Reconfigure ties; balance 13 transformer banks
IND-S03886,Mulugu,Telangana,0.0,parallel-bank,15,13,20.0,True,3.97,11.08,Reconfigure ties; balance 13 transformer banks
IND-S03887,Ahmedabad,Gujarat,0.0,sectionalized-ring,15,13,20.7,True,5.48,12.09,Reconfigure ties; balance 13 transformer banks
IND-S03888,Karugampattur,Tamil Nadu,8.45,ring-main,15,13,22.4,False,4.21,11.17,Reconfigure ties; balance 13 transformer banks
IND-S03889,Ichalkaranji,Maharashtra,8.65,double-bus,15,13,20.0,True,4.87,11.15,Reconfigure ties; balance 13 transformer banks
IND-S03890,Jodhpur,Rajasthan,8.7,meshed-N-1,15,13,26.8,True,4.22,12.64,Reconfigure ties; balance 13 transformer banks
IND-S03891,Bengaluru,Karnataka,8.69,radial-spur,15,13,26.0,False,2.19,11.76,Reconfigure ties; balance 13 transformer banks
IND-S03892,Ballari,Karnataka,0.17,parallel-bank,15,13,25.3,True,3.31,11.51,Reconfigure ties; balance 13 transformer banks
IND-S03893,Wadgaon,Maharashtra,0.0,sectionalized-ring,15,13,25.8,True,3.84,11.13,Reconfigure ties; balance 13 transformer banks
IND-S03894,Surendranagar,Gujarat,0.0,ring-main,15,13,15.3,False,3.65,11.23,Reconfigure ties; balance 13 transformer banks
IND-S03895,Telangana Hub Generation,Telangana,0.0,double-bus,15,13,18.2,True,4.01,11.47,Reconfigure ties; balance 13 transformer banks
IND-S03896,Bommināyakkanpatti,Tamil Nadu,8.85,meshed-N-1,15,13,18.7,True,5.82,10.47,Reconfigure ties; balance 13 transformer banks
IND-S03897,Fatehpur,Rajasthan,8.92,radial-spur,15,13,23.0,False,1.2,11.51,Reconfigure ties; balance 13 transformer banks
IND-S03898,Wāshīm,Maharashtra,0.0,parallel-bank,15,13,22.8,True,4.5,11.74,Reconfigure ties; balance 13 transformer banks
IND-S03899,Uttarakhand Hub Generation,Uttarakhand,0.02,sectionalized-ring,15,13,26.5,True,2.81,11.07,Reconfigure ties; balance 13 transformer banks
IND-S03900,Ambulba,Jharkhand,8.48,ring-main,15,13,20.4,False,4.91,10.74,Reconfigure ties; balance 13 transformer banks
IND-S03901,Tiruppur,Tamil Nadu,8.53,double-bus,15,13,17.6,True,4.29,11.45,Reconfigure ties; balance 13 transformer banks
IND-S03902,Atrām Chak,Bihar,0.0,meshed-N-1,15,13,23.5,True,4.77,11.54,Reconfigure ties; balance 13 transformer banks
IND-S03903,Delhi,Delhi,9.1,radial-spur,15,13,16.5,False,3.23,11.47,Reconfigure ties; balance 13 transformer banks
IND-S03904,Pāli,Rajasthan,11.5,parallel-bank,15,13,14.8,True,4.0,11.01,Reconfigure ties; balance 13 transformer banks
IND-S03905,Srisailam Project RFC Township,Andhra Pradesh,8.41,sectionalized-ring,15,13,14.9,True,3.8,11.7,Reconfigure ties; balance 13 transformer banks
IND-S03906,Bengaluru,Karnataka,0.0,ring-main,15,13,20.6,False,5.64,12.81,Reconfigure ties; balance 13 transformer banks
IND-S03907,Achchani,Tamil Nadu,0.0,double-bus,15,13,23.2,True,3.76,12.26,Reconfigure ties; balance 13 transformer banks
IND-S03908,Proddatūr,Andhra Pradesh,0.0,meshed-N-1,15,13,22.9,True,1.46,11.07,Reconfigure ties; balance 13 transformer banks
IND-S03909,Murādnagar,Uttar Pradesh,9.57,radial-spur,15,13,23.8,False,5.18,10.94,Reconfigure ties; balance 13 transformer banks
IND-S03910,Kalyān,Maharashtra,0.21,parallel-bank,15,13,24.5,True,1.41,11.1,Reconfigure ties; balance 13 transformer banks
IND-S03911,Ambatānr,Jharkhand,0.0,sectionalized-ring,15,13,18.3,True,3.07,11.2,Reconfigure ties; balance 13 transformer banks
IND-S03912,Ahmedabad,Gujarat,0.0,ring-main,15,13,23.1,False,3.06,11.67,Reconfigure ties; balance 13 transformer banks
IND-S03913,Khem Karan,Punjab,0.0,double-bus,15,13,16.7,True,6.83,11.67,Reconfigure ties; balance 13 transformer banks
IND-S03914,Delhi,Delhi,0.0,meshed-N-1,15,13,23.4,True,4.53,11.26,Reconfigure ties; balance 13 transformer banks
IND-S03915,Kadaparai,Tamil Nadu,0.0,radial-spur,15,13,16.2,False,3.42,12.47,Reconfigure ties; balance 13 transformer banks
IND-S03916,Bihār Sharīf,Bihar,0.09,parallel-bank,15,13,13.8,True,5.57,10.98,Reconfigure ties; balance 13 transformer banks
IND-S03917,Athera,Rajasthan,0.0,sectionalized-ring,15,13,24.0,True,2.81,11.48,Reconfigure ties; balance 13 transformer banks
IND-S03918,Rishra,West Bengal,8.59,ring-main,15,13,27.4,False,5.4,12.72,Reconfigure ties; balance 13 transformer banks
IND-S03919,Amīnpur,Uttar Pradesh,0.0,double-bus,15,13,22.7,True,2.81,11.13,Reconfigure ties; balance 13 transformer banks
IND-S03920,Tiruverumbūr,Tamil Nadu,0.0,meshed-N-1,15,13,22.5,True,4.37,11.35,Reconfigure ties; balance 13 transformer banks
IND-S03921,Nālvādi,Maharashtra,0.0,radial-spur,15,13,27.7,False,4.35,11.77,Reconfigure ties; balance 13 transformer banks
IND-S03922,Jammu,Jammu and Kashmir,8.83,parallel-bank,15,13,18.4,True,2.76,11.11,Reconfigure ties; balance 13 transformer banks
IND-S03923,Salem,Tamil Nadu,0.14,sectionalized-ring,15,13,22.9,True,3.93,12.64,Reconfigure ties; balance 13 transformer banks
IND-S03924,Bhāgalpur,Bihar,0.0,ring-main,15,13,21.8,False,1.92,11.57,Reconfigure ties; balance 13 transformer banks
IND-S03925,Howrah,West Bengal,9.2,double-bus,15,13,24.5,True,2.87,11.39,Reconfigure ties; balance 13 transformer banks
IND-S03926,Nellore,Andhra Pradesh,8.91,meshed-N-1,15,13,18.7,True,3.94,10.68,Reconfigure ties; balance 13 transformer banks
IND-S03927,Indore,Madhya Pradesh,12.39,radial-spur,15,13,22.9,False,3.32,11.89,Reconfigure ties; balance 13 transformer banks
IND-S03928,Ankleshwar,Gujarat,8.47,parallel-bank,15,13,21.4,True,3.77,12.08,Reconfigure ties; balance 13 transformer banks
IND-S03929,Bhubaneswar,Odisha,35.73,sectionalized-ring,15,13,29.5,True,2.39,11.42,Reconfigure ties; balance 13 transformer banks
IND-S03930,Jalgaon,Maharashtra,0.0,ring-main,15,13,23.6,False,3.79,11.51,Reconfigure ties; balance 13 transformer banks
IND-S03931,Nashik,Maharashtra,9.38,double-bus,15,13,20.9,True,3.07,12.88,Reconfigure ties; balance 13 transformer banks
IND-S03932,Bhota,Himachal Pradesh,0.0,meshed-N-1,15,13,18.9,True,3.93,10.31,Reconfigure ties; balance 13 transformer banks
IND-S03933,Bhilai,Chhattisgarh,0.0,radial-spur,15,13,21.9,False,2.58,9.87,Reconfigure ties; balance 13 transformer banks
IND-S03934,Dibrugarh,Assam,0.0,parallel-bank,15,13,21.4,True,5.06,11.29,Reconfigure ties; balance 13 transformer banks
IND-S03935,Alappuzha,Kerala,0.0,sectionalized-ring,15,13,20.9,True,4.32,11.21,Reconfigure ties; balance 13 transformer banks
IND-S03936,Delhi,Delhi,10.67,ring-main,15,13,22.4,False,3.33,11.91,Reconfigure ties; balance 13 transformer banks
IND-S03937,Gurugram,Haryana,8.49,double-bus,15,13,24.6,True,3.89,11.34,Reconfigure ties; balance 13 transformer banks
IND-S03938,Delhi,Delhi,0.15,meshed-N-1,15,13,30.8,True,1.62,11.12,Reconfigure ties; balance 13 transformer banks
IND-S03939,Asāoti,Haryana,0.0,radial-spur,15,13,15.8,False,5.65,11.02,Reconfigure ties; balance 13 transformer banks
IND-S03940,Alagapuram,Tamil Nadu,0.0,parallel-bank,15,13,19.6,True,1.9,13.33,Reconfigure ties; balance 13 transformer banks
IND-S03941,Kathua,Jammu and Kashmir,0.05,sectionalized-ring,15,13,20.2,True,4.28,11.91,Reconfigure ties; balance 13 transformer banks
IND-S03942,Hyderabad,Telangana,0.0,ring-main,15,13,20.6,False,3.06,10.93,Reconfigure ties; balance 13 transformer banks
IND-S03943,Siliguri,West Bengal,0.0,double-bus,15,13,19.6,True,4.69,10.84,Reconfigure ties; balance 13 transformer banks
IND-S03944,Jabalpur,Madhya Pradesh,8.63,meshed-N-1,15,13,25.3,True,4.83,12.56,Reconfigure ties; balance 13 transformer banks
IND-S03945,Bengaluru,Karnataka,11.65,radial-spur,15,13,25.2,False,4.06,13.09,Reconfigure ties; balance 13 transformer banks
IND-S03946,Varanasi,Uttar Pradesh,0.0,parallel-bank,15,13,19.4,True,2.49,12.75,Reconfigure ties; balance 13 transformer banks
IND-S03947,Pune,Maharashtra,0.91,sectionalized-ring,15,13,26.0,True,2.75,10.3,Reconfigure ties; balance 13 transformer banks
IND-S03948,Prayagraj,Uttar Pradesh,0.0,ring-main,15,13,24.4,False,5.11,10.13,Reconfigure ties; balance 13 transformer banks
IND-S03949,Kozhukkully,Kerala,0.0,double-bus,15,13,12.0,True,4.75,10.69,Reconfigure ties; balance 13 transformer banks
IND-S03950,Parādīp Garh,Odisha,0.03,meshed-N-1,15,13,23.9,True,3.36,11.61,Reconfigure ties; balance 13 transformer banks
IND-S03951,Surat,Gujarat,0.0,radial-spur,15,13,19.4,False,6.82,9.75,Reconfigure ties; balance 13 transformer banks
IND-S03952,Ghugus,Maharashtra,8.64,parallel-bank,15,13,20.2,True,3.42,12.35,Reconfigure ties; balance 13 transformer banks
IND-S03953,Gandhinagar,Gujarat,31.86,sectionalized-ring,15,13,25.2,True,2.5,11.11,Reconfigure ties; balance 13 transformer banks
IND-S03954,Madambakkam,Tamil Nadu,0.12,ring-main,15,13,21.3,False,3.03,11.73,Reconfigure ties; balance 13 transformer banks
IND-S03955,Anuppānadi,Tamil Nadu,8.49,double-bus,15,13,14.8,True,4.25,12.45,Reconfigure ties; balance 13 transformer banks
IND-S03956,Uttarakhand Hub Generation,Uttarakhand,0.0,meshed-N-1,15,13,17.2,True,3.6,10.4,Reconfigure ties; balance 13 transformer banks
IND-S03957,Assam Hub Generation,Assam,0.0,radial-spur,15,13,17.1,False,2.79,9.51,Reconfigure ties; balance 13 transformer banks
IND-S03958,Pimpri-Chinchwad,Maharashtra,0.32,parallel-bank,15,13,20.6,True,5.06,11.65,Reconfigure ties; balance 13 transformer banks
IND-S03959,Amritsar,Punjab,0.02,sectionalized-ring,15,13,17.9,True,3.29,11.46,Reconfigure ties; balance 13 transformer banks
IND-S03960,Akkarampalle,Andhra Pradesh,0.0,ring-main,15,13,12.0,False,4.05,11.1,Reconfigure ties; balance 13 transformer banks
IND-S03961,Coimbatore,Tamil Nadu,9.56,double-bus,15,13,21.1,True,2.6,11.81,Reconfigure ties; balance 13 transformer banks
IND-S03962,Nandyāl,Andhra Pradesh,0.29,meshed-N-1,15,13,15.8,True,4.5,11.48,Reconfigure ties; balance 13 transformer banks
IND-S03963,Shāhāda,Maharashtra,8.4,radial-spur,15,13,19.1,False,4.04,11.95,Reconfigure ties; balance 13 transformer banks
IND-S03964,Gharghoda,Chhattisgarh,9.09,parallel-bank,15,13,23.9,True,3.35,10.32,Reconfigure ties; balance 13 transformer banks
IND-S03965,Cherukavu,Kerala,0.0,sectionalized-ring,15,13,25.6,True,3.08,10.93,Reconfigure ties; balance 13 transformer banks
IND-S03966,Sīkar,Rajasthan,0.0,ring-main,15,13,29.5,False,4.37,11.61,Reconfigure ties; balance 13 transformer banks
IND-S03967,Bengaluru,Karnataka,0.29,double-bus,15,13,18.6,True,3.26,11.12,Reconfigure ties; balance 13 transformer banks
IND-S03968,Vijayapura,Karnataka,8.65,meshed-N-1,15,13,19.5,True,2.69,11.3,Reconfigure ties; balance 13 transformer banks
IND-S03969,Peddapalli,Telangana,0.0,radial-spur,15,13,21.6,False,4.53,12.23,Reconfigure ties; balance 13 transformer banks
IND-S03970,Vijayawada,Andhra Pradesh,0.03,parallel-bank,15,13,22.3,True,2.52,10.46,Reconfigure ties; balance 13 transformer banks
IND-S03971,Durgapur,West Bengal,9.14,sectionalized-ring,15,13,17.3,True,4.95,12.04,Reconfigure ties; balance 13 transformer banks
IND-S03972,Gandhinagar,Gujarat,10.26,ring-main,15,13,23.5,False,2.15,11.34,Reconfigure ties; balance 13 transformer banks
IND-S03973,Bathinda,Punjab,0.0,double-bus,15,13,16.5,True,4.4,11.07,Reconfigure ties; balance 13 transformer banks
IND-S03974,Gorakhpur,Uttar Pradesh,9.38,meshed-N-1,15,13,15.8,True,3.91,11.83,Reconfigure ties; balance 13 transformer banks
IND-S03975,Erode,Tamil Nadu,9.31,radial-spur,15,13,25.5,False,2.11,12.75,Reconfigure ties; balance 13 transformer banks
IND-S03976,Kanpur,Uttar Pradesh,0.0,parallel-bank,15,13,17.8,True,4.06,10.71,Reconfigure ties; balance 13 transformer banks
IND-S03977,Gangārāmpur,West Bengal,0.0,sectionalized-ring,15,13,21.7,True,3.47,11.07,Reconfigure ties; balance 13 transformer banks
IND-S03978,Bidar,Karnataka,8.53,ring-main,15,13,24.8,False,2.58,12.02,Reconfigure ties; balance 13 transformer banks
IND-S03979,Ranchi,Jharkhand,0.92,double-bus,15,13,21.0,True,3.75,11.56,Reconfigure ties; balance 13 transformer banks
IND-S03980,Siliguri,West Bengal,8.62,meshed-N-1,15,13,24.5,True,4.08,12.41,Reconfigure ties; balance 13 transformer banks
IND-S03981,Bhātpāra,West Bengal,0.0,radial-spur,15,13,15.3,False,4.33,12.44,Reconfigure ties; balance 13 transformer banks
IND-S03982,Rāichūr,Karnataka,0.62,parallel-bank,15,13,21.9,True,2.89,12.1,Reconfigure ties; balance 13 transformer banks
IND-S03983,Nanded,Maharashtra,8.7,sectionalized-ring,15,13,19.1,True,3.67,10.35,Reconfigure ties; balance 13 transformer banks
IND-S03984,Surat,Gujarat,0.36,ring-main,15,13,20.6,False,4.94,11.62,Reconfigure ties; balance 13 transformer banks
IND-S03985,Godhra,Gujarat,0.0,double-bus,15,13,14.3,True,3.94,11.8,Reconfigure ties; balance 13 transformer banks
IND-S03986,Madhuban,Tripura,0.07,meshed-N-1,15,13,25.4,True,3.89,13.15,Reconfigure ties; balance 13 transformer banks
IND-S03987,Adkatodi,Kerala,0.0,radial-spur,15,13,24.7,False,2.11,12.29,Reconfigure ties; balance 13 transformer banks
IND-S03988,Tirunelveli,Tamil Nadu,0.08,parallel-bank,15,13,15.9,True,3.75,11.63,Reconfigure ties; balance 13 transformer banks
IND-S03989,Karuvanthuruthy,Kerala,0.0,sectionalized-ring,15,13,20.4,True,2.61,10.56,Reconfigure ties; balance 13 transformer banks
IND-S03990,Ramagundam,Telangana,0.12,ring-main,15,13,26.5,False,2.42,11.37,Reconfigure ties; balance 13 transformer banks
IND-S03991,Virār,Maharashtra,0.0,double-bus,15,13,19.9,True,3.75,11.72,Reconfigure ties; balance 13 transformer banks
IND-S03992,Bengaluru,Karnataka,11.86,meshed-N-1,15,13,15.1,True,5.29,11.92,Reconfigure ties; balance 13 transformer banks
IND-S03993,Kadayanallur,Tamil Nadu,8.69,radial-spur,15,13,18.4,False,3.48,12.0,Reconfigure ties; balance 13 transformer banks
IND-S03994,Charibatia,Odisha,8.35,parallel-bank,15,13,20.0,True,2.31,11.57,Reconfigure ties; balance 13 transformer banks
IND-S03995,Gadag-Betageri,Karnataka,8.62,sectionalized-ring,15,13,22.0,True,5.83,11.75,Reconfigure ties; balance 13 transformer banks
IND-S03996,Jorhat,Assam,0.0,ring-main,15,13,22.8,False,3.29,11.43,Reconfigure ties; balance 13 transformer banks
IND-S03997,Lucknow,Uttar Pradesh,8.96,double-bus,15,13,17.9,True,4.3,11.23,Reconfigure ties; balance 13 transformer banks
IND-S03998,Ghātsīla,Jharkhand,0.13,meshed-N-1,15,13,16.2,True,3.95,10.63,Reconfigure ties; balance 13 transformer banks
IND-S03999,Mysuru,Karnataka,0.0,radial-spur,15,13,19.6,False,3.13,9.98,Reconfigure ties; balance 13 transformer banks
IND-S04000,Savanūr,Karnataka,0.0,parallel-bank,15,13,20.5,True,5.36,11.24,Reconfigure ties; balance 13 transformer banks
IND-S04001,Alīgarh,Uttar Pradesh,0.01,sectionalized-ring,15,13,22.4,True,3.25,12.34,Reconfigure ties; balance 13 transformer banks
IND-S04002,Sangāreddi,Telangana,8.52,ring-main,15,13,18.1,False,3.94,11.91,Reconfigure ties; balance 13 transformer banks
IND-S04003,Chilla Soroda Bāngar,Delhi,0.0,double-bus,15,13,12.0,True,1.37,9.06,Reconfigure ties; balance 13 transformer banks
IND-S04004,Delhi,Delhi,11.04,meshed-N-1,15,13,26.3,True,2.8,11.93,Reconfigure ties; balance 13 transformer banks
IND-S04005,Burāri,Delhi,0.0,radial-spur,15,13,22.1,False,3.92,12.38,Reconfigure ties; balance 13 transformer banks
IND-S04006,Dhandhuka,Gujarat,0.0,parallel-bank,15,13,16.5,True,2.87,11.08,Reconfigure ties; balance 13 transformer banks
IND-S04007,Kolkata,West Bengal,12.34,sectionalized-ring,15,13,25.3,True,5.0,12.1,Reconfigure ties; balance 13 transformer banks
IND-S04008,Virār,Maharashtra,0.0,ring-main,15,13,20.6,False,5.13,11.33,Reconfigure ties; balance 13 transformer banks
IND-S04009,Pathānkot,Punjab,8.53,double-bus,15,13,18.9,True,4.4,11.08,Reconfigure ties; balance 13 transformer banks
IND-S04010,Sīkar,Rajasthan,8.65,meshed-N-1,15,13,21.0,True,3.92,10.32,Reconfigure ties; balance 13 transformer banks
IND-S04011,Raigarh,Chhattisgarh,0.0,radial-spur,15,13,18.2,False,5.76,11.79,Reconfigure ties; balance 13 transformer banks
IND-S04012,Malda,West Bengal,8.75,parallel-bank,15,13,19.8,True,1.94,10.63,Reconfigure ties; balance 13 transformer banks
IND-S04013,Kolambe,Karnataka,8.64,sectionalized-ring,15,13,24.2,True,5.3,11.71,Reconfigure ties; balance 13 transformer banks
IND-S04014,Lucknow,Uttar Pradesh,11.22,ring-main,15,13,23.6,False,6.8,11.58,Reconfigure ties; balance 13 transformer banks
IND-S04015,Dewas,Madhya Pradesh,0.0,double-bus,15,13,14.3,True,6.51,10.99,Reconfigure ties; balance 13 transformer banks
IND-S04016,Hyderabad,Telangana,0.0,meshed-N-1,15,13,21.2,True,1.86,11.99,Reconfigure ties; balance 13 transformer banks
IND-S04017,Tirunelveli,Tamil Nadu,0.11,radial-spur,15,13,25.1,False,4.87,11.32,Reconfigure ties; balance 13 transformer banks
IND-S04018,Naraina,Rajasthan,0.0,parallel-bank,15,13,20.2,True,2.82,10.8,Reconfigure ties; balance 13 transformer banks
IND-S04019,Ambattur,Tamil Nadu,11.53,sectionalized-ring,15,13,20.2,True,4.44,12.38,Reconfigure ties; balance 13 transformer banks
IND-S04020,Jaipur,Rajasthan,8.85,ring-main,15,13,24.1,False,4.79,11.32,Reconfigure ties; balance 13 transformer banks
IND-S04021,Bhadohi,Uttar Pradesh,0.33,double-bus,15,13,28.8,True,2.65,12.0,Reconfigure ties; balance 13 transformer banks
IND-S04022,Nāngloi Jāt,Delhi,8.79,meshed-N-1,15,13,27.3,True,3.26,10.73,Reconfigure ties; balance 13 transformer banks
IND-S04023,Athgauna,Uttar Pradesh,0.0,radial-spur,15,13,14.7,False,3.42,11.11,Reconfigure ties; balance 13 transformer banks
IND-S04024,Vadodara,Gujarat,0.0,parallel-bank,15,13,18.2,True,1.2,10.76,Reconfigure ties; balance 13 transformer banks
IND-S04025,Kalyān,Maharashtra,9.76,sectionalized-ring,15,13,19.3,True,4.42,11.08,Reconfigure ties; balance 13 transformer banks
IND-S04026,Siliguri,West Bengal,0.0,ring-main,15,13,20.0,False,3.48,11.39,Reconfigure ties; balance 13 transformer banks
IND-S04027,Surat,Gujarat,0.23,double-bus,15,13,20.5,True,2.39,12.84,Reconfigure ties; balance 13 transformer banks
IND-S04028,Kukatpally,Telangana,8.58,meshed-N-1,15,13,26.2,True,2.11,10.26,Reconfigure ties; balance 13 transformer banks
IND-S04029,Haldia,West Bengal,0.1,radial-spur,15,13,18.2,False,4.32,10.09,Reconfigure ties; balance 13 transformer banks
IND-S04030,Sri Ganganagar,Rajasthan,0.0,parallel-bank,15,13,28.5,True,4.49,11.25,Reconfigure ties; balance 13 transformer banks
IND-S04031,Kanpur,Uttar Pradesh,9.24,sectionalized-ring,15,13,26.8,True,3.16,10.9,Reconfigure ties; balance 13 transformer banks
IND-S04032,Satna,Madhya Pradesh,0.0,ring-main,15,13,24.3,False,2.58,11.08,Reconfigure ties; balance 13 transformer banks
IND-S04033,Tiruchirappalli,Tamil Nadu,0.07,double-bus,15,13,20.3,True,3.14,12.11,Reconfigure ties; balance 13 transformer banks
IND-S04034,Ratlām,Madhya Pradesh,33.25,meshed-N-1,15,13,22.6,True,3.52,11.8,Reconfigure ties; balance 13 transformer banks
IND-S04035,Dombivali,Maharashtra,0.1,radial-spur,15,13,26.3,False,5.24,10.95,Reconfigure ties; balance 13 transformer banks
IND-S04036,Pākhar,Rajasthan,0.0,parallel-bank,15,13,29.1,True,3.27,11.84,Reconfigure ties; balance 13 transformer banks
IND-S04037,Sāhibganj,Jharkhand,0.0,sectionalized-ring,15,13,25.0,True,3.89,12.68,Reconfigure ties; balance 13 transformer banks
IND-S04038,Gaya,Bihar,0.16,ring-main,15,13,29.4,False,2.98,12.76,Reconfigure ties; balance 13 transformer banks
IND-S04039,Cheruthuruthi,Kerala,8.66,double-bus,15,13,29.0,True,3.8,12.15,Reconfigure ties; balance 13 transformer banks
IND-S04040,Thāne,Maharashtra,0.21,meshed-N-1,15,13,16.6,True,3.75,12.05,Reconfigure ties; balance 13 transformer banks
IND-S04041,Gangtok,Sikkim,0.0,radial-spur,15,13,22.7,False,2.21,11.55,Reconfigure ties; balance 13 transformer banks
IND-S04042,Aritoli,Jharkhand,8.66,parallel-bank,15,13,23.9,True,3.72,11.25,Reconfigure ties; balance 13 transformer banks
IND-S04043,Kānchrāpāra,West Bengal,0.21,sectionalized-ring,15,13,24.9,True,4.56,12.43,Reconfigure ties; balance 13 transformer banks
IND-S04044,Surat,Gujarat,0.17,ring-main,15,13,22.9,False,3.37,10.98,Reconfigure ties; balance 13 transformer banks
IND-S04045,Tirupati,Andhra Pradesh,0.0,double-bus,15,13,21.9,True,5.12,12.57,Reconfigure ties; balance 13 transformer banks
IND-S04046,Maharashtra Hub Generation,Maharashtra,0.78,meshed-N-1,15,13,21.4,True,3.25,11.13,Reconfigure ties; balance 13 transformer banks
IND-S04047,Rangat,Andaman and Nicobar,0.0,radial-spur,15,13,14.4,False,2.27,11.25,Reconfigure ties; balance 13 transformer banks
IND-S04048,Kolkata,West Bengal,8.9,parallel-bank,15,13,13.3,True,3.76,12.6,Reconfigure ties; balance 13 transformer banks
IND-S04049,Bhilai,Chhattisgarh,0.06,sectionalized-ring,15,13,25.4,True,5.37,10.77,Reconfigure ties; balance 13 transformer banks
IND-S04050,Rānipet,Tamil Nadu,0.0,ring-main,15,13,24.5,False,4.22,10.37,Reconfigure ties; balance 13 transformer banks
IND-S04051,Chidambaram,Tamil Nadu,0.0,double-bus,15,13,24.2,True,5.07,12.96,Reconfigure ties; balance 13 transformer banks
IND-S04052,Ghāziābād,Uttar Pradesh,0.0,meshed-N-1,15,13,21.1,True,2.83,12.48,Reconfigure ties; balance 13 transformer banks
IND-S04053,Muzaffarpur,Bihar,0.03,radial-spur,15,13,15.7,False,3.28,10.9,Reconfigure ties; balance 13 transformer banks
IND-S04054,Hosapete,Karnataka,8.78,parallel-bank,15,13,12.0,True,4.27,11.49,Reconfigure ties; balance 13 transformer banks
IND-S04055,Chakradharpur,Jharkhand,0.0,sectionalized-ring,15,13,21.6,True,4.0,11.4,Reconfigure ties; balance 13 transformer banks
IND-S04056,Najafgarh,Delhi,0.14,ring-main,15,13,24.5,False,4.04,10.92,Reconfigure ties; balance 13 transformer banks
IND-S04057,Sholapur,Maharashtra,0.58,double-bus,15,13,23.2,True,3.59,11.75,Reconfigure ties; balance 13 transformer banks
IND-S04058,Karnataka Hub Generation,Karnataka,0.0,meshed-N-1,15,13,21.2,True,4.52,12.13,Reconfigure ties; balance 13 transformer banks
IND-S04059,Yamuna Nagar,Haryana,0.17,radial-spur,15,13,16.7,False,5.43,11.79,Reconfigure ties; balance 13 transformer banks
IND-S04060,Kerala Hub Generation,Kerala,12.11,parallel-bank,15,13,22.0,True,4.67,12.16,Reconfigure ties; balance 13 transformer banks
IND-S04061,Kodīnar,Gujarat,0.0,sectionalized-ring,15,13,24.1,True,5.16,11.76,Reconfigure ties; balance 13 transformer banks
IND-S04062,Prayagraj,Uttar Pradesh,0.0,ring-main,15,13,24.1,False,2.36,10.66,Reconfigure ties; balance 13 transformer banks
IND-S04063,Bhayandar,Maharashtra,0.0,double-bus,15,13,19.6,True,3.81,12.37,Reconfigure ties; balance 13 transformer banks
IND-S04064,Mechcheri,Tamil Nadu,10.53,meshed-N-1,15,13,22.5,True,4.63,11.72,Reconfigure ties; balance 13 transformer banks
IND-S04065,Howrah,West Bengal,11.69,radial-spur,15,13,20.4,False,6.16,11.9,Reconfigure ties; balance 13 transformer banks
IND-S04066,Uttarakhand Hub Generation,Uttarakhand,8.51,parallel-bank,15,13,23.2,True,3.48,11.42,Reconfigure ties; balance 13 transformer banks
IND-S04067,Vizianagaram,Andhra Pradesh,0.01,sectionalized-ring,15,13,22.6,True,3.01,11.63,Reconfigure ties; balance 13 transformer banks
IND-S04068,Khandwa,Madhya Pradesh,0.0,ring-main,15,13,21.8,False,4.24,13.14,Reconfigure ties; balance 13 transformer banks
IND-S04069,Kanpur,Uttar Pradesh,0.0,double-bus,15,13,24.2,True,3.7,10.8,Reconfigure ties; balance 13 transformer banks
IND-S04070,Chānda,Maharashtra,8.57,meshed-N-1,15,13,20.3,True,2.51,13.19,Reconfigure ties; balance 13 transformer banks
IND-S04071,Baripāda,Odisha,0.0,radial-spur,15,13,21.1,False,5.07,11.32,Reconfigure ties; balance 13 transformer banks
IND-S04072,Jammu,Jammu and Kashmir,0.0,parallel-bank,15,13,22.2,True,4.84,11.94,Reconfigure ties; balance 13 transformer banks
IND-S04073,Tirunelveli,Tamil Nadu,0.11,sectionalized-ring,15,13,25.2,True,2.28,11.9,Reconfigure ties; balance 13 transformer banks
IND-S04074,Durgapur,West Bengal,12.11,ring-main,15,13,17.3,False,3.75,10.91,Reconfigure ties; balance 13 transformer banks
IND-S04075,Raipur,Chhattisgarh,0.14,double-bus,15,13,20.0,True,3.78,11.93,Reconfigure ties; balance 13 transformer banks
IND-S04076,Basavakalyan,Karnataka,0.0,meshed-N-1,15,13,19.7,True,3.66,10.48,Reconfigure ties; balance 13 transformer banks
IND-S04077,Gurugram,Haryana,0.0,radial-spur,15,13,19.1,False,4.92,12.34,Reconfigure ties; balance 13 transformer banks
IND-S04078,Kāttipparutti,Kerala,0.0,parallel-bank,15,13,18.2,True,4.18,12.14,Reconfigure ties; balance 13 transformer banks
IND-S04079,Madurai,Tamil Nadu,9.07,sectionalized-ring,15,13,13.7,True,3.12,11.14,Reconfigure ties; balance 13 transformer banks
IND-S04080,Kolkata,West Bengal,0.27,ring-main,15,13,21.2,False,3.28,12.32,Reconfigure ties; balance 13 transformer banks
IND-S04081,Dārjiling,West Bengal,8.82,double-bus,15,13,20.9,True,4.73,13.14,Reconfigure ties; balance 13 transformer banks
IND-S04082,Ranchi,Jharkhand,8.88,meshed-N-1,15,13,22.4,True,3.41,11.64,Reconfigure ties; balance 13 transformer banks
IND-S04083,Achalpur,Maharashtra,0.26,radial-spur,15,13,19.1,False,4.44,11.09,Reconfigure ties; balance 13 transformer banks
IND-S04084,Saharsa,Bihar,0.0,parallel-bank,15,13,16.8,True,2.9,11.49,Reconfigure ties; balance 13 transformer banks
IND-S04085,Hosūr,Tamil Nadu,0.0,sectionalized-ring,15,13,17.8,True,5.73,12.61,Reconfigure ties; balance 13 transformer banks
IND-S04086,Dhanbad,Jharkhand,0.04,ring-main,15,13,17.3,False,4.79,11.17,Reconfigure ties; balance 13 transformer banks
IND-S04087,Sholapur,Maharashtra,0.17,double-bus,15,13,27.0,True,3.91,10.78,Reconfigure ties; balance 13 transformer banks
IND-S04088,Aonla,Uttar Pradesh,9.03,meshed-N-1,15,13,17.6,True,4.31,11.2,Reconfigure ties; balance 13 transformer banks
IND-S04089,Aklera,Rajasthan,8.59,radial-spur,15,13,18.8,False,3.43,12.17,Reconfigure ties; balance 13 transformer banks
IND-S04090,Durgapur,West Bengal,0.15,parallel-bank,15,13,22.0,True,4.31,11.32,Reconfigure ties; balance 13 transformer banks
IND-S04091,Kalyān,Maharashtra,0.0,sectionalized-ring,15,13,14.9,True,2.83,11.58,Reconfigure ties; balance 13 transformer banks
IND-S04092,Ghāziābād,Uttar Pradesh,0.74,ring-main,15,13,21.6,False,2.93,11.07,Reconfigure ties; balance 13 transformer banks
IND-S04093,Tāndā,Uttar Pradesh,8.71,double-bus,15,13,15.8,True,3.35,12.26,Reconfigure ties; balance 13 transformer banks
IND-S04094,Vellore,Tamil Nadu,9.42,meshed-N-1,15,13,19.3,True,2.08,12.22,Reconfigure ties; balance 13 transformer banks
IND-S04095,Kodungallūr,Kerala,0.0,radial-spur,15,13,19.4,False,3.63,11.68,Reconfigure ties; balance 13 transformer banks
IND-S04096,Lāpangā,Jharkhand,8.52,parallel-bank,15,13,24.5,True,5.48,12.03,Reconfigure ties; balance 13 transformer banks
IND-S04097,Vinnamāla,Andhra Pradesh,8.64,sectionalized-ring,15,13,24.2,True,4.72,11.43,Reconfigure ties; balance 13 transformer banks
IND-S04098,Bhopal,Madhya Pradesh,0.4,ring-main,15,13,21.0,False,3.74,12.23,Reconfigure ties; balance 13 transformer banks
IND-S04099,Singrauli,Madhya Pradesh,8.67,double-bus,15,13,21.3,True,3.29,11.06,Reconfigure ties; balance 13 transformer banks
IND-S04100,Madurai,Tamil Nadu,0.0,meshed-N-1,15,13,21.8,True,3.34,11.24,Reconfigure ties; balance 13 transformer banks
IND-S04101,Bengaluru,Karnataka,8.95,radial-spur,15,13,16.4,False,1.96,12.0,Reconfigure ties; balance 13 transformer banks
IND-S04102,Wadgaon Kolhati,Maharashtra,8.44,parallel-bank,15,13,22.1,True,4.76,10.77,Reconfigure ties; balance 13 transformer banks
IND-S04103,Bengaluru,Karnataka,0.68,sectionalized-ring,15,13,20.0,True,5.56,11.7,Reconfigure ties; balance 13 transformer banks
IND-S04104,Bilāspur,Chhattisgarh,37.95,ring-main,15,13,23.1,False,3.25,11.89,Reconfigure ties; balance 13 transformer banks
IND-S04105,Narela,Delhi,8.74,double-bus,15,13,26.4,True,3.34,11.55,Reconfigure ties; balance 13 transformer banks
IND-S04106,Ghāziābād,Uttar Pradesh,0.15,meshed-N-1,15,13,21.6,True,3.04,10.84,Reconfigure ties; balance 13 transformer banks
IND-S04107,Varanasi,Uttar Pradesh,0.27,radial-spur,15,13,24.7,False,3.11,12.79,Reconfigure ties; balance 13 transformer banks
IND-S04108,Tamil Nadu Hub Generation,Tamil Nadu,8.92,parallel-bank,15,13,16.8,True,2.99,11.39,Reconfigure ties; balance 13 transformer banks
IND-S04109,Hyderabad,Telangana,10.11,sectionalized-ring,15,13,23.3,True,2.81,10.18,Reconfigure ties; balance 13 transformer banks
IND-S04110,Bareilly,Uttar Pradesh,0.01,ring-main,15,13,17.9,False,3.6,11.25,Reconfigure ties; balance 13 transformer banks
IND-S04111,Bihar Hub Generation,Bihar,8.65,double-bus,15,13,22.8,True,5.05,11.08,Reconfigure ties; balance 13 transformer banks
IND-S04112,Nowrangapur,Odisha,0.02,meshed-N-1,15,13,19.2,True,5.32,11.0,Reconfigure ties; balance 13 transformer banks
IND-S04113,Gangāpur,Rajasthan,0.0,radial-spur,15,13,23.4,False,6.06,11.76,Reconfigure ties; balance 13 transformer banks
IND-S04114,Bokāro,Jharkhand,8.43,parallel-bank,15,13,19.1,True,3.11,11.76,Reconfigure ties; balance 13 transformer banks
IND-S04115,Nalhāti,West Bengal,0.0,sectionalized-ring,15,13,17.4,True,4.85,10.79,Reconfigure ties; balance 13 transformer banks
IND-S04116,Raigarh,Chhattisgarh,8.46,ring-main,15,13,22.7,False,2.62,11.11,Reconfigure ties; balance 13 transformer banks
IND-S04117,Bokāro,Jharkhand,12.39,double-bus,15,13,26.9,True,2.03,11.9,Reconfigure ties; balance 13 transformer banks
IND-S04118,Bengaluru,Karnataka,9.57,meshed-N-1,15,13,24.8,True,3.61,11.63,Reconfigure ties; balance 13 transformer banks
IND-S04119,Bāola,Gujarat,8.56,radial-spur,15,13,24.0,False,4.7,10.4,Reconfigure ties; balance 13 transformer banks
IND-S04120,Vijayapura,Karnataka,11.64,parallel-bank,15,13,31.4,True,4.95,11.54,Reconfigure ties; balance 13 transformer banks
IND-S04121,Kasdol,Chhattisgarh,0.0,sectionalized-ring,15,13,21.5,True,5.08,10.96,Reconfigure ties; balance 13 transformer banks
IND-S04122,Chennai,Tamil Nadu,0.0,ring-main,15,13,20.5,False,3.03,10.77,Reconfigure ties; balance 13 transformer banks
IND-S04123,Kolkata,West Bengal,0.41,double-bus,15,13,22.4,True,1.22,10.36,Reconfigure ties; balance 13 transformer banks
IND-S04124,Shillong,Meghalaya,0.0,meshed-N-1,15,13,25.7,True,4.41,11.66,Reconfigure ties; balance 13 transformer banks
IND-S04125,Āmūr,Telangana,9.02,radial-spur,15,13,20.0,False,4.04,11.3,Reconfigure ties; balance 13 transformer banks
IND-S04126,Lucknow,Uttar Pradesh,0.17,parallel-bank,15,13,25.1,True,3.4,13.17,Reconfigure ties; balance 13 transformer banks
IND-S04127,Chānda,Maharashtra,8.79,sectionalized-ring,15,13,21.0,True,4.46,11.45,Reconfigure ties; balance 13 transformer banks
IND-S04128,Coimbatore,Tamil Nadu,0.0,ring-main,15,13,24.9,False,2.56,11.78,Reconfigure ties; balance 13 transformer banks
IND-S04129,Dhule,Maharashtra,0.0,double-bus,15,13,22.0,True,4.84,12.22,Reconfigure ties; balance 13 transformer banks
IND-S04130,Pune,Maharashtra,10.08,meshed-N-1,15,13,24.0,True,4.37,10.74,Reconfigure ties; balance 13 transformer banks
IND-S04131,Gaya,Bihar,0.0,radial-spur,15,13,25.2,False,3.56,11.96,Reconfigure ties; balance 13 transformer banks
IND-S04132,Kadapa,Andhra Pradesh,0.13,parallel-bank,15,13,20.1,True,3.77,11.34,Reconfigure ties; balance 13 transformer banks
IND-S04133,Nellore,Andhra Pradesh,0.08,sectionalized-ring,15,13,26.6,True,4.09,11.99,Reconfigure ties; balance 13 transformer banks
IND-S04134,Bareilly,Uttar Pradesh,9.35,ring-main,15,13,21.2,False,5.72,11.49,Reconfigure ties; balance 13 transformer banks
IND-S04135,Arekarkal,Karnataka,0.05,double-bus,15,13,19.2,True,3.88,11.56,Reconfigure ties; balance 13 transformer banks
IND-S04136,Farīdpur,Uttar Pradesh,0.0,meshed-N-1,15,13,29.2,True,2.8,11.63,Reconfigure ties; balance 13 transformer banks
IND-S04137,Vijayapura,Karnataka,0.34,radial-spur,15,13,19.4,False,4.43,10.31,Reconfigure ties; balance 13 transformer banks
IND-S04138,Kanpur,Uttar Pradesh,8.47,parallel-bank,15,13,22.8,True,3.7,13.11,Reconfigure ties; balance 13 transformer banks
IND-S04139,Deoghar,Jharkhand,0.02,sectionalized-ring,15,13,12.4,True,4.28,10.94,Reconfigure ties; balance 13 transformer banks
IND-S04140,Chītāpur,Karnataka,8.51,ring-main,15,13,21.7,False,4.53,11.26,Reconfigure ties; balance 13 transformer banks
IND-S04141,Prayagraj,Uttar Pradesh,12.29,double-bus,15,13,23.6,True,5.63,11.57,Reconfigure ties; balance 13 transformer banks
IND-S04142,Deoghar,Jharkhand,0.28,meshed-N-1,15,13,20.9,True,5.39,12.47,Reconfigure ties; balance 13 transformer banks
IND-S04143,Surat,Gujarat,0.16,radial-spur,15,13,26.2,False,4.58,10.45,Reconfigure ties; balance 13 transformer banks
IND-S04144,Tīkri Khurd,Delhi,8.7,parallel-bank,15,13,20.5,True,4.69,11.16,Reconfigure ties; balance 13 transformer banks
IND-S04145,Sahāranpur,Uttar Pradesh,0.1,sectionalized-ring,15,13,29.2,True,3.4,11.39,Reconfigure ties; balance 13 transformer banks
IND-S04146,Appalnayudupeta,Andhra Pradesh,0.0,ring-main,15,13,18.4,False,4.51,12.34,Reconfigure ties; balance 13 transformer banks
IND-S04147,Phaltan,Maharashtra,0.06,double-bus,15,13,24.8,True,3.23,10.66,Reconfigure ties; balance 13 transformer banks
IND-S04148,Pulivendla,Andhra Pradesh,0.0,meshed-N-1,15,13,24.8,True,3.43,11.27,Reconfigure ties; balance 13 transformer banks
IND-S04149,Raipur,Chhattisgarh,0.0,radial-spur,15,13,24.9,False,3.09,11.37,Reconfigure ties; balance 13 transformer banks
IND-S04150,Tekkalakote,Karnataka,0.13,parallel-bank,15,13,29.3,True,7.07,11.08,Reconfigure ties; balance 13 transformer banks
IND-S04151,Kashipur,Uttarakhand,0.0,sectionalized-ring,15,13,22.9,True,4.41,11.82,Reconfigure ties; balance 13 transformer banks
IND-S04152,Sambhal,Uttar Pradesh,0.0,ring-main,15,13,13.9,False,4.11,10.73,Reconfigure ties; balance 13 transformer banks
IND-S04153,Alāhdādpur,Uttar Pradesh,0.0,double-bus,15,13,23.3,True,4.5,11.81,Reconfigure ties; balance 13 transformer banks
IND-S04154,Gujarat Hub Generation,Gujarat,8.5,meshed-N-1,15,13,20.0,True,4.61,11.33,Reconfigure ties; balance 13 transformer banks
IND-S04155,Sankaraperi,Tamil Nadu,0.0,radial-spur,15,13,24.7,False,4.21,12.2,Reconfigure ties; balance 13 transformer banks
IND-S04156,Alappuzha,Kerala,0.0,parallel-bank,15,13,27.4,True,2.85,11.73,Reconfigure ties; balance 13 transformer banks
IND-S04157,Surat,Gujarat,0.27,sectionalized-ring,15,13,23.3,True,1.69,11.74,Reconfigure ties; balance 13 transformer banks
IND-S04158,Vadodara,Gujarat,8.91,ring-main,15,13,17.9,False,1.2,11.12,Reconfigure ties; balance 13 transformer banks
IND-S04159,Vellore,Tamil Nadu,0.0,double-bus,15,13,16.1,True,3.46,11.42,Reconfigure ties; balance 13 transformer banks
IND-S04160,Rāmgundam,Telangana,0.13,meshed-N-1,15,13,25.4,True,2.08,11.48,Reconfigure ties; balance 13 transformer banks
IND-S04161,Pune,Maharashtra,0.0,radial-spur,15,13,12.0,False,5.97,11.48,Reconfigure ties; balance 13 transformer banks
IND-S04162,Bharūch,Gujarat,9.34,parallel-bank,15,13,19.4,True,4.83,10.88,Reconfigure ties; balance 13 transformer banks
IND-S04163,Jabalpur,Madhya Pradesh,0.12,sectionalized-ring,15,13,20.2,True,3.19,10.7,Reconfigure ties; balance 13 transformer banks
IND-S04164,Gorakhpur,Uttar Pradesh,0.01,ring-main,15,13,21.0,False,3.85,11.73,Reconfigure ties; balance 13 transformer banks
IND-S04165,Najafgarh,Delhi,0.0,double-bus,15,13,20.5,True,4.32,10.91,Reconfigure ties; balance 13 transformer banks
IND-S04166,Hyderabad,Telangana,9.49,meshed-N-1,15,13,23.5,True,5.63,11.96,Reconfigure ties; balance 13 transformer banks
IND-S04167,Pune,Maharashtra,0.0,radial-spur,15,13,18.5,False,4.41,10.53,Reconfigure ties; balance 13 transformer banks
IND-S04168,Kanpur,Uttar Pradesh,10.73,parallel-bank,15,13,23.1,True,3.62,11.74,Reconfigure ties; balance 13 transformer banks
IND-S04169,Varanasi,Uttar Pradesh,0.45,sectionalized-ring,15,13,15.1,True,3.66,11.79,Reconfigure ties; balance 13 transformer banks
IND-S04170,Chennai,Tamil Nadu,0.23,ring-main,15,13,17.8,False,2.14,12.61,Reconfigure ties; balance 13 transformer banks
IND-S04171,Patna,Bihar,8.76,double-bus,15,13,28.1,True,4.19,10.49,Reconfigure ties; balance 13 transformer banks
IND-S04172,Soyībug,Jammu and Kashmir,0.0,meshed-N-1,15,13,26.2,True,4.82,11.51,Reconfigure ties; balance 13 transformer banks
IND-S04173,Meerut,Uttar Pradesh,0.19,radial-spur,15,13,12.0,False,3.15,11.06,Reconfigure ties; balance 13 transformer banks
IND-S04174,Kadiri,Andhra Pradesh,0.0,parallel-bank,15,13,24.1,True,3.76,11.33,Reconfigure ties; balance 13 transformer banks
IND-S04175,Kallakurichi,Tamil Nadu,8.72,sectionalized-ring,15,13,19.0,True,3.23,10.68,Reconfigure ties; balance 13 transformer banks
IND-S04176,Bengaluru,Karnataka,0.0,ring-main,15,13,27.9,False,3.02,11.88,Reconfigure ties; balance 13 transformer banks
IND-S04177,Gurugram,Haryana,8.47,double-bus,15,13,31.1,True,5.29,12.07,Reconfigure ties; balance 13 transformer banks
IND-S04178,Patna,Bihar,0.15,meshed-N-1,15,13,23.4,True,4.92,10.71,Reconfigure ties; balance 13 transformer banks
IND-S04179,Kulti,West Bengal,0.17,radial-spur,15,13,25.9,False,4.73,11.25,Reconfigure ties; balance 13 transformer banks
IND-S04180,Thāne,Maharashtra,0.97,parallel-bank,15,13,19.4,True,3.33,11.45,Reconfigure ties; balance 13 transformer banks
IND-S04181,Bilimora,Gujarat,0.0,sectionalized-ring,15,13,26.3,True,4.14,10.45,Reconfigure ties; balance 13 transformer banks
IND-S04182,Coimbatore,Tamil Nadu,0.08,ring-main,15,13,20.0,False,5.23,11.39,Reconfigure ties; balance 13 transformer banks
IND-S04183,Rāghogarh,Madhya Pradesh,0.17,double-bus,15,13,27.0,True,3.56,10.97,Reconfigure ties; balance 13 transformer banks
IND-S04184,Kadapa,Andhra Pradesh,0.07,meshed-N-1,15,13,25.3,True,4.57,11.02,Reconfigure ties; balance 13 transformer banks
IND-S04185,Latur,Maharashtra,0.1,radial-spur,15,13,19.9,False,3.11,11.52,Reconfigure ties; balance 13 transformer banks
IND-S04186,Kanayannur,Kerala,0.35,parallel-bank,15,13,18.7,True,2.77,10.53,Reconfigure ties; balance 13 transformer banks
IND-S04187,Maheshtala,West Bengal,11.94,sectionalized-ring,15,13,14.4,True,1.2,12.28,Reconfigure ties; balance 13 transformer banks
IND-S04188,Ambājogāi,Maharashtra,8.96,ring-main,15,13,27.2,False,2.45,11.61,Reconfigure ties; balance 13 transformer banks
IND-S04189,Jintūr,Maharashtra,8.67,double-bus,15,13,23.2,True,3.27,10.84,Reconfigure ties; balance 13 transformer banks
IND-S04190,Vīrapāndi,Tamil Nadu,8.46,meshed-N-1,15,13,23.6,True,4.46,11.82,Reconfigure ties; balance 13 transformer banks
IND-S04191,Meerut,Uttar Pradesh,0.01,radial-spur,15,13,15.4,False,5.58,11.81,Reconfigure ties; balance 13 transformer banks
IND-S04192,Nagpur,Maharashtra,0.0,parallel-bank,15,13,20.8,True,3.6,12.0,Reconfigure ties; balance 13 transformer banks
IND-S04193,Kalyān,Maharashtra,0.95,sectionalized-ring,15,13,18.7,True,5.03,12.21,Reconfigure ties; balance 13 transformer banks
IND-S04194,Sujānpur,Punjab,0.0,ring-main,15,13,25.6,False,1.96,11.79,Reconfigure ties; balance 13 transformer banks
IND-S04195,Quthbullapur,Telangana,8.47,double-bus,15,13,21.2,True,3.9,10.54,Reconfigure ties; balance 13 transformer banks
IND-S04196,Pune,Maharashtra,8.63,meshed-N-1,15,13,25.2,True,4.97,12.51,Reconfigure ties; balance 13 transformer banks
IND-S04197,Nandyāl,Andhra Pradesh,0.0,radial-spur,15,13,13.3,False,1.2,11.19,Reconfigure ties; balance 13 transformer banks
IND-S04198,Salem,Tamil Nadu,0.0,parallel-bank,15,13,22.2,True,3.44,11.65,Reconfigure ties; balance 13 transformer banks
IND-S04199,Sawai Madhopur,Rajasthan,11.48,sectionalized-ring,15,13,24.6,True,2.94,12.0,Reconfigure ties; balance 13 transformer banks
IND-S04200,Kyelang,Himachal Pradesh,10.2,ring-main,15,13,20.2,False,4.45,12.45,Reconfigure ties; balance 13 transformer banks
IND-S04201,Varanasi,Uttar Pradesh,0.21,double-bus,15,13,31.1,True,2.9,11.9,Reconfigure ties; balance 13 transformer banks
IND-S04202,Mango,Jharkhand,0.0,meshed-N-1,15,13,23.3,True,4.36,13.2,Reconfigure ties; balance 13 transformer banks
IND-S04203,Mahbūbābād,Telangana,0.0,radial-spur,15,13,22.7,False,4.06,12.53,Reconfigure ties; balance 13 transformer banks
IND-S04204,Maharashtra Hub Generation,Maharashtra,9.33,parallel-bank,15,13,14.3,True,4.98,11.59,Reconfigure ties; balance 13 transformer banks
IND-S04205,Vadakku Valliyūr,Tamil Nadu,9.02,sectionalized-ring,15,13,16.0,True,4.65,11.99,Reconfigure ties; balance 13 transformer banks
IND-S04206,Ahmedabad,Gujarat,11.08,ring-main,15,13,17.9,False,3.41,11.57,Reconfigure ties; balance 13 transformer banks
IND-S04207,Salem,Tamil Nadu,0.0,double-bus,15,13,21.7,True,4.69,9.74,Reconfigure ties; balance 13 transformer banks
IND-S04208,Hinakallu,Karnataka,8.34,meshed-N-1,15,13,15.9,True,3.19,12.74,Reconfigure ties; balance 13 transformer banks
IND-S04209,Allena,Andhra Pradesh,8.68,radial-spur,15,13,27.5,False,2.96,12.89,Reconfigure ties; balance 13 transformer banks
IND-S04210,Ghāziābād,Uttar Pradesh,1.01,parallel-bank,15,13,18.9,True,2.46,11.44,Reconfigure ties; balance 13 transformer banks
IND-S04211,Bengaluru,Karnataka,0.29,sectionalized-ring,15,13,20.5,True,4.0,11.09,Reconfigure ties; balance 13 transformer banks
IND-S04212,Kalyān,Maharashtra,1.04,ring-main,15,13,17.4,False,4.17,11.45,Reconfigure ties; balance 13 transformer banks
IND-S04213,Jamshedpur,Jharkhand,8.92,double-bus,15,13,24.8,True,4.36,10.34,Reconfigure ties; balance 13 transformer banks
IND-S04214,Irikkūr,Kerala,0.0,meshed-N-1,15,13,21.9,True,5.1,11.96,Reconfigure ties; balance 13 transformer banks
IND-S04215,Nalgonda,Telangana,0.0,radial-spur,15,13,23.8,False,3.42,11.97,Reconfigure ties; balance 13 transformer banks
IND-S04216,Virār,Maharashtra,8.48,parallel-bank,15,13,19.5,True,2.46,10.33,Reconfigure ties; balance 13 transformer banks
IND-S04217,Badlapur,Maharashtra,9.02,sectionalized-ring,15,13,27.1,True,3.85,11.22,Reconfigure ties; balance 13 transformer banks
IND-S04218,Antarwāli Dāi,Maharashtra,0.0,ring-main,15,13,20.1,False,5.05,11.32,Reconfigure ties; balance 13 transformer banks
IND-S04219,Āsansol,West Bengal,0.18,double-bus,15,13,17.4,True,2.91,11.44,Reconfigure ties; balance 13 transformer banks
IND-S04220,Kumarapalayam,Tamil Nadu,0.0,meshed-N-1,15,13,22.6,True,3.85,10.81,Reconfigure ties; balance 13 transformer banks
IND-S04221,Botad,Gujarat,0.0,radial-spur,15,13,24.2,False,2.64,11.62,Reconfigure ties; balance 13 transformer banks
IND-S04222,Dhūri,Punjab,9.02,parallel-bank,15,13,17.5,True,5.74,11.99,Reconfigure ties; balance 13 transformer banks
IND-S04223,Malakpur Kohi Rangpur,Delhi,0.0,sectionalized-ring,15,13,22.3,True,4.67,11.24,Reconfigure ties; balance 13 transformer banks
IND-S04224,Pinjaur,Haryana,0.0,ring-main,15,13,17.2,False,3.41,11.85,Reconfigure ties; balance 13 transformer banks
IND-S04225,Bāli,West Bengal,8.66,double-bus,15,13,23.0,True,3.84,12.06,Reconfigure ties; balance 13 transformer banks
IND-S04226,Jagdalpur,Chhattisgarh,9.0,meshed-N-1,15,13,22.5,True,4.81,12.36,Reconfigure ties; balance 13 transformer banks
IND-S04227,Bikaner,Rajasthan,8.31,radial-spur,15,13,22.2,False,3.23,11.85,Reconfigure ties; balance 13 transformer banks
IND-S04228,Vadodara,Gujarat,11.79,parallel-bank,15,13,20.7,True,4.66,11.61,Reconfigure ties; balance 13 transformer banks
IND-S04229,Amsin Khurd,Uttar Pradesh,8.5,sectionalized-ring,15,13,18.5,True,4.53,11.56,Reconfigure ties; balance 13 transformer banks
IND-S04230,Ballari,Karnataka,0.0,ring-main,15,13,12.7,False,4.74,11.16,Reconfigure ties; balance 13 transformer banks
IND-S04231,Tamil Nadu Hub Generation,Tamil Nadu,1.22,double-bus,15,13,18.7,True,2.99,12.14,Reconfigure ties; balance 13 transformer banks
IND-S04232,Sahāranpur,Uttar Pradesh,0.17,meshed-N-1,15,13,20.1,True,4.76,11.78,Reconfigure ties; balance 13 transformer banks
IND-S04233,Punāsa,Madhya Pradesh,0.0,radial-spur,15,13,30.0,False,5.58,11.4,Reconfigure ties; balance 13 transformer banks
IND-S04234,Davangere,Karnataka,9.87,parallel-bank,15,13,21.7,True,5.27,11.35,Reconfigure ties; balance 13 transformer banks
IND-S04235,Pimpri-Chinchwad,Maharashtra,0.0,sectionalized-ring,15,13,24.9,True,3.38,11.22,Reconfigure ties; balance 13 transformer banks
IND-S04236,Tiruppur,Tamil Nadu,0.12,ring-main,15,13,17.5,False,4.46,11.99,Reconfigure ties; balance 13 transformer banks
IND-S04237,Shāntipur,West Bengal,8.38,double-bus,15,13,23.3,True,3.22,11.8,Reconfigure ties; balance 13 transformer banks
IND-S04238,Tamil Nadu Hub Generation,Tamil Nadu,0.0,meshed-N-1,15,13,26.8,True,2.94,11.45,Reconfigure ties; balance 13 transformer banks
IND-S04239,Kukatpally,Telangana,8.62,radial-spur,15,13,22.7,False,4.64,10.84,Reconfigure ties; balance 13 transformer banks
IND-S04240,Kozhikode,Kerala,0.0,parallel-bank,15,13,22.3,True,3.86,11.37,Reconfigure ties; balance 13 transformer banks
IND-S04241,Chhatarpur,Madhya Pradesh,0.0,sectionalized-ring,15,13,20.4,True,4.89,11.5,Reconfigure ties; balance 13 transformer banks
IND-S04242,Chennai,Tamil Nadu,11.17,ring-main,15,13,18.5,False,2.9,11.99,Reconfigure ties; balance 13 transformer banks
IND-S04243,Sirsilla,Telangana,0.0,double-bus,15,13,20.1,True,4.27,11.6,Reconfigure ties; balance 13 transformer banks
IND-S04244,Ashokhar,Madhya Pradesh,0.0,meshed-N-1,15,13,17.8,True,4.13,11.51,Reconfigure ties; balance 13 transformer banks
IND-S04245,Nowrangapur,Odisha,8.42,radial-spur,15,13,22.0,False,5.12,10.47,Reconfigure ties; balance 13 transformer banks
IND-S04246,Erode,Tamil Nadu,12.06,parallel-bank,15,13,22.8,True,5.9,11.97,Reconfigure ties; balance 13 transformer banks
IND-S04247,Chennai,Tamil Nadu,0.53,sectionalized-ring,15,13,25.8,True,5.03,10.17,Reconfigure ties; balance 13 transformer banks
IND-S04248,Mudgal,Karnataka,0.02,ring-main,15,13,24.7,False,4.73,11.12,Reconfigure ties; balance 13 transformer banks
IND-S04249,Patiriyat,Kerala,0.0,double-bus,15,13,20.5,True,3.95,11.86,Reconfigure ties; balance 13 transformer banks
IND-S04250,Oddanchathiram,Tamil Nadu,0.0,meshed-N-1,15,13,17.3,True,5.05,11.82,Reconfigure ties; balance 13 transformer banks
IND-S04251,Ammāpur,Telangana,8.38,radial-spur,15,13,18.5,False,3.69,11.89,Reconfigure ties; balance 13 transformer banks
IND-S04252,Kākināda,Andhra Pradesh,0.13,parallel-bank,15,13,19.6,True,2.97,12.34,Reconfigure ties; balance 13 transformer banks
IND-S04253,Tirunelveli,Tamil Nadu,0.0,sectionalized-ring,15,13,20.5,True,5.19,11.72,Reconfigure ties; balance 13 transformer banks
IND-S04254,Kanayannur,Kerala,0.19,ring-main,15,13,29.6,False,2.87,12.6,Reconfigure ties; balance 13 transformer banks
IND-S04255,Rājkot,Gujarat,8.4,double-bus,15,13,15.2,True,3.73,10.36,Reconfigure ties; balance 13 transformer banks
IND-S04256,Panipat,Haryana,0.09,meshed-N-1,15,13,19.8,True,3.76,10.91,Reconfigure ties; balance 13 transformer banks
IND-S04257,Udaipur,Rajasthan,0.0,radial-spur,15,13,17.7,False,3.51,10.79,Reconfigure ties; balance 13 transformer banks
IND-S04258,Arrah,Bihar,0.1,parallel-bank,15,13,18.8,True,3.09,11.36,Reconfigure ties; balance 13 transformer banks
IND-S04259,Gopināthpur,Jharkhand,0.0,sectionalized-ring,15,13,23.8,True,1.95,13.03,Reconfigure ties; balance 13 transformer banks
IND-S04260,Karnataka Hub Generation,Karnataka,0.0,ring-main,15,13,24.3,False,3.54,11.02,Reconfigure ties; balance 13 transformer banks
IND-S04261,Gohāna,Haryana,0.0,double-bus,15,13,16.5,True,5.19,11.44,Reconfigure ties; balance 13 transformer banks
IND-S04262,Prayagraj,Uttar Pradesh,9.42,meshed-N-1,15,13,17.2,True,4.24,11.98,Reconfigure ties; balance 13 transformer banks
IND-S04263,Gundupālaiyam,Puducherry,8.68,radial-spur,15,13,28.5,False,4.2,12.48,Reconfigure ties; balance 13 transformer banks
IND-S04264,Kolhāpur,Maharashtra,8.63,parallel-bank,15,13,17.8,True,3.71,11.78,Reconfigure ties; balance 13 transformer banks
IND-S04265,Vijayawada,Andhra Pradesh,0.0,sectionalized-ring,15,13,23.5,True,1.99,11.93,Reconfigure ties; balance 13 transformer banks
IND-S04266,Hyderabad,Telangana,0.15,ring-main,15,13,24.4,False,6.61,12.81,Reconfigure ties; balance 13 transformer banks
IND-S04267,Varanasi,Uttar Pradesh,9.56,double-bus,15,13,27.0,True,4.34,12.25,Reconfigure ties; balance 13 transformer banks
IND-S04268,Punāsa,Madhya Pradesh,8.49,meshed-N-1,15,13,22.4,True,3.35,12.04,Reconfigure ties; balance 13 transformer banks
IND-S04269,Atraulī,Uttar Pradesh,26.34,radial-spur,15,13,17.7,False,2.84,11.68,Reconfigure ties; balance 13 transformer banks
IND-S04270,Pune,Maharashtra,8.59,parallel-bank,15,13,13.8,True,4.33,11.05,Reconfigure ties; balance 13 transformer banks
IND-S04271,Addada,Karnataka,0.0,sectionalized-ring,15,13,16.3,True,3.58,11.4,Reconfigure ties; balance 13 transformer banks
IND-S04272,Rasapūdipalem,Andhra Pradesh,9.03,ring-main,15,13,23.9,False,4.57,13.15,Reconfigure ties; balance 13 transformer banks
IND-S04273,Raigarh,Chhattisgarh,11.48,double-bus,15,13,21.9,True,4.15,11.88,Reconfigure ties; balance 13 transformer banks
IND-S04274,Bhiwāni,Haryana,0.0,meshed-N-1,15,13,21.4,True,3.78,11.8,Reconfigure ties; balance 13 transformer banks
IND-S04275,Patiāla,Punjab,0.0,radial-spur,15,13,20.2,False,4.05,10.33,Reconfigure ties; balance 13 transformer banks
IND-S04276,Erode,Tamil Nadu,10.72,parallel-bank,15,13,25.0,True,2.62,11.95,Reconfigure ties; balance 13 transformer banks
IND-S04277,Thiruvananthapuram,Kerala,0.18,sectionalized-ring,15,13,20.3,True,4.42,11.44,Reconfigure ties; balance 13 transformer banks
IND-S04278,Lucknow,Uttar Pradesh,0.29,ring-main,15,13,20.1,False,5.31,10.9,Reconfigure ties; balance 13 transformer banks
IND-S04279,Agartala,Tripura,8.81,double-bus,15,13,19.2,True,2.93,12.83,Reconfigure ties; balance 13 transformer banks
IND-S04280,Chhota Gobindpur,Jharkhand,0.0,meshed-N-1,15,13,17.7,True,3.57,11.32,Reconfigure ties; balance 13 transformer banks
IND-S04281,Abdhāra,Bihar,0.0,radial-spur,15,13,19.3,False,3.52,10.83,Reconfigure ties; balance 13 transformer banks
IND-S04282,Sawai Madhopur,Rajasthan,0.0,parallel-bank,15,13,18.4,True,3.78,11.21,Reconfigure ties; balance 13 transformer banks
IND-S04283,Varanasi,Uttar Pradesh,0.0,sectionalized-ring,15,13,24.6,True,3.38,12.43,Reconfigure ties; balance 13 transformer banks
IND-S04284,Songadh,Gujarat,0.0,ring-main,15,13,19.8,False,5.12,11.16,Reconfigure ties; balance 13 transformer banks
IND-S04285,Bhadrak,Odisha,8.54,double-bus,15,13,19.1,True,4.2,12.85,Reconfigure ties; balance 13 transformer banks
IND-S04286,Morādābād,Uttar Pradesh,0.01,meshed-N-1,15,13,23.8,True,3.18,10.87,Reconfigure ties; balance 13 transformer banks
IND-S04287,Uttarakhand Hub Generation,Uttarakhand,0.0,radial-spur,15,13,21.2,False,6.36,11.64,Reconfigure ties; balance 13 transformer banks
IND-S04288,Thāne,Maharashtra,0.97,parallel-bank,15,13,21.8,True,4.06,11.69,Reconfigure ties; balance 13 transformer banks
IND-S04289,Shegaon,Maharashtra,11.0,sectionalized-ring,15,13,22.1,True,5.7,10.73,Reconfigure ties; balance 13 transformer banks
IND-S04290,Thiruvananthapuram,Kerala,0.0,ring-main,15,13,23.0,False,2.16,12.23,Reconfigure ties; balance 13 transformer banks
IND-S04291,Kamuthi,Tamil Nadu,0.0,double-bus,15,13,19.7,True,1.35,12.3,Reconfigure ties; balance 13 transformer banks
IND-S04292,Bilāspur,Chhattisgarh,0.0,meshed-N-1,15,13,22.5,True,3.18,12.46,Reconfigure ties; balance 13 transformer banks
IND-S04293,Malappuram,Kerala,8.75,radial-spur,15,13,23.5,False,1.85,11.38,Reconfigure ties; balance 13 transformer banks
IND-S04294,Nashik,Maharashtra,8.72,parallel-bank,15,13,19.7,True,3.04,11.5,Reconfigure ties; balance 13 transformer banks
IND-S04295,Ahmedabad,Gujarat,10.84,sectionalized-ring,15,13,25.0,True,1.2,11.33,Reconfigure ties; balance 13 transformer banks
IND-S04296,Bengaluru,Karnataka,0.0,ring-main,15,13,21.1,False,3.17,11.89,Reconfigure ties; balance 13 transformer banks
IND-S04297,Brahmapur,Odisha,0.0,double-bus,15,13,24.5,True,4.29,11.21,Reconfigure ties; balance 13 transformer banks
IND-S04298,Nagpur,Maharashtra,0.33,meshed-N-1,15,13,22.2,True,5.02,11.2,Reconfigure ties; balance 13 transformer banks
IND-S04299,Shivamogga,Karnataka,8.63,radial-spur,15,13,24.0,False,4.49,10.85,Reconfigure ties; balance 13 transformer banks
IND-S04300,Delhi Cantonment,Delhi,8.54,parallel-bank,15,13,21.7,True,1.96,10.35,Reconfigure ties; balance 13 transformer banks
IND-S04301,Chennai,Tamil Nadu,0.0,sectionalized-ring,15,13,17.0,True,2.97,10.46,Reconfigure ties; balance 13 transformer banks
IND-S04302,Rajasthan Hub Generation,Rajasthan,11.19,ring-main,15,13,17.2,False,3.91,10.47,Reconfigure ties; balance 13 transformer banks
IND-S04303,Varanasi,Uttar Pradesh,0.03,double-bus,15,13,23.0,True,4.15,12.05,Reconfigure ties; balance 13 transformer banks
IND-S04304,Makrāna,Rajasthan,0.0,meshed-N-1,15,13,15.6,True,2.17,11.33,Reconfigure ties; balance 13 transformer banks
IND-S04305,Shahuwadi,Maharashtra,0.0,radial-spur,15,13,20.9,False,3.78,12.22,Reconfigure ties; balance 13 transformer banks
IND-S04306,Dehradun,Uttarakhand,0.0,parallel-bank,15,13,19.2,True,3.56,11.85,Reconfigure ties; balance 13 transformer banks
IND-S04307,Pimpri-Chinchwad,Maharashtra,8.78,sectionalized-ring,15,13,23.2,True,4.25,11.94,Reconfigure ties; balance 13 transformer banks
IND-S04308,Dewas,Madhya Pradesh,8.37,ring-main,15,13,13.2,False,3.61,10.23,Reconfigure ties; balance 13 transformer banks
IND-S04309,Munger,Bihar,0.33,double-bus,15,13,19.5,True,3.38,11.31,Reconfigure ties; balance 13 transformer banks
IND-S04310,Tiruppur,Tamil Nadu,0.01,meshed-N-1,15,13,12.0,True,3.08,12.28,Reconfigure ties; balance 13 transformer banks
IND-S04311,Vijayanagar,Gujarat,0.0,radial-spur,15,13,21.2,False,4.25,11.88,Reconfigure ties; balance 13 transformer banks
IND-S04312,Perumbākkam,Tamil Nadu,8.35,parallel-bank,15,13,20.5,True,3.62,11.72,Reconfigure ties; balance 13 transformer banks
IND-S04313,Jammu and Kashmir Hub Generation,Jammu and Kashmir,8.35,sectionalized-ring,15,13,18.1,True,3.52,10.67,Reconfigure ties; balance 13 transformer banks
IND-S04314,Gandhinagar,Gujarat,11.64,ring-main,15,13,22.2,False,2.52,11.18,Reconfigure ties; balance 13 transformer banks
IND-S04315,Hoshiārpur,Punjab,0.0,double-bus,15,13,23.8,True,6.41,11.11,Reconfigure ties; balance 13 transformer banks
IND-S04316,Jamnagar,Gujarat,0.0,meshed-N-1,15,13,21.3,True,4.06,11.73,Reconfigure ties; balance 13 transformer banks
IND-S04317,Nagda,Madhya Pradesh,0.0,radial-spur,15,13,21.8,False,3.16,12.53,Reconfigure ties; balance 13 transformer banks
IND-S04318,Agāram,Tamil Nadu,0.0,parallel-bank,15,13,21.8,True,2.76,11.58,Reconfigure ties; balance 13 transformer banks
IND-S04319,Amritsar,Punjab,0.12,sectionalized-ring,15,13,18.6,True,4.32,11.17,Reconfigure ties; balance 13 transformer banks
IND-S04320,Ahmedabad,Gujarat,0.32,ring-main,15,13,15.9,False,3.03,10.53,Reconfigure ties; balance 13 transformer banks
IND-S04321,Ulhasnagar,Maharashtra,11.14,double-bus,15,13,19.1,True,3.08,11.24,Reconfigure ties; balance 13 transformer banks
IND-S04322,Aizawl,Mizoram,0.08,meshed-N-1,15,13,14.4,True,3.32,10.93,Reconfigure ties; balance 13 transformer banks
IND-S04323,Pataudi,Haryana,0.15,radial-spur,15,13,20.2,False,3.84,11.36,Reconfigure ties; balance 13 transformer banks
IND-S04324,Nagpur,Maharashtra,9.25,parallel-bank,15,13,17.5,True,2.83,12.73,Reconfigure ties; balance 13 transformer banks
IND-S04325,Tiruchirappalli,Tamil Nadu,0.11,sectionalized-ring,15,13,16.0,True,2.76,11.4,Reconfigure ties; balance 13 transformer banks
IND-S04326,Indore,Madhya Pradesh,0.16,ring-main,15,13,22.0,False,3.62,11.39,Reconfigure ties; balance 13 transformer banks
IND-S04327,Mysuru,Karnataka,0.0,double-bus,15,13,22.5,True,1.81,11.78,Reconfigure ties; balance 13 transformer banks
IND-S04328,Sonīpat,Haryana,0.0,meshed-N-1,15,13,19.9,True,3.52,13.0,Reconfigure ties; balance 13 transformer banks
IND-S04329,Kuzhithurai,Tamil Nadu,0.0,radial-spur,15,13,14.3,False,4.44,11.51,Reconfigure ties; balance 13 transformer banks
IND-S04330,Akola,Maharashtra,0.11,parallel-bank,15,13,14.8,True,5.24,11.84,Reconfigure ties; balance 13 transformer banks
IND-S04331,Udaipur,Rajasthan,8.53,sectionalized-ring,15,13,19.0,True,3.59,9.84,Reconfigure ties; balance 13 transformer banks
IND-S04332,Nowrangapur,Odisha,0.08,ring-main,15,13,21.1,False,3.53,10.09,Reconfigure ties; balance 13 transformer banks
IND-S04333,Bhīmunipatnam,Andhra Pradesh,0.0,double-bus,15,13,27.3,True,3.29,11.18,Reconfigure ties; balance 13 transformer banks
IND-S04334,Krishnanagar,West Bengal,8.58,meshed-N-1,15,13,26.7,True,4.79,12.47,Reconfigure ties; balance 13 transformer banks
IND-S04335,Loni,Uttar Pradesh,0.02,radial-spur,15,13,22.6,False,3.92,10.96,Reconfigure ties; balance 13 transformer banks
IND-S04336,Rājkot,Gujarat,0.0,parallel-bank,15,13,18.7,True,3.35,12.83,Reconfigure ties; balance 13 transformer banks
IND-S04337,Howrah,West Bengal,8.76,sectionalized-ring,15,13,22.6,True,3.91,10.76,Reconfigure ties; balance 13 transformer banks
IND-S04338,Jorhat,Assam,0.08,ring-main,15,13,21.5,False,5.64,11.5,Reconfigure ties; balance 13 transformer banks
IND-S04339,Pimpri-Chinchwad,Maharashtra,32.89,double-bus,15,13,12.0,True,4.33,11.24,Reconfigure ties; balance 13 transformer banks
IND-S04340,Salem,Tamil Nadu,0.0,meshed-N-1,15,13,26.2,True,3.48,12.76,Reconfigure ties; balance 13 transformer banks
IND-S04341,Manalūrpettai,Tamil Nadu,0.0,radial-spur,15,13,23.9,False,3.36,12.97,Reconfigure ties; balance 13 transformer banks
IND-S04342,Arakhpadar,Odisha,0.0,parallel-bank,15,13,23.5,True,2.75,11.44,Reconfigure ties; balance 13 transformer banks
IND-S04343,Erode,Tamil Nadu,0.02,sectionalized-ring,15,13,19.9,True,3.61,11.15,Reconfigure ties; balance 13 transformer banks
IND-S04344,Chennai,Tamil Nadu,29.59,ring-main,15,13,23.8,False,3.01,10.76,Reconfigure ties; balance 13 transformer banks
IND-S04345,Jāmner,Maharashtra,8.66,double-bus,15,13,22.2,True,3.47,11.09,Reconfigure ties; balance 13 transformer banks
IND-S04346,Kadapa,Andhra Pradesh,0.0,meshed-N-1,15,13,21.8,True,4.27,11.18,Reconfigure ties; balance 13 transformer banks
IND-S04347,Khordha,Odisha,0.0,radial-spur,15,13,16.4,False,3.13,10.57,Reconfigure ties; balance 13 transformer banks
IND-S04348,Andhra Pradesh Hub Generation,Andhra Pradesh,0.02,parallel-bank,15,13,19.6,True,3.71,10.94,Reconfigure ties; balance 13 transformer banks
IND-S04349,Bareilly,Uttar Pradesh,9.24,sectionalized-ring,15,13,17.6,True,3.82,10.83,Reconfigure ties; balance 13 transformer banks
IND-S04350,Thiruvananthapuram,Kerala,0.0,ring-main,15,13,20.2,False,4.72,11.02,Reconfigure ties; balance 13 transformer banks
IND-S04351,Jamshedpur,Jharkhand,0.25,double-bus,15,13,19.3,True,2.37,13.2,Reconfigure ties; balance 13 transformer banks
IND-S04352,Unnāo,Uttar Pradesh,0.09,meshed-N-1,15,13,16.1,True,1.95,10.55,Reconfigure ties; balance 13 transformer banks
IND-S04353,Bhubaneswar,Odisha,8.79,radial-spur,15,13,31.1,False,2.9,10.31,Reconfigure ties; balance 13 transformer banks
IND-S04354,Pimpri,Maharashtra,9.98,parallel-bank,15,13,17.3,True,4.67,11.32,Reconfigure ties; balance 13 transformer banks
IND-S04355,Kareli,Madhya Pradesh,8.93,sectionalized-ring,15,13,18.9,True,4.09,11.15,Reconfigure ties; balance 13 transformer banks
IND-S04356,Bāli,West Bengal,0.12,ring-main,15,13,17.5,False,1.85,10.67,Reconfigure ties; balance 13 transformer banks
IND-S04357,Anakapalle,Andhra Pradesh,0.0,double-bus,15,13,22.5,True,6.1,12.32,Reconfigure ties; balance 13 transformer banks
IND-S04358,Pune,Maharashtra,0.2,meshed-N-1,15,13,25.4,True,4.52,13.01,Reconfigure ties; balance 13 transformer banks
IND-S04359,Narela,Delhi,0.0,radial-spur,15,13,24.6,False,4.43,11.44,Reconfigure ties; balance 13 transformer banks
IND-S04360,Mormugao,Goa,8.7,parallel-bank,15,13,12.6,True,3.38,12.05,Reconfigure ties; balance 13 transformer banks
IND-S04361,Gwalior,Madhya Pradesh,0.0,sectionalized-ring,15,13,15.2,True,5.0,11.77,Reconfigure ties; balance 13 transformer banks
IND-S04362,Pimpri-Chinchwad,Maharashtra,0.0,ring-main,15,13,18.8,False,3.69,10.92,Reconfigure ties; balance 13 transformer banks
IND-S04363,Chennai,Tamil Nadu,9.94,double-bus,15,13,22.8,True,4.18,12.65,Reconfigure ties; balance 13 transformer banks
IND-S04364,Digras,Maharashtra,8.46,meshed-N-1,15,13,20.9,True,4.38,10.95,Reconfigure ties; balance 13 transformer banks
IND-S04365,Jalgaon,Maharashtra,8.76,radial-spur,15,13,23.8,False,5.28,11.93,Reconfigure ties; balance 13 transformer banks
IND-S04366,Sundakkāmpālaiyam,Tamil Nadu,8.77,parallel-bank,15,13,20.9,True,2.25,11.47,Reconfigure ties; balance 13 transformer banks
IND-S04367,Bhavnagar,Gujarat,0.07,sectionalized-ring,15,13,19.7,True,4.12,11.58,Reconfigure ties; balance 13 transformer banks
IND-S04368,Chākuliā,Jharkhand,8.65,ring-main,15,13,19.6,False,3.85,12.22,Reconfigure ties; balance 13 transformer banks
IND-S04369,Surat,Gujarat,0.15,double-bus,15,13,22.9,True,3.73,10.92,Reconfigure ties; balance 13 transformer banks
IND-S04370,Indore,Madhya Pradesh,0.0,meshed-N-1,15,13,12.0,True,1.82,11.27,Reconfigure ties; balance 13 transformer banks
IND-S04371,Chik Bānavar,Karnataka,0.0,radial-spur,15,13,18.8,False,3.14,11.38,Reconfigure ties; balance 13 transformer banks
IND-S04372,Jaipur,Rajasthan,9.93,parallel-bank,15,13,31.2,True,2.81,10.76,Reconfigure ties; balance 13 transformer banks
IND-S04373,Ballari,Karnataka,0.0,sectionalized-ring,15,13,23.9,True,3.64,12.49,Reconfigure ties; balance 13 transformer banks
IND-S04374,Ranchi,Jharkhand,0.08,ring-main,15,13,20.4,False,4.4,10.62,Reconfigure ties; balance 13 transformer banks
IND-S04375,Hosūr,Tamil Nadu,10.62,double-bus,15,13,21.0,True,4.63,12.18,Reconfigure ties; balance 13 transformer banks
IND-S04376,Siuliban,Jharkhand,9.02,meshed-N-1,15,13,21.6,True,3.72,10.96,Reconfigure ties; balance 13 transformer banks
IND-S04377,Chennai,Tamil Nadu,0.0,radial-spur,15,13,23.4,False,3.15,10.28,Reconfigure ties; balance 13 transformer banks
IND-S04378,Jamnagar,Gujarat,0.0,parallel-bank,15,13,25.5,True,2.81,12.5,Reconfigure ties; balance 13 transformer banks
IND-S04379,Mumbai,Maharashtra,0.0,sectionalized-ring,15,13,25.2,True,5.74,11.59,Reconfigure ties; balance 13 transformer banks
IND-S04380,Bharūch,Gujarat,0.43,ring-main,15,13,27.4,False,3.99,11.47,Reconfigure ties; balance 13 transformer banks
IND-S04381,Mysuru,Karnataka,8.51,double-bus,15,13,17.5,True,3.65,11.86,Reconfigure ties; balance 13 transformer banks
IND-S04382,Haridwar,Uttarakhand,0.05,meshed-N-1,15,13,23.2,True,3.48,11.82,Reconfigure ties; balance 13 transformer banks
IND-S04383,Hyderabad,Telangana,0.48,radial-spur,15,13,22.6,False,5.29,11.85,Reconfigure ties; balance 13 transformer banks
IND-S04384,Vijayapura,Karnataka,8.65,parallel-bank,15,13,20.3,True,3.23,11.99,Reconfigure ties; balance 13 transformer banks
IND-S04385,Kalliyoor,Kerala,8.39,sectionalized-ring,15,13,17.1,True,5.19,11.99,Reconfigure ties; balance 13 transformer banks
IND-S04386,Ballari,Karnataka,9.56,ring-main,15,13,17.1,False,2.41,12.37,Reconfigure ties; balance 13 transformer banks
IND-S04387,Jhābua,Madhya Pradesh,0.0,double-bus,15,13,20.7,True,3.98,11.41,Reconfigure ties; balance 13 transformer banks
IND-S04388,Nihtaur,Uttar Pradesh,0.0,meshed-N-1,15,13,22.4,True,3.81,12.63,Reconfigure ties; balance 13 transformer banks
IND-S04389,Gyānpur,Uttar Pradesh,0.0,radial-spur,15,13,24.7,False,3.34,12.22,Reconfigure ties; balance 13 transformer banks
IND-S04390,Kanayannur,Kerala,8.66,parallel-bank,15,13,26.2,True,5.48,11.08,Reconfigure ties; balance 13 transformer banks
IND-S04391,Jalandhar,Punjab,10.67,sectionalized-ring,15,13,18.7,True,5.05,11.22,Reconfigure ties; balance 13 transformer banks
IND-S04392,Gadag,Karnataka,0.09,ring-main,15,13,15.8,False,3.6,11.55,Reconfigure ties; balance 13 transformer banks
IND-S04393,Abdullapūr Hulsan,Uttar Pradesh,0.0,double-bus,15,13,17.3,True,1.83,11.1,Reconfigure ties; balance 13 transformer banks
IND-S04394,Basi,Punjab,0.0,meshed-N-1,15,13,21.0,True,1.39,10.55,Reconfigure ties; balance 13 transformer banks
IND-S04395,Hyderabad,Telangana,0.0,radial-spur,15,13,28.2,False,3.77,10.33,Reconfigure ties; balance 13 transformer banks
IND-S04396,Rasapūdipalem,Andhra Pradesh,12.0,parallel-bank,15,13,33.1,True,3.61,11.38,Reconfigure ties; balance 13 transformer banks
IND-S04397,Meerut,Uttar Pradesh,0.15,sectionalized-ring,15,13,22.8,True,3.5,12.74,Reconfigure ties; balance 13 transformer banks
IND-S04398,Bengaluru,Karnataka,0.01,ring-main,15,13,19.6,False,2.37,12.48,Reconfigure ties; balance 13 transformer banks
IND-S04399,Gharroli,Delhi,0.0,double-bus,15,13,25.0,True,1.63,11.5,Reconfigure ties; balance 13 transformer banks
IND-S04400,Nowrangapur,Odisha,8.68,meshed-N-1,15,13,22.1,True,3.23,10.32,Reconfigure ties; balance 13 transformer banks
IND-S04401,Sambalpur,Odisha,8.45,radial-spur,15,13,12.0,False,2.81,11.84,Reconfigure ties; balance 13 transformer banks
IND-S04402,Guntur,Andhra Pradesh,0.01,parallel-bank,15,13,22.6,True,4.02,12.4,Reconfigure ties; balance 13 transformer banks
IND-S04403,Māliya,Gujarat,9.05,sectionalized-ring,15,13,20.6,True,5.8,12.82,Reconfigure ties; balance 13 transformer banks
IND-S04404,Surat,Gujarat,0.14,ring-main,15,13,21.5,False,3.08,12.5,Reconfigure ties; balance 13 transformer banks
IND-S04405,Bareilly,Uttar Pradesh,0.0,double-bus,15,13,24.3,True,4.55,13.44,Reconfigure ties; balance 13 transformer banks
IND-S04406,Srinagar,Jammu and Kashmir,8.58,meshed-N-1,15,13,25.4,True,3.63,11.19,Reconfigure ties; balance 13 transformer banks
IND-S04407,Anaikkavundanpatti,Tamil Nadu,8.64,radial-spur,15,13,17.4,False,4.56,12.0,Reconfigure ties; balance 13 transformer banks
IND-S04408,Pimpri-Chinchwad,Maharashtra,0.4,parallel-bank,15,13,17.9,True,3.21,11.75,Reconfigure ties; balance 13 transformer banks
IND-S04409,Rameswaram,Andhra Pradesh,0.0,sectionalized-ring,15,13,12.7,True,4.02,11.7,Reconfigure ties; balance 13 transformer banks
IND-S04410,Bokāro,Jharkhand,0.0,ring-main,15,13,16.1,False,4.18,10.56,Reconfigure ties; balance 13 transformer banks
IND-S04411,Lehragaga,Punjab,8.9,double-bus,15,13,19.1,True,3.41,11.64,Reconfigure ties; balance 13 transformer banks
IND-S04412,Delhi,Delhi,0.3,meshed-N-1,15,13,22.4,True,2.98,11.63,Reconfigure ties; balance 13 transformer banks
IND-S04413,Punjab Hub Generation,Punjab,32.33,radial-spur,15,13,25.8,False,4.37,10.96,Reconfigure ties; balance 13 transformer banks
IND-S04414,Thāne,Maharashtra,0.2,parallel-bank,15,13,12.0,True,5.27,13.17,Reconfigure ties; balance 13 transformer banks
IND-S04415,Pimpri-Chinchwad,Maharashtra,1.77,sectionalized-ring,15,13,23.5,True,2.49,11.77,Reconfigure ties; balance 13 transformer banks
IND-S04416,Dewas,Madhya Pradesh,8.81,ring-main,15,13,19.4,False,4.48,11.96,Reconfigure ties; balance 13 transformer banks
IND-S04417,Rāichūr,Karnataka,0.0,double-bus,15,13,22.8,True,4.67,11.27,Reconfigure ties; balance 13 transformer banks
IND-S04418,Raval,Gujarat,0.0,meshed-N-1,15,13,21.9,True,4.43,11.89,Reconfigure ties; balance 13 transformer banks
IND-S04419,Tiruppur,Tamil Nadu,0.16,radial-spur,15,13,15.5,False,5.07,11.24,Reconfigure ties; balance 13 transformer banks
IND-S04420,Pāchora,Maharashtra,8.75,parallel-bank,15,13,20.3,True,4.25,10.94,Reconfigure ties; balance 13 transformer banks
IND-S04421,Hāpur,Uttar Pradesh,0.0,sectionalized-ring,15,13,21.0,True,2.15,12.38,Reconfigure ties; balance 13 transformer banks
IND-S04422,Satara,Maharashtra,0.08,ring-main,15,13,19.7,False,3.53,11.94,Reconfigure ties; balance 13 transformer banks
IND-S04423,Rajamahendravaram,Andhra Pradesh,8.77,double-bus,15,13,27.3,True,4.9,11.19,Reconfigure ties; balance 13 transformer banks
IND-S04424,Mothīhāri,Bihar,0.07,meshed-N-1,15,13,26.4,True,3.92,12.24,Reconfigure ties; balance 13 transformer banks
IND-S04425,Chennai,Tamil Nadu,0.32,radial-spur,15,13,16.9,False,3.75,11.46,Reconfigure ties; balance 13 transformer banks
IND-S04426,Taliparamba,Kerala,0.09,parallel-bank,15,13,21.2,True,1.9,11.67,Reconfigure ties; balance 13 transformer banks
IND-S04427,Deoband,Uttar Pradesh,0.0,sectionalized-ring,15,13,16.6,True,1.23,12.67,Reconfigure ties; balance 13 transformer banks
IND-S04428,Indore,Madhya Pradesh,0.23,ring-main,15,13,29.3,False,2.78,11.83,Reconfigure ties; balance 13 transformer banks
IND-S04429,Madurai,Tamil Nadu,0.09,double-bus,15,13,25.2,True,2.6,12.9,Reconfigure ties; balance 13 transformer banks
IND-S04430,Mainpuri,Uttar Pradesh,0.13,meshed-N-1,15,13,23.1,True,4.29,11.22,Reconfigure ties; balance 13 transformer banks
IND-S04431,Gandhinagar,Gujarat,0.0,radial-spur,15,13,22.1,False,4.02,11.63,Reconfigure ties; balance 13 transformer banks
IND-S04432,Jaipur,Rajasthan,0.0,parallel-bank,15,13,26.0,True,3.3,11.26,Reconfigure ties; balance 13 transformer banks
IND-S04433,Tirumuruganpūndi,Tamil Nadu,8.72,sectionalized-ring,15,13,16.5,True,3.67,12.26,Reconfigure ties; balance 13 transformer banks
IND-S04434,Lucknow,Uttar Pradesh,10.4,ring-main,15,13,17.1,False,3.48,11.01,Reconfigure ties; balance 13 transformer banks
IND-S04435,Kukatpally,Telangana,9.53,double-bus,15,13,24.4,True,5.65,11.13,Reconfigure ties; balance 13 transformer banks
IND-S04436,Ramagundam,Telangana,8.52,meshed-N-1,15,13,20.9,True,2.48,11.05,Reconfigure ties; balance 13 transformer banks
IND-S04437,Jammu,Jammu and Kashmir,0.21,radial-spur,15,13,22.3,False,2.03,12.8,Reconfigure ties; balance 13 transformer banks
IND-S04438,Kanpur,Uttar Pradesh,10.62,parallel-bank,15,13,28.8,True,3.08,13.19,Reconfigure ties; balance 13 transformer banks
IND-S04439,Kammivapettai,Tamil Nadu,9.01,sectionalized-ring,15,13,24.3,True,3.67,11.18,Reconfigure ties; balance 13 transformer banks
IND-S04440,Silchar,Assam,8.66,ring-main,15,13,22.1,False,3.4,11.89,Reconfigure ties; balance 13 transformer banks
IND-S04441,Delhi,Delhi,0.0,double-bus,15,13,17.2,True,4.14,10.55,Reconfigure ties; balance 13 transformer banks
IND-S04442,Sholapur,Maharashtra,0.0,meshed-N-1,15,13,24.1,True,2.52,10.84,Reconfigure ties; balance 13 transformer banks
IND-S04443,Gorakhpur,Uttar Pradesh,0.11,radial-spur,15,13,23.9,False,3.55,9.7,Reconfigure ties; balance 13 transformer banks
IND-S04444,Budaun,Uttar Pradesh,0.0,parallel-bank,15,13,25.0,True,3.13,12.78,Reconfigure ties; balance 13 transformer banks
IND-S04445,Srinagar,Jammu and Kashmir,0.12,sectionalized-ring,15,13,16.8,True,4.62,12.51,Reconfigure ties; balance 13 transformer banks
IND-S04446,Chandigarh,Chandigarh,0.0,ring-main,15,13,20.5,False,4.58,10.49,Reconfigure ties; balance 13 transformer banks
IND-S04447,Maharashtra Hub Generation,Maharashtra,0.23,double-bus,15,13,23.6,True,5.55,11.03,Reconfigure ties; balance 13 transformer banks
IND-S04448,Andhra Pradesh Hub Generation,Andhra Pradesh,8.92,meshed-N-1,15,13,20.5,True,4.67,12.16,Reconfigure ties; balance 13 transformer banks
IND-S04449,Udaipur,Rajasthan,32.55,radial-spur,15,13,21.7,False,3.4,10.5,Reconfigure ties; balance 13 transformer banks
IND-S04450,Bherāghāt,Madhya Pradesh,0.11,parallel-bank,15,13,24.6,True,4.86,11.73,Reconfigure ties; balance 13 transformer banks
IND-S04451,Rājkot,Gujarat,11.63,sectionalized-ring,15,13,23.9,True,3.94,11.38,Reconfigure ties; balance 13 transformer banks
IND-S04452,Pimpri-Chinchwad,Maharashtra,0.08,ring-main,15,13,22.3,False,3.23,11.4,Reconfigure ties; balance 13 transformer banks
IND-S04453,Bhiwandi,Maharashtra,0.0,double-bus,15,13,25.1,True,1.2,10.62,Reconfigure ties; balance 13 transformer banks
IND-S04454,Arumbarāmpattu,Tamil Nadu,0.0,meshed-N-1,15,13,23.5,True,4.32,12.27,Reconfigure ties; balance 13 transformer banks
IND-S04455,Kalaburagi,Karnataka,0.0,radial-spur,15,13,21.0,False,3.81,10.73,Reconfigure ties; balance 13 transformer banks
IND-S04456,Thāne,Maharashtra,0.0,parallel-bank,15,13,26.4,True,4.75,11.07,Reconfigure ties; balance 13 transformer banks
IND-S04457,Panipat,Haryana,8.77,sectionalized-ring,15,13,20.5,True,4.45,14.05,Reconfigure ties; balance 13 transformer banks
IND-S04458,Patiāla,Punjab,0.0,ring-main,15,13,24.4,False,3.85,12.8,Reconfigure ties; balance 13 transformer banks
IND-S04459,Ammaiyagaram,Tamil Nadu,0.0,double-bus,15,13,29.1,True,3.27,11.34,Reconfigure ties; balance 13 transformer banks
IND-S04460,Bahraigh,Uttar Pradesh,0.0,meshed-N-1,15,13,19.6,True,3.35,11.25,Reconfigure ties; balance 13 transformer banks
IND-S04461,Delhi,Delhi,8.46,radial-spur,15,13,19.3,False,4.17,12.61,Reconfigure ties; balance 13 transformer banks
IND-S04462,Madurai,Tamil Nadu,0.0,parallel-bank,15,13,16.3,True,4.7,11.16,Reconfigure ties; balance 13 transformer banks
IND-S04463,Nashik,Maharashtra,10.5,sectionalized-ring,15,13,28.0,True,2.13,10.65,Reconfigure ties; balance 13 transformer banks
IND-S04464,Vadodara,Gujarat,9.67,ring-main,15,13,26.9,False,5.22,11.67,Reconfigure ties; balance 13 transformer banks
IND-S04465,Sholapur,Maharashtra,10.97,double-bus,15,13,19.3,True,1.62,11.03,Reconfigure ties; balance 13 transformer banks
IND-S04466,Attavalpalle,Andhra Pradesh,0.0,meshed-N-1,15,13,24.0,True,4.29,12.39,Reconfigure ties; balance 13 transformer banks
IND-S04467,Ahmedabad,Gujarat,9.02,radial-spur,15,13,19.9,False,1.46,12.3,Reconfigure ties; balance 13 transformer banks
IND-S04468,Surat,Gujarat,11.36,parallel-bank,15,13,21.1,True,4.2,11.1,Reconfigure ties; balance 13 transformer banks
IND-S04469,Bhadrāvati,Karnataka,0.0,sectionalized-ring,15,13,26.3,True,2.85,10.53,Reconfigure ties; balance 13 transformer banks
IND-S04470,Howrah,West Bengal,8.97,ring-main,15,13,20.9,False,2.65,11.77,Reconfigure ties; balance 13 transformer banks
IND-S04471,Bahraigh,Uttar Pradesh,0.0,double-bus,15,13,19.2,True,3.76,11.92,Reconfigure ties; balance 13 transformer banks
IND-S04472,Bhopal,Madhya Pradesh,0.0,meshed-N-1,15,13,30.3,True,2.95,10.87,Reconfigure ties; balance 13 transformer banks
IND-S04473,Kozhikode,Kerala,11.26,radial-spur,15,13,16.0,False,2.37,11.87,Reconfigure ties; balance 13 transformer banks
IND-S04474,Ratanpur,Chhattisgarh,8.69,parallel-bank,15,13,25.0,True,3.01,10.82,Reconfigure ties; balance 13 transformer banks
IND-S04475,Thāne,Maharashtra,0.56,sectionalized-ring,15,13,18.8,True,6.54,11.3,Reconfigure ties; balance 13 transformer banks
IND-S04476,Jammu,Jammu and Kashmir,31.24,ring-main,15,13,18.1,False,2.26,11.99,Reconfigure ties; balance 13 transformer banks
IND-S04477,Rājābhita,Jharkhand,0.0,double-bus,15,13,17.9,True,4.83,11.3,Reconfigure ties; balance 13 transformer banks
IND-S04478,Surat,Gujarat,0.0,meshed-N-1,15,13,14.0,True,2.27,10.76,Reconfigure ties; balance 13 transformer banks
IND-S04479,Gandhinagar,Gujarat,0.01,radial-spur,15,13,26.8,False,3.86,11.5,Reconfigure ties; balance 13 transformer banks
IND-S04480,Srinagar,Jammu and Kashmir,0.13,parallel-bank,15,13,24.3,True,1.76,11.51,Reconfigure ties; balance 13 transformer banks
IND-S04481,Tawang Town,Arunachal Pradesh,0.0,sectionalized-ring,15,13,19.2,True,5.96,11.26,Reconfigure ties; balance 13 transformer banks
IND-S04482,Bareilly,Uttar Pradesh,0.01,ring-main,15,13,17.1,False,4.62,10.99,Reconfigure ties; balance 13 transformer banks
IND-S04483,Chinchani,Maharashtra,8.92,double-bus,15,13,18.3,True,4.5,11.7,Reconfigure ties; balance 13 transformer banks
IND-S04484,Kāvali,Andhra Pradesh,0.0,meshed-N-1,15,13,21.2,True,4.43,11.34,Reconfigure ties; balance 13 transformer banks
IND-S04485,Andhra Pradesh Hub Generation,Andhra Pradesh,8.96,radial-spur,15,13,23.8,False,3.01,12.02,Reconfigure ties; balance 13 transformer banks
IND-S04486,Pimpri,Maharashtra,9.48,parallel-bank,15,13,17.5,True,2.84,11.56,Reconfigure ties; balance 13 transformer banks
IND-S04487,Sāmbhar,Rajasthan,8.98,sectionalized-ring,15,13,15.8,True,1.36,12.78,Reconfigure ties; balance 13 transformer banks
IND-S04488,Darbhanga,Bihar,8.88,ring-main,15,13,24.7,False,3.88,11.15,Reconfigure ties; balance 13 transformer banks
IND-S04489,Bathinda,Punjab,12.98,double-bus,15,13,26.0,True,3.29,11.34,Reconfigure ties; balance 13 transformer banks
IND-S04490,Malegaon,Maharashtra,10.87,meshed-N-1,15,13,19.4,True,4.97,11.35,Reconfigure ties; balance 13 transformer banks
IND-S04491,Kāmthi,Maharashtra,0.0,radial-spur,15,13,24.0,False,2.12,11.79,Reconfigure ties; balance 13 transformer banks
IND-S04492,Katihar,Bihar,0.0,parallel-bank,15,13,19.2,True,2.88,10.08,Reconfigure ties; balance 13 transformer banks
IND-S04493,Mumbai,Maharashtra,0.16,sectionalized-ring,15,13,25.5,True,3.36,11.41,Reconfigure ties; balance 13 transformer banks
IND-S04494,Adoni,Andhra Pradesh,0.0,ring-main,15,13,21.1,False,2.98,11.73,Reconfigure ties; balance 13 transformer banks
IND-S04495,Rājkot,Gujarat,0.0,double-bus,15,13,23.3,True,4.39,10.51,Reconfigure ties; balance 13 transformer banks
IND-S04496,Surat,Gujarat,8.64,meshed-N-1,15,13,23.5,True,3.73,11.72,Reconfigure ties; balance 13 transformer banks
IND-S04497,Thāne,Maharashtra,8.82,radial-spur,15,13,20.2,False,2.35,12.28,Reconfigure ties; balance 13 transformer banks
IND-S04498,Patiāla,Punjab,0.11,parallel-bank,15,13,21.7,True,3.86,11.25,Reconfigure ties; balance 13 transformer banks
IND-S04499,Kālundri,Maharashtra,0.0,sectionalized-ring,15,13,21.6,True,3.82,12.36,Reconfigure ties; balance 13 transformer banks
IND-S04500,Bhilwara,Rajasthan,0.0,ring-main,15,13,23.5,False,2.32,11.63,Reconfigure ties; balance 13 transformer banks
IND-S04501,Pāli,Rajasthan,0.02,double-bus,15,13,25.1,True,4.69,11.11,Reconfigure ties; balance 13 transformer banks
IND-S04502,Dhuliān,West Bengal,8.93,meshed-N-1,15,13,28.8,True,3.54,12.12,Reconfigure ties; balance 13 transformer banks
IND-S04503,Najafgarh,Delhi,10.45,radial-spur,15,13,21.0,False,2.76,11.5,Reconfigure ties; balance 13 transformer banks
IND-S04504,Ahmedabad,Gujarat,0.4,parallel-bank,15,13,13.8,True,2.74,11.36,Reconfigure ties; balance 13 transformer banks
IND-S04505,Thanjavur,Tamil Nadu,8.73,sectionalized-ring,15,13,24.2,True,1.69,11.94,Reconfigure ties; balance 13 transformer banks
IND-S04506,Bilāspur,Chhattisgarh,11.27,ring-main,15,13,21.1,False,4.95,11.26,Reconfigure ties; balance 13 transformer banks
IND-S04507,Ambur,Tamil Nadu,0.0,double-bus,15,13,22.4,True,5.44,10.07,Reconfigure ties; balance 13 transformer banks
IND-S04508,Kozhikode,Kerala,0.0,meshed-N-1,15,13,21.5,True,3.98,11.05,Reconfigure ties; balance 13 transformer banks
IND-S04509,Karīmnagar,Telangana,0.0,radial-spur,15,13,19.0,False,5.78,10.86,Reconfigure ties; balance 13 transformer banks
IND-S04510,Amliyāra,Gujarat,0.0,parallel-bank,15,13,21.4,True,2.8,10.68,Reconfigure ties; balance 13 transformer banks
IND-S04511,Rāmgarh,Jharkhand,0.0,sectionalized-ring,15,13,24.5,True,1.9,10.97,Reconfigure ties; balance 13 transformer banks
IND-S04512,Pimpri-Chinchwad,Maharashtra,0.23,ring-main,15,13,26.8,False,4.11,11.91,Reconfigure ties; balance 13 transformer banks
IND-S04513,Salem,Tamil Nadu,0.0,double-bus,15,13,20.2,True,1.97,11.1,Reconfigure ties; balance 13 transformer banks
IND-S04514,Chikmagalūr,Karnataka,0.13,meshed-N-1,15,13,25.4,True,3.91,10.96,Reconfigure ties; balance 13 transformer banks
IND-S04515,Bodh Gaya,Bihar,0.0,radial-spur,15,13,21.8,False,5.46,10.08,Reconfigure ties; balance 13 transformer banks
IND-S04516,Bhālswa Jahangirpur,Delhi,8.72,parallel-bank,15,13,29.4,True,3.64,10.27,Reconfigure ties; balance 13 transformer banks
IND-S04517,Aurangabad,Maharashtra,0.0,sectionalized-ring,15,13,16.2,True,4.98,11.17,Reconfigure ties; balance 13 transformer banks
IND-S04518,Puri,Odisha,0.0,ring-main,15,13,21.2,False,4.12,11.77,Reconfigure ties; balance 13 transformer banks
IND-S04519,Naraina,Rajasthan,0.0,double-bus,15,13,18.6,True,2.89,10.61,Reconfigure ties; balance 13 transformer banks
IND-S04520,Palāsa,Andhra Pradesh,0.0,meshed-N-1,15,13,23.6,True,3.89,11.3,Reconfigure ties; balance 13 transformer banks
IND-S04521,Pimpri,Maharashtra,0.0,radial-spur,15,13,12.5,False,4.66,11.27,Reconfigure ties; balance 13 transformer banks
IND-S04522,Channapatna,Karnataka,0.21,parallel-bank,15,13,13.8,True,3.76,11.38,Reconfigure ties; balance 13 transformer banks
IND-S04523,Kādīpur,Delhi,0.0,sectionalized-ring,15,13,18.1,True,2.98,11.49,Reconfigure ties; balance 13 transformer banks
IND-S04524,Varanasi,Uttar Pradesh,8.72,ring-main,15,13,21.7,False,4.69,11.25,Reconfigure ties; balance 13 transformer banks
IND-S04525,Puliyankudi,Tamil Nadu,0.0,double-bus,15,13,22.2,True,4.14,11.8,Reconfigure ties; balance 13 transformer banks
IND-S04526,Kalyān,Maharashtra,8.92,meshed-N-1,15,13,20.1,True,6.99,10.25,Reconfigure ties; balance 13 transformer banks
IND-S04527,Darbhanga,Bihar,8.56,radial-spur,15,13,18.4,False,1.68,12.34,Reconfigure ties; balance 13 transformer banks
IND-S04528,Silchar,Assam,8.85,parallel-bank,15,13,23.3,True,2.27,10.38,Reconfigure ties; balance 13 transformer banks
IND-S04529,Maharashtra Hub Generation,Maharashtra,9.22,sectionalized-ring,15,13,21.0,True,2.41,11.49,Reconfigure ties; balance 13 transformer banks
IND-S04530,Gandhinagar,Gujarat,0.09,ring-main,15,13,20.4,False,5.03,10.75,Reconfigure ties; balance 13 transformer banks
IND-S04531,Tārānagar,Rajasthan,8.63,double-bus,15,13,26.3,True,6.21,11.98,Reconfigure ties; balance 13 transformer banks
IND-S04532,Malajkhand,Madhya Pradesh,0.0,meshed-N-1,15,13,23.1,True,3.98,12.54,Reconfigure ties; balance 13 transformer banks
IND-S04533,Amritsar,Punjab,0.15,radial-spur,15,13,17.1,False,7.06,10.88,Reconfigure ties; balance 13 transformer banks
IND-S04534,Bhāgalpur,Bihar,9.07,parallel-bank,15,13,21.9,True,1.78,10.79,Reconfigure ties; balance 13 transformer banks
IND-S04535,Morādābād,Uttar Pradesh,0.0,sectionalized-ring,15,13,22.9,True,2.63,13.14,Reconfigure ties; balance 13 transformer banks
IND-S04536,Punāsa,Madhya Pradesh,0.0,ring-main,15,13,22.0,False,4.07,11.9,Reconfigure ties; balance 13 transformer banks
IND-S04537,Ludhiana,Punjab,0.0,double-bus,15,13,15.9,True,4.95,11.43,Reconfigure ties; balance 13 transformer banks
IND-S04538,Faridabad,Haryana,8.65,meshed-N-1,15,13,22.6,True,4.1,11.73,Reconfigure ties; balance 13 transformer banks
IND-S04539,Punāsa,Madhya Pradesh,8.4,radial-spur,15,13,18.3,False,2.8,12.73,Reconfigure ties; balance 13 transformer banks
IND-S04540,Ahmedabad,Gujarat,9.5,parallel-bank,15,13,23.9,True,3.91,12.75,Reconfigure ties; balance 13 transformer banks
IND-S04541,Gorakhpur,Uttar Pradesh,10.13,sectionalized-ring,15,13,21.1,True,4.8,11.2,Reconfigure ties; balance 13 transformer banks
IND-S04542,Madurai,Tamil Nadu,0.0,ring-main,15,13,22.3,False,3.07,12.16,Reconfigure ties; balance 13 transformer banks
IND-S04543,Indore,Madhya Pradesh,0.0,double-bus,15,13,23.3,True,3.28,10.86,Reconfigure ties; balance 13 transformer banks
IND-S04544,Lucknow,Uttar Pradesh,0.28,meshed-N-1,15,13,14.9,True,3.83,12.08,Reconfigure ties; balance 13 transformer banks
IND-S04545,Aincholi,Uttar Pradesh,0.04,radial-spur,15,13,21.1,False,3.35,10.09,Reconfigure ties; balance 13 transformer banks
IND-S04546,Kanhangad,Kerala,0.0,parallel-bank,15,13,22.4,True,5.5,11.79,Reconfigure ties; balance 13 transformer banks
IND-S04547,Gadag,Karnataka,8.27,sectionalized-ring,15,13,19.7,True,3.95,11.6,Reconfigure ties; balance 13 transformer banks
IND-S04548,Morādābād,Uttar Pradesh,0.0,ring-main,15,13,24.3,False,3.68,11.31,Reconfigure ties; balance 13 transformer banks
IND-S04549,Erode,Tamil Nadu,0.01,double-bus,15,13,20.0,True,4.63,10.62,Reconfigure ties; balance 13 transformer banks
IND-S04550,Srinagar,Jammu and Kashmir,8.69,meshed-N-1,15,13,15.6,True,4.75,11.29,Reconfigure ties; balance 13 transformer banks
IND-S04551,Jīnd,Haryana,0.0,radial-spur,15,13,24.5,False,2.97,11.5,Reconfigure ties; balance 13 transformer banks
IND-S04552,Mumbai,Maharashtra,0.82,parallel-bank,15,13,21.6,True,3.58,11.58,Reconfigure ties; balance 13 transformer banks
IND-S04553,Rabkavi,Karnataka,0.0,sectionalized-ring,15,13,15.9,True,4.34,10.34,Reconfigure ties; balance 13 transformer banks
IND-S04554,Darbhanga,Bihar,0.14,ring-main,15,13,12.0,False,4.48,10.61,Reconfigure ties; balance 13 transformer banks
IND-S04555,Kalyān,Maharashtra,0.35,double-bus,15,13,23.6,True,3.49,12.56,Reconfigure ties; balance 13 transformer banks
IND-S04556,Siliguri,West Bengal,0.0,meshed-N-1,15,13,22.7,True,3.49,11.74,Reconfigure ties; balance 13 transformer banks
IND-S04557,Madurai,Tamil Nadu,0.0,radial-spur,15,13,19.4,False,3.12,10.53,Reconfigure ties; balance 13 transformer banks
IND-S04558,Raebareli,Uttar Pradesh,8.59,parallel-bank,15,13,27.8,True,4.77,12.24,Reconfigure ties; balance 13 transformer banks
IND-S04559,Kallakurichi,Tamil Nadu,0.0,sectionalized-ring,15,13,17.9,True,3.12,11.01,Reconfigure ties; balance 13 transformer banks
IND-S04560,Bhuj,Gujarat,0.0,ring-main,15,13,24.1,False,4.66,11.42,Reconfigure ties; balance 13 transformer banks
IND-S04561,Kāsganj,Uttar Pradesh,9.15,double-bus,15,13,21.0,True,2.89,11.83,Reconfigure ties; balance 13 transformer banks
IND-S04562,Coimbatore,Tamil Nadu,0.0,meshed-N-1,15,13,12.1,True,1.39,11.46,Reconfigure ties; balance 13 transformer banks
IND-S04563,Kalaburagi,Karnataka,0.01,radial-spur,15,13,22.8,False,2.02,11.36,Reconfigure ties; balance 13 transformer banks
IND-S04564,Konch,Uttar Pradesh,0.24,parallel-bank,15,13,19.5,True,4.48,11.45,Reconfigure ties; balance 13 transformer banks
IND-S04565,Bilimora,Gujarat,0.0,sectionalized-ring,15,13,26.7,True,2.39,11.46,Reconfigure ties; balance 13 transformer banks
IND-S04566,Ajāwāli,Himachal Pradesh,0.0,ring-main,15,13,14.9,False,4.48,11.04,Reconfigure ties; balance 13 transformer banks
IND-S04567,Mawlai-Mawïong,Meghalaya,8.72,double-bus,15,13,15.7,True,2.6,11.52,Reconfigure ties; balance 13 transformer banks
IND-S04568,Kozhikode,Kerala,0.01,meshed-N-1,15,13,22.5,True,3.86,10.81,Reconfigure ties; balance 13 transformer banks
IND-S04569,Kolkata,West Bengal,0.36,radial-spur,15,13,21.1,False,4.51,10.86,Reconfigure ties; balance 13 transformer banks
IND-S04570,Algod,Karnataka,8.38,parallel-bank,15,13,18.5,True,4.78,11.02,Reconfigure ties; balance 13 transformer banks
IND-S04571,Uttarakhand Hub Generation,Uttarakhand,0.0,sectionalized-ring,15,13,26.6,True,4.54,11.23,Reconfigure ties; balance 13 transformer banks
IND-S04572,Haldia,West Bengal,0.0,ring-main,15,13,23.0,False,5.69,10.61,Reconfigure ties; balance 13 transformer banks
IND-S04573,Jabalpur,Madhya Pradesh,0.13,double-bus,15,13,21.4,True,2.26,11.16,Reconfigure ties; balance 13 transformer banks
IND-S04574,Bhopal,Madhya Pradesh,9.28,meshed-N-1,15,13,24.2,True,4.21,11.77,Reconfigure ties; balance 13 transformer banks
IND-S04575,Kollam,Kerala,8.64,radial-spur,15,13,19.6,False,3.47,11.47,Reconfigure ties; balance 13 transformer banks
IND-S04576,Mumbai,Maharashtra,0.0,parallel-bank,15,13,25.1,True,3.93,10.35,Reconfigure ties; balance 13 transformer banks
IND-S04577,Kochi,Kerala,8.6,sectionalized-ring,15,13,19.2,True,1.2,12.16,Reconfigure ties; balance 13 transformer banks
IND-S04578,Rewa,Madhya Pradesh,8.65,ring-main,15,13,25.8,False,4.85,11.2,Reconfigure ties; balance 13 transformer banks
IND-S04579,Pimpri-Chinchwad,Maharashtra,8.41,double-bus,15,13,19.1,True,2.58,11.21,Reconfigure ties; balance 13 transformer banks
IND-S04580,Kurnool,Andhra Pradesh,0.02,meshed-N-1,15,13,26.5,True,3.89,11.97,Reconfigure ties; balance 13 transformer banks
IND-S04581,Rajasthan Hub Generation,Rajasthan,0.06,radial-spur,15,13,25.6,False,3.85,12.0,Reconfigure ties; balance 13 transformer banks
IND-S04582,Jamshedpur,Jharkhand,0.0,parallel-bank,15,13,23.9,True,2.93,10.71,Reconfigure ties; balance 13 transformer banks
IND-S04583,Karnataka Hub Generation,Karnataka,0.0,sectionalized-ring,15,13,24.8,True,2.87,11.61,Reconfigure ties; balance 13 transformer banks
IND-S04584,Ujjain,Madhya Pradesh,0.04,ring-main,15,13,15.8,False,3.61,9.79,Reconfigure ties; balance 13 transformer banks
IND-S04585,Chinnavādampatti,Tamil Nadu,0.0,double-bus,15,13,18.8,True,4.59,11.58,Reconfigure ties; balance 13 transformer banks
IND-S04586,Pimpri-Chinchwad,Maharashtra,11.38,meshed-N-1,15,13,23.4,True,3.01,11.0,Reconfigure ties; balance 13 transformer banks
IND-S04587,Adoni,Andhra Pradesh,0.01,radial-spur,15,13,15.6,False,3.41,11.21,Reconfigure ties; balance 13 transformer banks
IND-S04588,Thoothukudi,Tamil Nadu,8.45,parallel-bank,15,13,17.1,True,4.38,11.62,Reconfigure ties; balance 13 transformer banks
IND-S04589,Bhālswa Jahangirpur,Delhi,0.0,sectionalized-ring,15,13,25.4,True,3.73,10.55,Reconfigure ties; balance 13 transformer banks
IND-S04590,Udhampur,Jammu and Kashmir,8.75,ring-main,15,13,22.5,False,1.6,11.44,Reconfigure ties; balance 13 transformer banks
IND-S04591,Fyzābād,Uttar Pradesh,10.23,double-bus,15,13,24.2,True,1.85,13.75,Reconfigure ties; balance 13 transformer banks
IND-S04592,Haridwar,Uttarakhand,0.2,meshed-N-1,15,13,24.5,True,3.86,10.64,Reconfigure ties; balance 13 transformer banks
IND-S04593,Lucknow,Uttar Pradesh,0.03,radial-spur,15,13,16.9,False,1.2,11.66,Reconfigure ties; balance 13 transformer banks
IND-S04594,Sholapur,Maharashtra,8.64,parallel-bank,15,13,18.0,True,3.81,11.33,Reconfigure ties; balance 13 transformer banks
IND-S04595,Arekel,Chhattisgarh,8.72,sectionalized-ring,15,13,19.9,True,2.97,11.83,Reconfigure ties; balance 13 transformer banks
IND-S04596,Kota,Rajasthan,0.0,ring-main,15,13,14.4,False,3.29,11.35,Reconfigure ties; balance 13 transformer banks
IND-S04597,Coimbatore,Tamil Nadu,0.0,double-bus,15,13,26.7,True,4.81,10.94,Reconfigure ties; balance 13 transformer banks
IND-S04598,Modīnagar,Uttar Pradesh,32.82,meshed-N-1,15,13,17.4,True,5.72,11.76,Reconfigure ties; balance 13 transformer banks
IND-S04599,Thoothukudi,Tamil Nadu,0.0,radial-spur,15,13,20.9,False,3.95,11.66,Reconfigure ties; balance 13 transformer banks
IND-S04600,Ghāziābād,Uttar Pradesh,8.93,parallel-bank,15,13,19.0,True,1.79,11.05,Reconfigure ties; balance 13 transformer banks
IND-S04601,Bhubaneswar,Odisha,8.56,sectionalized-ring,15,13,20.8,True,4.23,10.04,Reconfigure ties; balance 13 transformer banks
IND-S04602,Malappuram,Kerala,0.0,ring-main,15,13,20.9,False,5.04,12.01,Reconfigure ties; balance 13 transformer banks
IND-S04603,Pune,Maharashtra,0.24,double-bus,15,13,15.0,True,1.62,12.06,Reconfigure ties; balance 13 transformer banks
IND-S04604,Omalur,Tamil Nadu,9.38,meshed-N-1,15,13,28.2,True,3.99,12.35,Reconfigure ties; balance 13 transformer banks
IND-S04605,Tonk,Rajasthan,0.11,radial-spur,15,13,21.1,False,4.64,10.71,Reconfigure ties; balance 13 transformer banks
IND-S04606,Gyānpur,Uttar Pradesh,0.01,parallel-bank,15,13,23.5,True,1.2,11.17,Reconfigure ties; balance 13 transformer banks
IND-S04607,Dombivali,Maharashtra,0.0,sectionalized-ring,15,13,25.2,True,4.18,10.83,Reconfigure ties; balance 13 transformer banks
IND-S04608,Gorakhpur,Uttar Pradesh,0.01,ring-main,15,13,18.1,False,4.29,12.02,Reconfigure ties; balance 13 transformer banks
IND-S04609,Visakhapatnam,Andhra Pradesh,8.56,double-bus,15,13,23.5,True,5.12,11.07,Reconfigure ties; balance 13 transformer banks
IND-S04610,Pimpri,Maharashtra,8.65,meshed-N-1,15,13,27.5,True,4.12,11.82,Reconfigure ties; balance 13 transformer banks
IND-S04611,Nabīnagar,Bihar,8.95,radial-spur,15,13,25.1,False,3.53,11.72,Reconfigure ties; balance 13 transformer banks
IND-S04612,Ahmedabad,Gujarat,0.47,parallel-bank,15,13,16.0,True,2.21,10.73,Reconfigure ties; balance 13 transformer banks
IND-S04613,Rajpur Sonarpur,West Bengal,0.0,sectionalized-ring,15,13,18.8,True,3.67,10.54,Reconfigure ties; balance 13 transformer banks
IND-S04614,Chennai,Tamil Nadu,8.51,ring-main,15,13,18.6,False,3.4,11.57,Reconfigure ties; balance 13 transformer banks
IND-S04615,Pāthri,Maharashtra,8.57,double-bus,15,13,20.7,True,3.37,11.82,Reconfigure ties; balance 13 transformer banks
IND-S04616,Rāj-Nāndgaon,Chhattisgarh,8.68,meshed-N-1,15,13,18.2,True,1.45,11.69,Reconfigure ties; balance 13 transformer banks
IND-S04617,Surat,Gujarat,10.09,radial-spur,15,13,20.9,False,3.96,13.07,Reconfigure ties; balance 13 transformer banks
IND-S04618,Chennai,Tamil Nadu,0.2,parallel-bank,15,13,20.3,True,5.14,12.11,Reconfigure ties; balance 13 transformer banks
IND-S04619,Asāwar,Uttar Pradesh,8.68,sectionalized-ring,15,13,13.2,True,3.7,10.86,Reconfigure ties; balance 13 transformer banks
IND-S04620,Borivli,Maharashtra,0.0,ring-main,15,13,19.6,False,3.06,10.94,Reconfigure ties; balance 13 transformer banks
IND-S04621,Achalpur,Maharashtra,0.0,double-bus,15,13,20.3,True,3.26,11.7,Reconfigure ties; balance 13 transformer banks
IND-S04622,Gwalior,Madhya Pradesh,12.11,meshed-N-1,15,13,18.3,True,4.13,11.57,Reconfigure ties; balance 13 transformer banks
IND-S04623,Maharashtra Hub Generation,Maharashtra,9.96,radial-spur,15,13,15.8,False,4.43,10.67,Reconfigure ties; balance 13 transformer banks
IND-S04624,Kolhāpur,Maharashtra,8.51,parallel-bank,15,13,26.6,True,3.89,10.13,Reconfigure ties; balance 13 transformer banks
IND-S04625,Batāla,Punjab,8.46,sectionalized-ring,15,13,18.4,True,2.57,11.52,Reconfigure ties; balance 13 transformer banks
IND-S04626,Bhetia,Jharkhand,8.66,ring-main,15,13,23.5,False,3.37,12.61,Reconfigure ties; balance 13 transformer banks
IND-S04627,Varanasi,Uttar Pradesh,9.88,double-bus,15,13,26.7,True,3.64,11.69,Reconfigure ties; balance 13 transformer banks
IND-S04628,Āsansol,West Bengal,0.15,meshed-N-1,15,13,19.8,True,4.64,12.17,Reconfigure ties; balance 13 transformer banks
IND-S04629,Katihar,Bihar,8.33,radial-spur,15,13,20.2,False,3.55,11.17,Reconfigure ties; balance 13 transformer banks
IND-S04630,Secunderabad,Telangana,0.0,parallel-bank,15,13,24.2,True,2.96,11.45,Reconfigure ties; balance 13 transformer banks
IND-S04631,Chāpra,Bihar,8.56,sectionalized-ring,15,13,22.0,True,3.92,12.47,Reconfigure ties; balance 13 transformer banks
IND-S04632,Vijayapura,Karnataka,34.08,ring-main,15,13,19.9,False,4.21,12.15,Reconfigure ties; balance 13 transformer banks
IND-S04633,Ambikāpur,Chhattisgarh,0.0,double-bus,15,13,19.2,True,4.32,11.72,Reconfigure ties; balance 13 transformer banks
IND-S04634,Nashik,Maharashtra,0.01,meshed-N-1,15,13,21.6,True,3.4,12.72,Reconfigure ties; balance 13 transformer banks
IND-S04635,Ramanattukara,Kerala,0.0,radial-spur,15,13,22.7,False,2.4,10.59,Reconfigure ties; balance 13 transformer banks
IND-S04636,Bathinda,Punjab,0.06,parallel-bank,15,13,22.7,True,2.96,11.03,Reconfigure ties; balance 13 transformer banks
IND-S04637,Loni,Uttar Pradesh,0.52,sectionalized-ring,15,13,17.2,True,4.48,11.98,Reconfigure ties; balance 13 transformer banks
IND-S04638,Jodhpur,Rajasthan,11.55,ring-main,15,13,20.2,False,4.29,11.76,Reconfigure ties; balance 13 transformer banks
IND-S04639,Lucknow,Uttar Pradesh,0.0,double-bus,15,13,18.3,True,2.45,11.21,Reconfigure ties; balance 13 transformer banks
IND-S04640,Murwāra,Madhya Pradesh,0.0,meshed-N-1,15,13,27.6,True,3.7,11.69,Reconfigure ties; balance 13 transformer banks
IND-S04641,Nowrangapur,Odisha,8.89,radial-spur,15,13,22.9,False,4.1,9.08,Reconfigure ties; balance 13 transformer banks
IND-S04642,Sholapur,Maharashtra,0.24,parallel-bank,15,13,23.4,True,1.91,13.7,Reconfigure ties; balance 13 transformer banks
IND-S04643,Mangalagiri,Andhra Pradesh,8.8,sectionalized-ring,15,13,25.9,True,4.98,10.6,Reconfigure ties; balance 13 transformer banks
IND-S04644,Tirupati,Andhra Pradesh,8.81,ring-main,15,13,24.0,False,3.62,11.24,Reconfigure ties; balance 13 transformer banks
IND-S04645,Nashik,Maharashtra,0.0,double-bus,15,13,16.1,True,4.46,11.42,Reconfigure ties; balance 13 transformer banks
IND-S04646,Bahadurgarh,Haryana,0.0,meshed-N-1,15,13,18.9,True,2.07,12.6,Reconfigure ties; balance 13 transformer banks
IND-S04647,Anraurpur,Uttar Pradesh,0.0,radial-spur,15,13,24.6,False,4.38,12.06,Reconfigure ties; balance 13 transformer banks
IND-S04648,Kushinagar,Uttar Pradesh,0.0,parallel-bank,15,13,20.6,True,3.83,11.22,Reconfigure ties; balance 13 transformer banks
IND-S04649,Warangal,Telangana,8.34,sectionalized-ring,15,13,21.7,True,3.8,12.3,Reconfigure ties; balance 13 transformer banks
IND-S04650,Kalaburagi,Karnataka,0.0,ring-main,15,13,22.9,False,5.73,11.04,Reconfigure ties; balance 13 transformer banks
IND-S04651,Nagpur,Maharashtra,0.36,double-bus,15,13,22.0,True,3.98,11.18,Reconfigure ties; balance 13 transformer banks
IND-S04652,Fatehpur,Uttar Pradesh,8.65,meshed-N-1,15,13,16.3,True,5.47,11.57,Reconfigure ties; balance 13 transformer banks
IND-S04653,Tirunelveli,Tamil Nadu,8.8,radial-spur,15,13,16.2,False,4.32,12.95,Reconfigure ties; balance 13 transformer banks
IND-S04654,Nasiyanūr,Tamil Nadu,8.74,parallel-bank,15,13,26.4,True,3.9,11.02,Reconfigure ties; balance 13 transformer banks
IND-S04655,Shirdi,Maharashtra,8.58,sectionalized-ring,15,13,27.5,True,4.62,11.15,Reconfigure ties; balance 13 transformer banks
IND-S04656,Thāne,Maharashtra,0.01,ring-main,15,13,23.9,False,2.81,11.91,Reconfigure ties; balance 13 transformer banks
IND-S04657,Chennai,Tamil Nadu,11.66,double-bus,15,13,31.4,True,1.81,11.96,Reconfigure ties; balance 13 transformer banks
IND-S04658,Nowrangapur,Odisha,0.0,meshed-N-1,15,13,23.2,True,3.33,11.41,Reconfigure ties; balance 13 transformer banks
IND-S04659,Wanparti,Telangana,9.02,radial-spur,15,13,27.7,False,4.24,11.54,Reconfigure ties; balance 13 transformer banks
IND-S04660,Siliguri,West Bengal,11.72,parallel-bank,15,13,24.9,True,3.68,11.29,Reconfigure ties; balance 13 transformer banks
IND-S04661,Sirohi,Rajasthan,0.0,sectionalized-ring,15,13,21.1,True,4.36,10.58,Reconfigure ties; balance 13 transformer banks
IND-S04662,Vadodara,Gujarat,8.78,ring-main,15,13,19.7,False,5.47,12.32,Reconfigure ties; balance 13 transformer banks
IND-S04663,Vijayawada,Andhra Pradesh,38.29,double-bus,15,13,21.0,True,1.95,11.83,Reconfigure ties; balance 13 transformer banks
IND-S04664,Āsansol,West Bengal,0.15,meshed-N-1,15,13,12.0,True,3.6,11.86,Reconfigure ties; balance 13 transformer banks
IND-S04665,Batāla,Punjab,0.0,radial-spur,15,13,20.3,False,5.12,11.0,Reconfigure ties; balance 13 transformer banks
IND-S04666,Mumbai,Maharashtra,32.45,parallel-bank,15,13,26.0,True,3.0,11.29,Reconfigure ties; balance 13 transformer banks
IND-S04667,Malegaon,Maharashtra,0.22,sectionalized-ring,15,13,21.3,True,3.1,12.44,Reconfigure ties; balance 13 transformer banks
IND-S04668,Durgapur,West Bengal,8.71,ring-main,15,13,13.6,False,3.65,11.08,Reconfigure ties; balance 13 transformer banks
IND-S04669,Narnaul,Haryana,0.0,double-bus,15,13,24.1,True,2.94,11.46,Reconfigure ties; balance 13 transformer banks
IND-S04670,Tumkūr,Karnataka,0.0,meshed-N-1,15,13,19.9,True,2.87,12.79,Reconfigure ties; balance 13 transformer banks
IND-S04671,Ghāziābād,Uttar Pradesh,10.71,radial-spur,15,13,19.2,False,3.94,11.76,Reconfigure ties; balance 13 transformer banks
IND-S04672,Baripāda,Odisha,0.0,parallel-bank,15,13,13.1,True,3.02,12.28,Reconfigure ties; balance 13 transformer banks
IND-S04673,Bhavnagar,Gujarat,0.63,sectionalized-ring,15,13,25.4,True,1.78,11.21,Reconfigure ties; balance 13 transformer banks
IND-S04674,Thoothukudi,Tamil Nadu,9.31,ring-main,15,13,21.6,False,4.23,12.16,Reconfigure ties; balance 13 transformer banks
IND-S04675,Pithampur,Madhya Pradesh,8.85,double-bus,15,13,16.8,True,4.53,11.53,Reconfigure ties; balance 13 transformer banks
IND-S04676,Thāne,Maharashtra,0.0,meshed-N-1,15,13,16.0,True,4.11,10.71,Reconfigure ties; balance 13 transformer banks
IND-S04677,Rasapūdipalem,Andhra Pradesh,0.08,radial-spur,15,13,23.3,False,3.37,11.16,Reconfigure ties; balance 13 transformer banks
IND-S04678,Jalālābād,Uttar Pradesh,8.84,parallel-bank,15,13,23.3,True,3.68,11.86,Reconfigure ties; balance 13 transformer banks
IND-S04679,Wāghoda,Maharashtra,0.0,sectionalized-ring,15,13,15.4,True,3.31,12.56,Reconfigure ties; balance 13 transformer banks
IND-S04680,Assam Hub Generation,Assam,8.51,ring-main,15,13,19.1,False,3.31,11.09,Reconfigure ties; balance 13 transformer banks
IND-S04681,Siliguri,West Bengal,8.65,double-bus,15,13,26.3,True,4.32,11.23,Reconfigure ties; balance 13 transformer banks
IND-S04682,Guntur,Andhra Pradesh,12.14,meshed-N-1,15,13,26.7,True,4.18,11.54,Reconfigure ties; balance 13 transformer banks
IND-S04683,Kolkata,West Bengal,0.25,radial-spur,15,13,18.3,False,1.48,11.69,Reconfigure ties; balance 13 transformer banks
IND-S04684,Aurangabad,Maharashtra,30.3,parallel-bank,15,13,19.6,True,3.14,12.41,Reconfigure ties; balance 13 transformer banks
IND-S04685,Nagpur,Maharashtra,0.01,sectionalized-ring,15,13,18.1,True,4.05,10.74,Reconfigure ties; balance 13 transformer banks
IND-S04686,Keshod,Gujarat,0.0,ring-main,15,13,23.3,False,4.25,12.48,Reconfigure ties; balance 13 transformer banks
IND-S04687,Aurangabad,Maharashtra,0.07,double-bus,15,13,21.9,True,3.92,10.03,Reconfigure ties; balance 13 transformer banks
IND-S04688,Amritsar,Punjab,0.11,meshed-N-1,15,13,20.3,True,2.96,11.39,Reconfigure ties; balance 13 transformer banks
IND-S04689,Ratlām,Madhya Pradesh,0.03,radial-spur,15,13,28.2,False,1.55,13.37,Reconfigure ties; balance 13 transformer banks
IND-S04690,Ranchi,Jharkhand,8.65,parallel-bank,15,13,19.1,True,3.27,12.72,Reconfigure ties; balance 13 transformer banks
IND-S04691,Panipat,Haryana,0.0,sectionalized-ring,15,13,17.8,True,2.47,11.71,Reconfigure ties; balance 13 transformer banks
IND-S04692,Vadodara,Gujarat,0.0,ring-main,15,13,25.3,False,2.68,12.11,Reconfigure ties; balance 13 transformer banks
IND-S04693,Salem,Tamil Nadu,0.0,double-bus,15,13,22.9,True,2.91,11.27,Reconfigure ties; balance 13 transformer banks
IND-S04694,Chandigarh,Chandigarh,8.65,meshed-N-1,15,13,21.3,True,3.85,11.34,Reconfigure ties; balance 13 transformer banks
IND-S04695,Bharatpur,Rajasthan,8.44,radial-spur,15,13,21.3,False,3.67,10.81,Reconfigure ties; balance 13 transformer banks
IND-S04696,Vazhakkala,Kerala,0.0,parallel-bank,15,13,24.1,True,4.9,11.47,Reconfigure ties; balance 13 transformer banks
IND-S04697,Āsansol,West Bengal,8.69,sectionalized-ring,15,13,12.0,True,4.39,11.33,Reconfigure ties; balance 13 transformer banks
IND-S04698,Sāngli,Maharashtra,8.93,ring-main,15,13,14.8,False,4.63,10.5,Reconfigure ties; balance 13 transformer banks
IND-S04699,Avadi,Tamil Nadu,8.48,double-bus,15,13,19.4,True,2.62,12.08,Reconfigure ties; balance 13 transformer banks
IND-S04700,Pimpri-Chinchwad,Maharashtra,0.0,meshed-N-1,15,13,18.6,True,2.77,11.46,Reconfigure ties; balance 13 transformer banks
IND-S04701,Greater Noida,Uttar Pradesh,10.15,radial-spur,15,13,15.6,False,4.59,11.64,Reconfigure ties; balance 13 transformer banks
IND-S04702,Agra,Uttar Pradesh,8.68,parallel-bank,15,13,24.1,True,5.08,10.98,Reconfigure ties; balance 13 transformer banks
IND-S04703,Jodhpur,Rajasthan,8.46,sectionalized-ring,15,13,20.2,True,5.01,12.49,Reconfigure ties; balance 13 transformer banks
IND-S04704,Surat,Gujarat,0.15,ring-main,15,13,15.7,False,5.3,12.22,Reconfigure ties; balance 13 transformer banks
IND-S04705,Pimpri-Chinchwad,Maharashtra,9.42,double-bus,15,13,13.6,True,3.69,11.16,Reconfigure ties; balance 13 transformer banks
IND-S04706,Ahilyanagar,Maharashtra,8.79,meshed-N-1,15,13,31.1,True,3.0,12.05,Reconfigure ties; balance 13 transformer banks
IND-S04707,Aurangabad,Maharashtra,9.32,radial-spur,15,13,26.1,False,1.2,11.3,Reconfigure ties; balance 13 transformer banks
IND-S04708,Rajpur Sonarpur,West Bengal,8.54,parallel-bank,15,13,18.9,True,2.08,12.61,Reconfigure ties; balance 13 transformer banks
IND-S04709,Delhi,Delhi,0.14,sectionalized-ring,15,13,23.5,True,4.97,11.84,Reconfigure ties; balance 13 transformer banks
IND-S04710,Abhūd,Madhya Pradesh,0.0,ring-main,15,13,22.6,False,4.73,11.48,Reconfigure ties; balance 13 transformer banks
IND-S04711,Lucknow,Uttar Pradesh,0.0,double-bus,15,13,21.0,True,2.04,9.75,Reconfigure ties; balance 13 transformer banks
IND-S04712,Ajmer,Rajasthan,0.35,meshed-N-1,15,13,21.9,True,4.46,11.68,Reconfigure ties; balance 13 transformer banks
IND-S04713,Delhi,Delhi,32.94,radial-spur,15,13,18.5,False,3.78,12.99,Reconfigure ties; balance 13 transformer banks
IND-S04714,Delhi,Delhi,0.48,parallel-bank,15,13,19.9,True,6.17,11.49,Reconfigure ties; balance 13 transformer banks
IND-S04715,Arāria,Bihar,8.63,sectionalized-ring,15,13,16.9,True,3.27,11.36,Reconfigure ties; balance 13 transformer banks
IND-S04716,Raipur,Chhattisgarh,8.64,ring-main,15,13,25.8,False,4.45,10.62,Reconfigure ties; balance 13 transformer banks
IND-S04717,Panipat,Haryana,8.66,double-bus,15,13,12.3,True,2.95,11.6,Reconfigure ties; balance 13 transformer banks
IND-S04718,Visakhapatnam,Andhra Pradesh,0.16,meshed-N-1,15,13,21.8,True,5.98,10.65,Reconfigure ties; balance 13 transformer banks
IND-S04719,Salem,Tamil Nadu,8.49,radial-spur,15,13,20.5,False,2.37,12.35,Reconfigure ties; balance 13 transformer banks
IND-S04720,Chinna Āndānkovil,Tamil Nadu,0.05,parallel-bank,15,13,20.3,True,3.31,12.8,Reconfigure ties; balance 13 transformer banks
IND-S04721,Bhubaneswar,Odisha,0.14,sectionalized-ring,15,13,18.6,True,4.2,11.66,Reconfigure ties; balance 13 transformer banks
IND-S04722,Jūnāgadh,Gujarat,0.0,ring-main,15,13,22.5,False,5.21,10.99,Reconfigure ties; balance 13 transformer banks
IND-S04723,Jharkhand Hub Generation,Jharkhand,8.52,double-bus,15,13,23.9,True,1.2,11.13,Reconfigure ties; balance 13 transformer banks
IND-S04724,Aurangabad,Maharashtra,8.69,meshed-N-1,15,13,32.4,True,5.01,11.69,Reconfigure ties; balance 13 transformer banks
IND-S04725,Punjab Hub Generation,Punjab,8.54,radial-spur,15,13,22.9,False,4.25,10.92,Reconfigure ties; balance 13 transformer banks
IND-S04726,Haldwani,Uttarakhand,0.0,parallel-bank,15,13,17.4,True,7.22,12.08,Reconfigure ties; balance 13 transformer banks
IND-S04727,Jaipur,Rajasthan,0.21,sectionalized-ring,15,13,20.7,True,2.8,12.95,Reconfigure ties; balance 13 transformer banks
IND-S04728,Salem,Tamil Nadu,0.14,ring-main,15,13,23.5,False,4.22,11.39,Reconfigure ties; balance 13 transformer banks
IND-S04729,Ahmedabad,Gujarat,11.94,double-bus,15,13,12.5,True,3.46,11.33,Reconfigure ties; balance 13 transformer banks
IND-S04730,Ammanānguppam,Tamil Nadu,0.0,meshed-N-1,15,13,25.9,True,4.0,12.94,Reconfigure ties; balance 13 transformer banks
IND-S04731,Bhopal,Madhya Pradesh,11.52,radial-spur,15,13,20.3,False,3.73,12.39,Reconfigure ties; balance 13 transformer banks
IND-S04732,Tiruchirappalli,Tamil Nadu,8.5,parallel-bank,15,13,23.5,True,2.9,10.63,Reconfigure ties; balance 13 transformer banks
IND-S04733,Madurai,Tamil Nadu,0.09,sectionalized-ring,15,13,12.0,True,3.44,11.48,Reconfigure ties; balance 13 transformer banks
IND-S04734,Surat,Gujarat,0.33,ring-main,15,13,15.8,False,5.07,12.07,Reconfigure ties; balance 13 transformer banks
IND-S04735,Coimbatore,Tamil Nadu,0.16,double-bus,15,13,27.9,True,2.62,12.08,Reconfigure ties; balance 13 transformer banks
IND-S04736,Umri,Maharashtra,0.0,meshed-N-1,15,13,21.9,True,2.27,11.6,Reconfigure ties; balance 13 transformer banks
IND-S04737,Surat,Gujarat,8.62,radial-spur,15,13,16.5,False,2.89,12.86,Reconfigure ties; balance 13 transformer banks
IND-S04738,Patna,Bihar,0.41,parallel-bank,15,13,21.2,True,2.4,11.59,Reconfigure ties; balance 13 transformer banks
IND-S04739,Bhagdawada,Gujarat,0.0,sectionalized-ring,15,13,16.3,True,4.02,12.34,Reconfigure ties; balance 13 transformer banks
IND-S04740,Shahdol,Madhya Pradesh,8.85,ring-main,15,13,24.3,False,4.51,12.64,Reconfigure ties; balance 13 transformer banks
IND-S04741,Mulugu,Telangana,8.72,double-bus,15,13,18.9,True,3.37,13.03,Reconfigure ties; balance 13 transformer banks
IND-S04742,Bhanjanagar,Odisha,9.07,meshed-N-1,15,13,24.2,True,4.9,11.45,Reconfigure ties; balance 13 transformer banks
IND-S04743,Noida,Uttar Pradesh,0.0,radial-spur,15,13,17.2,False,2.87,11.99,Reconfigure ties; balance 13 transformer banks
IND-S04744,Bhavnagar,Gujarat,30.38,parallel-bank,15,13,17.9,True,3.67,10.73,Reconfigure ties; balance 13 transformer banks
IND-S04745,Bhāgalpur,Bihar,8.81,sectionalized-ring,15,13,18.5,True,3.57,11.37,Reconfigure ties; balance 13 transformer banks
IND-S04746,Kodikkulam,Tamil Nadu,0.0,ring-main,15,13,22.2,False,1.98,12.38,Reconfigure ties; balance 13 transformer banks
IND-S04747,Muzaffarpur,Bihar,0.05,double-bus,15,13,20.3,True,3.03,12.3,Reconfigure ties; balance 13 transformer banks
IND-S04748,Jamnagar,Gujarat,8.54,meshed-N-1,15,13,17.2,True,3.29,11.79,Reconfigure ties; balance 13 transformer banks
IND-S04749,Bhāgalpur,Bihar,8.4,radial-spur,15,13,22.0,False,5.13,10.93,Reconfigure ties; balance 13 transformer banks
IND-S04750,Sūlūru,Andhra Pradesh,0.0,parallel-bank,15,13,18.7,True,4.19,10.83,Reconfigure ties; balance 13 transformer banks
IND-S04751,Adkālia,Rajasthan,0.0,sectionalized-ring,15,13,13.8,True,4.54,12.72,Reconfigure ties; balance 13 transformer banks
IND-S04752,Vijayapura,Karnataka,8.48,ring-main,15,13,18.3,False,4.62,12.06,Reconfigure ties; balance 13 transformer banks
IND-S04753,Puducherry Hub Generation,Puducherry,0.0,double-bus,15,13,21.7,True,3.8,11.66,Reconfigure ties; balance 13 transformer banks
IND-S04754,Kolkata,West Bengal,0.01,meshed-N-1,15,13,19.2,True,4.28,10.84,Reconfigure ties; balance 13 transformer banks
IND-S04755,Mumbai,Maharashtra,0.5,radial-spur,15,13,18.2,False,2.62,11.2,Reconfigure ties; balance 13 transformer banks
IND-S04756,Andhra Pradesh Hub Generation,Andhra Pradesh,0.0,parallel-bank,15,13,19.3,True,3.84,11.18,Reconfigure ties; balance 13 transformer banks
IND-S04757,Dārjiling,West Bengal,0.0,sectionalized-ring,15,13,21.1,True,2.8,12.12,Reconfigure ties; balance 13 transformer banks
IND-S04758,Tumkūr,Karnataka,10.8,ring-main,15,13,17.4,False,4.27,11.9,Reconfigure ties; balance 13 transformer banks
IND-S04759,Muzaffarpur,Bihar,0.13,double-bus,15,13,19.9,True,2.99,11.84,Reconfigure ties; balance 13 transformer banks
IND-S04760,Patna,Bihar,0.16,meshed-N-1,15,13,21.8,True,3.76,10.79,Reconfigure ties; balance 13 transformer banks
IND-S04761,Pānihāti,West Bengal,0.0,radial-spur,15,13,26.5,False,2.11,12.68,Reconfigure ties; balance 13 transformer banks
IND-S04762,Tiruchirappalli,Tamil Nadu,8.52,parallel-bank,15,13,21.6,True,4.19,11.85,Reconfigure ties; balance 13 transformer banks
IND-S04763,Ahmedabad,Gujarat,9.82,sectionalized-ring,15,13,21.1,True,6.19,11.35,Reconfigure ties; balance 13 transformer banks
IND-S04764,Tirupparangunram,Tamil Nadu,0.0,ring-main,15,13,24.1,False,4.27,9.98,Reconfigure ties; balance 13 transformer banks
IND-S04765,Rasapūdipalem,Andhra Pradesh,0.0,double-bus,15,13,24.0,True,3.99,12.61,Reconfigure ties; balance 13 transformer banks
IND-S04766,Kishanganj,Bihar,9.18,meshed-N-1,15,13,16.6,True,4.19,10.98,Reconfigure ties; balance 13 transformer banks
IND-S04767,Bengaluru,Karnataka,1.69,radial-spur,15,13,22.6,False,3.89,11.99,Reconfigure ties; balance 13 transformer banks
IND-S04768,Periya Semūr,Tamil Nadu,8.47,parallel-bank,15,13,22.1,True,4.88,12.17,Reconfigure ties; balance 13 transformer banks
IND-S04769,Mumbai,Maharashtra,10.09,sectionalized-ring,15,13,17.2,True,3.98,12.53,Reconfigure ties; balance 13 transformer banks
IND-S04770,Bengaluru,Karnataka,30.14,ring-main,15,13,21.0,False,4.04,11.3,Reconfigure ties; balance 13 transformer banks
IND-S04771,Siliguri,West Bengal,0.03,double-bus,15,13,15.3,True,2.86,10.91,Reconfigure ties; balance 13 transformer banks
IND-S04772,Maheshtala,West Bengal,34.09,meshed-N-1,15,13,19.9,True,3.37,11.04,Reconfigure ties; balance 13 transformer banks
IND-S04773,Amreli,Gujarat,12.04,radial-spur,15,13,18.2,False,1.78,10.3,Reconfigure ties; balance 13 transformer banks
IND-S04774,Hazāribāgh,Jharkhand,0.0,parallel-bank,15,13,13.1,True,3.64,10.21,Reconfigure ties; balance 13 transformer banks
IND-S04775,Pune,Maharashtra,0.21,sectionalized-ring,15,13,17.1,True,6.93,11.95,Reconfigure ties; balance 13 transformer banks
IND-S04776,Madurai,Tamil Nadu,10.57,ring-main,15,13,20.6,False,2.34,11.76,Reconfigure ties; balance 13 transformer banks
IND-S04777,Deoli,Delhi,8.59,double-bus,15,13,22.4,True,1.98,10.4,Reconfigure ties; balance 13 transformer banks
IND-S04778,Prayagraj,Uttar Pradesh,0.0,meshed-N-1,15,13,20.3,True,3.23,11.18,Reconfigure ties; balance 13 transformer banks
IND-S04779,Bhilwara,Rajasthan,9.03,radial-spur,15,13,28.6,False,5.2,12.12,Reconfigure ties; balance 13 transformer banks
IND-S04780,Kanakapura,Karnataka,0.0,parallel-bank,15,13,14.9,True,3.71,10.3,Reconfigure ties; balance 13 transformer banks
IND-S04781,Indore,Madhya Pradesh,0.0,sectionalized-ring,15,13,24.7,True,4.36,12.3,Reconfigure ties; balance 13 transformer banks
IND-S04782,Thiruvananthapuram,Kerala,0.0,ring-main,15,13,18.2,False,5.57,13.3,Reconfigure ties; balance 13 transformer banks
IND-S04783,Kushinagar,Uttar Pradesh,0.0,double-bus,15,13,20.4,True,3.4,11.81,Reconfigure ties; balance 13 transformer banks
IND-S04784,Ambattur,Tamil Nadu,8.48,meshed-N-1,15,13,17.8,True,4.85,12.62,Reconfigure ties; balance 13 transformer banks
IND-S04785,Pānihāti,West Bengal,0.0,radial-spur,15,13,24.8,False,3.23,12.15,Reconfigure ties; balance 13 transformer banks
IND-S04786,Tumkūr,Karnataka,8.63,parallel-bank,15,13,20.2,True,4.45,10.65,Reconfigure ties; balance 13 transformer banks
IND-S04787,Visakhapatnam,Andhra Pradesh,0.0,sectionalized-ring,15,13,24.6,True,3.76,10.81,Reconfigure ties; balance 13 transformer banks
IND-S04788,Ludhiana,Punjab,8.65,ring-main,15,13,18.7,False,1.98,10.05,Reconfigure ties; balance 13 transformer banks
IND-S04789,Agra,Uttar Pradesh,0.0,double-bus,15,13,19.3,True,2.73,11.49,Reconfigure ties; balance 13 transformer banks
IND-S04790,Sholapur,Maharashtra,1.33,meshed-N-1,15,13,22.9,True,6.05,11.31,Reconfigure ties; balance 13 transformer banks
IND-S04791,Haldwani,Uttarakhand,8.96,radial-spur,15,13,20.9,False,4.66,11.63,Reconfigure ties; balance 13 transformer banks
IND-S04792,Pimpri-Chinchwad,Maharashtra,0.45,parallel-bank,15,13,20.8,True,3.49,11.7,Reconfigure ties; balance 13 transformer banks
IND-S04793,Dehradun,Uttarakhand,10.53,sectionalized-ring,15,13,23.6,True,5.28,12.79,Reconfigure ties; balance 13 transformer banks
IND-S04794,Arasanagatta,Karnataka,0.0,ring-main,15,13,19.7,False,4.78,11.13,Reconfigure ties; balance 13 transformer banks
IND-S04795,Ahiāpur,Uttar Pradesh,0.0,double-bus,15,13,22.4,True,3.32,11.09,Reconfigure ties; balance 13 transformer banks
IND-S04796,Sholapur,Maharashtra,9.22,meshed-N-1,15,13,25.3,True,3.44,11.98,Reconfigure ties; balance 13 transformer banks
IND-S04797,Alīgarh,Uttar Pradesh,0.18,radial-spur,15,13,25.6,False,2.61,10.36,Reconfigure ties; balance 13 transformer banks
IND-S04798,Pālghar,Maharashtra,0.0,parallel-bank,15,13,22.4,True,2.8,11.63,Reconfigure ties; balance 13 transformer banks
IND-S04799,Chennai,Tamil Nadu,1.14,sectionalized-ring,15,13,15.6,True,3.53,11.89,Reconfigure ties; balance 13 transformer banks
IND-S04800,Chennai,Tamil Nadu,10.47,ring-main,15,13,18.8,False,4.47,11.3,Reconfigure ties; balance 13 transformer banks
IND-S04801,Bengaluru,Karnataka,0.45,double-bus,15,13,29.4,True,5.11,11.17,Reconfigure ties; balance 13 transformer banks
IND-S04802,Sukhpar,Gujarat,9.02,meshed-N-1,15,13,21.7,True,4.77,10.68,Reconfigure ties; balance 13 transformer banks
IND-S04803,Jorhat,Assam,8.45,radial-spur,15,13,19.3,False,3.68,10.55,Reconfigure ties; balance 13 transformer banks
IND-S04804,Ballari,Karnataka,8.59,parallel-bank,15,13,14.3,True,3.1,11.2,Reconfigure ties; balance 13 transformer banks
IND-S04805,Khardah,West Bengal,0.16,sectionalized-ring,15,13,19.8,True,2.99,12.35,Reconfigure ties; balance 13 transformer banks
IND-S04806,Thiruvananthapuram,Kerala,8.66,ring-main,15,13,19.3,False,3.0,10.65,Reconfigure ties; balance 13 transformer banks
IND-S04807,Achnār,Madhya Pradesh,8.54,double-bus,15,13,21.6,True,1.91,11.83,Reconfigure ties; balance 13 transformer banks
IND-S04808,Kākināda,Andhra Pradesh,0.0,meshed-N-1,15,13,18.0,True,3.29,11.24,Reconfigure ties; balance 13 transformer banks
IND-S04809,Bhopal,Madhya Pradesh,0.0,radial-spur,15,13,24.1,False,4.02,11.55,Reconfigure ties; balance 13 transformer banks
IND-S04810,Cuddalore,Tamil Nadu,8.63,parallel-bank,15,13,22.9,True,2.89,12.48,Reconfigure ties; balance 13 transformer banks
IND-S04811,Greater Noida,Uttar Pradesh,0.0,sectionalized-ring,15,13,24.8,True,2.01,12.26,Reconfigure ties; balance 13 transformer banks
IND-S04812,Sibsāgar,Assam,8.68,ring-main,15,13,22.5,False,4.67,11.94,Reconfigure ties; balance 13 transformer banks
IND-S04813,Kuwarbav,Maharashtra,0.02,double-bus,15,13,24.1,True,3.66,11.35,Reconfigure ties; balance 13 transformer banks
IND-S04814,Panipat,Haryana,0.0,meshed-N-1,15,13,19.8,True,4.24,12.55,Reconfigure ties; balance 13 transformer banks
IND-S04815,Hyderabad,Telangana,0.0,radial-spur,15,13,23.4,False,3.04,11.89,Reconfigure ties; balance 13 transformer banks
IND-S04816,Bisauli,Uttar Pradesh,0.0,parallel-bank,15,13,23.5,True,3.74,12.51,Reconfigure ties; balance 13 transformer banks
IND-S04817,Guwahati,Assam,0.21,sectionalized-ring,15,13,22.7,True,6.45,11.88,Reconfigure ties; balance 13 transformer banks
IND-S04818,Nāngloi Jāt,Delhi,0.0,ring-main,15,13,19.3,False,4.58,12.35,Reconfigure ties; balance 13 transformer banks
IND-S04819,Kotharia,Gujarat,8.46,double-bus,15,13,21.8,True,3.78,11.04,Reconfigure ties; balance 13 transformer banks
IND-S04820,Nowrangapur,Odisha,0.07,meshed-N-1,15,13,20.1,True,3.97,11.16,Reconfigure ties; balance 13 transformer banks
IND-S04821,Howrah,West Bengal,8.68,radial-spur,15,13,20.3,False,3.55,11.81,Reconfigure ties; balance 13 transformer banks
IND-S04822,Agra,Uttar Pradesh,9.23,parallel-bank,15,13,22.1,True,3.66,10.75,Reconfigure ties; balance 13 transformer banks
IND-S04823,Haryana Hub Generation,Haryana,0.0,sectionalized-ring,15,13,16.6,True,4.18,11.15,Reconfigure ties; balance 13 transformer banks
IND-S04824,Bhor,Maharashtra,8.68,ring-main,15,13,20.5,False,5.28,11.88,Reconfigure ties; balance 13 transformer banks
IND-S04825,Kalyān,Maharashtra,0.0,double-bus,15,13,22.8,True,2.54,11.36,Reconfigure ties; balance 13 transformer banks
IND-S04826,Rāj-Nāndgaon,Chhattisgarh,0.04,meshed-N-1,15,13,24.9,True,4.55,11.65,Reconfigure ties; balance 13 transformer banks
IND-S04827,Puri,Odisha,0.1,radial-spur,15,13,15.7,False,2.4,11.42,Reconfigure ties; balance 13 transformer banks
IND-S04828,Jamshedpur,Jharkhand,8.57,parallel-bank,15,13,25.0,True,2.57,11.06,Reconfigure ties; balance 13 transformer banks
IND-S04829,Thrissur,Kerala,0.0,sectionalized-ring,15,13,26.1,True,5.08,9.9,Reconfigure ties; balance 13 transformer banks
IND-S04830,Sahāranpur,Uttar Pradesh,8.5,ring-main,15,13,18.3,False,4.82,11.24,Reconfigure ties; balance 13 transformer banks
IND-S04831,Vellore,Tamil Nadu,0.0,double-bus,15,13,18.1,True,5.62,11.22,Reconfigure ties; balance 13 transformer banks
IND-S04832,Jammu,Jammu and Kashmir,0.01,meshed-N-1,15,13,23.1,True,4.84,12.38,Reconfigure ties; balance 13 transformer banks
IND-S04833,Salem,Tamil Nadu,0.26,radial-spur,15,13,16.7,False,3.4,11.96,Reconfigure ties; balance 13 transformer banks
IND-S04834,Farīdkot,Punjab,37.8,parallel-bank,15,13,21.5,True,2.58,10.92,Reconfigure ties; balance 13 transformer banks
IND-S04835,Kirāri Sulemānnagar,Delhi,9.01,sectionalized-ring,15,13,19.6,True,4.33,11.58,Reconfigure ties; balance 13 transformer banks
IND-S04836,Jalandhar,Punjab,9.53,ring-main,15,13,28.0,False,3.52,11.31,Reconfigure ties; balance 13 transformer banks
IND-S04837,Kalyān,Maharashtra,9.86,double-bus,15,13,16.7,True,5.05,11.16,Reconfigure ties; balance 13 transformer banks
IND-S04838,Hyderabad,Telangana,9.51,meshed-N-1,15,13,22.7,True,3.55,11.61,Reconfigure ties; balance 13 transformer banks
IND-S04839,Mundāli,Uttar Pradesh,0.0,radial-spur,15,13,22.8,False,2.79,11.45,Reconfigure ties; balance 13 transformer banks
IND-S04840,Thāne,Maharashtra,9.44,parallel-bank,15,13,17.3,True,1.99,12.46,Reconfigure ties; balance 13 transformer banks
IND-S04841,Madurai,Tamil Nadu,26.66,sectionalized-ring,15,13,17.4,True,4.17,11.31,Reconfigure ties; balance 13 transformer banks
IND-S04842,Roha,Maharashtra,0.0,ring-main,15,13,15.5,False,3.25,11.98,Reconfigure ties; balance 13 transformer banks
IND-S04843,Udhampur,Jammu and Kashmir,0.21,double-bus,15,13,13.0,True,3.75,11.45,Reconfigure ties; balance 13 transformer banks
IND-S04844,Kolkata,West Bengal,9.08,meshed-N-1,15,13,21.9,True,2.98,12.58,Reconfigure ties; balance 13 transformer banks
IND-S04845,Mormugao,Goa,0.06,radial-spur,15,13,28.3,False,5.27,13.62,Reconfigure ties; balance 13 transformer banks
IND-S04846,Lucknow,Uttar Pradesh,10.65,parallel-bank,15,13,26.1,True,2.59,12.49,Reconfigure ties; balance 13 transformer banks
IND-S04847,Bengaluru,Karnataka,8.51,sectionalized-ring,15,13,21.2,True,2.78,11.71,Reconfigure ties; balance 13 transformer banks
IND-S04848,Jhumri Telaiya,Jharkhand,0.0,ring-main,15,13,19.0,False,4.2,11.32,Reconfigure ties; balance 13 transformer banks
IND-S04849,Pimpri,Maharashtra,0.0,double-bus,15,13,25.6,True,4.62,12.25,Reconfigure ties; balance 13 transformer banks
IND-S04850,Gohad,Madhya Pradesh,8.82,meshed-N-1,15,13,13.5,True,3.68,11.72,Reconfigure ties; balance 13 transformer banks
IND-S04851,Thrissur,Kerala,8.47,radial-spur,15,13,14.2,False,3.44,11.13,Reconfigure ties; balance 13 transformer banks
IND-S04852,Howrah,West Bengal,0.27,parallel-bank,15,13,23.3,True,4.15,11.19,Reconfigure ties; balance 13 transformer banks
IND-S04853,Kadapa,Andhra Pradesh,8.99,sectionalized-ring,15,13,29.0,True,2.54,11.38,Reconfigure ties; balance 13 transformer banks
IND-S04854,Aizawl,Mizoram,0.23,ring-main,15,13,23.9,False,2.97,13.09,Reconfigure ties; balance 13 transformer banks
IND-S04855,Ujhāni,Uttar Pradesh,0.0,double-bus,15,13,20.6,True,2.61,10.65,Reconfigure ties; balance 13 transformer banks
IND-S04856,Gurugram,Haryana,8.63,meshed-N-1,15,13,17.5,True,3.14,12.4,Reconfigure ties; balance 13 transformer banks
IND-S04857,Bihār Sharīf,Bihar,0.0,radial-spur,15,13,20.3,False,3.73,11.39,Reconfigure ties; balance 13 transformer banks
IND-S04858,Kallakurichi,Tamil Nadu,0.09,parallel-bank,15,13,18.7,True,6.2,10.45,Reconfigure ties; balance 13 transformer banks
IND-S04859,Bhilwara,Rajasthan,8.39,sectionalized-ring,15,13,13.7,True,3.71,11.69,Reconfigure ties; balance 13 transformer banks
IND-S04860,Punāsa,Madhya Pradesh,8.72,ring-main,15,13,22.9,False,4.51,12.46,Reconfigure ties; balance 13 transformer banks
IND-S04861,Sancoale,Goa,0.0,double-bus,15,13,16.4,True,5.44,12.06,Reconfigure ties; balance 13 transformer banks
IND-S04862,Shahuwadi,Maharashtra,0.17,meshed-N-1,15,13,14.9,True,3.24,11.26,Reconfigure ties; balance 13 transformer banks
IND-S04863,Madurai,Tamil Nadu,0.14,radial-spur,15,13,20.8,False,5.96,12.37,Reconfigure ties; balance 13 transformer banks
IND-S04864,Patna,Bihar,0.07,parallel-bank,15,13,19.6,True,4.96,11.58,Reconfigure ties; balance 13 transformer banks
IND-S04865,Tirunelveli,Tamil Nadu,0.0,sectionalized-ring,15,13,27.5,True,4.23,11.75,Reconfigure ties; balance 13 transformer banks
IND-S04866,Raisen,Madhya Pradesh,0.0,ring-main,15,13,19.6,False,3.59,10.87,Reconfigure ties; balance 13 transformer banks
IND-S04867,Bathinda,Punjab,0.0,double-bus,15,13,21.2,True,5.66,11.82,Reconfigure ties; balance 13 transformer banks
IND-S04868,Darbhanga,Bihar,0.0,meshed-N-1,15,13,17.6,True,1.2,10.7,Reconfigure ties; balance 13 transformer banks
IND-S04869,Prayagraj,Uttar Pradesh,0.17,radial-spur,15,13,21.6,False,2.32,11.21,Reconfigure ties; balance 13 transformer banks
IND-S04870,Dombivali,Maharashtra,0.0,parallel-bank,15,13,22.7,True,2.9,11.92,Reconfigure ties; balance 13 transformer banks
IND-S04871,Nowrangapur,Odisha,0.0,sectionalized-ring,15,13,21.3,True,4.0,11.59,Reconfigure ties; balance 13 transformer banks
IND-S04872,Rayachoti,Andhra Pradesh,0.0,ring-main,15,13,23.0,False,5.58,11.41,Reconfigure ties; balance 13 transformer banks
IND-S04873,Vapi,Gujarat,0.0,double-bus,15,13,16.0,True,4.34,11.44,Reconfigure ties; balance 13 transformer banks
IND-S04874,Jharkhand Hub Generation,Jharkhand,8.4,meshed-N-1,15,13,22.0,True,5.12,11.47,Reconfigure ties; balance 13 transformer banks
IND-S04875,Mumbai,Maharashtra,0.53,radial-spur,15,13,22.2,False,2.39,12.94,Reconfigure ties; balance 13 transformer banks
IND-S04876,Verāval,Gujarat,9.02,parallel-bank,15,13,19.1,True,3.49,11.63,Reconfigure ties; balance 13 transformer banks
IND-S04877,Maharashtra Hub Generation,Maharashtra,0.93,sectionalized-ring,15,13,22.0,True,3.32,12.98,Reconfigure ties; balance 13 transformer banks
IND-S04878,Salem,Tamil Nadu,8.49,ring-main,15,13,22.4,False,4.66,10.86,Reconfigure ties; balance 13 transformer banks
IND-S04879,Kolkata,West Bengal,10.67,double-bus,15,13,19.4,True,5.0,10.23,Reconfigure ties; balance 13 transformer banks
IND-S04880,Pune,Maharashtra,11.38,meshed-N-1,15,13,22.8,True,4.65,11.81,Reconfigure ties; balance 13 transformer banks
IND-S04881,Kanpur,Uttar Pradesh,0.44,radial-spur,15,13,15.2,False,3.72,12.73,Reconfigure ties; balance 13 transformer banks
IND-S04882,Perintalmanna,Kerala,0.0,parallel-bank,15,13,23.6,True,4.39,10.98,Reconfigure ties; balance 13 transformer banks
IND-S04883,Delhi,Delhi,0.0,sectionalized-ring,15,13,17.0,True,4.8,11.02,Reconfigure ties; balance 13 transformer banks
IND-S04884,Chāpra,Bihar,11.98,ring-main,15,13,20.4,False,2.09,11.47,Reconfigure ties; balance 13 transformer banks
IND-S04885,Chennai,Tamil Nadu,0.0,double-bus,15,13,22.5,True,3.5,11.82,Reconfigure ties; balance 13 transformer banks
IND-S04886,Surat,Gujarat,0.0,meshed-N-1,15,13,17.1,True,5.85,11.27,Reconfigure ties; balance 13 transformer banks
IND-S04887,Bareilly,Uttar Pradesh,0.0,radial-spur,15,13,26.1,False,3.03,11.08,Reconfigure ties; balance 13 transformer banks
IND-S04888,Indore,Madhya Pradesh,0.0,parallel-bank,15,13,21.1,True,3.09,12.05,Reconfigure ties; balance 13 transformer banks
IND-S04889,Sirka,Jharkhand,8.4,sectionalized-ring,15,13,27.3,True,3.94,11.99,Reconfigure ties; balance 13 transformer banks
IND-S04890,Kalaburagi,Karnataka,8.52,ring-main,15,13,20.7,False,2.89,11.82,Reconfigure ties; balance 13 transformer banks
IND-S04891,Sri Ganganagar,Rajasthan,8.62,double-bus,15,13,16.3,True,4.25,11.82,Reconfigure ties; balance 13 transformer banks
IND-S04892,Ghāziābād,Uttar Pradesh,0.0,meshed-N-1,15,13,21.9,True,5.1,11.75,Reconfigure ties; balance 13 transformer banks
IND-S04893,Ghāziābād,Uttar Pradesh,10.22,radial-spur,15,13,13.9,False,2.91,12.42,Reconfigure ties; balance 13 transformer banks
IND-S04894,Bengaluru,Karnataka,0.0,parallel-bank,15,13,24.0,True,3.69,11.4,Reconfigure ties; balance 13 transformer banks
IND-S04895,Ambur,Tamil Nadu,0.14,sectionalized-ring,15,13,17.4,True,2.96,11.31,Reconfigure ties; balance 13 transformer banks
IND-S04896,Satna,Madhya Pradesh,0.1,ring-main,15,13,12.7,False,2.99,11.14,Reconfigure ties; balance 13 transformer banks
IND-S04897,Karīmganj,Assam,8.69,double-bus,15,13,27.9,True,5.29,9.85,Reconfigure ties; balance 13 transformer banks
IND-S04898,Uttarakhand Hub Generation,Uttarakhand,8.64,meshed-N-1,15,13,17.5,True,4.25,11.01,Reconfigure ties; balance 13 transformer banks
IND-S04899,Kukatpally,Telangana,0.16,radial-spur,15,13,25.9,False,3.68,11.45,Reconfigure ties; balance 13 transformer banks
IND-S04900,Ujjain,Madhya Pradesh,0.04,parallel-bank,15,13,18.1,True,2.6,10.55,Reconfigure ties; balance 13 transformer banks
IND-S04901,Baripāda,Odisha,0.0,sectionalized-ring,15,13,25.8,True,4.0,12.32,Reconfigure ties; balance 13 transformer banks
IND-S04902,Visakhapatnam,Andhra Pradesh,0.0,ring-main,15,13,17.9,False,4.97,12.1,Reconfigure ties; balance 13 transformer banks
IND-S04903,Aikāru,Uttar Pradesh,8.67,double-bus,15,13,17.9,True,3.9,11.88,Reconfigure ties; balance 13 transformer banks
IND-S04904,Thāne,Maharashtra,9.42,meshed-N-1,15,13,18.7,True,3.6,10.62,Reconfigure ties; balance 13 transformer banks
IND-S04905,Ābu,Rajasthan,0.0,radial-spur,15,13,27.9,False,3.45,10.28,Reconfigure ties; balance 13 transformer banks
IND-S04906,Begamganj,Madhya Pradesh,0.0,parallel-bank,15,13,17.9,True,3.82,11.19,Reconfigure ties; balance 13 transformer banks
IND-S04907,Bhiwandi,Maharashtra,10.44,sectionalized-ring,15,13,23.8,True,4.42,12.39,Reconfigure ties; balance 13 transformer banks
IND-S04908,Jaipur,Rajasthan,8.52,ring-main,15,13,20.0,False,3.07,12.26,Reconfigure ties; balance 13 transformer banks
IND-S04909,Virār,Maharashtra,8.37,double-bus,15,13,21.4,True,5.01,10.88,Reconfigure ties; balance 13 transformer banks
IND-S04910,Rāichūr,Karnataka,0.0,meshed-N-1,15,13,20.9,True,4.41,12.4,Reconfigure ties; balance 13 transformer banks
IND-S04911,Alīpur Madaiyān,Uttar Pradesh,8.84,radial-spur,15,13,16.9,False,1.85,12.15,Reconfigure ties; balance 13 transformer banks
IND-S04912,Secunderabad,Telangana,10.85,parallel-bank,15,13,15.2,True,5.08,11.87,Reconfigure ties; balance 13 transformer banks
IND-S04913,Pupri,Bihar,0.0,sectionalized-ring,15,13,24.2,True,4.4,11.59,Reconfigure ties; balance 13 transformer banks
IND-S04914,Bāri,Rajasthan,8.55,ring-main,15,13,20.4,False,2.42,12.24,Reconfigure ties; balance 13 transformer banks
IND-S04915,Rāmpur,Uttar Pradesh,9.0,double-bus,15,13,23.1,True,3.03,12.08,Reconfigure ties; balance 13 transformer banks
IND-S04916,Bārāsat,West Bengal,8.38,meshed-N-1,15,13,19.9,True,1.2,11.88,Reconfigure ties; balance 13 transformer banks
IND-S04917,Jorhat,Assam,0.0,radial-spur,15,13,22.5,False,3.87,10.59,Reconfigure ties; balance 13 transformer banks
IND-S04918,Bareilly,Uttar Pradesh,0.01,parallel-bank,15,13,19.0,True,4.59,11.82,Reconfigure ties; balance 13 transformer banks
IND-S04919,Pidugurālla,Andhra Pradesh,8.65,sectionalized-ring,15,13,13.5,True,2.82,12.7,Reconfigure ties; balance 13 transformer banks
IND-S04920,Bijnor,Uttar Pradesh,0.21,ring-main,15,13,13.6,False,3.12,12.43,Reconfigure ties; balance 13 transformer banks
IND-S04921,Arulachipatti,Tamil Nadu,0.0,double-bus,15,13,21.9,True,4.19,12.72,Reconfigure ties; balance 13 transformer banks
IND-S04922,Jamshedpur,Jharkhand,37.24,meshed-N-1,15,13,18.8,True,2.84,11.37,Reconfigure ties; balance 13 transformer banks
IND-S04923,Sīrkāzhi,Tamil Nadu,8.84,radial-spur,15,13,14.4,False,2.11,11.77,Reconfigure ties; balance 13 transformer banks
IND-S04924,Bhopal,Madhya Pradesh,0.0,parallel-bank,15,13,20.6,True,2.89,10.98,Reconfigure ties; balance 13 transformer banks
IND-S04925,Jabalpur,Madhya Pradesh,8.66,sectionalized-ring,15,13,22.7,True,6.59,11.08,Reconfigure ties; balance 13 transformer banks
IND-S04926,Avadi,Tamil Nadu,11.96,ring-main,15,13,19.2,False,2.79,11.93,Reconfigure ties; balance 13 transformer banks
IND-S04927,Kolkata,West Bengal,0.32,double-bus,15,13,21.6,True,4.55,11.39,Reconfigure ties; balance 13 transformer banks
IND-S04928,Patna,Bihar,0.51,meshed-N-1,15,13,24.7,True,3.86,11.33,Reconfigure ties; balance 13 transformer banks
IND-S04929,Jabalpur,Madhya Pradesh,8.75,radial-spur,15,13,18.1,False,3.79,11.31,Reconfigure ties; balance 13 transformer banks
IND-S04930,Virār,Maharashtra,8.82,parallel-bank,15,13,22.1,True,4.16,12.92,Reconfigure ties; balance 13 transformer banks
IND-S04931,Guwahati,Assam,0.0,sectionalized-ring,15,13,21.5,True,3.9,11.46,Reconfigure ties; balance 13 transformer banks
IND-S04932,Vijayawada,Andhra Pradesh,0.0,ring-main,15,13,20.3,False,6.72,11.77,Reconfigure ties; balance 13 transformer banks
IND-S04933,Chāpra,Bihar,0.0,double-bus,15,13,20.6,True,3.73,12.23,Reconfigure ties; balance 13 transformer banks
IND-S04934,Hyderabad,Telangana,0.0,meshed-N-1,15,13,21.1,True,4.22,11.97,Reconfigure ties; balance 13 transformer banks
IND-S04935,Visakhapatnam,Andhra Pradesh,0.0,radial-spur,15,13,20.1,False,4.01,10.67,Reconfigure ties; balance 13 transformer banks
IND-S04936,Nashik,Maharashtra,0.0,parallel-bank,15,13,18.7,True,4.29,12.24,Reconfigure ties; balance 13 transformer banks
IND-S04937,Quthbullapur,Telangana,0.0,sectionalized-ring,15,13,22.0,True,5.58,11.56,Reconfigure ties; balance 13 transformer banks
IND-S04938,Pathānkot,Punjab,0.0,ring-main,15,13,19.0,False,5.51,10.79,Reconfigure ties; balance 13 transformer banks
IND-S04939,Dhamanagar,Odisha,0.05,double-bus,15,13,23.2,True,3.61,12.29,Reconfigure ties; balance 13 transformer banks
IND-S04940,Manapparai,Tamil Nadu,8.59,meshed-N-1,15,13,17.0,True,4.66,11.89,Reconfigure ties; balance 13 transformer banks
IND-S04941,Jabalpur,Madhya Pradesh,8.89,radial-spur,15,13,22.4,False,3.86,11.94,Reconfigure ties; balance 13 transformer banks
IND-S04942,Nagpur,Maharashtra,8.58,parallel-bank,15,13,16.0,True,4.37,12.13,Reconfigure ties; balance 13 transformer banks
IND-S04943,Salem,Tamil Nadu,0.35,sectionalized-ring,15,13,20.8,True,3.95,11.89,Reconfigure ties; balance 13 transformer banks
IND-S04944,Mungeli,Chhattisgarh,0.0,ring-main,15,13,15.8,False,2.52,12.49,Reconfigure ties; balance 13 transformer banks
IND-S04945,Farīdkot,Punjab,8.38,double-bus,15,13,25.9,True,3.54,10.79,Reconfigure ties; balance 13 transformer banks
IND-S04946,Thāne,Maharashtra,10.23,meshed-N-1,15,13,19.6,True,3.35,11.28,Reconfigure ties; balance 13 transformer banks
IND-S04947,Gorakhpur,Uttar Pradesh,12.13,radial-spur,15,13,23.3,False,4.8,11.2,Reconfigure ties; balance 13 transformer banks
IND-S04948,Hinjawadi,Maharashtra,0.0,parallel-bank,15,13,19.0,True,1.74,11.73,Reconfigure ties; balance 13 transformer banks
IND-S04949,Chelambra,Kerala,0.0,sectionalized-ring,15,13,25.5,True,6.36,10.14,Reconfigure ties; balance 13 transformer banks
IND-S04950,Jaipur,Rajasthan,0.12,ring-main,15,13,21.9,False,4.76,11.26,Reconfigure ties; balance 13 transformer banks
IND-S04951,Ludhiana,Punjab,0.13,double-bus,15,13,23.7,True,2.72,11.81,Reconfigure ties; balance 13 transformer banks
IND-S04952,Kalyān,Maharashtra,0.12,meshed-N-1,15,13,16.8,True,3.73,12.34,Reconfigure ties; balance 13 transformer banks
IND-S04953,Malegaon,Maharashtra,0.15,radial-spur,15,13,17.3,False,3.65,11.13,Reconfigure ties; balance 13 transformer banks
IND-S04954,Bhadrak,Odisha,0.0,parallel-bank,15,13,25.4,True,3.22,11.19,Reconfigure ties; balance 13 transformer banks
IND-S04955,Brahmapur,Odisha,9.06,sectionalized-ring,15,13,30.4,True,2.69,11.42,Reconfigure ties; balance 13 transformer banks
IND-S04956,Varanasi,Uttar Pradesh,10.2,ring-main,15,13,23.6,False,3.39,11.19,Reconfigure ties; balance 13 transformer banks
IND-S04957,Kovilpatti,Tamil Nadu,0.0,double-bus,15,13,22.7,True,3.3,10.69,Reconfigure ties; balance 13 transformer banks
IND-S04958,Gaya,Bihar,0.0,meshed-N-1,15,13,19.4,True,3.41,11.81,Reconfigure ties; balance 13 transformer banks
IND-S04959,Avinashi,Tamil Nadu,8.4,radial-spur,15,13,12.0,False,6.22,12.23,Reconfigure ties; balance 13 transformer banks
IND-S04960,Manalur,Kerala,8.42,parallel-bank,15,13,20.5,True,2.15,11.45,Reconfigure ties; balance 13 transformer banks
IND-S04961,Mumbai,Maharashtra,0.0,sectionalized-ring,15,13,20.0,True,4.91,10.82,Reconfigure ties; balance 13 transformer banks
IND-S04962,Dam Dam,West Bengal,0.0,ring-main,15,13,12.0,False,3.04,10.54,Reconfigure ties; balance 13 transformer banks
IND-S04963,Kalyān,Maharashtra,10.68,double-bus,15,13,17.4,True,4.53,10.79,Reconfigure ties; balance 13 transformer banks
IND-S04964,Jūnāgadh,Gujarat,0.0,meshed-N-1,15,13,21.8,True,5.48,11.56,Reconfigure ties; balance 13 transformer banks
IND-S04965,Raxaul,Bihar,0.0,radial-spur,15,13,25.0,False,5.8,10.09,Reconfigure ties; balance 13 transformer banks
IND-S04966,Bettiah,Bihar,9.2,parallel-bank,15,13,20.4,True,3.1,11.98,Reconfigure ties; balance 13 transformer banks
IND-S04967,Najafgarh,Delhi,0.01,sectionalized-ring,15,13,19.1,True,4.22,11.01,Reconfigure ties; balance 13 transformer banks
IND-S04968,Ūn,Uttar Pradesh,9.28,ring-main,15,13,18.6,False,4.62,11.1,Reconfigure ties; balance 13 transformer banks
IND-S04969,Ugrākheri,Haryana,0.0,double-bus,15,13,18.3,True,3.76,10.8,Reconfigure ties; balance 13 transformer banks
IND-S04970,Kishangarh,Rajasthan,8.78,meshed-N-1,15,13,13.3,True,4.15,11.9,Reconfigure ties; balance 13 transformer banks
IND-S04971,Thevūr,Tamil Nadu,0.0,radial-spur,15,13,20.2,False,4.13,13.09,Reconfigure ties; balance 13 transformer banks
IND-S04972,Coimbatore,Tamil Nadu,8.54,parallel-bank,15,13,22.1,True,4.12,12.39,Reconfigure ties; balance 13 transformer banks
IND-S04973,Ajmer,Rajasthan,0.13,sectionalized-ring,15,13,18.9,True,4.35,12.76,Reconfigure ties; balance 13 transformer banks
IND-S04974,Chicholi,Maharashtra,0.0,ring-main,15,13,22.0,False,4.02,10.38,Reconfigure ties; balance 13 transformer banks
IND-S04975,Bilha,Chhattisgarh,0.04,double-bus,15,13,24.6,True,5.51,11.58,Reconfigure ties; balance 13 transformer banks
IND-S04976,Siliguri,West Bengal,0.0,meshed-N-1,15,13,23.2,True,2.36,12.57,Reconfigure ties; balance 13 transformer banks
IND-S04977,Phaphūnd,Uttar Pradesh,0.0,radial-spur,15,13,26.2,False,3.92,10.92,Reconfigure ties; balance 13 transformer banks
IND-S04978,Varangaon,Maharashtra,9.09,parallel-bank,15,13,20.6,True,4.23,12.65,Reconfigure ties; balance 13 transformer banks
IND-S04979,Vijayawada,Andhra Pradesh,10.21,sectionalized-ring,15,13,18.7,True,2.54,11.4,Reconfigure ties; balance 13 transformer banks
IND-S04980,Jalpāiguri,West Bengal,0.0,ring-main,15,13,12.0,False,3.03,11.45,Reconfigure ties; balance 13 transformer banks
IND-S04981,Māngrol,Gujarat,8.65,double-bus,15,13,20.7,True,4.27,10.64,Reconfigure ties; balance 13 transformer banks
IND-S04982,Nūrmahal,Punjab,8.76,meshed-N-1,15,13,22.4,True,2.78,12.06,Reconfigure ties; balance 13 transformer banks
IND-S04983,Begusarai,Bihar,8.54,radial-spur,15,13,22.7,False,4.3,10.98,Reconfigure ties; balance 13 transformer banks
IND-S04984,Rāmgundam,Telangana,11.3,parallel-bank,15,13,20.5,True,5.72,11.8,Reconfigure ties; balance 13 transformer banks
IND-S04985,Haridwar,Uttarakhand,0.0,sectionalized-ring,15,13,24.5,True,5.97,12.23,Reconfigure ties; balance 13 transformer banks
IND-S04986,Belagavi,Karnataka,0.0,ring-main,15,13,24.0,False,5.35,12.52,Reconfigure ties; balance 13 transformer banks
IND-S04987,Mangaluru,Karnataka,8.65,double-bus,15,13,20.0,True,1.2,11.72,Reconfigure ties; balance 13 transformer banks
IND-S04988,Karnataka Hub Generation,Karnataka,0.0,meshed-N-1,15,13,23.7,True,3.23,11.0,Reconfigure ties; balance 13 transformer banks
IND-S04989,Jūnāgadh,Gujarat,8.39,radial-spur,15,13,29.5,False,3.03,12.7,Reconfigure ties; balance 13 transformer banks
IND-S04990,Ulhasnagar,Maharashtra,10.69,parallel-bank,15,13,18.6,True,2.81,11.4,Reconfigure ties; balance 13 transformer banks
IND-S04991,Ranchi,Jharkhand,0.06,sectionalized-ring,15,13,26.6,True,3.92,11.74,Reconfigure ties; balance 13 transformer banks
IND-S04992,Rourkela,Odisha,8.58,ring-main,15,13,22.4,False,2.53,13.39,Reconfigure ties; balance 13 transformer banks
IND-S04993,Ghāziābād,Uttar Pradesh,0.16,double-bus,15,13,26.1,True,5.15,10.48,Reconfigure ties; balance 13 transformer banks
IND-S04994,Chennai,Tamil Nadu,0.01,meshed-N-1,15,13,19.0,True,3.33,12.2,Reconfigure ties; balance 13 transformer banks
IND-S04995,Aurangabad,Maharashtra,10.5,radial-spur,15,13,20.4,False,4.42,11.9,Reconfigure ties; balance 13 transformer banks
IND-S04996,Jabalpur,Madhya Pradesh,0.08,parallel-bank,15,13,23.4,True,2.84,12.44,Reconfigure ties; balance 13 transformer banks
IND-S04997,Ghāziābād,Uttar Pradesh,0.19,sectionalized-ring,15,13,24.2,True,2.55,11.29,Reconfigure ties; balance 13 transformer banks
IND-S04998,Sholapur,Maharashtra,0.0,ring-main,15,13,22.9,False,1.5,11.9,Reconfigure ties; balance 13 transformer banks
IND-S04999,Jhajha,Bihar,8.65,double-bus,15,13,27.5,True,7.25,11.15,Reconfigure ties; balance 13 transformer banks
